first,last,meet_name,meet_date,event,result,wind,feet
Adaline,Powell,Joyce Morton-Kief Invite,"Mar 27-28, 2026",TJ,10.77m,(1.3),"35' 4"""
Adaline,Powell,2026 Horizon League Indoor Track & Field Championship,"Feb 28-Mar  1, 2026",TJ,11.32m,,"37' 1.75"""
Adaline,Powell,Panther Tune-up,"Feb 21, 2026",TJ,11.49m,,"37' 8.5"""
Adaline,Powell,Iowa State Classic,"Feb  6, 2026",TJ,10.72m,,"35' 2"""
Adaline,Powell,Tierney Classic,"Jan 18, 2026",TJ,11.22m,,"36' 9.75"""
Adaline,Powell,UW-La Crosse Eagle Open,"May 10, 2024",TJ,11.89m,(0.1),"39' 0.25"""
Adaline,Powell,2024 Horizon League Outdoor Track & Field Championship,"May  3- 5, 2024",TJ,11.58m,(1.7),"38' 0"""
Adaline,Powell,Clark Wood Open 2024,"Apr 26-27, 2024",TJ,11.75m,(2.4),"38' 6.75"""
Adaline,Powell,Gibson Invitational,"Apr 18-20, 2024",TJ,11.63m,(1.8),"38' 2"""
Adaline,Powell,2024 Bryan Clay Invitational,"Apr 11-13, 2024",TJ,11.67m,(+0.0),"38' 3.5"""
Adaline,Powell,Golden Grizzly T&F Invite,"Apr  6, 2024",LJ,5.11m,(4.0),"16' 9.25"""
Adaline,Powell,Golden Grizzly T&F Invite,"Apr  6, 2024",TJ,FOUL,,NM
Adaline,Powell,Raleigh Relays,"Mar 28-30, 2024",TJ,12.09m,(0.5),"39' 8"""
Adaline,Powell,Horizon League Indoor Track & Field Championship,"Feb 24-25, 2024",LJ,5.41m,,"17' 9"""
Adaline,Powell,Horizon League Indoor Track & Field Championship,"Feb 24-25, 2024",TJ,11.98m,,"39' 3.75"""
Adaline,Powell,PANTHER TUNE-UP,"Feb 17, 2024",LJ,5.38m,,"17' 8"""
Adaline,Powell,PANTHER TUNE-UP,"Feb 17, 2024",TJ,12.32m,,"40' 5"""
Adaline,Powell,Mark Guthrie Legacy Invite,"Feb  3, 2024",TJ,11.35m,,"37' 3"""
Adaline,Powell,Illini Challenge,"Jan 26-27, 2024",LJ,5.30m,,"17' 4.75"""
Adaline,Powell,Illini Challenge,"Jan 26-27, 2024",TJ,11.98m,,"39' 3.75"""
Adaline,Powell,John Tierney Classic,"Jan 20, 2024",LJ,5.25m,,"17' 2.75"""
Adaline,Powell,John Tierney Classic,"Jan 20, 2024",TJ,12.16m,,"39' 10.75"""
Adaline,Powell,Illini Open,"Jan  6, 2024",TJ,11.86m,,"38' 11"""
Adaline,Powell,2023 Blue Demon Holiday Invite,"Dec  8, 2023",TJ,11.95m,,"39' 2.5"""
Adaline,Powell,Eagle Open,"May 12, 2023",TJ,12.12m,(2.2),"39' 9.25"""
Adaline,Powell,Horizon League Championship,"May  5- 7, 2023",TJ,12.11m,(+0.0),"39' 8.75"""
Adaline,Powell,Clark Wood Open 2023,"Apr 28-29, 2023",TJ,12.46m,(1.3),"40' 10.5"""
Adaline,Powell,Gary Wieneke Memorial,"Apr 21-22, 2023",TJ,FOUL,,NM
Adaline,Powell,Gibson Invitational & Multis,"Apr 13-15, 2023",TJ,12.22m,(-0.5),"40' 1.25"""
Adaline,Powell,Fighting Illini Challenge,"Apr  8, 2023",TJ,11.34m,(2.0),"37' 2.5"""
Adaline,Powell,Fighting Illini Challenge,"Apr  8, 2023",JT,24.49m,,"80' 4"""
Adaline,Powell,Warrior Invitational,"Apr  6, 2023",JT,25.54m,,"83' 9"""
Adaline,Powell,2023 Horizon League Indoor Track & Field Championship,"Feb 25-26, 2023",TJ,11.94m,,"39' 2.25"""
Adaline,Powell,Mark Guthrie Legacy Invitational,"Feb  4, 2023",TJ,11.52m,,"37' 9.5"""
Adaline,Powell,Jack Johnson Classic,"Jan 27-28, 2023",TJ,11.78m,,"38' 7.75"""
Adaline,Powell,John Tierney Classic,"Jan 21, 2023",TJ,11.79m,,"38' 8.25"""
Adaline,Powell,Wisconsin Badgers Midwest Invite,"Jan 14, 2023",TJ,11.33m,,"37' 2.25"""
Adaline,Powell,2022 Blue Demon Holiday Invite,"Dec  9, 2022",TJ,11.68m,,"38' 4"""
Adaline,Powell,Horizon League Indoor Track & Field Championships,"Feb 26-Mar  1, 2021",TJ,11.10m,,"36' 5"""
Adaline,Powell,Horizon League Indoor Track & Field Championships,"Feb 26-Mar  1, 2021",Pent,2897,,
Adaline,Powell,Horizon League Indoor Track & Field Championships,"Feb 26-Mar  1, 2021",60H,9.43,,
Adaline,Powell,Horizon League Indoor Track & Field Championships,"Feb 26-Mar  1, 2021",HJ,1.42m,,"4' 7.75"""
Adaline,Powell,Horizon League Indoor Track & Field Championships,"Feb 26-Mar  1, 2021",SP,9.68m,,"31' 9.25"""
Adaline,Powell,Horizon League Indoor Track & Field Championships,"Feb 26-Mar  1, 2021",LJ,4.94m,,"16' 2.5"""
Adaline,Powell,Horizon League Indoor Track & Field Championships,"Feb 26-Mar  1, 2021",800,2:47.60,,
Adaline,Powell,UW-Parkside Triangular,"Feb 19-20, 2021",55H,8.74,,
Adaline,Powell,UW-Parkside Triangular,"Feb 19-20, 2021",HJ,1.40m,,"4' 7"""
Adaline,Powell,Panther Tune-Up,"Feb 14, 2021",60H,10.06,,
Adaline,Powell,Panther Tune-Up,"Feb 14, 2021",TJ,11.24m,,"36' 10.5"""
Adaline,Powell,UW-Parkside Triangular,"Feb  5- 6, 2021",Pent,2644,,
Adaline,Powell,UW-Parkside Triangular,"Feb  5- 6, 2021",55H,8.91,,
Adaline,Powell,UW-Parkside Triangular,"Feb  5- 6, 2021",HJ,1.31m,,"4' 3.5"""
Adaline,Powell,UW-Parkside Triangular,"Feb  5- 6, 2021",SP,8.87m,,"29' 1.25"""
Adaline,Powell,UW-Parkside Triangular,"Feb  5- 6, 2021",LJ,4.90m,,"16' 1"""
Adaline,Powell,UW-Parkside Triangular,"Feb  5- 6, 2021",800,2:51.80,,
Adaline,Powell,John Tierney Classic,"Jan 23, 2021",60H,9.45,,
Adaline,Powell,John Tierney Classic,"Jan 23, 2021",HJ,NH,,NH
Adaline,Powell,John Tierney Classic,"Jan 23, 2021",TJ,11.29m,,"37' 0.5"""
Adaline,Powell,The Panther Invite,"Jan  9, 2021",60H,9.93,,
Adaline,Powell,The Panther Invite,"Jan  9, 2021",60H,9.77,,
Adaline,Powell,The Panther Invite,"Jan  9, 2021",TJ,11.18m,,"36' 8.25"""
Natalie,Block,Raleigh Relays,"Mar 26-28, 2026",100H,13.45,(-0.4),
Natalie,Block,Raleigh Relays,"Mar 26-28, 2026",400H,56.27,,
Natalie,Block,NCAA Division I Outdoor Track & Field Championships,"Jun 11-14, 2025",400H,56.92,,
Natalie,Block,NCAA Division I West First Round,"May 28-31, 2025",100H,13.21,(1.3),
Natalie,Block,NCAA Division I West First Round,"May 28-31, 2025",100H,13.31,(0.3),
Natalie,Block,NCAA Division I West First Round,"May 28-31, 2025",400H,56.95,,
Natalie,Block,NCAA Division I West First Round,"May 28-31, 2025",400H,57.46,,
Natalie,Block,Horizon League Championship,"May  9-11, 2025",100H,13.16,(2.4),
Natalie,Block,Horizon League Championship,"May  9-11, 2025",100H,13.21,(1.5),
Natalie,Block,Horizon League Championship,"May  9-11, 2025",400H,57.86,,
Natalie,Block,Horizon League Championship,"May  9-11, 2025",400H,57.71,,
Natalie,Block,Jim Green Invitational,"May  2- 3, 2025",100H,13.54,(-0.6),
Natalie,Block,Jim Green Invitational,"May  2- 3, 2025",100H,13.59,(1.4),
Natalie,Block,Jim Green Invitational,"May  2- 3, 2025",400H,57.85,,
Natalie,Block,Fighting Illini Twilight,"Apr 26, 2025",100H,13.73,(3.2),
Natalie,Block,Fighting Illini Twilight,"Apr 26, 2025",400H,58.71,,
Natalie,Block,UW-Whitewater Drake Alternative,"Apr 24, 2025",400H,58.46,,
Natalie,Block,Gibson Invitational,"Apr 17-19, 2025",100H,13.68,(0.1),
Natalie,Block,Duke Invitational,"Apr 10-12, 2025",400H,57.84,,
Natalie,Block,NCAA West First Round,"May 22-25, 2024",100H,13.22,(2.5),
Natalie,Block,NCAA West First Round,"May 22-25, 2024",100H,13.23,(1.0),
Natalie,Block,NCAA West First Round,"May 22-25, 2024",400H,57.02,,
Natalie,Block,NCAA West First Round,"May 22-25, 2024",400H,57.90,,
Natalie,Block,UW-La Crosse Eagle Open,"May 10, 2024",100H,13.28,(1.2),
Natalie,Block,UW-La Crosse Eagle Open,"May 10, 2024",100H,13.42,(-0.3),
Natalie,Block,2024 Horizon League Outdoor Track & Field Championship,"May  3- 5, 2024",100H,13.27,(2.4),
Natalie,Block,2024 Horizon League Outdoor Track & Field Championship,"May  3- 5, 2024",100H,13.38,(0.7),
Natalie,Block,2024 Horizon League Outdoor Track & Field Championship,"May  3- 5, 2024",400H,57.51,,
Natalie,Block,2024 Horizon League Outdoor Track & Field Championship,"May  3- 5, 2024",400H,58.08,,
Natalie,Block,Clark Wood Open 2024,"Apr 26-27, 2024",100H,13.14,(2.4),
Natalie,Block,Clark Wood Open 2024,"Apr 26-27, 2024",100H,13.33,(1.9),
Natalie,Block,Clark Wood Open 2024,"Apr 26-27, 2024",400H,57.68,,
Natalie,Block,Gibson Invitational,"Apr 18-20, 2024",100H,13.44,(1.2),
Natalie,Block,Gibson Invitational,"Apr 18-20, 2024",400H,58.34,,
Natalie,Block,2024 Bryan Clay Invitational,"Apr 11-13, 2024",100H,13.52,(-1.8),
Natalie,Block,2024 Bryan Clay Invitational,"Apr 11-13, 2024",400H,58.67,,
Natalie,Block,Golden Grizzly T&F Invite,"Apr  6, 2024",100H,13.54,(2.6),
Natalie,Block,Golden Grizzly T&F Invite,"Apr  6, 2024",100H,13.60,(2.3),
Natalie,Block,Golden Grizzly T&F Invite,"Apr  6, 2024",400H,59.13,,
Natalie,Block,Raleigh Relays,"Mar 28-30, 2024",100H,13.29,(2.1),
Natalie,Block,Horizon League Indoor Track & Field Championship,"Feb 24-25, 2024",400,55.08,,
Natalie,Block,Horizon League Indoor Track & Field Championship,"Feb 24-25, 2024",400,55.81,,
Natalie,Block,Horizon League Indoor Track & Field Championship,"Feb 24-25, 2024",60H,8.34,,
Natalie,Block,Horizon League Indoor Track & Field Championship,"Feb 24-25, 2024",60H,8.26,,
Natalie,Block,Arkansas Qualifier,"Feb 16, 2024",60H,8.27,,
Natalie,Block,Arkansas Qualifier,"Feb 16, 2024",60H,8.43,,
Natalie,Block,GVSU Big Meet- (Friday),"Feb  9, 2024",400,54.58,,
Natalie,Block,GVSU Big Meet- (Friday),"Feb  9, 2024",60H,8.22,,
Natalie,Block,GVSU Big Meet- (Friday),"Feb  9, 2024",60H,8.27,,
Natalie,Block,Mark Guthrie Legacy Invite,"Feb  3, 2024",60H,8.31,,
Natalie,Block,Mark Guthrie Legacy Invite,"Feb  3, 2024",60H,8.25,,
Natalie,Block,Illini Challenge,"Jan 26-27, 2024",400,55.95,,
Natalie,Block,Illini Challenge,"Jan 26-27, 2024",60H,8.29,,
Natalie,Block,Illini Challenge,"Jan 26-27, 2024",60H,8.32,,
Natalie,Block,John Tierney Classic,"Jan 20, 2024",60H,8.25,,
Natalie,Block,John Tierney Classic,"Jan 20, 2024",60H,8.29,,
Natalie,Block,Badgers Midwest Invite,"Jan 13, 2024",300,38.52,,
Natalie,Block,Badgers Midwest Invite,"Jan 13, 2024",60H,8.31,,
Natalie,Block,Badgers Midwest Invite,"Jan 13, 2024",60H,8.37,,
Natalie,Block,Illini Open,"Jan  6, 2024",60H,8.44,,
Natalie,Block,2023 Blue Demon Holiday Invite,"Dec  8, 2023",200,24.83,,
Natalie,Block,2023 Blue Demon Holiday Invite,"Dec  8, 2023",60H,8.46,,
Natalie,Block,2023 Blue Demon Holiday Invite,"Dec  8, 2023",60H,8.44,,
Natalie,Block,2023 Horizon League Indoor Track & Field Championship,"Feb 25-26, 2023",400,56.54,,
Natalie,Block,2023 Horizon League Indoor Track & Field Championship,"Feb 25-26, 2023",400,57.81,,
Natalie,Block,2023 Horizon League Indoor Track & Field Championship,"Feb 25-26, 2023",60H,8.33,,
Natalie,Block,2023 Horizon League Indoor Track & Field Championship,"Feb 25-26, 2023",60H,8.50,,
Natalie,Block,2023 Horizon League Indoor Track & Field Championship,"Feb 25-26, 2023",4x400,3:54.28,,
Natalie,Block,2023 Horizon League Indoor Track & Field Championship,"Feb 25-26, 2023",LJ,5.44m,,"17' 10.25"""
Natalie,Block,2023 Horizon League Indoor Track & Field Championship,"Feb 25-26, 2023",Pent,3669,,
Natalie,Block,2023 Horizon League Indoor Track & Field Championship,"Feb 25-26, 2023",60H,8.55,,
Natalie,Block,2023 Horizon League Indoor Track & Field Championship,"Feb 25-26, 2023",HJ,1.53m,,"5' 0.25"""
Natalie,Block,2023 Horizon League Indoor Track & Field Championship,"Feb 25-26, 2023",SP,10.07m,,"33' 0.5"""
Natalie,Block,2023 Horizon League Indoor Track & Field Championship,"Feb 25-26, 2023",LJ,5.36m,,"17' 7"""
Natalie,Block,2023 Horizon League Indoor Track & Field Championship,"Feb 25-26, 2023",800,2:20.69,,
Natalie,Block,Panther Tune-Up,"Feb 18, 2023",60H,8.43,,
Natalie,Block,Panther Tune-Up,"Feb 18, 2023",60H,8.38,,
Natalie,Block,Panther Tune-Up,"Feb 18, 2023",HJ,1.55m,,"5' 1"""
Natalie,Block,Panther Tune-Up,"Feb 18, 2023",SP,9.81m,,"32' 2.25"""
Natalie,Block,GVSU Big Meet (Friday),"Feb 10, 2023",200,24.57,,
Natalie,Block,GVSU Big Meet (Friday),"Feb 10, 2023",400,55.30,,
Natalie,Block,GVSU Big Meet (Friday),"Feb 10, 2023",60H,8.47,,
Natalie,Block,GVSU Big Meet (Friday),"Feb 10, 2023",60H,8.44,,
Natalie,Block,GVSU Big Meet (Friday),"Feb 10, 2023",HJ,1.53m,,"5' 0.25"""
Natalie,Block,Mark Guthrie Legacy Invitational,"Feb  4, 2023",200,24.93,,
Natalie,Block,Mark Guthrie Legacy Invitational,"Feb  4, 2023",60H,8.43,,
Natalie,Block,Mark Guthrie Legacy Invitational,"Feb  4, 2023",60H,8.45,,
Natalie,Block,Jack Johnson Classic,"Jan 27-28, 2023",60H,8.44,,
Natalie,Block,Jack Johnson Classic,"Jan 27-28, 2023",60H,8.50,,
Natalie,Block,Jack Johnson Classic,"Jan 27-28, 2023",Pent,3580,,
Natalie,Block,Jack Johnson Classic,"Jan 27-28, 2023",60H,8.45,,
Natalie,Block,Jack Johnson Classic,"Jan 27-28, 2023",HJ,1.45m,,"4' 9"""
Natalie,Block,Jack Johnson Classic,"Jan 27-28, 2023",SP,9.08m,,"29' 9.5"""
Natalie,Block,Jack Johnson Classic,"Jan 27-28, 2023",LJ,5.55m,,"18' 2.5"""
Natalie,Block,Jack Johnson Classic,"Jan 27-28, 2023",800,2:21.56,,
Natalie,Block,John Tierney Classic,"Jan 21, 2023",60H,8.50,,
Natalie,Block,John Tierney Classic,"Jan 21, 2023",60H,8.49,,
Natalie,Block,John Tierney Classic,"Jan 21, 2023",LJ,5.83m,,"19' 1.5"""
Natalie,Block,John Tierney Classic,"Jan 21, 2023",SP,10.50m,,"34' 5.5"""
Natalie,Block,Wisconsin Badgers Midwest Invite,"Jan 14, 2023",300,38.67,,
Natalie,Block,Wisconsin Badgers Midwest Invite,"Jan 14, 2023",60H,8.45,,
Natalie,Block,Wisconsin Badgers Midwest Invite,"Jan 14, 2023",60H,8.50,,
Natalie,Block,Wisconsin Badgers Midwest Invite,"Jan 14, 2023",HJ,1.51m,,"4' 11.5"""
Natalie,Block,44 Farms Team Invitational,"Apr  8- 9, 2022",400H,59.94,,
Natalie,Block,44 Farms Team Invitational,"Apr  8- 9, 2022",Hep,4898,,
Natalie,Block,44 Farms Team Invitational,"Apr  8- 9, 2022",100H,13.66,(3.2),
Natalie,Block,44 Farms Team Invitational,"Apr  8- 9, 2022",HJ,1.54m,,"5' 0.5"""
Natalie,Block,44 Farms Team Invitational,"Apr  8- 9, 2022",SP,8.57m,,"28' 1.5"""
Natalie,Block,44 Farms Team Invitational,"Apr  8- 9, 2022",200,24.36,(4.9),
Natalie,Block,44 Farms Team Invitational,"Apr  8- 9, 2022",LJ,5.38m,(2.0),"17' 8"""
Natalie,Block,44 Farms Team Invitational,"Apr  8- 9, 2022",JT,23.37m,,"76' 8"""
Natalie,Block,44 Farms Team Invitational,"Apr  8- 9, 2022",800,2:21.33,,
Natalie,Block,Redbird Invite,"Apr  1- 2, 2022",100H,13.98,(2.2),
Natalie,Block,Redbird Invite,"Apr  1- 2, 2022",400H,1:01.25,,
Natalie,Block,Redbird Invite,"Apr  1- 2, 2022",JT,16.75m,,"54' 11"""
Natalie,Block,Horizon League Indoor Track & Field Championships,"Feb 26-27, 2022",400,55.78,,
Natalie,Block,Horizon League Indoor Track & Field Championships,"Feb 26-27, 2022",400,56.12,,
Natalie,Block,Horizon League Indoor Track & Field Championships,"Feb 26-27, 2022",60H,8.52,,
Natalie,Block,Horizon League Indoor Track & Field Championships,"Feb 26-27, 2022",60H,8.49,,
Natalie,Block,Horizon League Indoor Track & Field Championships,"Feb 26-27, 2022",Pent,3722,,
Natalie,Block,Horizon League Indoor Track & Field Championships,"Feb 26-27, 2022",60H,8.50,,
Natalie,Block,Horizon League Indoor Track & Field Championships,"Feb 26-27, 2022",HJ,1.62m,,"5' 3.75"""
Natalie,Block,Horizon League Indoor Track & Field Championships,"Feb 26-27, 2022",SP,9.93m,,"32' 7"""
Natalie,Block,Horizon League Indoor Track & Field Championships,"Feb 26-27, 2022",LJ,5.40m,,"17' 8.75"""
Natalie,Block,Horizon League Indoor Track & Field Championships,"Feb 26-27, 2022",800,2:25.56,,
Natalie,Block,St. Valentines Open,"Feb 18, 2022",60H,8.53,,
Natalie,Block,St. Valentines Open,"Feb 18, 2022",60H,8.61,,
Natalie,Block,St. Valentines Open,"Feb 18, 2022",LJ,5.55m,,"18' 2.5"""
Natalie,Block,2022 Hoosier Hills,"Feb 11, 2022",200,24.73,,
Natalie,Block,2022 Hoosier Hills,"Feb 11, 2022",60H,8.40,,
Natalie,Block,2022 Hoosier Hills,"Feb 11, 2022",60H,8.55,,
Natalie,Block,2022 Hoosier Hills,"Feb 11, 2022",HJ,NH,,NH
Natalie,Block,Red Hawk Invite,"Feb  5, 2022",400,56.60,,
Natalie,Block,Red Hawk Invite,"Feb  5, 2022",60H,8.52,,
Natalie,Block,Red Hawk Invite,"Feb  5, 2022",HJ,1.61m,,"5' 3.25"""
Natalie,Block,John Tierney Classic,"Jan 29, 2022",60H,8.42,,
Natalie,Block,John Tierney Classic,"Jan 29, 2022",60H,8.56,,
Natalie,Block,John Tierney Classic,"Jan 29, 2022",4x400,3:58.17,,
Natalie,Block,John Tierney Classic,"Jan 29, 2022",LJ,5.54m,,"18' 2.25"""
Natalie,Block,John Tierney Classic,"Jan 29, 2022",SP,9.78m,,"32' 1"""
Natalie,Block,John Gartland Invitational,"Jan 21-22, 2022",60H,8.53,,
Natalie,Block,John Gartland Invitational,"Jan 21-22, 2022",60H,8.67,,
Natalie,Block,John Gartland Invitational,"Jan 21-22, 2022",Pent,3763,,
Natalie,Block,John Gartland Invitational,"Jan 21-22, 2022",60H,8.56,,
Natalie,Block,John Gartland Invitational,"Jan 21-22, 2022",HJ,1.56m,,"5' 1.25"""
Natalie,Block,John Gartland Invitational,"Jan 21-22, 2022",SP,9.96m,,"32' 8.25"""
Natalie,Block,John Gartland Invitational,"Jan 21-22, 2022",LJ,5.65m,,"18' 6.5"""
Natalie,Block,John Gartland Invitational,"Jan 21-22, 2022",800,2:21.85,,
Natalie,Block,Hawkeye Invite,"Jan 14-15, 2022",200,24.93,,
Natalie,Block,Hawkeye Invite,"Jan 14-15, 2022",60H,8.52,,
Natalie,Block,Hawkeye Invite,"Jan 14-15, 2022",60H,8.61,,
Natalie,Block,Hawkeye Invite,"Jan 14-15, 2022",LJ,5.31m,,"17' 5.25"""
Natalie,Block,NCAA Division I West Preliminary Round,"May 26-29, 2021",400H,1:00.17,,
Natalie,Block,John Kruchoski Open,"May 15, 2021",400H,1:00.01,,
Natalie,Block,Horizon League Outdoor Track & Field Championships,"May  7- 9, 2021",100H,14.04,(1.2),
Natalie,Block,Horizon League Outdoor Track & Field Championships,"May  7- 9, 2021",400H,1:01.11,,
Natalie,Block,Horizon League Outdoor Track & Field Championships,"May  7- 9, 2021",4x400,3:59.43,,
Natalie,Block,Horizon League Outdoor Track & Field Championships,"May  7- 9, 2021",Hep,4417,,
Natalie,Block,Horizon League Outdoor Track & Field Championships,"May  7- 9, 2021",100H,14.17,(3.3),
Natalie,Block,Horizon League Outdoor Track & Field Championships,"May  7- 9, 2021",HJ,1.40m,,"4' 7"""
Natalie,Block,Horizon League Outdoor Track & Field Championships,"May  7- 9, 2021",SP,8.83m,,"28' 11.75"""
Natalie,Block,Horizon League Outdoor Track & Field Championships,"May  7- 9, 2021",200,24.61,(1.5),
Natalie,Block,Horizon League Outdoor Track & Field Championships,"May  7- 9, 2021",LJ,5.16m,(2.5),"16' 11.25"""
Natalie,Block,Horizon League Outdoor Track & Field Championships,"May  7- 9, 2021",JT,19.35m,,"63' 6"""
Natalie,Block,Horizon League Outdoor Track & Field Championships,"May  7- 9, 2021",800,2:29.84,,
Natalie,Block,Valpo Invitational,"May  1, 2021",400,56.00,,
Natalie,Block,Valpo Invitational,"May  1, 2021",100H,14.39,(2.0),
Natalie,Block,Clark Wood Invitational,"Apr 23-24, 2021",100H,15.51,(0.4),
Natalie,Block,Clark Wood Invitational,"Apr 23-24, 2021",400H,1:02.46,,
Natalie,Block,Clark Wood Invitational,"Apr 23-24, 2021",JT,21.59m,,"70' 10"""
Natalie,Block,Gibson Invitational Heptathlon & Decathlon,"Apr 15-16, 2021",Hep,4389,,
Natalie,Block,Gibson Invitational Heptathlon & Decathlon,"Apr 15-16, 2021",100H,15.09,(1.6),
Natalie,Block,Gibson Invitational Heptathlon & Decathlon,"Apr 15-16, 2021",HJ,1.43m,,"4' 8.25"""
Natalie,Block,Gibson Invitational Heptathlon & Decathlon,"Apr 15-16, 2021",SP,9.18m,,"30' 1.5"""
Natalie,Block,Gibson Invitational Heptathlon & Decathlon,"Apr 15-16, 2021",200,25.15,(2.9),
Natalie,Block,Gibson Invitational Heptathlon & Decathlon,"Apr 15-16, 2021",LJ,5.00m,(+0.0),"16' 5"""
Natalie,Block,Gibson Invitational Heptathlon & Decathlon,"Apr 15-16, 2021",JT,23.81m,,"78' 1"""
Natalie,Block,Gibson Invitational Heptathlon & Decathlon,"Apr 15-16, 2021",800,2:25.78,,
Natalie,Block,Big Blue Classic,"Apr  9-10, 2021",200,24.99,(0.8),
Natalie,Block,Big Blue Classic,"Apr  9-10, 2021",100H,14.88,(1.0),
Natalie,Block,Big Blue Classic,"Apr  9-10, 2021",LJ,5.13m,,"16' 10"""
Natalie,Block,Illinois State Redbird Invitational,"Apr  2, 2021",100H,14.75,(3.2),
Natalie,Block,Illinois State Redbird Invitational,"Apr  2, 2021",400H,1:02.23,,
Natalie,Block,Illinois State Redbird Invitational,"Apr  2, 2021",JT,20.01m,,"65' 8"""
Natalie,Block,Horizon League Indoor Track & Field Championships,"Feb 26-Mar  1, 2021",200,25.47,,
Natalie,Block,Horizon League Indoor Track & Field Championships,"Feb 26-Mar  1, 2021",200,25.81,,
Natalie,Block,Horizon League Indoor Track & Field Championships,"Feb 26-Mar  1, 2021",4x400,3:59.75,,
Natalie,Block,Horizon League Indoor Track & Field Championships,"Feb 26-Mar  1, 2021",Pent,3143,,
Natalie,Block,Horizon League Indoor Track & Field Championships,"Feb 26-Mar  1, 2021",60H,9.72,,
Natalie,Block,Horizon League Indoor Track & Field Championships,"Feb 26-Mar  1, 2021",HJ,1.48m,,"4' 10.25"""
Natalie,Block,Horizon League Indoor Track & Field Championships,"Feb 26-Mar  1, 2021",SP,9.26m,,"30' 4.75"""
Natalie,Block,Horizon League Indoor Track & Field Championships,"Feb 26-Mar  1, 2021",LJ,5.20m,,"17' 0.75"""
Natalie,Block,Horizon League Indoor Track & Field Championships,"Feb 26-Mar  1, 2021",800,2:30.70,,
Natalie,Block,UW-Parkside Triangular,"Feb 19-20, 2021",200,25.64,,
Natalie,Block,UW-Parkside Triangular,"Feb 19-20, 2021",55H,8.44,,
Nevia,Levenhagen,Raleigh Relays,"Mar 26-28, 2026",LJ,5.72m,(0.6),"18' 9.25"""
Nevia,Levenhagen,Raleigh Relays,"Mar 26-28, 2026",TJ,FOUL,,NM
Nevia,Levenhagen,2026 Horizon League Indoor Track & Field Championship,"Feb 28-Mar  1, 2026",LJ,5.85m,,"19' 2.5"""
Nevia,Levenhagen,2026 Horizon League Indoor Track & Field Championship,"Feb 28-Mar  1, 2026",TJ,11.39m,,"37' 4.5"""
Nevia,Levenhagen,Panther Tune-up,"Feb 21, 2026",LJ,5.86m,,"19' 2.75"""
Nevia,Levenhagen,Panther Tune-up,"Feb 21, 2026",TJ,11.72m,,"38' 5.5"""
Nevia,Levenhagen,2026 Blue Demon Alumni Classic,"Feb 13, 2026",LJ,6.18m,,"20' 3.5"""
Nevia,Levenhagen,2026 Blue Demon Alumni Classic,"Feb 13, 2026",TJ,11.64m,,"38' 2.25"""
Nevia,Levenhagen,Iowa State Classic,"Feb  6, 2026",LJ,5.30m,,"17' 4.75"""
Nevia,Levenhagen,Iowa State Classic,"Feb  6, 2026",TJ,11.29m,,"37' 0.5"""
Nevia,Levenhagen,2026 Meyo Invitational (Notre Dame Indoor T&F),"Jan 30-31, 2026",60,DNS,,
Nevia,Levenhagen,2026 Meyo Invitational (Notre Dame Indoor T&F),"Jan 30-31, 2026",LJ,5.62m,(+0.0),"18' 5.25"""
Nevia,Levenhagen,Larry Wieczorek Invitational,"Jan 23-24, 2026",60,7.92,,
Nevia,Levenhagen,Larry Wieczorek Invitational,"Jan 23-24, 2026",LJ,5.66m,,"18' 7"""
Nevia,Levenhagen,Larry Wieczorek Invitational,"Jan 23-24, 2026",TJ,11.25m,,"36' 11"""
Nevia,Levenhagen,Tierney Classic,"Jan 18, 2026",60,7.91,,
Nevia,Levenhagen,Tierney Classic,"Jan 18, 2026",60,7.95,,
Nevia,Levenhagen,Tierney Classic,"Jan 18, 2026",LJ,5.84m,,"19' 2"""
Nevia,Levenhagen,Tierney Classic,"Jan 18, 2026",TJ,11.32m,,"37' 1.75"""
Nevia,Levenhagen,2025 Blue Demon Holiday Invite,"Dec 12, 2025",LJ,5.33m,,"17' 6"""
Hailey,Soriaga,Joyce Morton-Kief Invite,"Mar 27-28, 2026",PV,3.58m,,"11' 9"""
Hailey,Soriaga,2026 Horizon League Indoor Track & Field Championship,"Feb 28-Mar  1, 2026",PV,3.47m,,"11' 4.5"""
Hailey,Soriaga,Panther Tune-up,"Feb 21, 2026",PV,3.93m,,"12' 10.75"""
Hailey,Soriaga,UW-La Crosse Mark Guthrie Legacy Invitational,"Feb  7, 2026",PV,3.68m,,"12' 0.75"""
Hailey,Soriaga,2026 Meyo Invitational (Notre Dame Indoor T&F),"Jan 30-31, 2026",PV,NH,,
Hailey,Soriaga,Larry Wieczorek Invitational,"Jan 23-24, 2026",PV,3.75m,,"12' 3.5"""
Hailey,Soriaga,Tierney Classic,"Jan 18, 2026",PV,3.60m,,"11' 9.75"""
Hailey,Soriaga,Minnesota Open,"Jan 10, 2026",PV,3.71m,,"12' 2"""
Hailey,Soriaga,Horizon League Championship,"May  9-11, 2025",PV,3.51m,,"11' 6.25"""
Hailey,Soriaga,Badger Challenge,"May  2, 2025",PV,3.82m,,"12' 6.25"""
Hailey,Soriaga,Fighting Illini Twilight,"Apr 26, 2025",PV,3.67m,,"12' 0.5"""
Hailey,Soriaga,Gibson Invitational,"Apr 17-19, 2025",PV,3.60m,,"11' 9.75"""
Hailey,Soriaga,Marquette Invitational,"Apr 10-11, 2025",PV,3.66m,,"12' 0"""
Hailey,Soriaga,Ashton May Invitational,"Apr  5, 2025",PV,3.66m,,"12' 0"""
Hailey,Soriaga,Redbird Challenge,"Mar 28-29, 2025",PV,3.58m,,"11' 9"""
Hailey,Soriaga,2025 Horizon League Indoor Track & Field Championship,"Mar  1- 2, 2025",PV,3.56m,,"11' 8"""
Hailey,Soriaga,Panther Tune-up,"Feb 22, 2025",PV,3.65m,,"11' 11.75"""
Hailey,Soriaga,UW-La Crosse Mark Guthrie Legacy Invitational,"Feb  8, 2025",PV,3.64m,,"11' 11.25"""
Hailey,Soriaga,Meyo Invitational (2025 Notre Dame Indoor Track & Field),"Jan 31-Feb  1, 2025",PV,3.76m,,"12' 4"""
Hailey,Soriaga,John Tierney Classic,"Jan 25, 2025",PV,3.75m,,"12' 3.5"""
Hailey,Soriaga,Badgers Midwest Invite,"Jan 11, 2025",PV,3.40m,,"11' 1.75"""
Taylor,Thimmesch,Raleigh Relays,"Mar 26-28, 2026",200,25.96,(0.4),
Taylor,Thimmesch,Raleigh Relays,"Mar 26-28, 2026",400,57.87,,
Taylor,Thimmesch,2026 Horizon League Indoor Track & Field Championship,"Feb 28-Mar  1, 2026",400,56.88,,
Taylor,Thimmesch,2026 Horizon League Indoor Track & Field Championship,"Feb 28-Mar  1, 2026",4x400,3:48.01,,
Taylor,Thimmesch,2026 Horizon League Indoor Track & Field Championship,"Feb 28-Mar  1, 2026",DMR,12:40.54,,
Taylor,Thimmesch,GVSU Big Meet-Friday,"Feb 13, 2026",200,25.72,,
Taylor,Thimmesch,GVSU Big Meet-Friday,"Feb 13, 2026",400,56.71,,
Taylor,Thimmesch,Iowa State Classic,"Feb  6, 2026",200,25.97,,
Taylor,Thimmesch,Iowa State Classic,"Feb  6, 2026",400,57.56,,
Taylor,Thimmesch,2026 Meyo Invitational (Notre Dame Indoor T&F),"Jan 30-31, 2026",400,57.48,,
Taylor,Thimmesch,2026 Meyo Invitational (Notre Dame Indoor T&F),"Jan 30-31, 2026",4x400,3:48.06,,
Taylor,Thimmesch,Larry Wieczorek Invitational,"Jan 23-24, 2026",200,26.10,,
Taylor,Thimmesch,Larry Wieczorek Invitational,"Jan 23-24, 2026",400,57.42,,
Taylor,Thimmesch,Larry Wieczorek Invitational,"Jan 23-24, 2026",4x400,3:48.92,,
Taylor,Thimmesch,Tierney Classic,"Jan 18, 2026",60,7.98,,
Taylor,Thimmesch,Tierney Classic,"Jan 18, 2026",60,7.97,,
Taylor,Thimmesch,Tierney Classic,"Jan 18, 2026",4x400,3:52.42,,
Taylor,Thimmesch,Minnesota Open,"Jan 10, 2026",60,8.20,,
Taylor,Thimmesch,Minnesota Open,"Jan 10, 2026",200,26.37,,
Taylor,Thimmesch,2025 Blue Demon Holiday Invite,"Dec 12, 2025",400,57.78,,
Taylor,Thimmesch,Horizon League Championship,"May  9-11, 2025",400,57.70,,
Taylor,Thimmesch,Horizon League Championship,"May  9-11, 2025",4x400,3:47.15,,
Taylor,Thimmesch,Badger Challenge,"May  2, 2025",200,26.63,(1.2),
Taylor,Thimmesch,Badger Challenge,"May  2, 2025",400,57.99,,
Taylor,Thimmesch,UW-Whitewater Drake Alternative,"Apr 24, 2025",200,25.67,(0.8),
Taylor,Thimmesch,UW-Whitewater Drake Alternative,"Apr 24, 2025",400,58.45,,
Taylor,Thimmesch,Gibson Invitational,"Apr 17-19, 2025",400,59.26,,
Taylor,Thimmesch,Marquette Invitational,"Apr 10-11, 2025",400,59.85,,
Taylor,Thimmesch,Marquette Invitational,"Apr 10-11, 2025",4x400,DNS,,
Taylor,Thimmesch,Redbird Challenge,"Mar 28-29, 2025",200,DNS,,
Taylor,Thimmesch,Redbird Challenge,"Mar 28-29, 2025",400,59.92,,
Taylor,Thimmesch,Redbird Challenge,"Mar 28-29, 2025",4x400,4:01.92,,
Taylor,Thimmesch,2025 Horizon League Indoor Track & Field Championship,"Mar  1- 2, 2025",400,59.62,,
Taylor,Thimmesch,2025 Horizon League Indoor Track & Field Championship,"Mar  1- 2, 2025",4x400,3:53.83,,
Taylor,Thimmesch,2025 Horizon League Indoor Track & Field Championship,"Mar  1- 2, 2025",DMR,12:13.37,,
Taylor,Thimmesch,GVSU Big Meet- Friday,"Feb 14, 2025",400,58.43,,
Taylor,Thimmesch,GVSU Big Meet- Friday,"Feb 14, 2025",4x400,DQ,,
Taylor,Thimmesch,UW-La Crosse Mark Guthrie Legacy Invitational,"Feb  8, 2025",200,26.66,,
Taylor,Thimmesch,UW-La Crosse Mark Guthrie Legacy Invitational,"Feb  8, 2025",400,59.91,,
Taylor,Thimmesch,Meyo Invitational (2025 Notre Dame Indoor Track & Field),"Jan 31-Feb  1, 2025",200,26.65,,
Taylor,Thimmesch,Meyo Invitational (2025 Notre Dame Indoor Track & Field),"Jan 31-Feb  1, 2025",400,58.94,,
Taylor,Thimmesch,John Tierney Classic,"Jan 25, 2025",4x400,DNF,,
Taylor,Thimmesch,Badgers Midwest Invite,"Jan 11, 2025",300,41.61,,
Taylor,Thimmesch,Badgers Midwest Invite,"Jan 11, 2025",600,DNF,,
Taylor,Thimmesch,2024 Blue Demon Holiday Invite,"Dec 13, 2024",400,59.13,,
Lilly,Wepking,Joyce Morton-Kief Invite,"Mar 27-28, 2026",100,12.71,(2.5),
Lilly,Wepking,Joyce Morton-Kief Invite,"Mar 27-28, 2026",200,26.35,(1.9),
Lilly,Wepking,Panther Tune-up,"Feb 21, 2026",60,7.98,,
Lilly,Wepking,Panther Tune-up,"Feb 21, 2026",60,8.10,,
Lilly,Wepking,Panther Tune-up,"Feb 21, 2026",200,27.07,,
Lilly,Wepking,UW-La Crosse Mark Guthrie Legacy Invitational,"Feb  7, 2026",60,8.02,,
Lilly,Wepking,UW-La Crosse Mark Guthrie Legacy Invitational,"Feb  7, 2026",200,26.75,,
Lilly,Wepking,Larry Wieczorek Invitational,"Jan 23-24, 2026",60,8.05,,
Lilly,Wepking,Larry Wieczorek Invitational,"Jan 23-24, 2026",200,26.55,,
Lilly,Wepking,Tierney Classic,"Jan 18, 2026",60,7.96,,
Lilly,Wepking,Tierney Classic,"Jan 18, 2026",60,8.00,,
Lilly,Wepking,Tierney Classic,"Jan 18, 2026",200,26.80,,
Lilly,Wepking,Minnesota Open,"Jan 10, 2026",60,8.07,,
Lilly,Wepking,Minnesota Open,"Jan 10, 2026",200,26.93,,
Lilly,Wepking,2025 Blue Demon Holiday Invite,"Dec 12, 2025",60,8.04,,
Lilly,Wepking,2025 Blue Demon Holiday Invite,"Dec 12, 2025",300,43.48,,
Lilly,Wepking,Horizon League Championship,"May  9-11, 2025",100,12.52,(2.3),
Lilly,Wepking,Badger Challenge,"May  2, 2025",100,12.67,(-0.2),
Lilly,Wepking,Badger Challenge,"May  2, 2025",200,26.87,(1.2),
Lilly,Wepking,Fighting Illini Twilight,"Apr 26, 2025",100,12.46,(4.2),
Lilly,Wepking,Green & White Invite,"Apr 17, 2025",100,12.52,(3.0),
Lilly,Wepking,Green & White Invite,"Apr 17, 2025",100,12.67,(2.5),
Lilly,Wepking,Green & White Invite,"Apr 17, 2025",200,26.40,(3.4),
Lilly,Wepking,Marquette Invitational,"Apr 10-11, 2025",100,12.68,(1.4),
Lilly,Wepking,Marquette Invitational,"Apr 10-11, 2025",200,26.84,(-0.2),
Lilly,Wepking,Marquette Invitational,"Apr 10-11, 2025",4x100,47.28,,
Lilly,Wepking,Ashton May Invitational,"Apr  5, 2025",100,12.63,(2.8),
Lilly,Wepking,Ashton May Invitational,"Apr  5, 2025",200,26.97,(3.1),
Lilly,Wepking,Redbird Challenge,"Mar 28-29, 2025",100,12.75,(2.8),
Lilly,Wepking,Redbird Challenge,"Mar 28-29, 2025",200,DNS,,
Lilly,Wepking,Redbird Challenge,"Mar 28-29, 2025",4x100,49.27,,
Lilly,Wepking,2025 Horizon League Indoor Track & Field Championship,"Mar  1- 2, 2025",60,7.92,,
Lilly,Wepking,2025 Horizon League Indoor Track & Field Championship,"Mar  1- 2, 2025",200,27.32,,
Lilly,Wepking,Panther Tune-up,"Feb 22, 2025",60,7.83,,
Lilly,Wepking,Panther Tune-up,"Feb 22, 2025",60,7.89,,
Lilly,Wepking,Dick Hendricks Invite,"Feb 15, 2025",60,8.10,,
Lilly,Wepking,Dick Hendricks Invite,"Feb 15, 2025",60,8.01,,
Lilly,Wepking,UW-La Crosse Mark Guthrie Legacy Invitational,"Feb  8, 2025",60,8.00,,
Lilly,Wepking,UW-La Crosse Mark Guthrie Legacy Invitational,"Feb  8, 2025",200,27.24,,
Lilly,Wepking,John Tierney Classic,"Jan 25, 2025",60,7.98,,
Lilly,Wepking,John Tierney Classic,"Jan 25, 2025",60,7.95,,
Lilly,Wepking,John Tierney Classic,"Jan 25, 2025",200,27.40,,
Lilly,Wepking,Badgers Midwest Invite,"Jan 11, 2025",60,7.93,,
Lilly,Wepking,Badgers Midwest Invite,"Jan 11, 2025",300,43.42,,
Lilly,Wepking,2024 Blue Demon Holiday Invite,"Dec 13, 2024",60,7.89,,
Lilly,Wepking,2024 Blue Demon Holiday Invite,"Dec 13, 2024",200,26.59,,
Victoria,Evtimov,Joyce Morton-Kief Invite,"Mar 27-28, 2026",100,12.34,(3.4),
Victoria,Evtimov,Joyce Morton-Kief Invite,"Mar 27-28, 2026",200,25.57,(2.1),
Victoria,Evtimov,Joyce Morton-Kief Invite,"Mar 27-28, 2026",400,DNS,,
Victoria,Evtimov,2026 Horizon League Indoor Track & Field Championship,"Feb 28-Mar  1, 2026",200,25.64,,
Victoria,Evtimov,2026 Horizon League Indoor Track & Field Championship,"Feb 28-Mar  1, 2026",4x400,3:48.01,,
Victoria,Evtimov,Panther Tune-up,"Feb 21, 2026",60,DNS,,
Victoria,Evtimov,GVSU Big Meet-Friday,"Feb 13, 2026",200,25.54,,
Victoria,Evtimov,GVSU Big Meet-Friday,"Feb 13, 2026",400,59.54,,
Victoria,Evtimov,Iowa State Classic,"Feb  6, 2026",200,DNS,,
Victoria,Evtimov,Iowa State Classic,"Feb  6, 2026",400,DNS,,
Victoria,Evtimov,2026 Meyo Invitational (Notre Dame Indoor T&F),"Jan 30-31, 2026",200,25.64,,
Victoria,Evtimov,2026 Meyo Invitational (Notre Dame Indoor T&F),"Jan 30-31, 2026",400,59.38,,
Victoria,Evtimov,2026 Meyo Invitational (Notre Dame Indoor T&F),"Jan 30-31, 2026",4x400,3:48.06,,
Victoria,Evtimov,Larry Wieczorek Invitational,"Jan 23-24, 2026",60,7.97,,
Victoria,Evtimov,Larry Wieczorek Invitational,"Jan 23-24, 2026",200,25.45,,
Victoria,Evtimov,Larry Wieczorek Invitational,"Jan 23-24, 2026",4x400,3:48.92,,
Victoria,Evtimov,Tierney Classic,"Jan 18, 2026",60,7.84,,
Victoria,Evtimov,Tierney Classic,"Jan 18, 2026",60,7.89,,
Victoria,Evtimov,Tierney Classic,"Jan 18, 2026",4x400,3:52.42,,
Victoria,Evtimov,Minnesota Open,"Jan 10, 2026",200,25.68,,
Victoria,Evtimov,Minnesota Open,"Jan 10, 2026",400,1:00.25,,
Victoria,Evtimov,2025 Blue Demon Holiday Invite,"Dec 12, 2025",60,7.84,,
Victoria,Evtimov,2025 Blue Demon Holiday Invite,"Dec 12, 2025",60,7.83,,
Victoria,Evtimov,Horizon League Championship,"May  9-11, 2025",100,12.08,(+0.0),
Victoria,Evtimov,Horizon League Championship,"May  9-11, 2025",200,24.93,(0.2),
Victoria,Evtimov,Horizon League Championship,"May  9-11, 2025",4x100,46.21,,
Victoria,Evtimov,Horizon League Championship,"May  9-11, 2025",4x400,3:47.15,,
Victoria,Evtimov,Jim Green Invitational,"May  2- 3, 2025",200,24.75,(-0.7),
Victoria,Evtimov,Jim Green Invitational,"May  2- 3, 2025",400,58.55,,
Victoria,Evtimov,Fighting Illini Twilight,"Apr 26, 2025",200,24.71,(4.6),
Victoria,Evtimov,Fighting Illini Twilight,"Apr 26, 2025",400,DNS,,
Victoria,Evtimov,Fighting Illini Twilight,"Apr 26, 2025",4x100,46.13,,
Victoria,Evtimov,Gibson Invitational,"Apr 17-19, 2025",200,24.84,(0.7),
Victoria,Evtimov,Gibson Invitational,"Apr 17-19, 2025",4x100,46.69,,
Victoria,Evtimov,Green & White Invite,"Apr 17, 2025",400,59.24,,
Victoria,Evtimov,Duke Invitational,"Apr 10-12, 2025",100,12.44,(-0.3),
Victoria,Evtimov,Duke Invitational,"Apr 10-12, 2025",200,25.09,(+0.0),
Victoria,Evtimov,Duke Invitational,"Apr 10-12, 2025",400,57.37,,
Victoria,Evtimov,Ashton May Invitational,"Apr  5, 2025",100,12.18,(2.3),
Victoria,Evtimov,Ashton May Invitational,"Apr  5, 2025",100,12.19,(0.8),
Victoria,Evtimov,Ashton May Invitational,"Apr  5, 2025",200,25.09,(2.3),
Victoria,Evtimov,Redbird Challenge,"Mar 28-29, 2025",100,12.07,(4.5),
Victoria,Evtimov,Redbird Challenge,"Mar 28-29, 2025",100,12.17,(3.2),
Victoria,Evtimov,Redbird Challenge,"Mar 28-29, 2025",200,24.92,(3.5),
Victoria,Evtimov,Redbird Challenge,"Mar 28-29, 2025",400,DNS,,
Victoria,Evtimov,2025 Horizon League Indoor Track & Field Championship,"Mar  1- 2, 2025",200,25.49,,
Victoria,Evtimov,2025 Horizon League Indoor Track & Field Championship,"Mar  1- 2, 2025",4x400,3:53.83,,
Victoria,Evtimov,GVSU Big Meet- Friday,"Feb 14, 2025",200,25.10,,
Victoria,Evtimov,UW-La Crosse Mark Guthrie Legacy Invitational,"Feb  8, 2025",200,25.38,,
Victoria,Evtimov,UW-La Crosse Mark Guthrie Legacy Invitational,"Feb  8, 2025",400,1:00.51,,
Victoria,Evtimov,Meyo Invitational (2025 Notre Dame Indoor Track & Field),"Jan 31-Feb  1, 2025",60,7.87,,
Victoria,Evtimov,Meyo Invitational (2025 Notre Dame Indoor Track & Field),"Jan 31-Feb  1, 2025",200,25.39,,
Victoria,Evtimov,Meyo Invitational (2025 Notre Dame Indoor Track & Field),"Jan 31-Feb  1, 2025",400,59.84,,
Victoria,Evtimov,John Tierney Classic,"Jan 25, 2025",60,7.79,,
Victoria,Evtimov,John Tierney Classic,"Jan 25, 2025",60,7.83,,
Victoria,Evtimov,John Tierney Classic,"Jan 25, 2025",4x400,DNF,,
Victoria,Evtimov,Badgers Midwest Invite,"Jan 11, 2025",60,7.85,,
Victoria,Evtimov,Badgers Midwest Invite,"Jan 11, 2025",300,40.70,,
Victoria,Evtimov,2024 Blue Demon Holiday Invite,"Dec 13, 2024",200,25.15,,
Leah,Handshoe,2026 Horizon League Indoor Track & Field Championship,"Feb 28-Mar  1, 2026",400,57.08,,
Leah,Handshoe,2026 Horizon League Indoor Track & Field Championship,"Feb 28-Mar  1, 2026",4x400,3:48.01,,
Leah,Handshoe,GVSU Big Meet-Friday,"Feb 13, 2026",200,25.56,,
Leah,Handshoe,GVSU Big Meet-Friday,"Feb 13, 2026",400,57.31,,
Leah,Handshoe,Iowa State Classic,"Feb  6, 2026",200,25.71,,
Leah,Handshoe,Iowa State Classic,"Feb  6, 2026",400,56.55,,
Leah,Handshoe,2026 Meyo Invitational (Notre Dame Indoor T&F),"Jan 30-31, 2026",200,DNS,,
Leah,Handshoe,2026 Meyo Invitational (Notre Dame Indoor T&F),"Jan 30-31, 2026",400,56.74,,
Leah,Handshoe,2026 Meyo Invitational (Notre Dame Indoor T&F),"Jan 30-31, 2026",4x400,3:48.06,,
Leah,Handshoe,Larry Wieczorek Invitational,"Jan 23-24, 2026",200,26.16,,
Leah,Handshoe,Larry Wieczorek Invitational,"Jan 23-24, 2026",400,56.98,,
Leah,Handshoe,Larry Wieczorek Invitational,"Jan 23-24, 2026",4x400,3:48.92,,
Leah,Handshoe,Tierney Classic,"Jan 18, 2026",60,8.18,,
Leah,Handshoe,Tierney Classic,"Jan 18, 2026",4x400,3:52.42,,
Leah,Handshoe,Minnesota Open,"Jan 10, 2026",60,8.31,,
Leah,Handshoe,Minnesota Open,"Jan 10, 2026",200,26.31,,
Leah,Handshoe,2025 Blue Demon Holiday Invite,"Dec 12, 2025",400,56.88,,
Leah,Handshoe,Horizon League Championship,"May  9-11, 2025",400H,1:02.36,,
Leah,Handshoe,Horizon League Championship,"May  9-11, 2025",400H,1:02.13,,
Leah,Handshoe,Horizon League Championship,"May  9-11, 2025",4x400,3:47.15,,
Leah,Handshoe,Jim Green Invitational,"May  2- 3, 2025",400,56.82,,
Leah,Handshoe,Jim Green Invitational,"May  2- 3, 2025",400H,1:04.22,,
Leah,Handshoe,Fighting Illini Twilight,"Apr 26, 2025",400H,1:02.61,,
Leah,Handshoe,Gibson Invitational,"Apr 17-19, 2025",400H,1:02.43,,
Leah,Handshoe,Gibson Invitational,"Apr 17-19, 2025",4x400,3:52.52,,
Leah,Handshoe,Green & White Invite,"Apr 17, 2025",400,57.90,,
Leah,Handshoe,Marquette Invitational,"Apr 10-11, 2025",400H,DNS,,
Leah,Handshoe,Marquette Invitational,"Apr 10-11, 2025",4x400,DNS,,
Leah,Handshoe,Ashton May Invitational,"Apr  5, 2025",400H,1:03.40,,
Leah,Handshoe,Redbird Challenge,"Mar 28-29, 2025",400H,1:05.59,,
Leah,Handshoe,Redbird Challenge,"Mar 28-29, 2025",4x400,4:01.92,,
Leah,Handshoe,2025 Horizon League Indoor Track & Field Championship,"Mar  1- 2, 2025",400,58.08,,
Leah,Handshoe,2025 Horizon League Indoor Track & Field Championship,"Mar  1- 2, 2025",400,57.89,,
Leah,Handshoe,2025 Horizon League Indoor Track & Field Championship,"Mar  1- 2, 2025",4x400,3:53.83,,
Leah,Handshoe,Panther Tune-up,"Feb 22, 2025",400,1:00.99,,
Leah,Handshoe,UW-La Crosse Mark Guthrie Legacy Invitational,"Feb  8, 2025",200,26.78,,
Leah,Handshoe,UW-La Crosse Mark Guthrie Legacy Invitational,"Feb  8, 2025",400,58.26,,
Leah,Handshoe,Meyo Invitational (2025 Notre Dame Indoor Track & Field),"Jan 31-Feb  1, 2025",200,25.68,,
Leah,Handshoe,Meyo Invitational (2025 Notre Dame Indoor Track & Field),"Jan 31-Feb  1, 2025",400,57.49,,
Leah,Handshoe,John Tierney Classic,"Jan 25, 2025",4x400,DNF,,
Leah,Handshoe,Badgers Midwest Invite,"Jan 11, 2025",600,1:36.83,,
Leah,Handshoe,2024 Horizon League Outdoor Track & Field Championship,"May  3- 5, 2024",400,57.34,,
Leah,Handshoe,2024 Horizon League Outdoor Track & Field Championship,"May  3- 5, 2024",400,56.54,,
Leah,Handshoe,2024 Horizon League Outdoor Track & Field Championship,"May  3- 5, 2024",400H,1:03.73,,
Leah,Handshoe,2024 Horizon League Outdoor Track & Field Championship,"May  3- 5, 2024",400H,1:04.11,,
Leah,Handshoe,2024 Horizon League Outdoor Track & Field Championship,"May  3- 5, 2024",4x400,3:51.99,,
Leah,Handshoe,Clark Wood Open 2024,"Apr 26-27, 2024",400,57.61,,
Leah,Handshoe,Clark Wood Open 2024,"Apr 26-27, 2024",400H,1:01.51,,
Leah,Handshoe,2024 Bryan Clay Invitational,"Apr 11-13, 2024",400,57.62,,
Leah,Handshoe,2024 Bryan Clay Invitational,"Apr 11-13, 2024",400H,1:04.42,,
Leah,Handshoe,Golden Grizzly T&F Invite,"Apr  6, 2024",400H,1:04.89,,
Leah,Handshoe,Golden Grizzly T&F Invite,"Apr  6, 2024",4x400,4:01.20,,
Leah,Handshoe,Raleigh Relays,"Mar 28-30, 2024",400,57.93,,
Leah,Handshoe,Raleigh Relays,"Mar 28-30, 2024",400H,DNF,,
Leah,Handshoe,Horizon League Indoor Track & Field Championship,"Feb 24-25, 2024",400,56.62,,
Leah,Handshoe,Horizon League Indoor Track & Field Championship,"Feb 24-25, 2024",400,57.36,,
Leah,Handshoe,Horizon League Indoor Track & Field Championship,"Feb 24-25, 2024",4x400,3:55.74,,
Leah,Handshoe,GVSU Big Meet- (Friday),"Feb  9, 2024",400,57.08,,
Leah,Handshoe,GVSU Big Meet- (Friday),"Feb  9, 2024",4x400,3:54.02,,
Leah,Handshoe,Mark Guthrie Legacy Invite,"Feb  3, 2024",200,26.10,,
Leah,Handshoe,Mark Guthrie Legacy Invite,"Feb  3, 2024",400,58.41,,
Leah,Handshoe,Illini Challenge,"Jan 26-27, 2024",400,57.99,,
Leah,Handshoe,Illini Challenge,"Jan 26-27, 2024",4x400,4:05.88,,
Leah,Handshoe,Illini Challenge,"Jan 26-27, 2024",DMR,12:06.95,,
Leah,Handshoe,John Tierney Classic,"Jan 20, 2024",4x400,4:01.76,,
Leah,Handshoe,Badgers Midwest Invite,"Jan 13, 2024",600,1:37.83,,
Leah,Handshoe,2023 Blue Demon Holiday Invite,"Dec  8, 2023",400,57.22,,
Leah,Handshoe,2023 Blue Demon Holiday Invite,"Dec  8, 2023",4x400,3:54.68,,
Leah,Handshoe,Horizon League Championship,"May  5- 7, 2023",400,56.93,,
Leah,Handshoe,Horizon League Championship,"May  5- 7, 2023",400,56.92,,
Leah,Handshoe,Horizon League Championship,"May  5- 7, 2023",400H,1:02.48,,
Leah,Handshoe,Horizon League Championship,"May  5- 7, 2023",400H,1:03.38,,
Leah,Handshoe,Horizon League Championship,"May  5- 7, 2023",4x400,3:53.61,,
Leah,Handshoe,Clark Wood Open 2023,"Apr 28-29, 2023",400,56.61,,
Leah,Handshoe,Clark Wood Open 2023,"Apr 28-29, 2023",400H,1:03.66,,
Leah,Handshoe,Gary Wieneke Memorial,"Apr 21-22, 2023",400H,1:04.37,,
Leah,Handshoe,Gibson Invitational & Multis,"Apr 13-15, 2023",400H,1:03.44,,
Leah,Handshoe,Gibson Invitational & Multis,"Apr 13-15, 2023",4x400,4:00.54,,
Leah,Handshoe,Fighting Illini Challenge,"Apr  8, 2023",400H,1:05.18,,
Leah,Handshoe,Fighting Illini Challenge,"Apr  8, 2023",4x400,4:03.58,,
Leah,Handshoe,2023 Horizon League Indoor Track & Field Championship,"Feb 25-26, 2023",400,58.23,,
Leah,Handshoe,2023 Horizon League Indoor Track & Field Championship,"Feb 25-26, 2023",400,58.55,,
Leah,Handshoe,2023 Horizon League Indoor Track & Field Championship,"Feb 25-26, 2023",4x400,3:54.28,,
Leah,Handshoe,Panther Tune-Up,"Feb 18, 2023",60H,9.41,,
Leah,Handshoe,GVSU Big Meet (Friday),"Feb 10, 2023",400,57.82,,
Leah,Handshoe,GVSU Big Meet (Friday),"Feb 10, 2023",4x400,3:57.79,,
Leah,Handshoe,Mark Guthrie Legacy Invitational,"Feb  4, 2023",400,59.35,,
Leah,Handshoe,Mark Guthrie Legacy Invitational,"Feb  4, 2023",60H,9.36,,
Leah,Handshoe,Mark Guthrie Legacy Invitational,"Feb  4, 2023",60H,9.40,,
Leah,Handshoe,Mark Guthrie Legacy Invitational,"Feb  4, 2023",4x400,4:02.38,,
Leah,Handshoe,Wisconsin Badgers Midwest Invite,"Jan 14, 2023",60H,9.30,,
Leah,Handshoe,Wisconsin Badgers Midwest Invite,"Jan 14, 2023",4x400,3:59.25,,
Leah,Handshoe,2022 Blue Demon Holiday Invite,"Dec  9, 2022",60,8.17,,
Leah,Handshoe,2022 Blue Demon Holiday Invite,"Dec  9, 2022",4x400,3:58.16,,
Ella,Laughbaum,Joyce Morton-Kief Invite,"Mar 27-28, 2026",PV,3.58m,,"11' 9"""
Ella,Laughbaum,2026 Horizon League Indoor Track & Field Championship,"Feb 28-Mar  1, 2026",PV,3.62m,,"11' 10.5"""
Ella,Laughbaum,Panther Tune-up,"Feb 21, 2026",PV,3.43m,,"11' 3"""
Ella,Laughbaum,2026 Blue Demon Alumni Classic,"Feb 13, 2026",PV,3.45m,,"11' 3.75"""
Ella,Laughbaum,UW-La Crosse Mark Guthrie Legacy Invitational,"Feb  7, 2026",PV,3.53m,,"11' 7"""
Ella,Laughbaum,Tierney Classic,"Jan 18, 2026",PV,3.30m,,"10' 10"""
Ella,Laughbaum,Minnesota Open,"Jan 10, 2026",PV,3.41m,,"11' 2.25"""
Ella,Laughbaum,Gibson Invitational,"Apr 17-19, 2025",PV,3.30m,,"10' 10"""
Ella,Laughbaum,Marquette Invitational,"Apr 10-11, 2025",PV,3.36m,,"11' 0.25"""
Ella,Laughbaum,Ashton May Invitational,"Apr  5, 2025",PV,3.36m,,"11' 0.25"""
Ella,Laughbaum,Redbird Challenge,"Mar 28-29, 2025",PV,3.28m,,"10' 9"""
Ella,Laughbaum,John Tierney Classic,"Jan 25, 2025",PV,DNS,,NH
Ella,Laughbaum,2024 Horizon League Outdoor Track & Field Championship,"May  3- 5, 2024",PV,3.40m,,"11' 1.75"""
Ella,Laughbaum,UW-Whitewater Drake Alternative,"Apr 25, 2024",PV,NH,,NH
Ella,Laughbaum,Gibson Invitational,"Apr 18-20, 2024",PV,3.48m,,"11' 5"""
Ella,Laughbaum,Gary Wieneke Memorial,"Apr 13, 2024",PV,3.62m,,"11' 10.5"""
Ella,Laughbaum,Golden Grizzly T&F Invite,"Apr  6, 2024",PV,3.35m,,"10' 11.75"""
Ella,Laughbaum,Redbird Challenge,"Mar 29-30, 2024",PV,NH,,NH
Ella,Laughbaum,Horizon League Indoor Track & Field Championship,"Feb 24-25, 2024",PV,3.52m,,"11' 6.5"""
Ella,Laughbaum,PANTHER TUNE-UP,"Feb 17, 2024",PV,3.45m,,"11' 3.75"""
Ella,Laughbaum,Mark Guthrie Legacy Invite,"Feb  3, 2024",PV,3.42m,,"11' 2.5"""
Ella,Laughbaum,John Tierney Classic,"Jan 20, 2024",PV,3.60m,,"11' 9.75"""
Ella,Laughbaum,Badgers Midwest Invite,"Jan 13, 2024",PV,3.62m,,"11' 10.5"""
Ella,Laughbaum,Illini Open,"Jan  6, 2024",PV,3.67m,,"12' 0.5"""
Ella,Laughbaum,Horizon League Championship,"May  5- 7, 2023",PV,3.73m,,"12' 2.75"""
Ella,Laughbaum,Clark Wood Open 2023,"Apr 28-29, 2023",PV,3.42m,,"11' 2.5"""
Ella,Laughbaum,Gary Wieneke Memorial,"Apr 21-22, 2023",PV,3.51m,,"11' 6.25"""
Ella,Laughbaum,Gibson Invitational & Multis,"Apr 13-15, 2023",PV,3.60m,,"11' 9.75"""
Ella,Laughbaum,Fighting Illini Challenge,"Apr  8, 2023",PV,3.36m,,"11' 0.25"""
Ella,Laughbaum,2023 Horizon League Indoor Track & Field Championship,"Feb 25-26, 2023",PV,3.60m,,"11' 9.75"""
Ella,Laughbaum,Panther Tune-Up,"Feb 18, 2023",PV,3.35m,,"10' 11.75"""
Ella,Laughbaum,Mark Guthrie Legacy Invitational,"Feb  4, 2023",PV,3.56m,,"11' 8"""
Ella,Laughbaum,Jack Johnson Classic,"Jan 27-28, 2023",PV,3.67m,,"12' 0.5"""
Ella,Laughbaum,John Tierney Classic,"Jan 21, 2023",PV,3.45m,,"11' 3.75"""
Ella,Laughbaum,Wisconsin Badgers Midwest Invite,"Jan 14, 2023",PV,3.62m,,"11' 10.5"""
Katie,Burns,Raleigh Relays,"Mar 26-28, 2026",100,12.29,(0.5),
Katie,Burns,Raleigh Relays,"Mar 26-28, 2026",200,24.81,(-0.1),
Katie,Burns,Raleigh Relays,"Mar 26-28, 2026",400,56.22,,
Katie,Burns,2026 Horizon League Indoor Track & Field Championship,"Feb 28-Mar  1, 2026",200,24.87,,
Katie,Burns,2026 Horizon League Indoor Track & Field Championship,"Feb 28-Mar  1, 2026",200,24.95,,
Katie,Burns,2026 Horizon League Indoor Track & Field Championship,"Feb 28-Mar  1, 2026",400,56.11,,
Katie,Burns,2026 Horizon League Indoor Track & Field Championship,"Feb 28-Mar  1, 2026",400,55.92,,
Katie,Burns,2026 Horizon League Indoor Track & Field Championship,"Feb 28-Mar  1, 2026",4x400,3:48.01,,
Katie,Burns,Panther Tune-up,"Feb 21, 2026",60,DNS,,
Katie,Burns,Panther Tune-up,"Feb 21, 2026",200,DNS,,
Katie,Burns,GVSU Big Meet-Friday,"Feb 13, 2026",200,25.08,,
Katie,Burns,Iowa State Classic,"Feb  6, 2026",60,7.77,,
Katie,Burns,Iowa State Classic,"Feb  6, 2026",60,7.82,,
Katie,Burns,Iowa State Classic,"Feb  6, 2026",200,24.91,,
Katie,Burns,Iowa State Classic,"Feb  6, 2026",400,55.62,,
Katie,Burns,2026 Meyo Invitational (Notre Dame Indoor T&F),"Jan 30-31, 2026",200,24.87,,
Katie,Burns,2026 Meyo Invitational (Notre Dame Indoor T&F),"Jan 30-31, 2026",400,56.04,,
Katie,Burns,2026 Meyo Invitational (Notre Dame Indoor T&F),"Jan 30-31, 2026",4x400,3:48.06,,
Katie,Burns,Larry Wieczorek Invitational,"Jan 23-24, 2026",200,25.27,,
Katie,Burns,Larry Wieczorek Invitational,"Jan 23-24, 2026",400,56.44,,
Katie,Burns,Larry Wieczorek Invitational,"Jan 23-24, 2026",4x400,3:48.92,,
Katie,Burns,Tierney Classic,"Jan 18, 2026",60,7.84,,
Katie,Burns,Tierney Classic,"Jan 18, 2026",60,7.82,,
Katie,Burns,Tierney Classic,"Jan 18, 2026",4x400,3:52.42,,
Katie,Burns,Minnesota Open,"Jan 10, 2026",60,7.90,,
Katie,Burns,Minnesota Open,"Jan 10, 2026",60,7.90,,
Katie,Burns,Minnesota Open,"Jan 10, 2026",200,25.58,,
Katie,Burns,2025 Blue Demon Holiday Invite,"Dec 12, 2025",400,56.91,,
Katie,Burns,Horizon League Championship,"May  9-11, 2025",200,24.69,(2.2),
Katie,Burns,Horizon League Championship,"May  9-11, 2025",200,24.83,(1.7),
Katie,Burns,Horizon League Championship,"May  9-11, 2025",400,55.53,,
Katie,Burns,Horizon League Championship,"May  9-11, 2025",400,55.84,,
Katie,Burns,Horizon League Championship,"May  9-11, 2025",4x100,46.21,,
Katie,Burns,Horizon League Championship,"May  9-11, 2025",4x400,3:47.15,,
Katie,Burns,Fighting Illini Twilight,"Apr 26, 2025",200,24.15,(4.6),
Katie,Burns,Fighting Illini Twilight,"Apr 26, 2025",400,54.72,,
Katie,Burns,Fighting Illini Twilight,"Apr 26, 2025",4x100,46.13,,
Katie,Burns,Gibson Invitational,"Apr 17-19, 2025",400,55.87,,
Katie,Burns,Gibson Invitational,"Apr 17-19, 2025",4x100,46.69,,
Katie,Burns,Gibson Invitational,"Apr 17-19, 2025",4x400,3:52.52,,
Katie,Burns,Duke Invitational,"Apr 10-12, 2025",100,12.37,(0.2),
Katie,Burns,Duke Invitational,"Apr 10-12, 2025",200,25.19,(-0.2),
Katie,Burns,Duke Invitational,"Apr 10-12, 2025",400,56.16,,
Katie,Burns,Ashton May Invitational,"Apr  5, 2025",100,12.10,(2.0),
Katie,Burns,Ashton May Invitational,"Apr  5, 2025",100,12.15,(0.8),
Katie,Burns,Ashton May Invitational,"Apr  5, 2025",200,24.79,(2.3),
Katie,Burns,Raleigh Relays,"Mar 27-29, 2025",200,25.04,(0.2),
Katie,Burns,Raleigh Relays,"Mar 27-29, 2025",400,56.35,,
Katie,Burns,2025 Horizon League Indoor Track & Field Championship,"Mar  1- 2, 2025",400,57.66,,
Katie,Burns,2025 Horizon League Indoor Track & Field Championship,"Mar  1- 2, 2025",400,57.35,,
Katie,Burns,2025 Horizon League Indoor Track & Field Championship,"Mar  1- 2, 2025",4x400,3:53.83,,
Katie,Burns,GVSU Big Meet- Friday,"Feb 14, 2025",400,56.06,,
Katie,Burns,GVSU Big Meet- Friday,"Feb 14, 2025",4x400,DQ,,
Katie,Burns,UW-La Crosse Mark Guthrie Legacy Invitational,"Feb  8, 2025",200,25.84,,
Katie,Burns,UW-La Crosse Mark Guthrie Legacy Invitational,"Feb  8, 2025",400,58.30,,
Katie,Burns,Meyo Invitational (2025 Notre Dame Indoor Track & Field),"Jan 31-Feb  1, 2025",60,7.82,,
Katie,Burns,Meyo Invitational (2025 Notre Dame Indoor Track & Field),"Jan 31-Feb  1, 2025",200,25.35,,
Katie,Burns,Meyo Invitational (2025 Notre Dame Indoor Track & Field),"Jan 31-Feb  1, 2025",400,57.23,,
Katie,Burns,John Tierney Classic,"Jan 25, 2025",60,7.76,,
Katie,Burns,John Tierney Classic,"Jan 25, 2025",60,7.77,,
Katie,Burns,John Tierney Classic,"Jan 25, 2025",4x400,DNF,,
Katie,Burns,Badgers Midwest Invite,"Jan 11, 2025",60,7.89,,
Katie,Burns,Badgers Midwest Invite,"Jan 11, 2025",300,40.53,,
Katie,Burns,2024 Blue Demon Holiday Invite,"Dec 13, 2024",400,58.03,,
Katie,Burns,2024 Horizon League Outdoor Track & Field Championship,"May  3- 5, 2024",400,56.48,,
Katie,Burns,2024 Horizon League Outdoor Track & Field Championship,"May  3- 5, 2024",400,56.21,,
Katie,Burns,2024 Horizon League Outdoor Track & Field Championship,"May  3- 5, 2024",4x400,3:51.99,,
Katie,Burns,Clark Wood Open 2024,"Apr 26-27, 2024",200,25.25,(1.1),
Katie,Burns,Clark Wood Open 2024,"Apr 26-27, 2024",400,56.44,,
Katie,Burns,Gibson Invitational,"Apr 18-20, 2024",200,25.12,(+0.0),
Katie,Burns,Gibson Invitational,"Apr 18-20, 2024",400,57.53,,
Katie,Burns,Gibson Invitational,"Apr 18-20, 2024",4x400,4:07.62,,
Katie,Burns,Gary Wieneke Memorial,"Apr 13, 2024",200,25.17,(1.8),
Katie,Burns,Gary Wieneke Memorial,"Apr 13, 2024",400,57.08,,
Katie,Burns,Golden Grizzly T&F Invite,"Apr  6, 2024",200,25.23,(1.3),
Katie,Burns,Golden Grizzly T&F Invite,"Apr  6, 2024",400,57.90,,
Katie,Burns,Golden Grizzly T&F Invite,"Apr  6, 2024",4x400,4:01.20,,
Katie,Burns,Raleigh Relays,"Mar 28-30, 2024",200,25.68,(-2.5),
Katie,Burns,Raleigh Relays,"Mar 28-30, 2024",400,58.03,,
Katie,Burns,Horizon League Indoor Track & Field Championship,"Feb 24-25, 2024",400,56.66,,
Katie,Burns,Horizon League Indoor Track & Field Championship,"Feb 24-25, 2024",400,57.20,,
Katie,Burns,Horizon League Indoor Track & Field Championship,"Feb 24-25, 2024",4x400,3:55.74,,
Katie,Burns,GVSU Big Meet- (Friday),"Feb  9, 2024",400,57.29,,
Katie,Burns,GVSU Big Meet- (Friday),"Feb  9, 2024",4x400,3:54.02,,
Katie,Burns,Mark Guthrie Legacy Invite,"Feb  3, 2024",200,26.10,,
Katie,Burns,Mark Guthrie Legacy Invite,"Feb  3, 2024",400,58.83,,
Katie,Burns,Illini Challenge,"Jan 26-27, 2024",200,26.38,,
Katie,Burns,Illini Challenge,"Jan 26-27, 2024",400,58.62,,
Katie,Burns,Illini Challenge,"Jan 26-27, 2024",4x400,4:05.88,,
Katie,Burns,John Tierney Classic,"Jan 20, 2024",200,26.17,,
Katie,Burns,John Tierney Classic,"Jan 20, 2024",4x400,4:01.76,,
Katie,Burns,Badgers Midwest Invite,"Jan 13, 2024",60,8.02,,
Katie,Burns,Badgers Midwest Invite,"Jan 13, 2024",300,40.75,,
Katie,Burns,2023 Blue Demon Holiday Invite,"Dec  8, 2023",400,57.79,,
Katie,Burns,2023 Blue Demon Holiday Invite,"Dec  8, 2023",4x400,3:54.68,,
Katie,Burns,Horizon League Championship,"May  5- 7, 2023",400,58.40,,
Katie,Burns,Horizon League Championship,"May  5- 7, 2023",4x400,3:53.61,,
Katie,Burns,Clark Wood Open 2023,"Apr 28-29, 2023",400,58.37,,
Katie,Burns,Marquette Invitational,"Apr 22, 2023",200,25.92,(-0.4),
Katie,Burns,Marquette Invitational,"Apr 22, 2023",400,58.34,,
Katie,Burns,Gibson Invitational & Multis,"Apr 13-15, 2023",400,59.19,,
Katie,Burns,Gibson Invitational & Multis,"Apr 13-15, 2023",4x400,4:00.54,,
Katie,Burns,Fighting Illini Challenge,"Apr  8, 2023",400,59.29,,
Katie,Burns,Fighting Illini Challenge,"Apr  8, 2023",4x400,4:03.58,,
Katie,Burns,GVSU Big Meet (Friday),"Feb 10, 2023",400,59.07,,
Katie,Burns,GVSU Big Meet (Friday),"Feb 10, 2023",4x400,3:57.79,,
Katie,Burns,Mark Guthrie Legacy Invitational,"Feb  4, 2023",400,1:00.02,,
Katie,Burns,Mark Guthrie Legacy Invitational,"Feb  4, 2023",4x400,4:02.38,,
Katie,Burns,John Tierney Classic,"Jan 21, 2023",400,1:00.63,,
Katie,Burns,Wisconsin Badgers Midwest Invite,"Jan 14, 2023",60,8.12,,
Katie,Burns,Wisconsin Badgers Midwest Invite,"Jan 14, 2023",4x400,3:59.25,,
Katie,Burns,2022 Blue Demon Holiday Invite,"Dec  9, 2022",400,1:00.11,,
Katie,Burns,2022 Blue Demon Holiday Invite,"Dec  9, 2022",4x400,3:58.16,,
Kalea,Weyenberg,Horizon League Championship,"May  9-11, 2025",200,25.38,(0.2),
Kalea,Weyenberg,Badger Challenge,"May  2, 2025",200,25.36,(0.4),
Kalea,Weyenberg,Fighting Illini Twilight,"Apr 26, 2025",200,25.06,(4.6),
Kalea,Weyenberg,Gibson Invitational,"Apr 17-19, 2025",200,25.19,(1.2),
Kalea,Weyenberg,Gibson Invitational,"Apr 17-19, 2025",4x100,46.69,,
Kalea,Weyenberg,Marquette Invitational,"Apr 10-11, 2025",200,25.60,(-0.2),
Kalea,Weyenberg,Marquette Invitational,"Apr 10-11, 2025",4x100,47.28,,
Kalea,Weyenberg,Ashton May Invitational,"Apr  5, 2025",100,12.44,(2.0),
Kalea,Weyenberg,Ashton May Invitational,"Apr  5, 2025",200,25.36,(2.3),
Kalea,Weyenberg,Redbird Challenge,"Mar 28-29, 2025",200,25.21,(3.1),
Kalea,Weyenberg,Redbird Challenge,"Mar 28-29, 2025",4x100,49.27,,
Kalea,Weyenberg,2025 Horizon League Indoor Track & Field Championship,"Mar  1- 2, 2025",200,25.87,,
Kalea,Weyenberg,Panther Tune-up,"Feb 22, 2025",200,25.96,,
Kalea,Weyenberg,UW-La Crosse Mark Guthrie Legacy Invitational,"Feb  8, 2025",200,26.31,,
Kalea,Weyenberg,John Tierney Classic,"Jan 25, 2025",200,26.32,,
Kalea,Weyenberg,Badgers Midwest Invite,"Jan 11, 2025",300,43.14,,
Kalea,Weyenberg,2024 Blue Demon Holiday Invite,"Dec 13, 2024",200,26.11,,
Kalea,Weyenberg,Clark Wood Open 2024,"Apr 26-27, 2024",100,12.39,(2.3),
Kalea,Weyenberg,Green & White Invite,"Apr 20, 2024",100,12.56,(-0.1),
Kalea,Weyenberg,Green & White Invite,"Apr 20, 2024",100,12.72,(0.9),
Kalea,Weyenberg,Green & White Invite,"Apr 20, 2024",200,25.69,(0.8),
Kalea,Weyenberg,Marquette Invitational,"Apr 12, 2024",200,25.97,(1.7),
Kalea,Weyenberg,Marquette Invitational,"Apr 12, 2024",4x100,48.91,,
Kalea,Weyenberg,Redbird Challenge,"Mar 29-30, 2024",100,DNS,,
Kalea,Weyenberg,Redbird Challenge,"Mar 29-30, 2024",200,26.57,(2.9),
Kalea,Weyenberg,PANTHER TUNE-UP,"Feb 17, 2024",60,8.07,,
Kalea,Weyenberg,PANTHER TUNE-UP,"Feb 17, 2024",60,8.17,,
Kalea,Weyenberg,PANTHER TUNE-UP,"Feb 17, 2024",200,26.26,,
Kalea,Weyenberg,Mark Guthrie Legacy Invite,"Feb  3, 2024",60,8.06,,
Kalea,Weyenberg,Mark Guthrie Legacy Invite,"Feb  3, 2024",200,26.49,,
Kalea,Weyenberg,John Tierney Classic,"Jan 20, 2024",60,8.26,,
Kalea,Weyenberg,John Tierney Classic,"Jan 20, 2024",60,8.22,,
Kalea,Weyenberg,John Tierney Classic,"Jan 21, 2023",60,8.14,,
Kalea,Weyenberg,John Tierney Classic,"Jan 21, 2023",60,8.19,,
Kalea,Weyenberg,John Tierney Classic,"Jan 21, 2023",200,26.59,,
Kalea,Weyenberg,Wisconsin Badgers Midwest Invite,"Jan 14, 2023",60,8.23,,
Isabel,Roloff,Joyce Morton-Kief Invite,"Mar 27-28, 2026",100,12.20,(3.4),
Isabel,Roloff,Joyce Morton-Kief Invite,"Mar 27-28, 2026",PV,3.58m,,"11' 9"""
Isabel,Roloff,2026 Horizon League Indoor Track & Field Championship,"Feb 28-Mar  1, 2026",60,7.84,,
Isabel,Roloff,2026 Horizon League Indoor Track & Field Championship,"Feb 28-Mar  1, 2026",PV,3.47m,,"11' 4.5"""
Isabel,Roloff,Panther Tune-up,"Feb 21, 2026",60,7.75,,
Isabel,Roloff,Panther Tune-up,"Feb 21, 2026",60,7.71,,
Isabel,Roloff,Panther Tune-up,"Feb 21, 2026",PV,3.58m,,"11' 9"""
Isabel,Roloff,GVSU Big Meet-Friday,"Feb 13, 2026",60,7.71,,
Isabel,Roloff,GVSU Big Meet-Friday,"Feb 13, 2026",200,26.21,,
Isabel,Roloff,UW-La Crosse Mark Guthrie Legacy Invitational,"Feb  7, 2026",60,7.81,,
Isabel,Roloff,UW-La Crosse Mark Guthrie Legacy Invitational,"Feb  7, 2026",60,7.88,,
Isabel,Roloff,UW-La Crosse Mark Guthrie Legacy Invitational,"Feb  7, 2026",PV,3.38m,,"11' 1"""
Isabel,Roloff,2026 Meyo Invitational (Notre Dame Indoor T&F),"Jan 30-31, 2026",60,7.91,,
Isabel,Roloff,2026 Meyo Invitational (Notre Dame Indoor T&F),"Jan 30-31, 2026",PV,3.53m,,"11' 7"""
Isabel,Roloff,Larry Wieczorek Invitational,"Jan 23-24, 2026",60,7.86,,
Isabel,Roloff,Larry Wieczorek Invitational,"Jan 23-24, 2026",200,26.39,,
Isabel,Roloff,Larry Wieczorek Invitational,"Jan 23-24, 2026",PV,3.45m,,"11' 3.75"""
Isabel,Roloff,Tierney Classic,"Jan 18, 2026",60,7.76,,
Isabel,Roloff,Tierney Classic,"Jan 18, 2026",60,7.76,,
Isabel,Roloff,Tierney Classic,"Jan 18, 2026",PV,3.30m,,"10' 10"""
Isabel,Roloff,Minnesota Open,"Jan 10, 2026",60,7.94,,
Isabel,Roloff,Minnesota Open,"Jan 10, 2026",60,7.91,,
Isabel,Roloff,Minnesota Open,"Jan 10, 2026",200,27.27,,
Isabel,Roloff,Minnesota Open,"Jan 10, 2026",PV,3.41m,,"11' 2.25"""
Isabel,Roloff,2025 Blue Demon Holiday Invite,"Dec 12, 2025",60,7.84,,
Isabel,Roloff,2025 Blue Demon Holiday Invite,"Dec 12, 2025",60,7.87,,
Isabel,Roloff,2025 Blue Demon Holiday Invite,"Dec 12, 2025",200,26.83,,
Isabel,Roloff,Horizon League Championship,"May  9-11, 2025",100,12.23,(1.7),
Isabel,Roloff,Horizon League Championship,"May  9-11, 2025",4x100,46.21,,
Isabel,Roloff,Horizon League Championship,"May  9-11, 2025",PV,NH,,
Isabel,Roloff,Badger Challenge,"May  2, 2025",100,12.28,(-0.2),
Isabel,Roloff,Badger Challenge,"May  2, 2025",200,26.63,(1.2),
Isabel,Roloff,Fighting Illini Twilight,"Apr 26, 2025",100,12.23,(0.9),
Isabel,Roloff,Fighting Illini Twilight,"Apr 26, 2025",4x100,46.13,,
Isabel,Roloff,Gibson Invitational,"Apr 17-19, 2025",100,12.39,(1.4),
Isabel,Roloff,Gibson Invitational,"Apr 17-19, 2025",4x100,46.69,,
Isabel,Roloff,Green & White Invite,"Apr 17, 2025",200,25.70,(3.4),
Isabel,Roloff,Marquette Invitational,"Apr 10-11, 2025",100,12.25,(1.4),
Isabel,Roloff,Marquette Invitational,"Apr 10-11, 2025",200,26.55,(-0.2),
Isabel,Roloff,Marquette Invitational,"Apr 10-11, 2025",4x100,47.28,,
Isabel,Roloff,Marquette Invitational,"Apr 10-11, 2025",PV,3.36m,,"11' 0.25"""
Isabel,Roloff,Ashton May Invitational,"Apr  5, 2025",100,12.31,(2.8),
Isabel,Roloff,Ashton May Invitational,"Apr  5, 2025",100,12.37,(0.8),
Isabel,Roloff,Ashton May Invitational,"Apr  5, 2025",PV,3.36m,,"11' 0.25"""
Isabel,Roloff,Redbird Challenge,"Mar 28-29, 2025",100,12.29,(4.5),
Isabel,Roloff,Redbird Challenge,"Mar 28-29, 2025",4x100,49.27,,
Isabel,Roloff,2025 Horizon League Indoor Track & Field Championship,"Mar  1- 2, 2025",60,7.82,,
Isabel,Roloff,2025 Horizon League Indoor Track & Field Championship,"Mar  1- 2, 2025",PV,3.56m,,"11' 8"""
Isabel,Roloff,Panther Tune-up,"Feb 22, 2025",PV,3.50m,,"11' 5.75"""
Isabel,Roloff,GVSU Big Meet- Friday,"Feb 14, 2025",60,7.73,,
Isabel,Roloff,GVSU Big Meet- Friday,"Feb 14, 2025",200,26.03,,
Isabel,Roloff,UW-La Crosse Mark Guthrie Legacy Invitational,"Feb  8, 2025",60,7.80,,
Isabel,Roloff,UW-La Crosse Mark Guthrie Legacy Invitational,"Feb  8, 2025",200,26.38,,
Isabel,Roloff,UW-La Crosse Mark Guthrie Legacy Invitational,"Feb  8, 2025",PV,3.64m,,"11' 11.25"""
Isabel,Roloff,Meyo Invitational (2025 Notre Dame Indoor Track & Field),"Jan 31-Feb  1, 2025",60,7.84,,
Isabel,Roloff,Meyo Invitational (2025 Notre Dame Indoor Track & Field),"Jan 31-Feb  1, 2025",60,7.77,,
Isabel,Roloff,Meyo Invitational (2025 Notre Dame Indoor Track & Field),"Jan 31-Feb  1, 2025",200,26.06,,
Isabel,Roloff,Meyo Invitational (2025 Notre Dame Indoor Track & Field),"Jan 31-Feb  1, 2025",PV,3.46m,,"11' 4.25"""
Isabel,Roloff,John Tierney Classic,"Jan 25, 2025",60,7.79,,
Isabel,Roloff,John Tierney Classic,"Jan 25, 2025",60,7.78,,
Isabel,Roloff,John Tierney Classic,"Jan 25, 2025",200,26.25,,
Isabel,Roloff,John Tierney Classic,"Jan 25, 2025",PV,3.45m,,"11' 3.75"""
Isabel,Roloff,Badgers Midwest Invite,"Jan 11, 2025",60,7.86,,
Isabel,Roloff,Badgers Midwest Invite,"Jan 11, 2025",PV,3.55m,,"11' 7.75"""
Isabel,Roloff,2024 Blue Demon Holiday Invite,"Dec 13, 2024",60,7.83,,
Isabel,Roloff,2024 Blue Demon Holiday Invite,"Dec 13, 2024",200,26.44,,
Isabel,Roloff,2024 Horizon League Outdoor Track & Field Championship,"May  3- 5, 2024",100,12.18,(1.6),
Isabel,Roloff,2024 Horizon League Outdoor Track & Field Championship,"May  3- 5, 2024",100,12.16,(0.2),
Isabel,Roloff,2024 Horizon League Outdoor Track & Field Championship,"May  3- 5, 2024",4x100,46.72,,
Isabel,Roloff,2024 Horizon League Outdoor Track & Field Championship,"May  3- 5, 2024",PV,3.65m,,"11' 11.75"""
Isabel,Roloff,UW-Whitewater Drake Alternative,"Apr 25, 2024",100,12.20,(2.4),
Isabel,Roloff,UW-Whitewater Drake Alternative,"Apr 25, 2024",PV,3.56m,,"11' 8"""
Isabel,Roloff,Gibson Invitational,"Apr 18-20, 2024",100,12.26,(1.4),
Isabel,Roloff,Gibson Invitational,"Apr 18-20, 2024",4x100,48.05,,
Isabel,Roloff,Gibson Invitational,"Apr 18-20, 2024",PV,3.48m,,"11' 5"""
Isabel,Roloff,Gary Wieneke Memorial,"Apr 13, 2024",100,12.13,(3.1),
Isabel,Roloff,Gary Wieneke Memorial,"Apr 13, 2024",PV,3.62m,,"11' 10.5"""
Isabel,Roloff,Golden Grizzly T&F Invite,"Apr  6, 2024",100,12.42,(1.4),
Isabel,Roloff,Golden Grizzly T&F Invite,"Apr  6, 2024",100,12.28,(3.5),
Isabel,Roloff,Golden Grizzly T&F Invite,"Apr  6, 2024",4x100,47.52,,
Isabel,Roloff,Golden Grizzly T&F Invite,"Apr  6, 2024",PV,3.50m,,"11' 5.75"""
Isabel,Roloff,Redbird Challenge,"Mar 29-30, 2024",100,12.20,(2.1),
Isabel,Roloff,Redbird Challenge,"Mar 29-30, 2024",100,12.30,(1.1),
Isabel,Roloff,Redbird Challenge,"Mar 29-30, 2024",PV,3.53m,,"11' 7"""
Isabel,Roloff,Horizon League Indoor Track & Field Championship,"Feb 24-25, 2024",60,7.72,,
Isabel,Roloff,Horizon League Indoor Track & Field Championship,"Feb 24-25, 2024",PV,3.67m,,"12' 0.5"""
Isabel,Roloff,PANTHER TUNE-UP,"Feb 17, 2024",PV,3.45m,,"11' 3.75"""
Isabel,Roloff,GVSU Big Meet- (Friday),"Feb  9, 2024",60,7.72,,
Isabel,Roloff,GVSU Big Meet- (Friday),"Feb  9, 2024",200,26.17,,
Isabel,Roloff,Mark Guthrie Legacy Invite,"Feb  3, 2024",60,7.74,,
Isabel,Roloff,Mark Guthrie Legacy Invite,"Feb  3, 2024",60,7.76,,
Isabel,Roloff,Mark Guthrie Legacy Invite,"Feb  3, 2024",PV,3.72m,,"12' 2.5"""
Isabel,Roloff,Illini Challenge,"Jan 26-27, 2024",60,7.90,,
Isabel,Roloff,Illini Challenge,"Jan 26-27, 2024",200,27.13,,
Isabel,Roloff,Illini Challenge,"Jan 26-27, 2024",PV,3.62m,,"11' 10.5"""
Isabel,Roloff,John Tierney Classic,"Jan 20, 2024",60,7.93,,
Isabel,Roloff,John Tierney Classic,"Jan 20, 2024",60,7.92,,
Isabel,Roloff,John Tierney Classic,"Jan 20, 2024",200,27.47,,
Isabel,Roloff,John Tierney Classic,"Jan 20, 2024",PV,3.45m,,"11' 3.75"""
Isabel,Roloff,Badgers Midwest Invite,"Jan 13, 2024",60,7.96,,
Isabel,Roloff,Badgers Midwest Invite,"Jan 13, 2024",PV,3.47m,,"11' 4.5"""
Isabel,Roloff,Illini Open,"Jan  6, 2024",60,7.99,,
Isabel,Roloff,Illini Open,"Jan  6, 2024",PV,3.67m,,"12' 0.5"""
Isabel,Roloff,Horizon League Championship,"May  5- 7, 2023",100,12.36,(-0.1),
Isabel,Roloff,Horizon League Championship,"May  5- 7, 2023",4x100,46.72,,
Isabel,Roloff,Horizon League Championship,"May  5- 7, 2023",PV,3.63m,,"11' 10.75"""
Isabel,Roloff,Clark Wood Open 2023,"Apr 28-29, 2023",200,26.72,(-0.7),
Isabel,Roloff,Clark Wood Open 2023,"Apr 28-29, 2023",PV,3.42m,,"11' 2.5"""
Isabel,Roloff,Gary Wieneke Memorial,"Apr 21-22, 2023",200,26.91,(-0.2),
Isabel,Roloff,Gary Wieneke Memorial,"Apr 21-22, 2023",PV,NH,,NH
Isabel,Roloff,Gibson Invitational & Multis,"Apr 13-15, 2023",100,12.32,(1.6),
Isabel,Roloff,Gibson Invitational & Multis,"Apr 13-15, 2023",200,26.17,(3.3),
Isabel,Roloff,Gibson Invitational & Multis,"Apr 13-15, 2023",PV,3.30m,,"10' 10"""
Isabel,Roloff,Fighting Illini Challenge,"Apr  8, 2023",100,12.41,(0.1),
Isabel,Roloff,Fighting Illini Challenge,"Apr  8, 2023",4x100,47.47,,
Isabel,Roloff,Fighting Illini Challenge,"Apr  8, 2023",PV,3.66m,,"12' 0"""
Isabel,Roloff,2023 Horizon League Indoor Track & Field Championship,"Feb 25-26, 2023",60,7.87,,
Isabel,Roloff,2023 Horizon League Indoor Track & Field Championship,"Feb 25-26, 2023",PV,3.60m,,"11' 9.75"""
Isabel,Roloff,Panther Tune-Up,"Feb 18, 2023",PV,3.65m,,"11' 11.75"""
Isabel,Roloff,GVSU Big Meet (Friday),"Feb 10, 2023",60,7.80,,
Isabel,Roloff,GVSU Big Meet (Friday),"Feb 10, 2023",200,26.07,,
Isabel,Roloff,Mark Guthrie Legacy Invitational,"Feb  4, 2023",200,27.31,,
Isabel,Roloff,Mark Guthrie Legacy Invitational,"Feb  4, 2023",PV,3.56m,,"11' 8"""
Isabel,Roloff,Jack Johnson Classic,"Jan 27-28, 2023",60,7.84,,
Isabel,Roloff,Jack Johnson Classic,"Jan 27-28, 2023",60,7.86,,
Isabel,Roloff,Jack Johnson Classic,"Jan 27-28, 2023",200,26.94,,
Isabel,Roloff,Jack Johnson Classic,"Jan 27-28, 2023",PV,3.52m,,"11' 6.5"""
Isabel,Roloff,John Tierney Classic,"Jan 21, 2023",60,7.82,,
Isabel,Roloff,John Tierney Classic,"Jan 21, 2023",60,7.81,,
Isabel,Roloff,John Tierney Classic,"Jan 21, 2023",200,27.37,,
Isabel,Roloff,John Tierney Classic,"Jan 21, 2023",PV,3.30m,,"10' 10"""
Isabel,Roloff,Wisconsin Badgers Midwest Invite,"Jan 14, 2023",60,7.85,,
Isabel,Roloff,Wisconsin Badgers Midwest Invite,"Jan 14, 2023",PV,NH,,NH
Isabel,Roloff,2022 Blue Demon Holiday Invite,"Dec  9, 2022",60,7.86,,
Isabel,Roloff,2022 Blue Demon Holiday Invite,"Dec  9, 2022",200,26.58,,
Olivia,VanZeeland,Raleigh Relays,"Mar 26-28, 2026",HJ,1.62m,,"5' 3.75"""
Olivia,VanZeeland,2026 Horizon League Indoor Track & Field Championship,"Feb 28-Mar  1, 2026",HJ,1.73m,,"5' 8"""
Olivia,VanZeeland,Panther Tune-up,"Feb 21, 2026",HJ,1.70m,,"5' 7"""
Olivia,VanZeeland,Iowa State Classic,"Feb  6, 2026",HJ,1.68m,,"5' 6"""
Olivia,VanZeeland,2026 Meyo Invitational (Notre Dame Indoor T&F),"Jan 30-31, 2026",HJ,1.72m,,"5' 7.75"""
Olivia,VanZeeland,Larry Wieczorek Invitational,"Jan 23-24, 2026",HJ,1.71m,,"5' 7.25"""
Olivia,VanZeeland,Tierney Classic,"Jan 18, 2026",HJ,1.68m,,"5' 6"""
Olivia,VanZeeland,Minnesota Open,"Jan 10, 2026",HJ,1.73m,,"5' 8"""
Olivia,VanZeeland,2025 Blue Demon Holiday Invite,"Dec 12, 2025",HJ,1.72m,,"5' 7.75"""
Olivia,VanZeeland,NCAA Division I West First Round,"May 28-31, 2025",HJ,NH,,NH
Olivia,VanZeeland,Horizon League Championship,"May  9-11, 2025",HJ,1.75m,,"5' 8.75"""
Olivia,VanZeeland,Badger Challenge,"May  2, 2025",HJ,1.73m,,"5' 8"""
Olivia,VanZeeland,Gibson Invitational,"Apr 17-19, 2025",HJ,1.80m,,"5' 10.75"""
Olivia,VanZeeland,Duke Invitational,"Apr 10-12, 2025",HJ,1.66m,,"5' 5.25"""
Olivia,VanZeeland,Raleigh Relays,"Mar 27-29, 2025",HJ,1.70m,,"5' 7"""
Olivia,VanZeeland,2025 Horizon League Indoor Track & Field Championship,"Mar  1- 2, 2025",HJ,1.75m,,"5' 8.75"""
Olivia,VanZeeland,Panther Tune-up,"Feb 22, 2025",HJ,1.68m,,"5' 6"""
Olivia,VanZeeland,UW-La Crosse Mark Guthrie Legacy Invitational,"Feb  8, 2025",HJ,1.65m,,"5' 5"""
Olivia,VanZeeland,Meyo Invitational (2025 Notre Dame Indoor Track & Field),"Jan 31-Feb  1, 2025",HJ,1.61m,,"5' 3.25"""
Olivia,VanZeeland,John Tierney Classic,"Jan 25, 2025",HJ,1.60m,,"5' 3"""
Olivia,VanZeeland,Badgers Midwest Invite,"Jan 11, 2025",HJ,1.70m,,"5' 7"""
Olivia,VanZeeland,2024 Blue Demon Holiday Invite,"Dec 13, 2024",HJ,1.69m,,"5' 6.5"""
Olivia,VanZeeland,2024 Horizon League Outdoor Track & Field Championship,"May  3- 5, 2024",HJ,1.63m,,"5' 4.25"""
Olivia,VanZeeland,Gibson Invitational,"Apr 18-20, 2024",HJ,1.57m,,"5' 1.75"""
Olivia,VanZeeland,Horizon League Indoor Track & Field Championship,"Feb 24-25, 2024",HJ,1.66m,,"5' 5.25"""
Olivia,VanZeeland,Mark Guthrie Legacy Invite,"Feb  3, 2024",HJ,1.68m,,"5' 6"""
Olivia,VanZeeland,Illini Challenge,"Jan 26-27, 2024",HJ,1.65m,,"5' 5"""
Olivia,VanZeeland,John Tierney Classic,"Jan 20, 2024",HJ,1.65m,,"5' 5"""
Olivia,VanZeeland,Badgers Midwest Invite,"Jan 13, 2024",HJ,1.66m,,"5' 5.25"""
Olivia,VanZeeland,Illini Open,"Jan  6, 2024",HJ,1.65m,,"5' 5"""
Olivia,VanZeeland,2023 Blue Demon Holiday Invite,"Dec  8, 2023",HJ,1.68m,,"5' 6"""
Olivia,VanZeeland,Horizon League Championship,"May  5- 7, 2023",HJ,1.68m,,"5' 6"""
Olivia,VanZeeland,Clark Wood Open 2023,"Apr 28-29, 2023",HJ,1.65m,,"5' 5"""
Olivia,VanZeeland,Marquette Invitational,"Apr 22, 2023",HJ,1.60m,,"5' 3"""
Olivia,VanZeeland,Gibson Invitational & Multis,"Apr 13-15, 2023",HJ,1.68m,,"5' 6"""
Olivia,VanZeeland,Warrior Invitational,"Apr  6, 2023",HJ,1.65m,,"5' 5"""
Olivia,VanZeeland,2023 Horizon League Indoor Track & Field Championship,"Feb 25-26, 2023",HJ,1.60m,,"5' 3"""
Olivia,VanZeeland,Panther Tune-Up,"Feb 18, 2023",HJ,1.60m,,"5' 3"""
Olivia,VanZeeland,GVSU Big Meet (Friday),"Feb 10, 2023",HJ,1.53m,,"5' 0.25"""
Olivia,VanZeeland,Jack Johnson Classic,"Jan 27-28, 2023",HJ,1.67m,,"5' 5.75"""
Olivia,VanZeeland,John Tierney Classic,"Jan 21, 2023",HJ,1.62m,,"5' 3.75"""
Olivia,VanZeeland,Wisconsin Badgers Midwest Invite,"Jan 14, 2023",HJ,1.56m,,"5' 1.25"""
Macy,Woodward,Joyce Morton-Kief Invite,"Mar 27-28, 2026",HJ,1.62m,,"5' 3.75"""
Macy,Woodward,2026 Horizon League Indoor Track & Field Championship,"Feb 28-Mar  1, 2026",HJ,1.57m,,"5' 1.75"""
Macy,Woodward,2026 Blue Demon Alumni Classic,"Feb 13, 2026",HJ,1.60m,,"5' 3"""
Macy,Woodward,Iowa State Classic,"Feb  6, 2026",HJ,1.63m,,"5' 4.25"""
Macy,Woodward,2026 Meyo Invitational (Notre Dame Indoor T&F),"Jan 30-31, 2026",HJ,1.57m,,"5' 1.75"""
Macy,Woodward,Larry Wieczorek Invitational,"Jan 23-24, 2026",HJ,1.61m,,"5' 3.25"""
Macy,Woodward,Tierney Classic,"Jan 18, 2026",HJ,1.63m,,"5' 4.25"""
Macy,Woodward,Minnesota Open,"Jan 10, 2026",HJ,1.65m,,"5' 5"""
Macy,Woodward,2025 Blue Demon Holiday Invite,"Dec 12, 2025",HJ,1.58m,,"5' 2.25"""
Macy,Woodward,Horizon League Championship,"May  9-11, 2025",HJ,1.63m,,"5' 4.25"""
Macy,Woodward,UW-Whitewater Drake Alternative,"Apr 24, 2025",HJ,1.57m,,"5' 1.75"""
Macy,Woodward,Gibson Invitational,"Apr 17-19, 2025",HJ,1.65m,,"5' 5"""
Macy,Woodward,Marquette Invitational,"Apr 10-11, 2025",HJ,1.60m,,"5' 3"""
Macy,Woodward,Redbird Challenge,"Mar 28-29, 2025",HJ,1.60m,,"5' 3"""
Macy,Woodward,2025 Horizon League Indoor Track & Field Championship,"Mar  1- 2, 2025",HJ,1.63m,,"5' 4.25"""
Macy,Woodward,GVSU Big Meet- Friday,"Feb 14, 2025",HJ,1.53m,,"5' 0.25"""
Macy,Woodward,UW-La Crosse Mark Guthrie Legacy Invitational,"Feb  8, 2025",HJ,1.60m,,"5' 3"""
Macy,Woodward,John Tierney Classic,"Jan 25, 2025",HJ,1.60m,,"5' 3"""
Macy,Woodward,Badgers Midwest Invite,"Jan 11, 2025",HJ,1.60m,,"5' 3"""
Macy,Woodward,2024 Blue Demon Holiday Invite,"Dec 13, 2024",HJ,1.53m,,"5' 0.25"""
Macy,Woodward,2024 Horizon League Outdoor Track & Field Championship,"May  3- 5, 2024",HJ,1.60m,,"5' 3"""
Macy,Woodward,Gibson Invitational,"Apr 18-20, 2024",HJ,1.57m,,"5' 1.75"""
Macy,Woodward,Marquette Invitational,"Apr 12, 2024",HJ,1.57m,,"5' 1.75"""
Macy,Woodward,Golden Grizzly T&F Invite,"Apr  6, 2024",HJ,1.60m,,"5' 3"""
Macy,Woodward,Redbird Challenge,"Mar 29-30, 2024",HJ,1.55m,,"5' 1"""
Macy,Woodward,Horizon League Indoor Track & Field Championship,"Feb 24-25, 2024",HJ,1.61m,,"5' 3.25"""
Macy,Woodward,GVSU Big Meet- (Friday),"Feb  9, 2024",HJ,1.59m,,"5' 2.5"""
Macy,Woodward,Mark Guthrie Legacy Invite,"Feb  3, 2024",HJ,1.58m,,"5' 2.25"""
Macy,Woodward,Illini Challenge,"Jan 26-27, 2024",HJ,NH,,NH
Macy,Woodward,John Tierney Classic,"Jan 20, 2024",HJ,1.60m,,"5' 3"""
Macy,Woodward,Badgers Midwest Invite,"Jan 13, 2024",HJ,1.56m,,"5' 1.25"""
Macy,Woodward,Illini Open,"Jan  6, 2024",HJ,NH,,NH
Macy,Woodward,2023 Blue Demon Holiday Invite,"Dec  8, 2023",HJ,1.63m,,"5' 4.25"""
Macy,Woodward,Horizon League Championship,"May  5- 7, 2023",HJ,1.55m,,"5' 1"""
Macy,Woodward,Clark Wood Open 2023,"Apr 28-29, 2023",HJ,1.55m,,"5' 1"""
Macy,Woodward,Marquette Invitational,"Apr 22, 2023",HJ,1.55m,,"5' 1"""
Macy,Woodward,Green & White Invite,"Apr 15, 2023",HJ,1.61m,,"5' 3.25"""
Macy,Woodward,Warrior Invitational,"Apr  6, 2023",HJ,1.55m,,"5' 1"""
Macy,Woodward,Panther Tune-Up,"Feb 18, 2023",HJ,1.50m,,"4' 11"""
Macy,Woodward,GVSU Big Meet (Friday),"Feb 10, 2023",HJ,1.53m,,"5' 0.25"""
Macy,Woodward,Mark Guthrie Legacy Invitational,"Feb  4, 2023",HJ,1.59m,,"5' 2.5"""
Macy,Woodward,John Tierney Classic,"Jan 21, 2023",HJ,1.57m,,"5' 1.75"""
Macy,Woodward,Wisconsin Badgers Midwest Invite,"Jan 14, 2023",HJ,1.56m,,"5' 1.25"""
Macy,Woodward,2022 Blue Demon Holiday Invite,"Dec  9, 2022",HJ,1.60m,,"5' 3"""
Anna,Szepieniec,Raleigh Relays,"Mar 26-28, 2026",200,24.92,(0.3),
Anna,Szepieniec,Raleigh Relays,"Mar 26-28, 2026",100H,14.11,(-2.0),
Anna,Szepieniec,Raleigh Relays,"Mar 26-28, 2026",LJ,5.96m,(1.1),"19' 6.75"""
Anna,Szepieniec,2026 Horizon League Indoor Track & Field Championship,"Feb 28-Mar  1, 2026",60H,8.65,,
Anna,Szepieniec,2026 Horizon League Indoor Track & Field Championship,"Feb 28-Mar  1, 2026",60H,8.49,,
Anna,Szepieniec,2026 Horizon League Indoor Track & Field Championship,"Feb 28-Mar  1, 2026",LJ,6.16m,,"20' 2.5"""
Anna,Szepieniec,2026 Horizon League Indoor Track & Field Championship,"Feb 28-Mar  1, 2026",TJ,12.04m,,"39' 6"""
Anna,Szepieniec,2026 Horizon League Indoor Track & Field Championship,"Feb 28-Mar  1, 2026",Pent,3890,,
Anna,Szepieniec,2026 Horizon League Indoor Track & Field Championship,"Feb 28-Mar  1, 2026",800,2:33.09,,
Anna,Szepieniec,2026 Horizon League Indoor Track & Field Championship,"Feb 28-Mar  1, 2026",LJ,6.23m,,"20' 5.25"""
Anna,Szepieniec,2026 Horizon League Indoor Track & Field Championship,"Feb 28-Mar  1, 2026",SP,11.02m,,"36' 2"""
Anna,Szepieniec,2026 Horizon League Indoor Track & Field Championship,"Feb 28-Mar  1, 2026",HJ,1.57m,,"5' 1.75"""
Anna,Szepieniec,2026 Horizon League Indoor Track & Field Championship,"Feb 28-Mar  1, 2026",60H,8.50,,
Anna,Szepieniec,Panther Tune-up,"Feb 21, 2026",60H,8.65,,
Anna,Szepieniec,Panther Tune-up,"Feb 21, 2026",60H,8.53,,
Anna,Szepieniec,Panther Tune-up,"Feb 21, 2026",LJ,6.31m,,"20' 8.5"""
Anna,Szepieniec,Panther Tune-up,"Feb 21, 2026",TJ,12.45m,,"40' 10.25"""
Anna,Szepieniec,Panther Tune-up,"Feb 21, 2026",SP,10.59m,,"34' 9"""
Anna,Szepieniec,2026 Blue Demon Alumni Classic,"Feb 13, 2026",800,DNF,,
Anna,Szepieniec,2026 Blue Demon Alumni Classic,"Feb 13, 2026",60H,8.60,,
Anna,Szepieniec,2026 Blue Demon Alumni Classic,"Feb 13, 2026",SP,10.47m,,"34' 4.25"""
Anna,Szepieniec,Iowa State Classic,"Feb  6, 2026",200,24.69,,
Anna,Szepieniec,Iowa State Classic,"Feb  6, 2026",60H,8.49,,
Anna,Szepieniec,Iowa State Classic,"Feb  6, 2026",60H,8.45,,
Anna,Szepieniec,Iowa State Classic,"Feb  6, 2026",LJ,5.84m,,"19' 2"""
Anna,Szepieniec,Iowa State Classic,"Feb  6, 2026",TJ,DNS,,NM
Anna,Szepieniec,2026 PNC Lenny Lyles Open,"Jan 30-31, 2026",Pent,3741,,
Anna,Szepieniec,2026 PNC Lenny Lyles Open,"Jan 30-31, 2026",SP,10.49m,,"34' 5"""
Anna,Szepieniec,2026 PNC Lenny Lyles Open,"Jan 30-31, 2026",LJ,6.07m,,"19' 11"""
Anna,Szepieniec,2026 PNC Lenny Lyles Open,"Jan 30-31, 2026",HJ,1.54m,,"5' 0.5"""
Anna,Szepieniec,2026 PNC Lenny Lyles Open,"Jan 30-31, 2026",800,2:34.49,,
Anna,Szepieniec,2026 PNC Lenny Lyles Open,"Jan 30-31, 2026",60H,8.56,,
Anna,Szepieniec,Larry Wieczorek Invitational,"Jan 23-24, 2026",60H,8.55,,
Anna,Szepieniec,Larry Wieczorek Invitational,"Jan 23-24, 2026",LJ,5.94m,,"19' 6"""
Anna,Szepieniec,Tierney Classic,"Jan 18, 2026",60H,8.64,,
Anna,Szepieniec,Tierney Classic,"Jan 18, 2026",60H,8.84,,
Anna,Szepieniec,Tierney Classic,"Jan 18, 2026",LJ,6.30m,,"20' 8"""
Anna,Szepieniec,Tierney Classic,"Jan 18, 2026",SP,10.61m,,"34' 9.75"""
Anna,Szepieniec,Minnesota Open,"Jan 10, 2026",200,25.39,,
Anna,Szepieniec,Minnesota Open,"Jan 10, 2026",60H,8.67,,
Anna,Szepieniec,Minnesota Open,"Jan 10, 2026",HJ,1.60m,,"5' 3"""
Anna,Szepieniec,Minnesota Open,"Jan 10, 2026",SP,10.60m,,"34' 9.5"""
Anna,Szepieniec,2025 Blue Demon Holiday Invite,"Dec 12, 2025",200,24.68,,
Anna,Szepieniec,2025 Blue Demon Holiday Invite,"Dec 12, 2025",60H,8.49,,
Anna,Szepieniec,2025 Blue Demon Holiday Invite,"Dec 12, 2025",60H,8.53,,
Anna,Szepieniec,2025 Blue Demon Holiday Invite,"Dec 12, 2025",LJ,5.76m,,"18' 10.75"""
Anna,Szepieniec,UWL Final Qualifier,"May 14, 2025",LJ,5.99m,(0.1),"19' 8"""
Anna,Szepieniec,Horizon League Championship,"May  9-11, 2025",100H,13.76,(2.4),
Anna,Szepieniec,Horizon League Championship,"May  9-11, 2025",100H,14.19,(1.5),
Anna,Szepieniec,Horizon League Championship,"May  9-11, 2025",LJ,5.80m,(1.1),"19' 0.5"""
Anna,Szepieniec,Horizon League Championship,"May  9-11, 2025",TJ,11.99m,(+0.0),"39' 4"""
Anna,Szepieniec,Horizon League Championship,"May  9-11, 2025",Hep,5226,,
Anna,Szepieniec,Horizon League Championship,"May  9-11, 2025",800,2:21.90,,
Anna,Szepieniec,Horizon League Championship,"May  9-11, 2025",JT,29.88m,,"98' 0"""
Anna,Szepieniec,Horizon League Championship,"May  9-11, 2025",LJ,5.69m,(1.2),"18' 8"""
Anna,Szepieniec,Horizon League Championship,"May  9-11, 2025",200,24.43,(2.4),
Anna,Szepieniec,Horizon League Championship,"May  9-11, 2025",SP,10.56m,,"34' 7.75"""
Anna,Szepieniec,Horizon League Championship,"May  9-11, 2025",HJ,1.55m,,"5' 1"""
Anna,Szepieniec,Horizon League Championship,"May  9-11, 2025",100H,13.75,(2.6),
Anna,Szepieniec,Jim Green Invitational,"May  2- 3, 2025",100H,14.05,(1.5),
Anna,Szepieniec,Jim Green Invitational,"May  2- 3, 2025",100H,13.83,(1.4),
Anna,Szepieniec,Jim Green Invitational,"May  2- 3, 2025",LJ,5.94m,(-0.5),"19' 6"""
Anna,Szepieniec,Jim Green Invitational,"May  2- 3, 2025",TJ,11.61m,(1.4),"38' 1.25"""
Anna,Szepieniec,Fighting Illini Twilight,"Apr 26, 2025",100H,13.86,(3.2),
Anna,Szepieniec,Fighting Illini Twilight,"Apr 26, 2025",LJ,5.76m,(0.4),"18' 10.75"""
Anna,Szepieniec,UW-Whitewater Drake Alternative,"Apr 24, 2025",400H,1:03.41,,
Anna,Szepieniec,UW-Whitewater Drake Alternative,"Apr 24, 2025",HJ,1.57m,,"5' 1.75"""
Anna,Szepieniec,Gibson Invitational,"Apr 17-19, 2025",LJ,5.62m,(+0.0),"18' 5.25"""
Anna,Szepieniec,Gibson Invitational,"Apr 17-19, 2025",JT,27.04m,,"88' 8"""
Anna,Szepieniec,Duke Invitational,"Apr 10-12, 2025",Hep,5052,,
Anna,Szepieniec,Duke Invitational,"Apr 10-12, 2025",100H,14.05,(1.5),
Anna,Szepieniec,Duke Invitational,"Apr 10-12, 2025",HJ,1.54m,,"5' 0.5"""
Anna,Szepieniec,Duke Invitational,"Apr 10-12, 2025",SP,10.64m,,"34' 11"""
Anna,Szepieniec,Duke Invitational,"Apr 10-12, 2025",200,25.14,(+0.0),
Anna,Szepieniec,Duke Invitational,"Apr 10-12, 2025",LJ,5.68m,(0.3),"18' 7.75"""
Anna,Szepieniec,Duke Invitational,"Apr 10-12, 2025",JT,28.95m,,"95' 0"""
Anna,Szepieniec,Duke Invitational,"Apr 10-12, 2025",800,2:24.73,,
Anna,Szepieniec,Ashton May Invitational,"Apr  5, 2025",200,25.67,(2.3),
Anna,Szepieniec,Ashton May Invitational,"Apr  5, 2025",100H,14.36,(4.7),
Anna,Szepieniec,Ashton May Invitational,"Apr  5, 2025",100H,14.24,(3.0),
Anna,Szepieniec,Ashton May Invitational,"Apr  5, 2025",LJ,5.85m,,"19' 2.5"""
Anna,Szepieniec,Ashton May Invitational,"Apr  5, 2025",JT,28.88m,,"94' 9"""
Anna,Szepieniec,Raleigh Relays,"Mar 27-29, 2025",100H,14.45,(0.2),
Anna,Szepieniec,Raleigh Relays,"Mar 27-29, 2025",LJ,5.70m,(0.9),"18' 8.5"""
Anna,Szepieniec,2025 Horizon League Indoor Track & Field Championship,"Mar  1- 2, 2025",60H,8.74,,
Anna,Szepieniec,2025 Horizon League Indoor Track & Field Championship,"Mar  1- 2, 2025",60H,8.88,,
Anna,Szepieniec,2025 Horizon League Indoor Track & Field Championship,"Mar  1- 2, 2025",LJ,5.83m,,"19' 1.5"""
Anna,Szepieniec,2025 Horizon League Indoor Track & Field Championship,"Mar  1- 2, 2025",TJ,11.68m,,"38' 4"""
Anna,Szepieniec,2025 Horizon League Indoor Track & Field Championship,"Mar  1- 2, 2025",Pent,3864,,
Anna,Szepieniec,2025 Horizon League Indoor Track & Field Championship,"Mar  1- 2, 2025",60H,8.82,,
Anna,Szepieniec,2025 Horizon League Indoor Track & Field Championship,"Mar  1- 2, 2025",HJ,1.60m,,"5' 3"""
Anna,Szepieniec,2025 Horizon League Indoor Track & Field Championship,"Mar  1- 2, 2025",SP,11.51m,,"37' 9.25"""
Anna,Szepieniec,2025 Horizon League Indoor Track & Field Championship,"Mar  1- 2, 2025",LJ,5.80m,,"19' 0.5"""
Anna,Szepieniec,2025 Horizon League Indoor Track & Field Championship,"Mar  1- 2, 2025",800,2:24.63,,
Anna,Szepieniec,Panther Tune-up,"Feb 22, 2025",60H,DNS,,
Anna,Szepieniec,Panther Tune-up,"Feb 22, 2025",60H,8.96,,
Anna,Szepieniec,Panther Tune-up,"Feb 22, 2025",LJ,5.97m,,"19' 7"""
Anna,Szepieniec,Panther Tune-up,"Feb 22, 2025",TJ,11.19m,,"36' 8.5"""
Anna,Szepieniec,Panther Tune-up,"Feb 22, 2025",SP,11.13m,,"36' 6.25"""
Anna,Szepieniec,GVSU Big Meet- Friday,"Feb 14, 2025",200,25.43,,
Anna,Szepieniec,GVSU Big Meet- Friday,"Feb 14, 2025",60H,8.79,,
Anna,Szepieniec,GVSU Big Meet- Friday,"Feb 14, 2025",60H,8.72,,
Anna,Szepieniec,GVSU Big Meet- Friday,"Feb 14, 2025",4x400,DQ,,
Anna,Szepieniec,GVSU Big Meet- Friday,"Feb 14, 2025",HJ,1.53m,,"5' 0.25"""
Anna,Szepieniec,UW-La Crosse Mark Guthrie Legacy Invitational,"Feb  8, 2025",200,25.57,,
Anna,Szepieniec,UW-La Crosse Mark Guthrie Legacy Invitational,"Feb  8, 2025",60H,8.84,,
Anna,Szepieniec,UW-La Crosse Mark Guthrie Legacy Invitational,"Feb  8, 2025",60H,8.65,,
Anna,Szepieniec,UW-La Crosse Mark Guthrie Legacy Invitational,"Feb  8, 2025",LJ,5.82m,,"19' 1.25"""
Anna,Szepieniec,Meyo Invitational (2025 Notre Dame Indoor Track & Field),"Jan 31-Feb  1, 2025",60H,8.74,,
Anna,Szepieniec,Meyo Invitational (2025 Notre Dame Indoor Track & Field),"Jan 31-Feb  1, 2025",60H,8.73,,
Anna,Szepieniec,Meyo Invitational (2025 Notre Dame Indoor Track & Field),"Jan 31-Feb  1, 2025",LJ,5.69m,(+0.0),"18' 8"""
Anna,Szepieniec,John Tierney Classic,"Jan 25, 2025",60H,DNS,,
Anna,Szepieniec,John Tierney Classic,"Jan 25, 2025",60H,8.74,,
Anna,Szepieniec,John Tierney Classic,"Jan 25, 2025",LJ,5.94m,,"19' 6"""
Anna,Szepieniec,John Tierney Classic,"Jan 25, 2025",TJ,11.78m,,"38' 7.75"""
Anna,Szepieniec,John Tierney Classic,"Jan 25, 2025",SP,10.83m,,"35' 6.5"""
Anna,Szepieniec,Mastodon Invitational 2025,"Jan 17-18, 2025",Pent,3746,,
Anna,Szepieniec,Mastodon Invitational 2025,"Jan 17-18, 2025",800,2:24.84,,
Anna,Szepieniec,Mastodon Invitational 2025,"Jan 17-18, 2025",LJ,5.69m,,"18' 8"""
Anna,Szepieniec,Mastodon Invitational 2025,"Jan 17-18, 2025",SP,10.56m,,"34' 7.75"""
Anna,Szepieniec,Mastodon Invitational 2025,"Jan 17-18, 2025",HJ,1.60m,,"5' 3"""
Anna,Szepieniec,Mastodon Invitational 2025,"Jan 17-18, 2025",60H,8.91,,
Anna,Szepieniec,Badgers Midwest Invite,"Jan 11, 2025",300,40.72,,
Anna,Szepieniec,Badgers Midwest Invite,"Jan 11, 2025",60H,8.73,,
Anna,Szepieniec,Badgers Midwest Invite,"Jan 11, 2025",60H,8.74,,
Anna,Szepieniec,Badgers Midwest Invite,"Jan 11, 2025",LJ,5.65m,,"18' 6.5"""
Anna,Szepieniec,Badgers Midwest Invite,"Jan 11, 2025",SP,9.86m,,"32' 4.25"""
Anna,Szepieniec,2024 Blue Demon Holiday Invite,"Dec 13, 2024",600,1:45.70,,
Anna,Szepieniec,2024 Blue Demon Holiday Invite,"Dec 13, 2024",60H,8.66,,
Anna,Szepieniec,2024 Blue Demon Holiday Invite,"Dec 13, 2024",60H,8.69,,
Anna,Szepieniec,2024 Blue Demon Holiday Invite,"Dec 13, 2024",LJ,5.35m,,"17' 6.75"""
Anna,Szepieniec,UW-La Crosse Eagle Open,"May 10, 2024",LJ,5.65m,(-2.6),"18' 6.5"""
Anna,Szepieniec,2024 Horizon League Outdoor Track & Field Championship,"May  3- 5, 2024",100H,14.01,(2.4),
Anna,Szepieniec,2024 Horizon League Outdoor Track & Field Championship,"May  3- 5, 2024",100H,14.26,(0.7),
Anna,Szepieniec,2024 Horizon League Outdoor Track & Field Championship,"May  3- 5, 2024",LJ,5.83m,(3.6),"19' 1.5"""
Anna,Szepieniec,2024 Horizon League Outdoor Track & Field Championship,"May  3- 5, 2024",Hep,4749,,
Anna,Szepieniec,2024 Horizon League Outdoor Track & Field Championship,"May  3- 5, 2024",100H,14.34,(-1.6),
Anna,Szepieniec,2024 Horizon League Outdoor Track & Field Championship,"May  3- 5, 2024",HJ,1.54m,,"5' 0.5"""
Anna,Szepieniec,2024 Horizon League Outdoor Track & Field Championship,"May  3- 5, 2024",SP,10.28m,,"33' 8.75"""
Anna,Szepieniec,2024 Horizon League Outdoor Track & Field Championship,"May  3- 5, 2024",200,25.69,(-1.9),
Anna,Szepieniec,2024 Horizon League Outdoor Track & Field Championship,"May  3- 5, 2024",LJ,5.59m,(-2.6),"18' 4.25"""
Anna,Szepieniec,2024 Horizon League Outdoor Track & Field Championship,"May  3- 5, 2024",JT,28.33m,,"92' 11"""
Anna,Szepieniec,2024 Horizon League Outdoor Track & Field Championship,"May  3- 5, 2024",800,2:36.89,,
Anna,Szepieniec,UW-Whitewater Drake Alternative,"Apr 25, 2024",LJ,5.94m,(1.5),"19' 6"""
Anna,Szepieniec,UW-Whitewater Drake Alternative,"Apr 25, 2024",SP,9.79m,,"32' 1.5"""
Anna,Szepieniec,UW-Whitewater Drake Alternative,"Apr 25, 2024",JT,27.75m,,"91' 0"""
Anna,Szepieniec,Gibson Invitational,"Apr 18-20, 2024",Hep,4661,,
Anna,Szepieniec,Gibson Invitational,"Apr 18-20, 2024",100H,14.37,(0.1),
Anna,Szepieniec,Gibson Invitational,"Apr 18-20, 2024",HJ,1.50m,,"4' 11"""
Anna,Szepieniec,Gibson Invitational,"Apr 18-20, 2024",SP,9.79m,,"32' 1.5"""
Anna,Szepieniec,Gibson Invitational,"Apr 18-20, 2024",200,25.27,(+0.0),
Anna,Szepieniec,Gibson Invitational,"Apr 18-20, 2024",LJ,5.20m,(1.8),"17' 0.75"""
Anna,Szepieniec,Gibson Invitational,"Apr 18-20, 2024",JT,26.06m,,"85' 6"""
Anna,Szepieniec,Gibson Invitational,"Apr 18-20, 2024",800,2:27.91,,
Anna,Szepieniec,2024 Bryan Clay Invitational,"Apr 11-13, 2024",100H,14.45,(-0.4),
Anna,Szepieniec,2024 Bryan Clay Invitational,"Apr 11-13, 2024",LJ,5.63m,(-2.3),"18' 5.75"""
Anna,Szepieniec,Golden Grizzly T&F Invite,"Apr  6, 2024",100H,14.12,(2.6),
Anna,Szepieniec,Golden Grizzly T&F Invite,"Apr  6, 2024",100H,14.55,(1.3),
Anna,Szepieniec,Golden Grizzly T&F Invite,"Apr  6, 2024",400H,1:03.59,,
Anna,Szepieniec,Golden Grizzly T&F Invite,"Apr  6, 2024",HJ,1.50m,,"4' 11"""
Anna,Szepieniec,Golden Grizzly T&F Invite,"Apr  6, 2024",JT,20.85m,,"68' 5"""
Anna,Szepieniec,Raleigh Relays,"Mar 28-30, 2024",100H,14.04,(1.7),
Anna,Szepieniec,Raleigh Relays,"Mar 28-30, 2024",400H,1:04.02,,
Anna,Szepieniec,Raleigh Relays,"Mar 28-30, 2024",LJ,5.72m,(0.3),"18' 9.25"""
Anna,Szepieniec,Horizon League Indoor Track & Field Championship,"Feb 24-25, 2024",60H,8.73,,
Anna,Szepieniec,Horizon League Indoor Track & Field Championship,"Feb 24-25, 2024",LJ,5.54m,,"18' 2.25"""
Anna,Szepieniec,Horizon League Indoor Track & Field Championship,"Feb 24-25, 2024",TJ,11.70m,,"38' 4.75"""
Anna,Szepieniec,Horizon League Indoor Track & Field Championship,"Feb 24-25, 2024",Pent,3610,,
Anna,Szepieniec,Horizon League Indoor Track & Field Championship,"Feb 24-25, 2024",60H,8.74,,
Anna,Szepieniec,Horizon League Indoor Track & Field Championship,"Feb 24-25, 2024",HJ,1.52m,,"4' 11.75"""
Anna,Szepieniec,Horizon League Indoor Track & Field Championship,"Feb 24-25, 2024",SP,9.52m,,"31' 3"""
Anna,Szepieniec,Horizon League Indoor Track & Field Championship,"Feb 24-25, 2024",LJ,5.80m,,"19' 0.5"""
Anna,Szepieniec,Horizon League Indoor Track & Field Championship,"Feb 24-25, 2024",800,2:28.35,,
Anna,Szepieniec,PANTHER TUNE-UP,"Feb 17, 2024",60H,8.83,,
Anna,Szepieniec,PANTHER TUNE-UP,"Feb 17, 2024",LJ,5.86m,,"19' 2.75"""
Anna,Szepieniec,PANTHER TUNE-UP,"Feb 17, 2024",TJ,11.88m,,"38' 11.75"""
Anna,Szepieniec,PANTHER TUNE-UP,"Feb 17, 2024",SP,8.76m,,"28' 9"""
Anna,Szepieniec,GVSU Big Meet- (Friday),"Feb  9, 2024",200,25.43,,
Anna,Szepieniec,GVSU Big Meet- (Friday),"Feb  9, 2024",60H,8.96,,
Anna,Szepieniec,GVSU Big Meet- (Friday),"Feb  9, 2024",HJ,1.54m,,"5' 0.5"""
Anna,Szepieniec,Mark Guthrie Legacy Invite,"Feb  3, 2024",200,26.02,,
Anna,Szepieniec,Mark Guthrie Legacy Invite,"Feb  3, 2024",60H,8.98,,
Anna,Szepieniec,Mark Guthrie Legacy Invite,"Feb  3, 2024",60H,8.75,,
Anna,Szepieniec,Mark Guthrie Legacy Invite,"Feb  3, 2024",HJ,1.48m,,"4' 10.25"""
Anna,Szepieniec,Mark Guthrie Legacy Invite,"Feb  3, 2024",TJ,11.49m,,"37' 8.5"""
Anna,Szepieniec,Illini Challenge,"Jan 26-27, 2024",60H,8.84,,
Anna,Szepieniec,Illini Challenge,"Jan 26-27, 2024",60H,8.97,,
Anna,Szepieniec,Illini Challenge,"Jan 26-27, 2024",LJ,5.78m,,"18' 11.75"""
Anna,Szepieniec,Badgers Midwest Invite,"Jan 13, 2024",300,40.97,,
Anna,Szepieniec,Badgers Midwest Invite,"Jan 13, 2024",60H,8.82,,
Anna,Szepieniec,Badgers Midwest Invite,"Jan 13, 2024",60H,8.91,,
Anna,Szepieniec,Badgers Midwest Invite,"Jan 13, 2024",LJ,5.55m,,"18' 2.5"""
Anna,Szepieniec,Badgers Midwest Invite,"Jan 13, 2024",SP,8.35m,,"27' 4.75"""
Anna,Szepieniec,Illini Open,"Jan  6, 2024",600,1:45.96,,
Anna,Szepieniec,Illini Open,"Jan  6, 2024",60H,8.87,,
Anna,Szepieniec,Illini Open,"Jan  6, 2024",LJ,5.61m,,"18' 5"""
Anna,Szepieniec,2023 Blue Demon Holiday Invite,"Dec  8, 2023",60H,8.76,,
Anna,Szepieniec,2023 Blue Demon Holiday Invite,"Dec  8, 2023",60H,8.78,,
Anna,Szepieniec,2023 Blue Demon Holiday Invite,"Dec  8, 2023",LJ,FOUL,,NM
Kallie,Volk,Raleigh Relays,"Mar 26-28, 2026",100H,15.30,(-1.2),
Kallie,Volk,Raleigh Relays,"Mar 26-28, 2026",HJ,1.62m,,"5' 3.75"""
Kallie,Volk,Raleigh Relays,"Mar 26-28, 2026",LJ,5.49m,(1.4),"18' 0.25"""
Kallie,Volk,2026 Horizon League Indoor Track & Field Championship,"Feb 28-Mar  1, 2026",HJ,1.62m,,"5' 3.75"""
Kallie,Volk,2026 Horizon League Indoor Track & Field Championship,"Feb 28-Mar  1, 2026",LJ,5.76m,,"18' 10.75"""
Kallie,Volk,2026 Horizon League Indoor Track & Field Championship,"Feb 28-Mar  1, 2026",TJ,11.65m,,"38' 2.75"""
Kallie,Volk,2026 Horizon League Indoor Track & Field Championship,"Feb 28-Mar  1, 2026",Pent,3718,,
Kallie,Volk,2026 Horizon League Indoor Track & Field Championship,"Feb 28-Mar  1, 2026",800,2:27.35,,
Kallie,Volk,2026 Horizon League Indoor Track & Field Championship,"Feb 28-Mar  1, 2026",LJ,5.61m,,"18' 5"""
Kallie,Volk,2026 Horizon League Indoor Track & Field Championship,"Feb 28-Mar  1, 2026",SP,10.03m,,"32' 11"""
Kallie,Volk,2026 Horizon League Indoor Track & Field Championship,"Feb 28-Mar  1, 2026",HJ,1.69m,,"5' 6.5"""
Kallie,Volk,2026 Horizon League Indoor Track & Field Championship,"Feb 28-Mar  1, 2026",60H,9.11,,
Kallie,Volk,Panther Tune-up,"Feb 21, 2026",60H,9.04,,
Kallie,Volk,Panther Tune-up,"Feb 21, 2026",60H,DNS,,
Kallie,Volk,Panther Tune-up,"Feb 21, 2026",HJ,1.70m,,"5' 7"""
Kallie,Volk,Panther Tune-up,"Feb 21, 2026",TJ,11.54m,,"37' 10.5"""
Kallie,Volk,Panther Tune-up,"Feb 21, 2026",SP,9.76m,,"32' 0.25"""
Kallie,Volk,2026 Blue Demon Alumni Classic,"Feb 13, 2026",800,DNF,,
Kallie,Volk,2026 Blue Demon Alumni Classic,"Feb 13, 2026",60H,9.08,,
Kallie,Volk,2026 Blue Demon Alumni Classic,"Feb 13, 2026",SP,9.64m,,"31' 7.5"""
Kallie,Volk,UW-La Crosse Mark Guthrie Legacy Invitational,"Feb  7, 2026",60H,9.40,,
Kallie,Volk,UW-La Crosse Mark Guthrie Legacy Invitational,"Feb  7, 2026",LJ,5.50m,,"18' 0.5"""
Kallie,Volk,2026 PNC Lenny Lyles Open,"Jan 30-31, 2026",Pent,3576,,
Kallie,Volk,2026 PNC Lenny Lyles Open,"Jan 30-31, 2026",SP,9.70m,,"31' 10"""
Kallie,Volk,2026 PNC Lenny Lyles Open,"Jan 30-31, 2026",LJ,5.31m,,"17' 5.25"""
Kallie,Volk,2026 PNC Lenny Lyles Open,"Jan 30-31, 2026",HJ,1.70m,,"5' 7"""
Kallie,Volk,2026 PNC Lenny Lyles Open,"Jan 30-31, 2026",800,2:28.97,,
Kallie,Volk,2026 PNC Lenny Lyles Open,"Jan 30-31, 2026",60H,9.24,,
Kallie,Volk,Larry Wieczorek Invitational,"Jan 23-24, 2026",60H,9.34,,
Kallie,Volk,Larry Wieczorek Invitational,"Jan 23-24, 2026",HJ,1.66m,,"5' 5.25"""
Kallie,Volk,Tierney Classic,"Jan 18, 2026",60H,9.39,,
Kallie,Volk,Tierney Classic,"Jan 18, 2026",60H,9.32,,
Kallie,Volk,Tierney Classic,"Jan 18, 2026",HJ,1.63m,,"5' 4.25"""
Kallie,Volk,Tierney Classic,"Jan 18, 2026",SP,10.45m,,"34' 3.5"""
Kallie,Volk,Minnesota Open,"Jan 10, 2026",200,27.88,,
Kallie,Volk,Minnesota Open,"Jan 10, 2026",60H,DNS,,
Kallie,Volk,Minnesota Open,"Jan 10, 2026",LJ,5.21m,,"17' 1.25"""
Kallie,Volk,Minnesota Open,"Jan 10, 2026",SP,10.03m,,"32' 11"""
Kallie,Volk,2025 Blue Demon Holiday Invite,"Dec 12, 2025",300,43.49,,
Kallie,Volk,2025 Blue Demon Holiday Invite,"Dec 12, 2025",60H,9.15,,
Kallie,Volk,2025 Blue Demon Holiday Invite,"Dec 12, 2025",60H,9.16,,
Kallie,Volk,2025 Blue Demon Holiday Invite,"Dec 12, 2025",HJ,1.66m,,"5' 5.25"""
Kallie,Volk,UWL Final Qualifier,"May 14, 2025",HJ,1.59m,,"5' 2.5"""
Kallie,Volk,Horizon League Championship,"May  9-11, 2025",HJ,1.58m,,"5' 2.25"""
Kallie,Volk,Horizon League Championship,"May  9-11, 2025",LJ,5.66m,(2.0),"18' 7"""
Kallie,Volk,Horizon League Championship,"May  9-11, 2025",JT,35.49m,,"116' 5"""
Kallie,Volk,Horizon League Championship,"May  9-11, 2025",Hep,5116,,
Kallie,Volk,Horizon League Championship,"May  9-11, 2025",800,2:24.15,,
Kallie,Volk,Horizon League Championship,"May  9-11, 2025",JT,36.99m,,"121' 4"""
Kallie,Volk,Horizon League Championship,"May  9-11, 2025",LJ,5.55m,(0.4),"18' 2.5"""
Kallie,Volk,Horizon League Championship,"May  9-11, 2025",200,26.14,(2.4),
Kallie,Volk,Horizon League Championship,"May  9-11, 2025",SP,10.54m,,"34' 7"""
Kallie,Volk,Horizon League Championship,"May  9-11, 2025",HJ,1.67m,,"5' 5.75"""
Kallie,Volk,Horizon League Championship,"May  9-11, 2025",100H,14.90,(2.6),
Kallie,Volk,Jim Green Invitational,"May  2- 3, 2025",100H,14.97,(-0.6),
Kallie,Volk,Jim Green Invitational,"May  2- 3, 2025",HJ,1.70m,,"5' 7"""
Kallie,Volk,Jim Green Invitational,"May  2- 3, 2025",JT,32.46m,,"106' 6"""
Kallie,Volk,UW-Whitewater Drake Alternative,"Apr 24, 2025",100H,15.28,(-0.9),
Kallie,Volk,UW-Whitewater Drake Alternative,"Apr 24, 2025",100H,14.68,(2.4),
Kallie,Volk,UW-Whitewater Drake Alternative,"Apr 24, 2025",HJ,1.62m,,"5' 3.75"""
Kallie,Volk,UW-Whitewater Drake Alternative,"Apr 24, 2025",JT,33.60m,,"110' 3"""
Kallie,Volk,Gibson Invitational,"Apr 17-19, 2025",JT,32.88m,,"107' 10"""
Kallie,Volk,Duke Invitational,"Apr 10-12, 2025",Hep,4941,,
Kallie,Volk,Duke Invitational,"Apr 10-12, 2025",100H,15.06,(0.2),
Kallie,Volk,Duke Invitational,"Apr 10-12, 2025",HJ,1.69m,,"5' 6.5"""
Kallie,Volk,Duke Invitational,"Apr 10-12, 2025",SP,9.84m,,"32' 3.5"""
Kallie,Volk,Duke Invitational,"Apr 10-12, 2025",200,25.94,(0.8),
Kallie,Volk,Duke Invitational,"Apr 10-12, 2025",LJ,5.38m,(-0.3),"17' 8"""
Kallie,Volk,Duke Invitational,"Apr 10-12, 2025",JT,32.29m,,"105' 11"""
Kallie,Volk,Duke Invitational,"Apr 10-12, 2025",800,2:24.87,,
Kallie,Volk,Ashton May Invitational,"Apr  5, 2025",200,26.38,(2.7),
Kallie,Volk,Ashton May Invitational,"Apr  5, 2025",100H,15.24,(2.3),
Kallie,Volk,Ashton May Invitational,"Apr  5, 2025",HJ,1.69m,,"5' 6.5"""
Kallie,Volk,Ashton May Invitational,"Apr  5, 2025",JT,33.54m,,"110' 0"""
Kallie,Volk,Raleigh Relays,"Mar 27-29, 2025",HJ,1.70m,,"5' 7"""
Kallie,Volk,Raleigh Relays,"Mar 27-29, 2025",LJ,5.30m,(-0.6),"17' 4.75"""
Kallie,Volk,2025 Horizon League Indoor Track & Field Championship,"Mar  1- 2, 2025",HJ,1.63m,,"5' 4.25"""
Kallie,Volk,2025 Horizon League Indoor Track & Field Championship,"Mar  1- 2, 2025",LJ,5.51m,,"18' 1"""
Kallie,Volk,2025 Horizon League Indoor Track & Field Championship,"Mar  1- 2, 2025",Pent,3601,,
Kallie,Volk,2025 Horizon League Indoor Track & Field Championship,"Mar  1- 2, 2025",60H,9.27,,
Kallie,Volk,2025 Horizon League Indoor Track & Field Championship,"Mar  1- 2, 2025",HJ,1.69m,,"5' 6.5"""
Kallie,Volk,2025 Horizon League Indoor Track & Field Championship,"Mar  1- 2, 2025",SP,9.30m,,"30' 6.25"""
Kallie,Volk,2025 Horizon League Indoor Track & Field Championship,"Mar  1- 2, 2025",LJ,5.46m,,"17' 11"""
Kallie,Volk,2025 Horizon League Indoor Track & Field Championship,"Mar  1- 2, 2025",800,2:26.82,,
Kallie,Volk,Panther Tune-up,"Feb 22, 2025",60H,DNS,,
Kallie,Volk,Panther Tune-up,"Feb 22, 2025",60H,9.40,,
Kallie,Volk,Panther Tune-up,"Feb 22, 2025",LJ,5.42m,,"17' 9.5"""
Kallie,Volk,Panther Tune-up,"Feb 22, 2025",SP,10.28m,,"33' 8.75"""
Kallie,Volk,GVSU Big Meet- Friday,"Feb 14, 2025",60H,9.40,,
Kallie,Volk,GVSU Big Meet- Friday,"Feb 14, 2025",HJ,1.59m,,"5' 2.5"""
Kallie,Volk,UW-La Crosse Mark Guthrie Legacy Invitational,"Feb  8, 2025",200,27.56,,
Kallie,Volk,UW-La Crosse Mark Guthrie Legacy Invitational,"Feb  8, 2025",60H,9.54,,
Kallie,Volk,UW-La Crosse Mark Guthrie Legacy Invitational,"Feb  8, 2025",LJ,5.55m,,"18' 2.5"""
Kallie,Volk,Meyo Invitational (2025 Notre Dame Indoor Track & Field),"Jan 31-Feb  1, 2025",60H,9.35,,
Kallie,Volk,Meyo Invitational (2025 Notre Dame Indoor Track & Field),"Jan 31-Feb  1, 2025",HJ,1.61m,,"5' 3.25"""
Kallie,Volk,John Tierney Classic,"Jan 25, 2025",60H,DNS,,
Kallie,Volk,John Tierney Classic,"Jan 25, 2025",60H,9.38,,
Kallie,Volk,John Tierney Classic,"Jan 25, 2025",HJ,1.70m,,"5' 7"""
Kallie,Volk,John Tierney Classic,"Jan 25, 2025",SP,10.26m,,"33' 8"""
Kallie,Volk,Mastodon Invitational 2025,"Jan 17-18, 2025",Pent,3431,,
Kallie,Volk,Mastodon Invitational 2025,"Jan 17-18, 2025",800,2:32.38,,
Kallie,Volk,Mastodon Invitational 2025,"Jan 17-18, 2025",LJ,5.29m,,"17' 4.25"""
Kallie,Volk,Mastodon Invitational 2025,"Jan 17-18, 2025",SP,10.09m,,"33' 1.25"""
Kallie,Volk,Mastodon Invitational 2025,"Jan 17-18, 2025",HJ,1.63m,,"5' 4.25"""
Kallie,Volk,Mastodon Invitational 2025,"Jan 17-18, 2025",60H,9.43,,
Kallie,Volk,Badgers Midwest Invite,"Jan 11, 2025",600,1:44.18,,
Kallie,Volk,Badgers Midwest Invite,"Jan 11, 2025",60H,9.78,,
Kallie,Volk,Badgers Midwest Invite,"Jan 11, 2025",LJ,5.44m,,"17' 10.25"""
Kallie,Volk,Badgers Midwest Invite,"Jan 11, 2025",SP,10.29m,,"33' 9.25"""
Kallie,Volk,2024 Blue Demon Holiday Invite,"Dec 13, 2024",600,1:47.54,,
Kallie,Volk,2024 Blue Demon Holiday Invite,"Dec 13, 2024",60H,9.46,,
Kallie,Volk,2024 Blue Demon Holiday Invite,"Dec 13, 2024",HJ,1.63m,,"5' 4.25"""
Kallie,Volk,2024 Horizon League Outdoor Track & Field Championship,"May  3- 5, 2024",HJ,1.57m,,"5' 1.75"""
Kallie,Volk,2024 Horizon League Outdoor Track & Field Championship,"May  3- 5, 2024",JT,32.60m,,"106' 11"""
Kallie,Volk,2024 Horizon League Outdoor Track & Field Championship,"May  3- 5, 2024",Hep,4472,,
Kallie,Volk,2024 Horizon League Outdoor Track & Field Championship,"May  3- 5, 2024",100H,15.88,(-0.6),
Kallie,Volk,2024 Horizon League Outdoor Track & Field Championship,"May  3- 5, 2024",HJ,1.57m,,"5' 1.75"""
Kallie,Volk,2024 Horizon League Outdoor Track & Field Championship,"May  3- 5, 2024",SP,10.37m,,"34' 0.25"""
Kallie,Volk,2024 Horizon League Outdoor Track & Field Championship,"May  3- 5, 2024",200,27.13,(-1.9),
Kallie,Volk,2024 Horizon League Outdoor Track & Field Championship,"May  3- 5, 2024",LJ,5.10m,(-0.5),"16' 8.75"""
Kallie,Volk,2024 Horizon League Outdoor Track & Field Championship,"May  3- 5, 2024",JT,31.81m,,"104' 4"""
Kallie,Volk,2024 Horizon League Outdoor Track & Field Championship,"May  3- 5, 2024",800,2:30.27,,
Kallie,Volk,UW-Whitewater Drake Alternative,"Apr 25, 2024",100H,15.82,(2.6),
Kallie,Volk,UW-Whitewater Drake Alternative,"Apr 25, 2024",SP,9.95m,,"32' 7.75"""
Kallie,Volk,UW-Whitewater Drake Alternative,"Apr 25, 2024",JT,33.09m,,"108' 7"""
Kallie,Volk,Gibson Invitational,"Apr 18-20, 2024",Hep,4581,,
Kallie,Volk,Gibson Invitational,"Apr 18-20, 2024",100H,15.67,(0.5),
Kallie,Volk,Gibson Invitational,"Apr 18-20, 2024",HJ,1.62m,,"5' 3.75"""
Kallie,Volk,Gibson Invitational,"Apr 18-20, 2024",SP,9.53m,,"31' 3.25"""
Kallie,Volk,Gibson Invitational,"Apr 18-20, 2024",200,26.39,(1.0),
Kallie,Volk,Gibson Invitational,"Apr 18-20, 2024",LJ,5.29m,(3.1),"17' 4.25"""
Kallie,Volk,Gibson Invitational,"Apr 18-20, 2024",JT,31.47m,,"103' 3"""
Kallie,Volk,Gibson Invitational,"Apr 18-20, 2024",800,2:32.56,,
Kallie,Volk,Marquette Invitational,"Apr 12, 2024",100H,15.67,(1.4),
Kallie,Volk,Marquette Invitational,"Apr 12, 2024",SP,9.45m,,"31' 0"""
Kallie,Volk,Marquette Invitational,"Apr 12, 2024",JT,29.93m,,"98' 2"""
Kallie,Volk,Golden Grizzly T&F Invite,"Apr  6, 2024",100H,16.77,(2.3),
Kallie,Volk,Golden Grizzly T&F Invite,"Apr  6, 2024",HJ,1.55m,,"5' 1"""
Kallie,Volk,Golden Grizzly T&F Invite,"Apr  6, 2024",LJ,5.70m,(1.9),"18' 8.5"""
Kallie,Volk,Golden Grizzly T&F Invite,"Apr  6, 2024",JT,28.69m,,"94' 1"""
Kallie,Volk,Raleigh Relays,"Mar 28-30, 2024",HJ,1.60m,,"5' 3"""
Kallie,Volk,Horizon League Indoor Track & Field Championship,"Feb 24-25, 2024",HJ,1.51m,,"4' 11.5"""
Kallie,Volk,Horizon League Indoor Track & Field Championship,"Feb 24-25, 2024",Pent,3304,,
Kallie,Volk,Horizon League Indoor Track & Field Championship,"Feb 24-25, 2024",60H,9.70,,
Kallie,Volk,Horizon League Indoor Track & Field Championship,"Feb 24-25, 2024",HJ,1.58m,,"5' 2.25"""
Kallie,Volk,Horizon League Indoor Track & Field Championship,"Feb 24-25, 2024",SP,9.69m,,"31' 9.5"""
Kallie,Volk,Horizon League Indoor Track & Field Championship,"Feb 24-25, 2024",LJ,5.20m,,"17' 0.75"""
Kallie,Volk,Horizon League Indoor Track & Field Championship,"Feb 24-25, 2024",800,2:29.41,,
Kallie,Volk,PANTHER TUNE-UP,"Feb 17, 2024",60H,9.69,,
Kallie,Volk,PANTHER TUNE-UP,"Feb 17, 2024",LJ,5.54m,,"18' 2.25"""
Kallie,Volk,PANTHER TUNE-UP,"Feb 17, 2024",SP,9.84m,,"32' 3.5"""
Kallie,Volk,GVSU Big Meet- (Friday),"Feb  9, 2024",60H,9.79,,
Kallie,Volk,GVSU Big Meet- (Friday),"Feb  9, 2024",HJ,1.64m,,"5' 4.5"""
Kallie,Volk,Mark Guthrie Legacy Invite,"Feb  3, 2024",60H,10.09,,
Kallie,Volk,Mark Guthrie Legacy Invite,"Feb  3, 2024",HJ,1.58m,,"5' 2.25"""
Kallie,Volk,Illini Challenge,"Jan 26-27, 2024",LJ,5.49m,,"18' 0.25"""
Kallie,Volk,John Tierney Classic,"Jan 20, 2024",60H,9.85,,
Kallie,Volk,John Tierney Classic,"Jan 20, 2024",SP,9.49m,,"31' 1.75"""
Kallie,Volk,Badgers Midwest Invite,"Jan 13, 2024",60H,10.11,,
Kallie,Volk,Badgers Midwest Invite,"Jan 13, 2024",HJ,1.61m,,"5' 3.25"""
Kallie,Volk,Badgers Midwest Invite,"Jan 13, 2024",SP,8.79m,,"28' 10.25"""
Kallie,Volk,Illini Open,"Jan  6, 2024",600,1:48.63,,
Kallie,Volk,Illini Open,"Jan  6, 2024",60H,9.77,,
Kallie,Volk,Illini Open,"Jan  6, 2024",LJ,5.40m,,"17' 8.75"""
Kallie,Volk,2023 Blue Demon Holiday Invite,"Dec  8, 2023",60H,9.85,,
Kallie,Volk,2023 Blue Demon Holiday Invite,"Dec  8, 2023",HJ,1.63m,,"5' 4.25"""
Alexandria,Simmons,Joyce Morton-Kief Invite,"Mar 27-28, 2026",HJ,1.57m,,"5' 1.75"""
Alexandria,Simmons,2026 Horizon League Indoor Track & Field Championship,"Feb 28-Mar  1, 2026",HJ,1.62m,,"5' 3.75"""
Alexandria,Simmons,Panther Tune-up,"Feb 21, 2026",HJ,1.60m,,"5' 3"""
Alexandria,Simmons,2026 Blue Demon Alumni Classic,"Feb 13, 2026",HJ,1.60m,,"5' 3"""
Alexandria,Simmons,UW-La Crosse Mark Guthrie Legacy Invitational,"Feb  7, 2026",HJ,1.58m,,"5' 2.25"""
Alexandria,Simmons,Larry Wieczorek Invitational,"Jan 23-24, 2026",200,27.23,,
Alexandria,Simmons,Larry Wieczorek Invitational,"Jan 23-24, 2026",HJ,1.56m,,"5' 1.25"""
Alexandria,Simmons,Tierney Classic,"Jan 18, 2026",200,27.28,,
Alexandria,Simmons,Tierney Classic,"Jan 18, 2026",HJ,1.58m,,"5' 2.25"""
Alexandria,Simmons,Minnesota Open,"Jan 10, 2026",200,DQ,,
Alexandria,Simmons,Minnesota Open,"Jan 10, 2026",HJ,1.55m,,"5' 1"""
Alexandria,Simmons,2025 Blue Demon Holiday Invite,"Dec 12, 2025",HJ,1.58m,,"5' 2.25"""
Alexandria,Simmons,Horizon League Championship,"May  9-11, 2025",HJ,1.58m,,"5' 2.25"""
Alexandria,Simmons,Badger Challenge,"May  2, 2025",200,26.96,(1.2),
Alexandria,Simmons,Badger Challenge,"May  2, 2025",HJ,1.55m,,"5' 1"""
Alexandria,Simmons,Fighting Illini Twilight,"Apr 26, 2025",400,1:01.28,,
Alexandria,Simmons,Fighting Illini Twilight,"Apr 26, 2025",HJ,NH,,NH
Alexandria,Simmons,UW-Whitewater Drake Alternative,"Apr 24, 2025",200,26.70,(0.8),
Alexandria,Simmons,UW-Whitewater Drake Alternative,"Apr 24, 2025",HJ,1.57m,,"5' 1.75"""
Alexandria,Simmons,Gibson Invitational,"Apr 17-19, 2025",4x400,3:52.52,,
Alexandria,Simmons,Gibson Invitational,"Apr 17-19, 2025",HJ,1.55m,,"5' 1"""
Alexandria,Simmons,Marquette Invitational,"Apr 10-11, 2025",400,1:00.28,,
Alexandria,Simmons,Marquette Invitational,"Apr 10-11, 2025",4x400,DNS,,
Alexandria,Simmons,Marquette Invitational,"Apr 10-11, 2025",HJ,DNS,,NH
Alexandria,Simmons,Ashton May Invitational,"Apr  5, 2025",200,26.94,(3.1),
Alexandria,Simmons,Ashton May Invitational,"Apr  5, 2025",400,1:01.06,,
Alexandria,Simmons,Ashton May Invitational,"Apr  5, 2025",HJ,1.64m,,"5' 4.5"""
Alexandria,Simmons,Redbird Challenge,"Mar 28-29, 2025",400,1:00.18,,
Alexandria,Simmons,Redbird Challenge,"Mar 28-29, 2025",4x400,4:01.92,,
Alexandria,Simmons,Redbird Challenge,"Mar 28-29, 2025",HJ,DNS,,NH
Alexandria,Simmons,2025 Horizon League Indoor Track & Field Championship,"Mar  1- 2, 2025",400,59.70,,
Alexandria,Simmons,2025 Horizon League Indoor Track & Field Championship,"Mar  1- 2, 2025",HJ,1.58m,,"5' 2.25"""
Alexandria,Simmons,Panther Tune-up,"Feb 22, 2025",HJ,1.53m,,"5' 0.25"""
Alexandria,Simmons,GVSU Big Meet- Friday,"Feb 14, 2025",200,DQ,,
Alexandria,Simmons,GVSU Big Meet- Friday,"Feb 14, 2025",400,DQ,,
Alexandria,Simmons,GVSU Big Meet- Friday,"Feb 14, 2025",4x400,DQ,,
Alexandria,Simmons,UW-La Crosse Mark Guthrie Legacy Invitational,"Feb  8, 2025",200,26.64,,
Alexandria,Simmons,UW-La Crosse Mark Guthrie Legacy Invitational,"Feb  8, 2025",HJ,1.60m,,"5' 3"""
Alexandria,Simmons,Meyo Invitational (2025 Notre Dame Indoor Track & Field),"Jan 31-Feb  1, 2025",400,DQ,,
Alexandria,Simmons,John Tierney Classic,"Jan 25, 2025",200,27.24,,
Alexandria,Simmons,John Tierney Classic,"Jan 25, 2025",400,1:00.74,,
Alexandria,Simmons,John Tierney Classic,"Jan 25, 2025",HJ,1.55m,,"5' 1"""
Alexandria,Simmons,Badgers Midwest Invite,"Jan 11, 2025",HJ,1.60m,,"5' 3"""
Alexandria,Simmons,2024 Blue Demon Holiday Invite,"Dec 13, 2024",400,59.31,,
Alexandria,Simmons,2024 Horizon League Outdoor Track & Field Championship,"May  3- 5, 2024",HJ,1.52m,,"4' 11.75"""
Alexandria,Simmons,UW-Whitewater Drake Alternative,"Apr 25, 2024",200,27.07,(0.6),
Alexandria,Simmons,UW-Whitewater Drake Alternative,"Apr 25, 2024",400,1:01.78,,
Alexandria,Simmons,UW-Whitewater Drake Alternative,"Apr 25, 2024",HJ,1.57m,,"5' 1.75"""
Alexandria,Simmons,Gibson Invitational,"Apr 18-20, 2024",4x400,4:07.62,,
Alexandria,Simmons,Gibson Invitational,"Apr 18-20, 2024",HJ,1.52m,,"4' 11.75"""
Alexandria,Simmons,Gary Wieneke Memorial,"Apr 13, 2024",200,26.92,(0.6),
Alexandria,Simmons,Gary Wieneke Memorial,"Apr 13, 2024",400,1:01.95,,
Alexandria,Simmons,Marquette Invitational,"Apr 12, 2024",HJ,1.47m,,"4' 9.75"""
Alexandria,Simmons,Golden Grizzly T&F Invite,"Apr  6, 2024",400,1:03.69,,
Alexandria,Simmons,Golden Grizzly T&F Invite,"Apr  6, 2024",4x400,4:01.20,,
Alexandria,Simmons,Redbird Challenge,"Mar 29-30, 2024",200,27.04,(2.9),
Alexandria,Simmons,Redbird Challenge,"Mar 29-30, 2024",400,1:01.30,,
Alexandria,Simmons,PANTHER TUNE-UP,"Feb 17, 2024",HJ,1.55m,,"5' 1"""
Alexandria,Simmons,GVSU Big Meet- (Friday),"Feb  9, 2024",200,26.67,,
Alexandria,Simmons,GVSU Big Meet- (Friday),"Feb  9, 2024",400,1:00.20,,
Alexandria,Simmons,GVSU Big Meet- (Friday),"Feb  9, 2024",4x400,3:54.02,,
Alexandria,Simmons,Mark Guthrie Legacy Invite,"Feb  3, 2024",200,26.93,,
Alexandria,Simmons,Mark Guthrie Legacy Invite,"Feb  3, 2024",HJ,1.48m,,"4' 10.25"""
Alexandria,Simmons,Illini Challenge,"Jan 26-27, 2024",400,1:01.34,,
Alexandria,Simmons,Illini Challenge,"Jan 26-27, 2024",4x400,4:05.88,,
Alexandria,Simmons,John Tierney Classic,"Jan 20, 2024",400,1:01.14,,
Alexandria,Simmons,John Tierney Classic,"Jan 20, 2024",4x400,4:01.76,,
Alexandria,Simmons,Badgers Midwest Invite,"Jan 13, 2024",300,43.14,,
Alexandria,Simmons,2023 Blue Demon Holiday Invite,"Dec  8, 2023",400,59.93,,
Alexandria,Simmons,2023 Blue Demon Holiday Invite,"Dec  8, 2023",4x400,3:54.68,,
Jade,Sok,Joyce Morton-Kief Invite,"Mar 27-28, 2026",TJ,DNS,,NM
Jade,Sok,Joyce Morton-Kief Invite,"Mar 27-28, 2026",JT,22.50m,,"73' 10"""
Jade,Sok,2026 Horizon League Indoor Track & Field Championship,"Feb 28-Mar  1, 2026",TJ,10.67m,,"35' 0.25"""
Jade,Sok,Panther Tune-up,"Feb 21, 2026",TJ,10.82m,,"35' 6"""
Jade,Sok,UW-La Crosse Mark Guthrie Legacy Invitational,"Feb  7, 2026",TJ,10.10m,,"33' 1.75"""
Jade,Sok,Tierney Classic,"Jan 18, 2026",TJ,10.66m,,"34' 11.75"""
Jade,Sok,UW-Whitewater Drake Alternative,"Apr 25, 2024",TJ,FOUL,,NM
Jade,Sok,Green & White Invite,"Apr 20, 2024",TJ,NM,,NM
Jade,Sok,Marquette Invitational,"Apr 12, 2024",HJ,1.42m,,"4' 7.75"""
Jade,Sok,Golden Grizzly T&F Invite,"Apr  6, 2024",HJ,1.45m,,"4' 9"""
Jade,Sok,Golden Grizzly T&F Invite,"Apr  6, 2024",TJ,10.40m,(1.4),"34' 1.5"""
Jade,Sok,Redbird Challenge,"Mar 29-30, 2024",TJ,ND,,NM
Jade,Sok,PANTHER TUNE-UP,"Feb 17, 2024",TJ,10.50m,,"34' 5.5"""
Jade,Sok,Mark Guthrie Legacy Invite,"Feb  3, 2024",TJ,10.38m,,"34' 0.75"""
Jade,Sok,John Tierney Classic,"Jan 20, 2024",TJ,10.66m,,"34' 11.75"""
Jade,Sok,Badgers Midwest Invite,"Jan 13, 2024",TJ,FOUL,,NM
Angelica,Refinski,Joyce Morton-Kief Invite,"Mar 27-28, 2026",100,12.38,(3.4),
Angelica,Refinski,Joyce Morton-Kief Invite,"Mar 27-28, 2026",200,25.46,(2.7),
Angelica,Refinski,2026 Horizon League Indoor Track & Field Championship,"Feb 28-Mar  1, 2026",200,25.89,,
Angelica,Refinski,Panther Tune-up,"Feb 21, 2026",60,7.83,,
Angelica,Refinski,Panther Tune-up,"Feb 21, 2026",60,7.84,,
Angelica,Refinski,GVSU Big Meet-Friday,"Feb 13, 2026",60,8.03,,
Angelica,Refinski,GVSU Big Meet-Friday,"Feb 13, 2026",200,25.88,,
Angelica,Refinski,2026 Meyo Invitational (Notre Dame Indoor T&F),"Jan 30-31, 2026",60,7.93,,
Angelica,Refinski,2026 Meyo Invitational (Notre Dame Indoor T&F),"Jan 30-31, 2026",200,25.62,,
Angelica,Refinski,Larry Wieczorek Invitational,"Jan 23-24, 2026",60,7.98,,
Angelica,Refinski,Larry Wieczorek Invitational,"Jan 23-24, 2026",200,26.23,,
Angelica,Refinski,Tierney Classic,"Jan 18, 2026",60,7.85,,
Angelica,Refinski,Tierney Classic,"Jan 18, 2026",60,7.86,,
Angelica,Refinski,Tierney Classic,"Jan 18, 2026",200,25.73,,
Angelica,Refinski,Minnesota Open,"Jan 10, 2026",60,7.97,,
Angelica,Refinski,Minnesota Open,"Jan 10, 2026",200,26.26,,
Angelica,Refinski,2025 Blue Demon Holiday Invite,"Dec 12, 2025",60,7.85,,
Angelica,Refinski,2025 Blue Demon Holiday Invite,"Dec 12, 2025",60,7.85,,
Angelica,Refinski,2025 Blue Demon Holiday Invite,"Dec 12, 2025",200,25.68,,
Angelica,Refinski,Horizon League Championship,"May  9-11, 2025",100,12.27,(+0.0),
Angelica,Refinski,Horizon League Championship,"May  9-11, 2025",200,25.38,(0.3),
Angelica,Refinski,Horizon League Championship,"May  9-11, 2025",4x100,46.21,,
Angelica,Refinski,Badger Challenge,"May  2, 2025",100,12.33,(-0.2),
Angelica,Refinski,Badger Challenge,"May  2, 2025",200,25.55,(0.4),
Angelica,Refinski,Fighting Illini Twilight,"Apr 26, 2025",100,12.14,(4.2),
Angelica,Refinski,Fighting Illini Twilight,"Apr 26, 2025",4x100,46.13,,
Angelica,Refinski,Gibson Invitational,"Apr 17-19, 2025",100,12.59,(1.3),
Angelica,Refinski,Gibson Invitational,"Apr 17-19, 2025",200,25.73,(1.2),
Angelica,Refinski,Marquette Invitational,"Apr 10-11, 2025",100,12.29,(1.4),
Angelica,Refinski,Marquette Invitational,"Apr 10-11, 2025",200,25.93,(-0.2),
Angelica,Refinski,Marquette Invitational,"Apr 10-11, 2025",4x100,47.28,,
Angelica,Refinski,Ashton May Invitational,"Apr  5, 2025",100,12.58,(1.5),
Angelica,Refinski,Ashton May Invitational,"Apr  5, 2025",200,26.06,(2.3),
Angelica,Refinski,Redbird Challenge,"Mar 28-29, 2025",100,12.45,(2.8),
Angelica,Refinski,Redbird Challenge,"Mar 28-29, 2025",100,12.50,(3.2),
Angelica,Refinski,Redbird Challenge,"Mar 28-29, 2025",200,25.57,(3.1),
Angelica,Refinski,Redbird Challenge,"Mar 28-29, 2025",4x100,49.27,,
Angelica,Refinski,2025 Horizon League Indoor Track & Field Championship,"Mar  1- 2, 2025",60,7.79,,
Angelica,Refinski,2025 Horizon League Indoor Track & Field Championship,"Mar  1- 2, 2025",200,26.04,,
Angelica,Refinski,GVSU Big Meet- Friday,"Feb 14, 2025",60,7.84,,
Angelica,Refinski,GVSU Big Meet- Friday,"Feb 14, 2025",200,25.63,,
Angelica,Refinski,UW-La Crosse Mark Guthrie Legacy Invitational,"Feb  8, 2025",60,7.78,,
Angelica,Refinski,UW-La Crosse Mark Guthrie Legacy Invitational,"Feb  8, 2025",60,7.79,,
Angelica,Refinski,UW-La Crosse Mark Guthrie Legacy Invitational,"Feb  8, 2025",200,25.89,,
Angelica,Refinski,Meyo Invitational (2025 Notre Dame Indoor Track & Field),"Jan 31-Feb  1, 2025",60,7.87,,
Angelica,Refinski,Meyo Invitational (2025 Notre Dame Indoor Track & Field),"Jan 31-Feb  1, 2025",200,25.59,,
Angelica,Refinski,John Tierney Classic,"Jan 25, 2025",60,7.86,,
Angelica,Refinski,John Tierney Classic,"Jan 25, 2025",60,7.79,,
Angelica,Refinski,John Tierney Classic,"Jan 25, 2025",200,25.99,,
Angelica,Refinski,Badgers Midwest Invite,"Jan 11, 2025",60,7.97,,
Angelica,Refinski,Badgers Midwest Invite,"Jan 11, 2025",300,42.74,,
Angelica,Refinski,2024 Blue Demon Holiday Invite,"Dec 13, 2024",60,7.83,,
Angelica,Refinski,2024 Blue Demon Holiday Invite,"Dec 13, 2024",60,7.79,,
Angelica,Refinski,2024 Blue Demon Holiday Invite,"Dec 13, 2024",200,26.09,,
Angelica,Refinski,2024 Horizon League Outdoor Track & Field Championship,"May  3- 5, 2024",100,12.60,(1.0),
Angelica,Refinski,2024 Horizon League Outdoor Track & Field Championship,"May  3- 5, 2024",200,26.03,(1.1),
Angelica,Refinski,Clark Wood Open 2024,"Apr 26-27, 2024",100,12.42,(2.6),
Angelica,Refinski,Clark Wood Open 2024,"Apr 26-27, 2024",4x100,47.44,,
Angelica,Refinski,Gibson Invitational,"Apr 18-20, 2024",100,12.59,(1.7),
Angelica,Refinski,Marquette Invitational,"Apr 12, 2024",100,12.40,(1.3),
Angelica,Refinski,Marquette Invitational,"Apr 12, 2024",200,25.53,(1.7),
Angelica,Refinski,Marquette Invitational,"Apr 12, 2024",4x100,48.91,,
Angelica,Refinski,Golden Grizzly T&F Invite,"Apr  6, 2024",100,12.63,(1.4),
Angelica,Refinski,Golden Grizzly T&F Invite,"Apr  6, 2024",100,12.49,(1.8),
Angelica,Refinski,Golden Grizzly T&F Invite,"Apr  6, 2024",200,25.94,(3.2),
Angelica,Refinski,Golden Grizzly T&F Invite,"Apr  6, 2024",4x400,4:01.20,,
Angelica,Refinski,Redbird Challenge,"Mar 29-30, 2024",100,12.61,(1.3),
Angelica,Refinski,Redbird Challenge,"Mar 29-30, 2024",200,26.15,(2.9),
Angelica,Refinski,PANTHER TUNE-UP,"Feb 17, 2024",60,7.89,,
Angelica,Refinski,PANTHER TUNE-UP,"Feb 17, 2024",60,7.91,,
Angelica,Refinski,PANTHER TUNE-UP,"Feb 17, 2024",200,26.76,,
Angelica,Refinski,GVSU Big Meet- (Friday),"Feb  9, 2024",60,7.91,,
Angelica,Refinski,GVSU Big Meet- (Friday),"Feb  9, 2024",200,26.30,,
Angelica,Refinski,Mark Guthrie Legacy Invite,"Feb  3, 2024",60,7.98,,
Angelica,Refinski,Mark Guthrie Legacy Invite,"Feb  3, 2024",60,7.91,,
Angelica,Refinski,Mark Guthrie Legacy Invite,"Feb  3, 2024",200,26.80,,
Angelica,Refinski,John Tierney Classic,"Jan 20, 2024",60,7.94,,
Angelica,Refinski,John Tierney Classic,"Jan 20, 2024",60,7.94,,
Angelica,Refinski,John Tierney Classic,"Jan 20, 2024",200,26.69,,
Angelica,Refinski,Badgers Midwest Invite,"Jan 13, 2024",60,8.11,,
Angelica,Refinski,Badgers Midwest Invite,"Jan 13, 2024",300,44.13,,
Angelica,Refinski,2023 Blue Demon Holiday Invite,"Dec  8, 2023",60,7.97,,
Angelica,Refinski,2023 Blue Demon Holiday Invite,"Dec  8, 2023",300,43.77,,
Tia,Brennan,2026 Horizon League Indoor Track & Field Championship,"Feb 28-Mar  1, 2026",PV,3.47m,,"11' 4.5"""
Tia,Brennan,Panther Tune-up,"Feb 21, 2026",PV,3.43m,,"11' 3"""
Tia,Brennan,2026 Meyo Invitational (Notre Dame Indoor T&F),"Jan 30-31, 2026",PV,NH,,
Tia,Brennan,Larry Wieczorek Invitational,"Jan 23-24, 2026",PV,3.45m,,"11' 3.75"""
Tia,Brennan,Tierney Classic,"Jan 18, 2026",PV,3.45m,,"11' 3.75"""
Tia,Brennan,Minnesota Open,"Jan 10, 2026",PV,3.41m,,"11' 2.25"""
Tia,Brennan,2024 Horizon League Outdoor Track & Field Championship,"May  3- 5, 2024",PV,3.55m,,"11' 7.75"""
Tia,Brennan,UW-Whitewater Drake Alternative,"Apr 25, 2024",PV,3.26m,,"10' 8.25"""
Tia,Brennan,Gibson Invitational,"Apr 18-20, 2024",PV,3.28m,,"10' 9"""
Tia,Brennan,Golden Grizzly T&F Invite,"Apr  6, 2024",PV,3.35m,,"10' 11.75"""
Tia,Brennan,Redbird Challenge,"Mar 29-30, 2024",PV,3.08m,,"10' 1.25"""
Tia,Brennan,Horizon League Indoor Track & Field Championship,"Feb 24-25, 2024",PV,NH,,NH
Tia,Brennan,PANTHER TUNE-UP,"Feb 17, 2024",PV,3.30m,,"10' 10"""
Tia,Brennan,Mark Guthrie Legacy Invite,"Feb  3, 2024",PV,3.27m,,"10' 8.75"""
Tia,Brennan,John Tierney Classic,"Jan 20, 2024",PV,3.00m,,"9' 10"""
Tia,Brennan,Badgers Midwest Invite,"Jan 13, 2024",PV,NH,,NH
Tia,Brennan,Illini Open,"Jan  6, 2024",PV,NH,,NH
Brooke,Crosby,Joyce Morton-Kief Invite,"Mar 27-28, 2026",100H,14.84,(2.2),
Brooke,Crosby,Joyce Morton-Kief Invite,"Mar 27-28, 2026",400H,1:09.22,,
Brooke,Crosby,Horizon League Championship,"May  9-11, 2025",100H,14.42,(0.4),
Brooke,Crosby,Horizon League Championship,"May  9-11, 2025",400H,1:05.93,,
Brooke,Crosby,Badger Challenge,"May  2, 2025",100H,14.74,,
Brooke,Crosby,Badger Challenge,"May  2, 2025",400H,1:06.41,,
Brooke,Crosby,Fighting Illini Twilight,"Apr 26, 2025",100H,14.43,(2.3),
Brooke,Crosby,Fighting Illini Twilight,"Apr 26, 2025",400H,1:07.95,,
Brooke,Crosby,Gibson Invitational,"Apr 17-19, 2025",100H,14.97,(1.9),
Brooke,Crosby,Gibson Invitational,"Apr 17-19, 2025",4x400,3:52.52,,
Brooke,Crosby,Green & White Invite,"Apr 17, 2025",100H,14.45,(3.5),
Brooke,Crosby,Green & White Invite,"Apr 17, 2025",100H,14.73,(4.4),
Brooke,Crosby,Green & White Invite,"Apr 17, 2025",400H,1:09.20,,
Brooke,Crosby,Marquette Invitational,"Apr 10-11, 2025",100H,14.78,(1.9),
Brooke,Crosby,Marquette Invitational,"Apr 10-11, 2025",400H,1:07.52,,
Brooke,Crosby,Marquette Invitational,"Apr 10-11, 2025",4x400,DNS,,
Brooke,Crosby,Ashton May Invitational,"Apr  5, 2025",400H,1:08.90,,
Brooke,Crosby,Redbird Challenge,"Mar 28-29, 2025",400,1:04.21,,
Brooke,Crosby,Redbird Challenge,"Mar 28-29, 2025",4x400,4:01.92,,
Brooke,Crosby,2025 Horizon League Indoor Track & Field Championship,"Mar  1- 2, 2025",60H,9.14,,
Brooke,Crosby,Panther Tune-up,"Feb 22, 2025",400,1:05.96,,
Brooke,Crosby,Panther Tune-up,"Feb 22, 2025",60H,8.91,,
Brooke,Crosby,Panther Tune-up,"Feb 22, 2025",60H,9.05,,
Brooke,Crosby,GVSU Big Meet- Friday,"Feb 14, 2025",400,1:05.16,,
Brooke,Crosby,GVSU Big Meet- Friday,"Feb 14, 2025",60H,9.26,,
Brooke,Crosby,UW-La Crosse Mark Guthrie Legacy Invitational,"Feb  8, 2025",200,27.49,,
Brooke,Crosby,UW-La Crosse Mark Guthrie Legacy Invitational,"Feb  8, 2025",60H,9.27,,
Brooke,Crosby,John Tierney Classic,"Jan 25, 2025",400,DNF,,
Brooke,Crosby,John Tierney Classic,"Jan 25, 2025",60H,9.21,,
Brooke,Crosby,John Tierney Classic,"Jan 25, 2025",60H,9.27,,
Brooke,Crosby,Badgers Midwest Invite,"Jan 11, 2025",300,46.25,,
Brooke,Crosby,Badgers Midwest Invite,"Jan 11, 2025",60H,9.51,,
Brooke,Crosby,Horizon League Indoor Track & Field Championship,"Feb 24-25, 2024",60H,8.95,,
Brooke,Crosby,Horizon League Indoor Track & Field Championship,"Feb 24-25, 2024",4x400,3:55.74,,
Brooke,Crosby,PANTHER TUNE-UP,"Feb 17, 2024",400,1:00.72,,
Brooke,Crosby,PANTHER TUNE-UP,"Feb 17, 2024",60H,8.95,,
Brooke,Crosby,PANTHER TUNE-UP,"Feb 17, 2024",60H,9.10,,
Brooke,Crosby,GVSU Big Meet- (Friday),"Feb  9, 2024",60H,9.09,,
Brooke,Crosby,GVSU Big Meet- (Friday),"Feb  9, 2024",4x400,3:54.02,,
Brooke,Crosby,Mark Guthrie Legacy Invite,"Feb  3, 2024",400,1:02.24,,
Brooke,Crosby,Mark Guthrie Legacy Invite,"Feb  3, 2024",60H,9.29,,
Brooke,Crosby,Illini Challenge,"Jan 26-27, 2024",400,1:01.64,,
Brooke,Crosby,Illini Challenge,"Jan 26-27, 2024",60H,DQ,,
Brooke,Crosby,Illini Challenge,"Jan 26-27, 2024",4x400,4:05.88,,
Brooke,Crosby,John Tierney Classic,"Jan 20, 2024",400,1:01.82,,
Brooke,Crosby,John Tierney Classic,"Jan 20, 2024",60H,9.06,,
Brooke,Crosby,John Tierney Classic,"Jan 20, 2024",60H,9.17,,
Brooke,Crosby,John Tierney Classic,"Jan 20, 2024",4x400,4:01.76,,
Brooke,Crosby,Badgers Midwest Invite,"Jan 13, 2024",300,42.86,,
Brooke,Crosby,Badgers Midwest Invite,"Jan 13, 2024",60H,9.16,,
Brooke,Crosby,2023 Blue Demon Holiday Invite,"Dec  8, 2023",60H,8.92,,
Brooke,Crosby,2023 Blue Demon Holiday Invite,"Dec  8, 2023",60H,8.96,,
Brooke,Crosby,2023 Blue Demon Holiday Invite,"Dec  8, 2023",4x400,3:54.68,,
Brooke,Crosby,Horizon League Championship,"May  5- 7, 2023",100H,14.27,(1.1),
Brooke,Crosby,Horizon League Championship,"May  5- 7, 2023",100H,14.44,(1.0),
Brooke,Crosby,Horizon League Championship,"May  5- 7, 2023",400H,1:03.90,,
Brooke,Crosby,Horizon League Championship,"May  5- 7, 2023",400H,1:03.62,,
Brooke,Crosby,Clark Wood Open 2023,"Apr 28-29, 2023",100H,14.48,(2.1),
Brooke,Crosby,Clark Wood Open 2023,"Apr 28-29, 2023",400H,1:04.44,,
Brooke,Crosby,Gary Wieneke Memorial,"Apr 21-22, 2023",100H,14.29,(2.0),
Brooke,Crosby,Gary Wieneke Memorial,"Apr 21-22, 2023",400H,1:02.73,,
Brooke,Crosby,Gibson Invitational & Multis,"Apr 13-15, 2023",100H,14.24,(1.1),
Brooke,Crosby,Gibson Invitational & Multis,"Apr 13-15, 2023",100H,14.25,(1.9),
Brooke,Crosby,Gibson Invitational & Multis,"Apr 13-15, 2023",400H,1:04.25,,
Brooke,Crosby,Gibson Invitational & Multis,"Apr 13-15, 2023",4x400,4:00.54,,
Brooke,Crosby,Fighting Illini Challenge,"Apr  8, 2023",100H,14.22,(0.3),
Brooke,Crosby,Fighting Illini Challenge,"Apr  8, 2023",400H,1:05.92,,
Brooke,Crosby,Panther Tune-Up,"Feb 18, 2023",400,1:01.13,,
Brooke,Crosby,Panther Tune-Up,"Feb 18, 2023",60H,8.86,,
Brooke,Crosby,GVSU Big Meet (Friday),"Feb 10, 2023",60H,9.09,,
Brooke,Crosby,Mark Guthrie Legacy Invitational,"Feb  4, 2023",200,27.02,,
Brooke,Crosby,Mark Guthrie Legacy Invitational,"Feb  4, 2023",60H,8.96,,
Brooke,Crosby,Mark Guthrie Legacy Invitational,"Feb  4, 2023",60H,9.00,,
Brooke,Crosby,Mark Guthrie Legacy Invitational,"Feb  4, 2023",4x400,4:05.38,,
Brooke,Crosby,Jack Johnson Classic,"Jan 27-28, 2023",200,27.14,,
Brooke,Crosby,Jack Johnson Classic,"Jan 27-28, 2023",60H,9.31,,
Brooke,Crosby,Jack Johnson Classic,"Jan 27-28, 2023",60H,9.08,,
Brooke,Crosby,John Tierney Classic,"Jan 21, 2023",200,27.23,,
Brooke,Crosby,John Tierney Classic,"Jan 21, 2023",60H,8.92,,
Brooke,Crosby,John Tierney Classic,"Jan 21, 2023",60H,9.00,,
Brooke,Crosby,Wisconsin Badgers Midwest Invite,"Jan 14, 2023",60H,9.16,,
Brooke,Crosby,Wisconsin Badgers Midwest Invite,"Jan 14, 2023",4x400,4:07.47,,
Brooke,Crosby,2022 Blue Demon Holiday Invite,"Dec  9, 2022",60H,9.07,,
Brooke,Crosby,2022 Blue Demon Holiday Invite,"Dec  9, 2022",4x400,3:58.16,,
Brooke,Crosby,Horizon League Outdoor Track & Field Championships,"May  6- 8, 2022",100H,14.81,(0.2),
Brooke,Crosby,Horizon League Outdoor Track & Field Championships,"May  6- 8, 2022",100H,14.58,(2.7),
Brooke,Crosby,Horizon League Outdoor Track & Field Championships,"May  6- 8, 2022",400H,1:03.43,,
Brooke,Crosby,Horizon League Outdoor Track & Field Championships,"May  6- 8, 2022",400H,1:04.63,,
Brooke,Crosby,Horizon League Outdoor Track & Field Championships,"May  6- 8, 2022",4x400,3:58.79,,
Brooke,Crosby,Valparaiso Beacan Invite,"Apr 30, 2022",100H,14.89,(1.5),
Brooke,Crosby,Illini Invitational,"Apr 22-23, 2022",100H,14.41,(6.7),
Brooke,Crosby,Illini Invitational,"Apr 22-23, 2022",400H,1:05.32,,
Brooke,Crosby,2022 Warrior Invitational,"Apr 14, 2022",100H,15.20,(1.0),
Brooke,Crosby,2022 Warrior Invitational,"Apr 14, 2022",100H,14.84,(6.6),
Brooke,Crosby,2022 Warrior Invitational,"Apr 14, 2022",400H,1:07.93,,
Brooke,Crosby,Marquette Invitational,"Apr 10, 2022",100H,14.81,(3.4),
Brooke,Crosby,Marquette Invitational,"Apr 10, 2022",400H,1:06.96,,
Brooke,Crosby,Redbird Invite,"Apr  1- 2, 2022",100H,15.44,(-3.0),
Brooke,Crosby,Redbird Invite,"Apr  1- 2, 2022",100H,15.02,(3.2),
Brooke,Crosby,Redbird Invite,"Apr  1- 2, 2022",400H,1:07.05,,
Brooke,Crosby,Horizon League Indoor Track & Field Championships,"Feb 26-27, 2022",60H,9.03,,
Brooke,Crosby,St. Valentines Open,"Feb 18, 2022",200,27.17,,
Brooke,Crosby,St. Valentines Open,"Feb 18, 2022",60H,9.33,,
Brooke,Crosby,St. Valentines Open,"Feb 18, 2022",60H,9.31,,
Brooke,Crosby,GVSU Big Meet-FRIDAY,"Feb 11, 2022",60H,9.21,,
Brooke,Crosby,Red Hawk Invite,"Feb  5, 2022",60H,9.29,,
Brooke,Crosby,Red Hawk Invite,"Feb  5, 2022",60H,9.16,,
Brooke,Crosby,Red Hawk Invite,"Feb  5, 2022",4x400,4:11.96,,
Brooke,Crosby,John Tierney Classic,"Jan 29, 2022",60H,9.06,,
Brooke,Crosby,John Tierney Classic,"Jan 29, 2022",60H,9.36,,
Brooke,Crosby,John Tierney Classic,"Jan 29, 2022",4x400,4:23.18,,
Brooke,Crosby,John Gartland Invitational,"Jan 21-22, 2022",200,27.82,,
Brooke,Crosby,John Gartland Invitational,"Jan 21-22, 2022",60H,9.65,,
Brooke,Crosby,Hawkeye Invite,"Jan 14-15, 2022",200,27.93,,
Brooke,Crosby,Hawkeye Invite,"Jan 14-15, 2022",60H,9.45,,
Chloe,Hedman,Panther Tune-up,"Feb 21, 2026",HJ,NH,,NH
Chloe,Hedman,2026 Blue Demon Alumni Classic,"Feb 13, 2026",HJ,1.50m,,"4' 11"""
Chloe,Hedman,UW-La Crosse Mark Guthrie Legacy Invitational,"Feb  7, 2026",HJ,1.53m,,"5' 0.25"""
Chloe,Hedman,Tierney Classic,"Jan 18, 2026",HJ,NH,,NH
Chloe,Hedman,Minnesota Open,"Jan 10, 2026",HJ,1.50m,,"4' 11"""
Sienna,Hewitt,Panther Tune-up,"Feb 21, 2026",PV,3.28m,,"10' 9"""
Sienna,Hewitt,2026 Blue Demon Alumni Classic,"Feb 13, 2026",PV,3.30m,,"10' 10"""
Sienna,Hewitt,UW-La Crosse Mark Guthrie Legacy Invitational,"Feb  7, 2026",PV,3.23m,,"10' 7"""
Sienna,Hewitt,Tierney Classic,"Jan 18, 2026",PV,3.30m,,"10' 10"""
Sienna,Hewitt,Minnesota Open,"Jan 10, 2026",PV,NH,,NH
Kara,Meeteer,Joyce Morton-Kief Invite,"Mar 27-28, 2026",200,27.85,(2.9),
Kara,Meeteer,Joyce Morton-Kief Invite,"Mar 27-28, 2026",100H,19.08,(2.7),
Kara,Meeteer,Joyce Morton-Kief Invite,"Mar 27-28, 2026",LJ,5.33m,(0.7),"17' 6"""
Kara,Meeteer,Joyce Morton-Kief Invite,"Mar 27-28, 2026",JT,23.89m,,"78' 4"""
Kara,Meeteer,2026 Horizon League Indoor Track & Field Championship,"Feb 28-Mar  1, 2026",HJ,NH,,NH
Kara,Meeteer,2026 Horizon League Indoor Track & Field Championship,"Feb 28-Mar  1, 2026",LJ,5.60m,,"18' 4.5"""
Kara,Meeteer,2026 Horizon League Indoor Track & Field Championship,"Feb 28-Mar  1, 2026",Pent,3084,,
Kara,Meeteer,2026 Horizon League Indoor Track & Field Championship,"Feb 28-Mar  1, 2026",800,2:35.23,,
Kara,Meeteer,2026 Horizon League Indoor Track & Field Championship,"Feb 28-Mar  1, 2026",LJ,5.46m,,"17' 11"""
Kara,Meeteer,2026 Horizon League Indoor Track & Field Championship,"Feb 28-Mar  1, 2026",SP,9.41m,,"30' 10.5"""
Kara,Meeteer,2026 Horizon League Indoor Track & Field Championship,"Feb 28-Mar  1, 2026",HJ,1.57m,,"5' 1.75"""
Kara,Meeteer,2026 Horizon League Indoor Track & Field Championship,"Feb 28-Mar  1, 2026",60H,10.77,,
Kara,Meeteer,Panther Tune-up,"Feb 21, 2026",60H,10.71,,
Kara,Meeteer,Panther Tune-up,"Feb 21, 2026",LJ,5.76m,,"18' 10.75"""
Kara,Meeteer,Panther Tune-up,"Feb 21, 2026",SP,9.38m,,"30' 9.25"""
Kara,Meeteer,2026 Blue Demon Alumni Classic,"Feb 13, 2026",800,DNF,,
Kara,Meeteer,2026 Blue Demon Alumni Classic,"Feb 13, 2026",HJ,1.50m,,"4' 11"""
Kara,Meeteer,2026 Blue Demon Alumni Classic,"Feb 13, 2026",SP,8.19m,,"26' 10.5"""
Kara,Meeteer,2026 PNC Lenny Lyles Open,"Jan 30-31, 2026",Pent,2947,,
Kara,Meeteer,2026 PNC Lenny Lyles Open,"Jan 30-31, 2026",SP,8.62m,,"28' 3.5"""
Kara,Meeteer,2026 PNC Lenny Lyles Open,"Jan 30-31, 2026",LJ,5.52m,,"18' 1.5"""
Kara,Meeteer,2026 PNC Lenny Lyles Open,"Jan 30-31, 2026",HJ,1.58m,,"5' 2.25"""
Kara,Meeteer,2026 PNC Lenny Lyles Open,"Jan 30-31, 2026",800,2:36.52,,
Kara,Meeteer,2026 PNC Lenny Lyles Open,"Jan 30-31, 2026",60H,11.38,,
Kara,Meeteer,Larry Wieczorek Invitational,"Jan 23-24, 2026",400,1:01.35,,
Kara,Meeteer,Larry Wieczorek Invitational,"Jan 23-24, 2026",LJ,5.43m,,"17' 9.75"""
Kara,Meeteer,Tierney Classic,"Jan 18, 2026",400,1:02.36,,
Kara,Meeteer,Tierney Classic,"Jan 18, 2026",LJ,5.71m,,"18' 9"""
Kara,Meeteer,Tierney Classic,"Jan 18, 2026",SP,9.32m,,"30' 7"""
Kara,Meeteer,Minnesota Open,"Jan 10, 2026",200,27.31,,
Kara,Meeteer,Minnesota Open,"Jan 10, 2026",HJ,1.60m,,"5' 3"""
Kara,Meeteer,Minnesota Open,"Jan 10, 2026",SP,9.56m,,"31' 4.5"""
Kara,Meeteer,2025 Blue Demon Holiday Invite,"Dec 12, 2025",300,42.90,,
Kara,Meeteer,2025 Blue Demon Holiday Invite,"Dec 12, 2025",LJ,5.48m,,"17' 11.75"""
Lauren,Wickus,Joyce Morton-Kief Invite,"Mar 27-28, 2026",LJ,5.27m,(1.1),"17' 3.5"""
Lauren,Wickus,2026 Horizon League Indoor Track & Field Championship,"Feb 28-Mar  1, 2026",LJ,5.27m,,"17' 3.5"""
Lauren,Wickus,Panther Tune-up,"Feb 21, 2026",200,27.28,,
Lauren,Wickus,Panther Tune-up,"Feb 21, 2026",LJ,5.62m,,"18' 5.25"""
Lauren,Wickus,2026 Blue Demon Alumni Classic,"Feb 13, 2026",LJ,5.24m,,"17' 2.25"""
Lauren,Wickus,UW-La Crosse Mark Guthrie Legacy Invitational,"Feb  7, 2026",LJ,5.16m,,"16' 11.25"""
Lauren,Wickus,Tierney Classic,"Jan 18, 2026",200,27.32,,
Lauren,Wickus,Tierney Classic,"Jan 18, 2026",LJ,5.31m,,"17' 5.25"""
Lauren,Wickus,Minnesota Open,"Jan 10, 2026",200,DNS,,
Lauren,Wickus,Minnesota Open,"Jan 10, 2026",LJ,4.86m,,"15' 11.5"""
Lauren,Wickus,2025 Blue Demon Holiday Invite,"Dec 12, 2025",LJ,5.12m,,"16' 9.75"""
Emma,Johnson,Joyce Morton-Kief Invite,"Mar 27-28, 2026",PV,3.58m,,"11' 9"""
Emma,Johnson,2026 Horizon League Indoor Track & Field Championship,"Feb 28-Mar  1, 2026",PV,3.62m,,"11' 10.5"""
Emma,Johnson,Panther Tune-up,"Feb 21, 2026",PV,3.83m,,"12' 6.75"""
Emma,Johnson,UW-La Crosse Mark Guthrie Legacy Invitational,"Feb  7, 2026",PV,3.68m,,"12' 0.75"""
Emma,Johnson,2026 Meyo Invitational (Notre Dame Indoor T&F),"Jan 30-31, 2026",PV,3.53m,,"11' 7"""
Emma,Johnson,Larry Wieczorek Invitational,"Jan 23-24, 2026",PV,3.75m,,"12' 3.5"""
Emma,Johnson,Tierney Classic,"Jan 18, 2026",PV,3.75m,,"12' 3.5"""
Emma,Johnson,Minnesota Open,"Jan 10, 2026",PV,3.56m,,"11' 8"""
Tori,Spagnola,Raleigh Relays,"Mar 26-28, 2026",100H,14.52,(-0.2),
Tori,Spagnola,Raleigh Relays,"Mar 26-28, 2026",400H,1:03.71,,
Tori,Spagnola,2026 Horizon League Indoor Track & Field Championship,"Feb 28-Mar  1, 2026",60H,8.81,,
Tori,Spagnola,2026 Horizon League Indoor Track & Field Championship,"Feb 28-Mar  1, 2026",60H,8.83,,
Tori,Spagnola,GVSU Big Meet-Friday,"Feb 13, 2026",400,59.24,,
Tori,Spagnola,GVSU Big Meet-Friday,"Feb 13, 2026",60H,8.89,,
Tori,Spagnola,Iowa State Classic,"Feb  6, 2026",60H,8.82,,
Tori,Spagnola,Iowa State Classic,"Feb  6, 2026",60H,8.68,,
Tori,Spagnola,2026 Meyo Invitational (Notre Dame Indoor T&F),"Jan 30-31, 2026",60H,8.88,,
Tori,Spagnola,2026 Meyo Invitational (Notre Dame Indoor T&F),"Jan 30-31, 2026",60H,8.80,,
Tori,Spagnola,2026 Meyo Invitational (Notre Dame Indoor T&F),"Jan 30-31, 2026",60H,8.87,,
Tori,Spagnola,Tierney Classic,"Jan 18, 2026",60H,8.90,,
Tori,Spagnola,Tierney Classic,"Jan 18, 2026",60H,8.82,,
Tori,Spagnola,Minnesota Open,"Jan 10, 2026",200,26.71,,
Tori,Spagnola,Minnesota Open,"Jan 10, 2026",400,1:00.77,,
Tori,Spagnola,2025 Blue Demon Holiday Invite,"Dec 12, 2025",400,1:00.48,,
Olivia,Busch,2025 Horizon League Indoor Track & Field Championship,"Mar  1- 2, 2025",TJ,11.89m,,"39' 0.25"""
Olivia,Busch,Panther Tune-up,"Feb 22, 2025",TJ,11.79m,,"38' 8.25"""
Olivia,Busch,UW-La Crosse Mark Guthrie Legacy Invitational,"Feb  8, 2025",TJ,11.37m,,"37' 3.75"""
Olivia,Busch,John Tierney Classic,"Jan 25, 2025",TJ,11.70m,,"38' 4.75"""
Olivia,Busch,Badgers Midwest Invite,"Jan 11, 2025",TJ,FOUL,,NM
Olivia,Busch,UW-La Crosse Eagle Open,"May 10, 2024",JT,35.25m,,"115' 8"""
Olivia,Busch,2024 Horizon League Outdoor Track & Field Championship,"May  3- 5, 2024",TJ,11.85m,(0.3),"38' 10.5"""
Olivia,Busch,2024 Horizon League Outdoor Track & Field Championship,"May  3- 5, 2024",JT,36.06m,,"118' 4"""
Olivia,Busch,UW-Whitewater Drake Alternative,"Apr 25, 2024",TJ,11.23m,(-1.1),"36' 10.25"""
Olivia,Busch,UW-Whitewater Drake Alternative,"Apr 25, 2024",JT,34.97m,,"114' 9"""
Olivia,Busch,Gibson Invitational,"Apr 18-20, 2024",JT,32.71m,,"107' 4"""
Olivia,Busch,Gary Wieneke Memorial,"Apr 13, 2024",JT,36.28m,,"119' 0"""
Olivia,Busch,Marquette Invitational,"Apr 12, 2024",JT,32.14m,,"105' 5"""
Olivia,Busch,Golden Grizzly T&F Invite,"Apr  6, 2024",TJ,11.05m,(1.7),"36' 3"""
Olivia,Busch,Golden Grizzly T&F Invite,"Apr  6, 2024",JT,32.42m,,"106' 4"""
Olivia,Busch,Redbird Challenge,"Mar 29-30, 2024",TJ,DNS,,NM
Olivia,Busch,Redbird Challenge,"Mar 29-30, 2024",JT,30.00m,,"98' 5"""
Olivia,Busch,2024 Warrior Invitational,"Mar 28, 2024",JT,30.80m,,"101' 0"""
Olivia,Busch,Horizon League Indoor Track & Field Championship,"Feb 24-25, 2024",TJ,11.56m,,"37' 11.25"""
Olivia,Busch,PANTHER TUNE-UP,"Feb 17, 2024",TJ,11.65m,,"38' 2.75"""
Olivia,Busch,Mark Guthrie Legacy Invite,"Feb  3, 2024",LJ,5.00m,,"16' 5"""
Olivia,Busch,Mark Guthrie Legacy Invite,"Feb  3, 2024",TJ,11.11m,,"36' 5.5"""
Olivia,Busch,John Tierney Classic,"Jan 20, 2024",TJ,11.61m,,"38' 1.25"""
Olivia,Busch,Badgers Midwest Invite,"Jan 13, 2024",LJ,5.06m,,"16' 7.25"""
Olivia,Busch,Illini Open,"Jan  6, 2024",TJ,11.18m,,"36' 8.25"""
Olivia,Busch,2023 Blue Demon Holiday Invite,"Dec  8, 2023",TJ,11.01m,,"36' 1.5"""
Olivia,Busch,Horizon League Championship,"May  5- 7, 2023",TJ,11.41m,(1.0),"37' 5.25"""
Olivia,Busch,Horizon League Championship,"May  5- 7, 2023",JT,36.38m,,"119' 4"""
Olivia,Busch,Clark Wood Open 2023,"Apr 28-29, 2023",TJ,FOUL,,NM
Olivia,Busch,Clark Wood Open 2023,"Apr 28-29, 2023",JT,27.65m,,"90' 8"""
Olivia,Busch,Gibson Invitational & Multis,"Apr 13-15, 2023",TJ,11.00m,(1.5),"36' 1.25"""
Olivia,Busch,Gibson Invitational & Multis,"Apr 13-15, 2023",JT,29.91m,,"98' 1"""
Olivia,Busch,Fighting Illini Challenge,"Apr  8, 2023",JT,29.59m,,"97' 1"""
Olivia,Busch,Warrior Invitational,"Apr  6, 2023",JT,29.61m,,"97' 2"""
Olivia,Busch,2023 Horizon League Indoor Track & Field Championship,"Feb 25-26, 2023",TJ,11.06m,,"36' 3.5"""
Olivia,Busch,Panther Tune-Up,"Feb 18, 2023",LJ,FOUL,,NM
Olivia,Busch,Panther Tune-Up,"Feb 18, 2023",TJ,11.08m,,"36' 4.25"""
Olivia,Busch,GVSU Big Meet (Friday),"Feb 10, 2023",TJ,11.04m,,"36' 2.75"""
Olivia,Busch,Mark Guthrie Legacy Invitational,"Feb  4, 2023",LJ,4.99m,,"16' 4.5"""
Olivia,Busch,Mark Guthrie Legacy Invitational,"Feb  4, 2023",TJ,11.30m,,"37' 1"""
Olivia,Busch,Jack Johnson Classic,"Jan 27-28, 2023",TJ,11.10m,,"36' 5"""
Olivia,Busch,John Tierney Classic,"Jan 21, 2023",LJ,FOUL,,NM
Olivia,Busch,John Tierney Classic,"Jan 21, 2023",TJ,11.07m,,"36' 4"""
Olivia,Busch,Wisconsin Badgers Midwest Invite,"Jan 14, 2023",TJ,10.74m,,"35' 3"""
Olivia,Busch,2022 Blue Demon Holiday Invite,"Dec  9, 2022",LJ,4.95m,,"16' 3"""
Olivia,Busch,2022 Blue Demon Holiday Invite,"Dec  9, 2022",TJ,11.07m,,"36' 4"""
Olivia,Busch,Horizon League Outdoor Track & Field Championships,"May  6- 8, 2022",TJ,11.52m,(+0.0),"37' 9.5"""
Olivia,Busch,Horizon League Outdoor Track & Field Championships,"May  6- 8, 2022",JT,34.63m,,"113' 7"""
Olivia,Busch,Valparaiso Beacan Invite,"Apr 30, 2022",TJ,11.47m,(0.6),"37' 7.75"""
Olivia,Busch,Valparaiso Beacan Invite,"Apr 30, 2022",JT,32.70m,,"107' 3"""
Olivia,Busch,Illini Invitational,"Apr 22-23, 2022",TJ,11.24m,(5.6),"36' 10.5"""
Olivia,Busch,2022 Warrior Invitational,"Apr 14, 2022",JT,30.28m,,"99' 4"""
Olivia,Busch,Marquette Invitational,"Apr 10, 2022",JT,30.50m,,"100' 1"""
Olivia,Busch,Redbird Invite,"Apr  1- 2, 2022",LJ,4.94m,,"16' 2.5"""
Olivia,Busch,Redbird Invite,"Apr  1- 2, 2022",TJ,11.02m,,"36' 2"""
Olivia,Busch,Redbird Invite,"Apr  1- 2, 2022",JT,27.35m,,"89' 9"""
Olivia,Busch,Horizon League Indoor Track & Field Championships,"Feb 26-27, 2022",LJ,5.24m,,"17' 2.25"""
Olivia,Busch,Horizon League Indoor Track & Field Championships,"Feb 26-27, 2022",TJ,11.70m,,"38' 4.75"""
Olivia,Busch,St. Valentines Open,"Feb 18, 2022",TJ,11.50m,,"37' 8.75"""
Olivia,Busch,2022 Hoosier Hills,"Feb 11, 2022",LJ,5.30m,,"17' 4.75"""
Olivia,Busch,2022 Hoosier Hills,"Feb 11, 2022",TJ,FOUL,,NM
Olivia,Busch,John Tierney Classic,"Jan 29, 2022",LJ,5.37m,,"17' 7.5"""
Olivia,Busch,John Tierney Classic,"Jan 29, 2022",TJ,11.43m,,"37' 6"""
Olivia,Busch,John Gartland Invitational,"Jan 21-22, 2022",TJ,11.21m,,"36' 9.5"""
Olivia,Busch,Hawkeye Invite,"Jan 14-15, 2022",LJ,5.03m,,"16' 6"""
Olivia,Busch,Hawkeye Invite,"Jan 14-15, 2022",TJ,11.38m,,"37' 4"""
Olivia,Busch,Horizon League Outdoor Track & Field Championships,"May  7- 9, 2021",TJ,10.94m,,"35' 10.75"""
Olivia,Busch,Valpo Invitational,"May  1, 2021",TJ,10.54m,(1.8),"34' 7"""
Olivia,Busch,2021 Green & White Invite,"Apr 24, 2021",LJ,4.66m,(+0.0),"15' 3.5"""
Olivia,Busch,2021 Green & White Invite,"Apr 24, 2021",TJ,10.54m,(1.5),"34' 7"""
Olivia,Busch,2021 Warrior Invitational,"Apr 17, 2021",LJ,4.63m,(1.6),"15' 2.25"""
Olivia,Busch,2021 Warrior Invitational,"Apr 17, 2021",TJ,10.40m,(+0.0),"34' 1.5"""
Olivia,Busch,Big Blue Classic,"Apr  9-10, 2021",TJ,10.46m,(3.3),"34' 4"""
Olivia,Busch,Illinois State Redbird Invitational,"Apr  2, 2021",LJ,4.30m,(1.5),"14' 1.25"""
Olivia,Busch,Illinois State Redbird Invitational,"Apr  2, 2021",TJ,10.44m,,"34' 3"""
Olivia,Busch,Panther Tune-Up,"Feb 14, 2021",LJ,4.92m,,"16' 1.75"""
Olivia,Busch,Panther Tune-Up,"Feb 14, 2021",TJ,10.38m,,"34' 0.75"""
Olivia,Busch,UW-Parkside Triangular,"Feb  5- 6, 2021",TJ,9.98m,,"32' 9"""
Olivia,Busch,John Tierney Classic,"Jan 23, 2021",LJ,4.84m,,"15' 10.5"""
Olivia,Busch,John Tierney Classic,"Jan 23, 2021",TJ,10.63m,,"34' 10.5"""
Olivia,Busch,The Panther Invite,"Jan  9, 2021",LJ,4.69m,,"15' 4.75"""
Olivia,Busch,The Panther Invite,"Jan  9, 2021",TJ,10.36m,,"34' 0"""
Vivian,Jones,2025 Horizon League Indoor Track & Field Championship,"Mar  1- 2, 2025",LJ,5.02m,,"16' 5.75"""
Vivian,Jones,UW-La Crosse Mark Guthrie Legacy Invitational,"Feb  8, 2025",200,27.64,,
Vivian,Jones,UW-La Crosse Mark Guthrie Legacy Invitational,"Feb  8, 2025",LJ,5.32m,,"17' 5.5"""
Vivian,Jones,John Tierney Classic,"Jan 25, 2025",200,27.59,,
Vivian,Jones,John Tierney Classic,"Jan 25, 2025",LJ,5.26m,,"17' 3.25"""
Vivian,Jones,Badgers Midwest Invite,"Jan 11, 2025",300,45.10,,
Vivian,Jones,Badgers Midwest Invite,"Jan 11, 2025",LJ,5.48m,,"17' 11.75"""
Vivian,Jones,2024 Blue Demon Holiday Invite,"Dec 13, 2024",LJ,FOUL,,NM
Vivian,Jones,2024 Horizon League Outdoor Track & Field Championship,"May  3- 5, 2024",LJ,FOUL,,NM
Vivian,Jones,2024 Horizon League Outdoor Track & Field Championship,"May  3- 5, 2024",Hep,3256,,
Vivian,Jones,2024 Horizon League Outdoor Track & Field Championship,"May  3- 5, 2024",100H,16.38,(-0.6),
Vivian,Jones,2024 Horizon League Outdoor Track & Field Championship,"May  3- 5, 2024",HJ,1.39m,,"4' 6.75"""
Vivian,Jones,2024 Horizon League Outdoor Track & Field Championship,"May  3- 5, 2024",SP,9.33m,,"30' 7.5"""
Vivian,Jones,2024 Horizon League Outdoor Track & Field Championship,"May  3- 5, 2024",200,27.72,(-1.4),
Vivian,Jones,2024 Horizon League Outdoor Track & Field Championship,"May  3- 5, 2024",LJ,4.77m,(-1.4),"15' 7.75"""
Vivian,Jones,2024 Horizon League Outdoor Track & Field Championship,"May  3- 5, 2024",JT,28.53m,,"93' 7"""
Vivian,Jones,2024 Horizon League Outdoor Track & Field Championship,"May  3- 5, 2024",800,DNF,,
Vivian,Jones,Golden Grizzly T&F Invite,"Apr  6, 2024",100H,16.56,(1.3),
Vivian,Jones,Golden Grizzly T&F Invite,"Apr  6, 2024",HJ,1.45m,,"4' 9"""
Vivian,Jones,Golden Grizzly T&F Invite,"Apr  6, 2024",LJ,5.29m,(1.6),"17' 4.25"""
Vivian,Jones,Golden Grizzly T&F Invite,"Apr  6, 2024",JT,23.22m,,"76' 2"""
Vivian,Jones,Redbird Challenge,"Mar 29-30, 2024",800,2:36.34,,
Vivian,Jones,Redbird Challenge,"Mar 29-30, 2024",100H,15.64,(0.4),
Vivian,Jones,Redbird Challenge,"Mar 29-30, 2024",JT,19.44m,,"63' 9"""
Vivian,Jones,Horizon League Indoor Track & Field Championship,"Feb 24-25, 2024",Pent,3133,,
Vivian,Jones,Horizon League Indoor Track & Field Championship,"Feb 24-25, 2024",60H,9.34,,
Vivian,Jones,Horizon League Indoor Track & Field Championship,"Feb 24-25, 2024",HJ,1.43m,,"4' 8.25"""
Vivian,Jones,Horizon League Indoor Track & Field Championship,"Feb 24-25, 2024",SP,9.40m,,"30' 10.25"""
Vivian,Jones,Horizon League Indoor Track & Field Championship,"Feb 24-25, 2024",LJ,5.36m,,"17' 7"""
Vivian,Jones,Horizon League Indoor Track & Field Championship,"Feb 24-25, 2024",800,2:37.71,,
Vivian,Jones,PANTHER TUNE-UP,"Feb 17, 2024",HJ,1.30m,,"4' 3.25"""
Vivian,Jones,GVSU Big Meet- (Friday),"Feb  9, 2024",60H,9.54,,
Vivian,Jones,GVSU Big Meet- (Friday),"Feb  9, 2024",LJ,4.81m,,"15' 9.5"""
Vivian,Jones,Mark Guthrie Legacy Invite,"Feb  3, 2024",60H,9.69,,
Vivian,Jones,Mark Guthrie Legacy Invite,"Feb  3, 2024",LJ,5.11m,,"16' 9.25"""
Vivian,Jones,John Tierney Classic,"Jan 20, 2024",60H,9.62,,
Vivian,Jones,John Tierney Classic,"Jan 20, 2024",HJ,1.35m,,"4' 5"""
Vivian,Jones,John Tierney Classic,"Jan 20, 2024",SP,8.75m,,"28' 8.5"""
Vivian,Jones,Badgers Midwest Invite,"Jan 13, 2024",60H,9.54,,
Vivian,Jones,Badgers Midwest Invite,"Jan 13, 2024",LJ,4.98m,,"16' 4.25"""
Vivian,Jones,Badgers Midwest Invite,"Jan 13, 2024",SP,7.98m,,"26' 2.25"""
Vivian,Jones,Illini Open,"Jan  6, 2024",600,1:52.96,,
Vivian,Jones,Illini Open,"Jan  6, 2024",60H,9.75,,
Vivian,Jones,Illini Open,"Jan  6, 2024",LJ,5.25m,,"17' 2.75"""
Vivian,Jones,2023 Blue Demon Holiday Invite,"Dec  8, 2023",LJ,5.22m,,"17' 1.5"""
Jane,Kautz,UWL Final Qualifier,"May 14, 2025",LJ,FOUL,,NM
Jane,Kautz,Horizon League Championship,"May  9-11, 2025",JT,30.94m,,"101' 6"""
Jane,Kautz,Horizon League Championship,"May  9-11, 2025",Hep,4271,,
Jane,Kautz,Horizon League Championship,"May  9-11, 2025",800,2:26.64,,
Jane,Kautz,Horizon League Championship,"May  9-11, 2025",JT,28.20m,,"92' 6"""
Jane,Kautz,Horizon League Championship,"May  9-11, 2025",LJ,4.56m,(1.0),"14' 11.5"""
Jane,Kautz,Horizon League Championship,"May  9-11, 2025",200,26.56,(4.1),
Jane,Kautz,Horizon League Championship,"May  9-11, 2025",SP,9.96m,,"32' 8.25"""
Jane,Kautz,Horizon League Championship,"May  9-11, 2025",HJ,1.52m,,"4' 11.75"""
Jane,Kautz,Horizon League Championship,"May  9-11, 2025",100H,15.88,(1.4),
Jane,Kautz,Badger Challenge,"May  2, 2025",HJ,1.45m,,"4' 9"""
Jane,Kautz,Badger Challenge,"May  2, 2025",SP,11.14m,,"36' 6.75"""
Jane,Kautz,Badger Challenge,"May  2, 2025",JT,30.19m,,"99' 0"""
Jane,Kautz,Fighting Illini Twilight,"Apr 26, 2025",JT,32.45m,,"106' 5"""
Jane,Kautz,UW-Whitewater Drake Alternative,"Apr 24, 2025",100H,16.01,(-1.4),
Jane,Kautz,UW-Whitewater Drake Alternative,"Apr 24, 2025",100H,15.83,(2.4),
Jane,Kautz,UW-Whitewater Drake Alternative,"Apr 24, 2025",HJ,1.42m,,"4' 7.75"""
Jane,Kautz,UW-Whitewater Drake Alternative,"Apr 24, 2025",LJ,5.10m,(2.5),"16' 8.75"""
Jane,Kautz,Marquette Invitational,"Apr 10-11, 2025",200,27.55,(-0.8),
Jane,Kautz,Marquette Invitational,"Apr 10-11, 2025",100H,15.99,(1.9),
Jane,Kautz,Marquette Invitational,"Apr 10-11, 2025",LJ,5.00m,(1.5),"16' 5"""
Jane,Kautz,Marquette Invitational,"Apr 10-11, 2025",SP,9.88m,,"32' 5"""
Jane,Kautz,Marquette Invitational,"Apr 10-11, 2025",JT,31.28m,,"102' 7"""
Jane,Kautz,Ashton May Invitational,"Apr  5, 2025",100H,16.46,(2.3),
Jane,Kautz,Ashton May Invitational,"Apr  5, 2025",HJ,1.44m,,"4' 8.75"""
Jane,Kautz,Ashton May Invitational,"Apr  5, 2025",SP,10.30m,,"33' 9.5"""
Jane,Kautz,Redbird Challenge,"Mar 28-29, 2025",100H,17.67,(2.9),
Jane,Kautz,Redbird Challenge,"Mar 28-29, 2025",LJ,4.59m,(2.5),"15' 0.75"""
Jane,Kautz,Redbird Challenge,"Mar 28-29, 2025",JT,32.04m,,"105' 1"""
Jane,Kautz,Panther Tune-up,"Feb 22, 2025",HJ,1.48m,,"4' 10.25"""
Jane,Kautz,Panther Tune-up,"Feb 22, 2025",SP,10.01m,,"32' 10.25"""
Jane,Kautz,John Tierney Classic,"Jan 25, 2025",60H,9.61,,
Jane,Kautz,John Tierney Classic,"Jan 25, 2025",60H,9.59,,
Jane,Kautz,John Tierney Classic,"Jan 25, 2025",HJ,1.50m,,"4' 11"""
Jane,Kautz,John Tierney Classic,"Jan 25, 2025",SP,10.40m,,"34' 1.5"""
Morgan,Pilate,Horizon League Championship,"May  9-11, 2025",LJ,5.74m,(1.6),"18' 10"""
Morgan,Pilate,Horizon League Championship,"May  9-11, 2025",TJ,12.09m,(0.3),"39' 8"""
Morgan,Pilate,Jim Green Invitational,"May  2- 3, 2025",TJ,11.78m,(3.3),"38' 7.75"""
Morgan,Pilate,Fighting Illini Twilight,"Apr 26, 2025",LJ,5.52m,(2.8),"18' 1.5"""
Morgan,Pilate,Fighting Illini Twilight,"Apr 26, 2025",TJ,12.40m,(1.3),"40' 8.25"""
Morgan,Pilate,Gibson Invitational,"Apr 17-19, 2025",LJ,5.17m,(+0.0),"16' 11.5"""
Morgan,Pilate,Gibson Invitational,"Apr 17-19, 2025",TJ,11.27m,(+0.0),"36' 11.75"""
Morgan,Pilate,Ashton May Invitational,"Apr  5, 2025",LJ,5.50m,(1.3),"18' 0.5"""
Morgan,Pilate,Ashton May Invitational,"Apr  5, 2025",TJ,11.86m,(3.0),"38' 11"""
Morgan,Pilate,Raleigh Relays,"Mar 27-29, 2025",LJ,5.39m,(0.8),"17' 8.25"""
Morgan,Pilate,Raleigh Relays,"Mar 27-29, 2025",TJ,11.85m,(0.7),"38' 10.5"""
Morgan,Pilate,2025 Horizon League Indoor Track & Field Championship,"Mar  1- 2, 2025",LJ,5.58m,,"18' 3.75"""
Morgan,Pilate,2025 Horizon League Indoor Track & Field Championship,"Mar  1- 2, 2025",TJ,12.44m,,"40' 9.75"""
Morgan,Pilate,Panther Tune-up,"Feb 22, 2025",LJ,5.65m,,"18' 6.5"""
Morgan,Pilate,Panther Tune-up,"Feb 22, 2025",TJ,12.48m,,"40' 11.5"""
Morgan,Pilate,John Tierney Classic,"Jan 25, 2025",TJ,10.65m,,"34' 11.25"""
Morgan,Pilate,2024 Blue Demon Holiday Invite,"Dec 13, 2024",LJ,5.81m,,"19' 0.75"""
Morgan,Pilate,2024 Blue Demon Holiday Invite,"Dec 13, 2024",TJ,12.01m,,"39' 5"""
Morgan,Pilate,2024 Horizon League Outdoor Track & Field Championship,"May  3- 5, 2024",LJ,5.31m,(1.5),"17' 5.25"""
Morgan,Pilate,2024 Horizon League Outdoor Track & Field Championship,"May  3- 5, 2024",TJ,11.74m,(1.1),"38' 6.25"""
Morgan,Pilate,Clark Wood Open 2024,"Apr 26-27, 2024",LJ,5.84m,(2.7),"19' 2"""
Morgan,Pilate,Clark Wood Open 2024,"Apr 26-27, 2024",TJ,11.85m,(3.3),"38' 10.5"""
Morgan,Pilate,Gibson Invitational,"Apr 18-20, 2024",LJ,5.22m,(0.6),"17' 1.5"""
Morgan,Pilate,Gibson Invitational,"Apr 18-20, 2024",TJ,11.41m,(1.4),"37' 5.25"""
Morgan,Pilate,2024 Bryan Clay Invitational,"Apr 11-13, 2024",TJ,11.61m,(1.7),"38' 1.25"""
Morgan,Pilate,Horizon League Indoor Track & Field Championship,"Feb 24-25, 2024",LJ,5.56m,,"18' 3"""
Morgan,Pilate,Horizon League Indoor Track & Field Championship,"Feb 24-25, 2024",TJ,12.16m,,"39' 10.75"""
Morgan,Pilate,PANTHER TUNE-UP,"Feb 17, 2024",LJ,5.54m,,"18' 2.25"""
Morgan,Pilate,PANTHER TUNE-UP,"Feb 17, 2024",TJ,11.73m,,"38' 6"""
Morgan,Pilate,Mark Guthrie Legacy Invite,"Feb  3, 2024",LJ,5.35m,,"17' 6.75"""
Morgan,Pilate,Mark Guthrie Legacy Invite,"Feb  3, 2024",TJ,11.72m,,"38' 5.5"""
Morgan,Pilate,Illini Challenge,"Jan 26-27, 2024",60,8.00,,
Morgan,Pilate,Illini Challenge,"Jan 26-27, 2024",TJ,11.58m,,"38' 0"""
Morgan,Pilate,John Tierney Classic,"Jan 20, 2024",60,7.97,,
Morgan,Pilate,John Tierney Classic,"Jan 20, 2024",TJ,11.91m,,"39' 1"""
Morgan,Pilate,2023 Blue Demon Holiday Invite,"Dec  8, 2023",TJ,11.69m,,"38' 4.25"""
Morgan,Pilate,Horizon League Championship,"May  5- 7, 2023",100H,14.65,(1.0),
Morgan,Pilate,Horizon League Championship,"May  5- 7, 2023",LJ,5.57m,(0.7),"18' 3.25"""
Morgan,Pilate,Horizon League Championship,"May  5- 7, 2023",TJ,11.62m,(+0.0),"38' 1.5"""
Morgan,Pilate,Clark Wood Open 2023,"Apr 28-29, 2023",100H,15.08,(2.2),
Morgan,Pilate,Clark Wood Open 2023,"Apr 28-29, 2023",TJ,11.96m,(1.3),"39' 3"""
Morgan,Pilate,Gary Wieneke Memorial,"Apr 21-22, 2023",LJ,5.63m,(2.2),"18' 5.75"""
Morgan,Pilate,Gibson Invitational & Multis,"Apr 13-15, 2023",100H,14.75,(1.7),
Morgan,Pilate,Gibson Invitational & Multis,"Apr 13-15, 2023",TJ,11.92m,(1.8),"39' 1.25"""
Morgan,Pilate,Fighting Illini Challenge,"Apr  8, 2023",100H,15.08,(0.3),
Morgan,Pilate,Fighting Illini Challenge,"Apr  8, 2023",TJ,FOUL,,NM
Morgan,Pilate,2023 Horizon League Indoor Track & Field Championship,"Feb 25-26, 2023",60H,9.11,,
Morgan,Pilate,2023 Horizon League Indoor Track & Field Championship,"Feb 25-26, 2023",TJ,11.99m,,"39' 4"""
Morgan,Pilate,GVSU Big Meet (Friday),"Feb 10, 2023",60H,10.41,,
Morgan,Pilate,GVSU Big Meet (Friday),"Feb 10, 2023",TJ,11.32m,,"37' 1.75"""
Morgan,Pilate,Jack Johnson Classic,"Jan 27-28, 2023",60H,8.92,,
Morgan,Pilate,Jack Johnson Classic,"Jan 27-28, 2023",60H,8.95,,
Morgan,Pilate,Jack Johnson Classic,"Jan 27-28, 2023",TJ,11.86m,,"38' 11"""
Morgan,Pilate,John Tierney Classic,"Jan 21, 2023",60H,8.88,,
Morgan,Pilate,John Tierney Classic,"Jan 21, 2023",60H,9.16,,
Morgan,Pilate,John Tierney Classic,"Jan 21, 2023",LJ,5.53m,,"18' 1.75"""
Morgan,Pilate,John Tierney Classic,"Jan 21, 2023",TJ,12.23m,,"40' 1.5"""
Morgan,Pilate,Wisconsin Badgers Midwest Invite,"Jan 14, 2023",60H,9.07,,
Morgan,Pilate,Wisconsin Badgers Midwest Invite,"Jan 14, 2023",TJ,11.43m,,"37' 6"""
Morgan,Pilate,2022 Blue Demon Holiday Invite,"Dec  9, 2022",60H,10.00,,
Morgan,Pilate,2022 Blue Demon Holiday Invite,"Dec  9, 2022",TJ,11.91m,,"39' 1"""
Morgan,Pilate,Horizon League Outdoor Track & Field Championships,"May  6- 8, 2022",100H,14.54,(0.2),
Morgan,Pilate,Horizon League Outdoor Track & Field Championships,"May  6- 8, 2022",100H,14.42,(2.7),
Morgan,Pilate,Horizon League Outdoor Track & Field Championships,"May  6- 8, 2022",LJ,5.46m,(+0.0),"17' 11"""
Morgan,Pilate,Horizon League Outdoor Track & Field Championships,"May  6- 8, 2022",TJ,12.20m,(+0.0),"40' 0.5"""
Morgan,Pilate,Valparaiso Beacan Invite,"Apr 30, 2022",100H,14.86,(1.5),
Morgan,Pilate,Illini Invitational,"Apr 22-23, 2022",TJ,12.15m,(7.7),"39' 10.5"""
Morgan,Pilate,44 Farms Team Invitational,"Apr  8- 9, 2022",100H,14.64,(5.1),
Morgan,Pilate,44 Farms Team Invitational,"Apr  8- 9, 2022",LJ,5.49m,(4.1),"18' 0.25"""
Morgan,Pilate,44 Farms Team Invitational,"Apr  8- 9, 2022",TJ,11.87m,(3.4),"38' 11.5"""
Morgan,Pilate,Redbird Invite,"Apr  1- 2, 2022",100H,15.69,(1.7),
Morgan,Pilate,Redbird Invite,"Apr  1- 2, 2022",TJ,11.58m,,"38' 0"""
Morgan,Pilate,Horizon League Indoor Track & Field Championships,"Feb 26-27, 2022",60H,9.03,,
Morgan,Pilate,Horizon League Indoor Track & Field Championships,"Feb 26-27, 2022",TJ,11.73m,,"38' 6"""
Morgan,Pilate,St. Valentines Open,"Feb 18, 2022",TJ,11.41m,,"37' 5.25"""
Morgan,Pilate,2022 Hoosier Hills,"Feb 11, 2022",60H,9.17,,
Morgan,Pilate,2022 Hoosier Hills,"Feb 11, 2022",60H,9.10,,
Morgan,Pilate,2022 Hoosier Hills,"Feb 11, 2022",TJ,FOUL,,NM
Morgan,Pilate,Red Hawk Invite,"Feb  5, 2022",60H,8.91,,
Morgan,Pilate,Red Hawk Invite,"Feb  5, 2022",60H,9.00,,
Morgan,Pilate,Red Hawk Invite,"Feb  5, 2022",TJ,11.57m,,"37' 11.5"""
Morgan,Pilate,John Gartland Invitational,"Jan 21-22, 2022",60H,9.35,,
Morgan,Pilate,John Gartland Invitational,"Jan 21-22, 2022",LJ,4.94m,,"16' 2.5"""
Morgan,Pilate,Hawkeye Invite,"Jan 14-15, 2022",60H,9.19,,
Morgan,Pilate,Hawkeye Invite,"Jan 14-15, 2022",TJ,11.55m,,"37' 10.75"""
Katie,Sciarini,Horizon League Championship,"May  9-11, 2025",100H,16.99,(0.7),
Katie,Sciarini,Badger Challenge,"May  2, 2025",100H,16.08,,
Katie,Sciarini,Green & White Invite,"Apr 17, 2025",100H,16.14,(3.5),
Katie,Sciarini,Green & White Invite,"Apr 17, 2025",100H,16.47,(2.3),
Katie,Sciarini,Marquette Invitational,"Apr 10-11, 2025",400H,DNS,,
Katie,Sciarini,Redbird Challenge,"Mar 28-29, 2025",100H,DNS,,
Katie,Sciarini,Redbird Challenge,"Mar 28-29, 2025",400H,DNS,,
Katie,Sciarini,2025 Horizon League Indoor Track & Field Championship,"Mar  1- 2, 2025",60H,9.29,,
Katie,Sciarini,Panther Tune-up,"Feb 22, 2025",400,1:08.55,,
Katie,Sciarini,Panther Tune-up,"Feb 22, 2025",60H,9.22,,
Katie,Sciarini,Panther Tune-up,"Feb 22, 2025",60H,9.17,,
Katie,Sciarini,UW-La Crosse Mark Guthrie Legacy Invitational,"Feb  8, 2025",200,28.14,,
Katie,Sciarini,UW-La Crosse Mark Guthrie Legacy Invitational,"Feb  8, 2025",60H,10.10,,
Katie,Sciarini,John Tierney Classic,"Jan 25, 2025",400,DNS,,
Katie,Sciarini,John Tierney Classic,"Jan 25, 2025",60H,DNS,,
Katie,Sciarini,Badgers Midwest Invite,"Jan 11, 2025",300,46.89,,
Katie,Sciarini,Badgers Midwest Invite,"Jan 11, 2025",60H,9.90,,
Katie,Sciarini,2024 Blue Demon Holiday Invite,"Dec 13, 2024",300,45.10,,
Katie,Sciarini,2024 Blue Demon Holiday Invite,"Dec 13, 2024",60H,DNF,,
Katie,Sciarini,Marquette Invitational,"Apr 12, 2024",100H,16.13,(1.4),
Katie,Sciarini,Marquette Invitational,"Apr 12, 2024",4x100,48.91,,
Katie,Sciarini,Redbird Challenge,"Mar 29-30, 2024",400H,1:08.80,,
Katie,Sciarini,PANTHER TUNE-UP,"Feb 17, 2024",60,8.45,,
Katie,Sciarini,PANTHER TUNE-UP,"Feb 17, 2024",60,8.39,,
Katie,Sciarini,PANTHER TUNE-UP,"Feb 17, 2024",200,27.94,,
Katie,Sciarini,Mark Guthrie Legacy Invite,"Feb  3, 2024",200,28.41,,
Katie,Sciarini,John Tierney Classic,"Jan 20, 2024",60H,11.18,,
Katie,Sciarini,Marquette Invitational,"Apr 22, 2023",400H,1:10.71,,
Katie,Sciarini,Green & White Invite,"Apr 15, 2023",100H,16.42,(2.8),
Katie,Sciarini,Green & White Invite,"Apr 15, 2023",400H,1:10.57,,
Katie,Sciarini,Warrior Invitational,"Apr  6, 2023",100H,24.46,(-1.6),
Katie,Sciarini,Panther Tune-Up,"Feb 18, 2023",400,1:05.07,,
Katie,Sciarini,Panther Tune-Up,"Feb 18, 2023",60H,9.85,,
Katie,Sciarini,Mark Guthrie Legacy Invitational,"Feb  4, 2023",200,28.28,,
Katie,Sciarini,Mark Guthrie Legacy Invitational,"Feb  4, 2023",60H,9.62,,
Katie,Sciarini,Mark Guthrie Legacy Invitational,"Feb  4, 2023",60H,9.55,,
Katie,Sciarini,Mark Guthrie Legacy Invitational,"Feb  4, 2023",4x400,4:05.38,,
Katie,Sciarini,John Tierney Classic,"Jan 21, 2023",60H,9.45,,
Katie,Sciarini,John Tierney Classic,"Jan 21, 2023",60H,9.28,,
Katie,Sciarini,Wisconsin Badgers Midwest Invite,"Jan 14, 2023",60H,9.94,,
Katie,Sciarini,Wisconsin Badgers Midwest Invite,"Jan 14, 2023",4x400,4:07.47,,
Katie,Sciarini,2022 Blue Demon Holiday Invite,"Dec  9, 2022",60H,9.44,,
Katie,Sciarini,Horizon League Indoor Track & Field Championships,"Feb 26-27, 2022",60H,9.15,,
Katie,Sciarini,Horizon League Indoor Track & Field Championships,"Feb 26-27, 2022",4x400,DQ,,
Katie,Sciarini,Horizon League Indoor Track & Field Championships,"Feb 26-27, 2022",DMR,12:20.85,,
Katie,Sciarini,St. Valentines Open,"Feb 18, 2022",60H,9.21,,
Katie,Sciarini,St. Valentines Open,"Feb 18, 2022",60H,9.16,,
Katie,Sciarini,GVSU Big Meet-FRIDAY,"Feb 11, 2022",400,1:00.25,,
Katie,Sciarini,GVSU Big Meet-FRIDAY,"Feb 11, 2022",60H,9.36,,
Katie,Sciarini,Red Hawk Invite,"Feb  5, 2022",200,27.04,,
Katie,Sciarini,Red Hawk Invite,"Feb  5, 2022",60H,9.36,,
Katie,Sciarini,Red Hawk Invite,"Feb  5, 2022",60H,9.47,,
Katie,Sciarini,John Tierney Classic,"Jan 29, 2022",60H,9.43,,
Katie,Sciarini,John Tierney Classic,"Jan 29, 2022",60H,9.15,,
Katie,Sciarini,John Tierney Classic,"Jan 29, 2022",4x400,3:58.17,,
Katie,Sciarini,John Gartland Invitational,"Jan 21-22, 2022",60H,9.18,,
Katie,Sciarini,John Gartland Invitational,"Jan 21-22, 2022",60H,9.21,,
Katie,Sciarini,Hawkeye Invite,"Jan 14-15, 2022",400,1:01.37,,
Katie,Sciarini,Hawkeye Invite,"Jan 14-15, 2022",60H,9.47,,
Lily,Taczala,Panther Tune-up,"Feb 22, 2025",LJ,FOUL,,NM
Lily,Taczala,Panther Tune-up,"Feb 22, 2025",TJ,11.50m,,"37' 8.75"""
Dominique,Thomas,2025 Horizon League Indoor Track & Field Championship,"Mar  1- 2, 2025",60,7.45,,
Dominique,Thomas,2025 Horizon League Indoor Track & Field Championship,"Mar  1- 2, 2025",60,7.57,,
Dominique,Thomas,2025 Horizon League Indoor Track & Field Championship,"Mar  1- 2, 2025",200,25.09,,
Dominique,Thomas,2025 Horizon League Indoor Track & Field Championship,"Mar  1- 2, 2025",200,25.18,,
Dominique,Thomas,Panther Tune-up,"Feb 22, 2025",60,DNS,,
Dominique,Thomas,Meyo Invitational (2025 Notre Dame Indoor Track & Field),"Jan 31-Feb  1, 2025",60,7.64,,
Dominique,Thomas,Meyo Invitational (2025 Notre Dame Indoor Track & Field),"Jan 31-Feb  1, 2025",60,7.56,,
Dominique,Thomas,Meyo Invitational (2025 Notre Dame Indoor Track & Field),"Jan 31-Feb  1, 2025",200,24.59,,
Dominique,Thomas,John Tierney Classic,"Jan 25, 2025",60,7.60,,
Dominique,Thomas,John Tierney Classic,"Jan 25, 2025",60,7.63,,
Dominique,Thomas,Badgers Midwest Invite,"Jan 11, 2025",60,7.46,,
Dominique,Thomas,Badgers Midwest Invite,"Jan 11, 2025",60,7.53,,
Dominique,Thomas,Gibson Invitational,"Apr 18-20, 2024",100,11.95,(1.5),
Dominique,Thomas,Gibson Invitational,"Apr 18-20, 2024",4x100,48.05,,
Dominique,Thomas,2024 Bryan Clay Invitational,"Apr 11-13, 2024",100,11.94,(0.8),
Dominique,Thomas,2024 Bryan Clay Invitational,"Apr 11-13, 2024",200,24.65,(1.1),
Dominique,Thomas,Golden Grizzly T&F Invite,"Apr  6, 2024",100,11.81,(1.8),
Dominique,Thomas,Golden Grizzly T&F Invite,"Apr  6, 2024",200,24.57,(1.3),
Dominique,Thomas,Golden Grizzly T&F Invite,"Apr  6, 2024",4x100,47.52,,
Dominique,Thomas,Raleigh Relays,"Mar 28-30, 2024",100,11.89,(-1.9),
Dominique,Thomas,Horizon League Indoor Track & Field Championship,"Feb 24-25, 2024",60,7.44,,
Dominique,Thomas,Horizon League Indoor Track & Field Championship,"Feb 24-25, 2024",60,7.46,,
Dominique,Thomas,Horizon League Indoor Track & Field Championship,"Feb 24-25, 2024",200,24.30,,
Dominique,Thomas,Horizon League Indoor Track & Field Championship,"Feb 24-25, 2024",200,24.69,,
Dominique,Thomas,GVSU Big Meet- (Friday),"Feb  9, 2024",60,7.41,,
Dominique,Thomas,GVSU Big Meet- (Friday),"Feb  9, 2024",60,7.52,,
Dominique,Thomas,GVSU Big Meet- (Friday),"Feb  9, 2024",200,24.27,,
Dominique,Thomas,Mark Guthrie Legacy Invite,"Feb  3, 2024",60,7.52,,
Dominique,Thomas,Mark Guthrie Legacy Invite,"Feb  3, 2024",60,7.47,,
Dominique,Thomas,Mark Guthrie Legacy Invite,"Feb  3, 2024",200,25.30,,
Dominique,Thomas,Illini Challenge,"Jan 26-27, 2024",60,7.45,,
Dominique,Thomas,Illini Challenge,"Jan 26-27, 2024",60,7.49,,
Dominique,Thomas,Illini Challenge,"Jan 26-27, 2024",200,25.00,,
Dominique,Thomas,John Tierney Classic,"Jan 20, 2024",60,7.52,,
Dominique,Thomas,John Tierney Classic,"Jan 20, 2024",60,7.49,,
Dominique,Thomas,Badgers Midwest Invite,"Jan 13, 2024",60,7.47,,
Dominique,Thomas,Badgers Midwest Invite,"Jan 13, 2024",60,7.57,,
Dominique,Thomas,Badgers Midwest Invite,"Jan 13, 2024",300,40.09,,
Dominique,Thomas,2023 Blue Demon Holiday Invite,"Dec  8, 2023",60,7.48,,
Dominique,Thomas,2023 Blue Demon Holiday Invite,"Dec  8, 2023",60,7.48,,
Dominique,Thomas,2023 Blue Demon Holiday Invite,"Dec  8, 2023",200,24.31,,
Dominique,Thomas,Horizon League Championship,"May  5- 7, 2023",100,11.82,(0.9),
Dominique,Thomas,Horizon League Championship,"May  5- 7, 2023",100,11.75,(-0.1),
Dominique,Thomas,Horizon League Championship,"May  5- 7, 2023",200,24.26,(0.2),
Dominique,Thomas,Horizon League Championship,"May  5- 7, 2023",200,24.30,(0.2),
Dominique,Thomas,Horizon League Championship,"May  5- 7, 2023",4x100,46.72,,
Dominique,Thomas,Clark Wood Open 2023,"Apr 28-29, 2023",100,11.81,(2.0),
Dominique,Thomas,Clark Wood Open 2023,"Apr 28-29, 2023",100,11.78,(2.7),
Dominique,Thomas,Clark Wood Open 2023,"Apr 28-29, 2023",200,24.82,(-0.5),
Dominique,Thomas,Fighting Illini Challenge,"Apr  8, 2023",100,11.63,(1.4),
Dominique,Thomas,Fighting Illini Challenge,"Apr  8, 2023",200,24.89,(-0.6),
Dominique,Thomas,Fighting Illini Challenge,"Apr  8, 2023",4x100,47.47,,
Dominique,Thomas,2023 Horizon League Indoor Track & Field Championship,"Feb 25-26, 2023",60,7.54,,
Dominique,Thomas,2023 Horizon League Indoor Track & Field Championship,"Feb 25-26, 2023",60,7.54,,
Dominique,Thomas,2023 Horizon League Indoor Track & Field Championship,"Feb 25-26, 2023",200,25.40,,
Dominique,Thomas,GVSU Big Meet (Friday),"Feb 10, 2023",60,7.54,,
Dominique,Thomas,GVSU Big Meet (Friday),"Feb 10, 2023",60,7.57,,
Dominique,Thomas,GVSU Big Meet (Friday),"Feb 10, 2023",200,25.05,,
Dominique,Thomas,Mark Guthrie Legacy Invitational,"Feb  4, 2023",200,25.33,,
Dominique,Thomas,Jack Johnson Classic,"Jan 27-28, 2023",60,7.54,,
Dominique,Thomas,Jack Johnson Classic,"Jan 27-28, 2023",60,7.55,,
Dominique,Thomas,Jack Johnson Classic,"Jan 27-28, 2023",200,25.64,,
Dominique,Thomas,John Tierney Classic,"Jan 21, 2023",60,7.59,,
Dominique,Thomas,John Tierney Classic,"Jan 21, 2023",60,7.59,,
Dominique,Thomas,John Tierney Classic,"Jan 21, 2023",200,25.33,,
Dominique,Thomas,Wisconsin Badgers Midwest Invite,"Jan 14, 2023",60,7.61,,
Dominique,Thomas,Wisconsin Badgers Midwest Invite,"Jan 14, 2023",60,7.55,,
Dominique,Thomas,Wisconsin Badgers Midwest Invite,"Jan 14, 2023",300,41.43,,
Dominique,Thomas,2022 Blue Demon Holiday Invite,"Dec  9, 2022",60,7.52,,
Dominique,Thomas,2022 Blue Demon Holiday Invite,"Dec  9, 2022",60,7.50,,
Dominique,Thomas,2022 Blue Demon Holiday Invite,"Dec  9, 2022",200,25.03,,
Dominique,Thomas,Horizon League Outdoor Track & Field Championships,"May  6- 8, 2022",100,11.86,(2.9),
Dominique,Thomas,Horizon League Outdoor Track & Field Championships,"May  6- 8, 2022",100,11.93,(2.7),
Dominique,Thomas,Horizon League Outdoor Track & Field Championships,"May  6- 8, 2022",4x100,46.56,,
Dominique,Thomas,Valparaiso Beacan Invite,"Apr 30, 2022",100,12.06,(3.1),
Dominique,Thomas,44 Farms Team Invitational,"Apr  8- 9, 2022",100,12.17,(4.8),
Dominique,Thomas,44 Farms Team Invitational,"Apr  8- 9, 2022",200,25.43,(1.9),
Dominique,Thomas,Redbird Invite,"Apr  1- 2, 2022",100,12.25,(-0.2),
Dominique,Thomas,Redbird Invite,"Apr  1- 2, 2022",100,12.12,(1.3),
Dominique,Thomas,Horizon League Indoor Track & Field Championships,"Feb 26-27, 2022",60,7.70,,
Dominique,Thomas,Horizon League Indoor Track & Field Championships,"Feb 26-27, 2022",60,7.68,,
Dominique,Thomas,Horizon League Indoor Track & Field Championships,"Feb 26-27, 2022",200,25.15,,
Dominique,Thomas,Horizon League Indoor Track & Field Championships,"Feb 26-27, 2022",4x400,DQ,,
Dominique,Thomas,GVSU Big Meet-FRIDAY,"Feb 11, 2022",60,7.69,,
Dominique,Thomas,GVSU Big Meet-FRIDAY,"Feb 11, 2022",200,25.60,,
Dominique,Thomas,Red Hawk Invite,"Feb  5, 2022",60,7.73,,
Dominique,Thomas,Red Hawk Invite,"Feb  5, 2022",60,7.74,,
Dominique,Thomas,Red Hawk Invite,"Feb  5, 2022",4x400,4:11.96,,
Dominique,Thomas,John Tierney Classic,"Jan 29, 2022",60,7.69,,
Dominique,Thomas,John Tierney Classic,"Jan 29, 2022",60,7.68,,
Dominique,Thomas,John Gartland Invitational,"Jan 21-22, 2022",60,7.76,,
Dominique,Thomas,John Gartland Invitational,"Jan 21-22, 2022",60,7.70,,
Dominique,Thomas,John Gartland Invitational,"Jan 21-22, 2022",200,26.17,,
Dominique,Thomas,Hawkeye Invite,"Jan 14-15, 2022",60,7.65,,
Dominique,Thomas,Hawkeye Invite,"Jan 14-15, 2022",60,7.63,,
Dominique,Thomas,Hawkeye Invite,"Jan 14-15, 2022",200,25.47,,
Cloey,Fare,2024 Horizon League Outdoor Track & Field Championship,"May  3- 5, 2024",100H,14.39,(2.4),
Cloey,Fare,2024 Horizon League Outdoor Track & Field Championship,"May  3- 5, 2024",100H,14.18,(2.5),
Cloey,Fare,2024 Horizon League Outdoor Track & Field Championship,"May  3- 5, 2024",4x100,46.72,,
Cloey,Fare,Clark Wood Open 2024,"Apr 26-27, 2024",100H,14.07,(1.5),
Cloey,Fare,Clark Wood Open 2024,"Apr 26-27, 2024",4x100,47.44,,
Cloey,Fare,Green & White Invite,"Apr 20, 2024",100H,14.21,(0.2),
Cloey,Fare,Green & White Invite,"Apr 20, 2024",100H,14.01,(3.6),
Cloey,Fare,Marquette Invitational,"Apr 12, 2024",100H,14.11,(1.4),
Cloey,Fare,Marquette Invitational,"Apr 12, 2024",4x100,48.91,,
Cloey,Fare,Golden Grizzly T&F Invite,"Apr  6, 2024",100H,14.39,(2.6),
Cloey,Fare,Golden Grizzly T&F Invite,"Apr  6, 2024",100H,14.32,(1.3),
Cloey,Fare,Raleigh Relays,"Mar 28-30, 2024",100H,14.13,(1.7),
Cloey,Fare,Horizon League Indoor Track & Field Championship,"Feb 24-25, 2024",60H,8.77,,
Cloey,Fare,Horizon League Indoor Track & Field Championship,"Feb 24-25, 2024",60H,8.68,,
Cloey,Fare,PANTHER TUNE-UP,"Feb 17, 2024",60,8.05,,
Cloey,Fare,PANTHER TUNE-UP,"Feb 17, 2024",60,8.00,,
Cloey,Fare,PANTHER TUNE-UP,"Feb 17, 2024",60H,8.71,,
Cloey,Fare,PANTHER TUNE-UP,"Feb 17, 2024",60H,8.73,,
Cloey,Fare,GVSU Big Meet- (Friday),"Feb  9, 2024",200,26.68,,
Cloey,Fare,GVSU Big Meet- (Friday),"Feb  9, 2024",60H,8.76,,
Cloey,Fare,Mark Guthrie Legacy Invite,"Feb  3, 2024",200,27.38,,
Cloey,Fare,Mark Guthrie Legacy Invite,"Feb  3, 2024",60H,8.79,,
Cloey,Fare,Mark Guthrie Legacy Invite,"Feb  3, 2024",60H,8.82,,
Cloey,Fare,Illini Challenge,"Jan 26-27, 2024",200,27.25,,
Cloey,Fare,Illini Challenge,"Jan 26-27, 2024",60H,8.87,,
Cloey,Fare,Illini Challenge,"Jan 26-27, 2024",60H,8.84,,
Cloey,Fare,John Tierney Classic,"Jan 20, 2024",60H,8.90,,
Cloey,Fare,John Tierney Classic,"Jan 20, 2024",60H,8.83,,
Cloey,Fare,Badgers Midwest Invite,"Jan 13, 2024",300,44.24,,
Cloey,Fare,Badgers Midwest Invite,"Jan 13, 2024",60H,8.97,,
Cloey,Fare,Badgers Midwest Invite,"Jan 13, 2024",60H,8.93,,
Cloey,Fare,2023 Blue Demon Holiday Invite,"Dec  8, 2023",60H,8.82,,
Cloey,Fare,2023 Blue Demon Holiday Invite,"Dec  8, 2023",60H,8.87,,
Cloey,Fare,Horizon League Championship,"May  5- 7, 2023",100H,14.05,(1.1),
Cloey,Fare,Horizon League Championship,"May  5- 7, 2023",100H,14.04,(1.0),
Cloey,Fare,Clark Wood Open 2023,"Apr 28-29, 2023",100H,14.18,(2.8),
Cloey,Fare,Clark Wood Open 2023,"Apr 28-29, 2023",100H,14.26,(1.4),
Cloey,Fare,Gary Wieneke Memorial,"Apr 21-22, 2023",100H,14.28,(2.0),
Cloey,Fare,Gibson Invitational & Multis,"Apr 13-15, 2023",100H,14.43,(1.9),
Cloey,Fare,Fighting Illini Challenge,"Apr  8, 2023",100H,14.80,(0.3),
Cloey,Fare,Fighting Illini Challenge,"Apr  8, 2023",400H,1:07.55,,
Cloey,Fare,2023 Horizon League Indoor Track & Field Championship,"Feb 25-26, 2023",60H,8.69,,
Cloey,Fare,2023 Horizon League Indoor Track & Field Championship,"Feb 25-26, 2023",60H,8.60,,
Cloey,Fare,Panther Tune-Up,"Feb 18, 2023",60H,8.65,,
Cloey,Fare,Panther Tune-Up,"Feb 18, 2023",60H,8.82,,
Cloey,Fare,Mark Guthrie Legacy Invitational,"Feb  4, 2023",60H,8.77,,
Cloey,Fare,Mark Guthrie Legacy Invitational,"Feb  4, 2023",60H,8.79,,
Cloey,Fare,Jack Johnson Classic,"Jan 27-28, 2023",200,27.79,,
Cloey,Fare,Jack Johnson Classic,"Jan 27-28, 2023",60H,8.83,,
Cloey,Fare,Jack Johnson Classic,"Jan 27-28, 2023",60H,8.70,,
Cloey,Fare,John Tierney Classic,"Jan 21, 2023",200,27.47,,
Cloey,Fare,John Tierney Classic,"Jan 21, 2023",60H,8.79,,
Cloey,Fare,John Tierney Classic,"Jan 21, 2023",60H,8.85,,
Cloey,Fare,Wisconsin Badgers Midwest Invite,"Jan 14, 2023",60H,9.00,,
Cloey,Fare,Wisconsin Badgers Midwest Invite,"Jan 14, 2023",60H,8.81,,
Cloey,Fare,2022 Blue Demon Holiday Invite,"Dec  9, 2022",60H,8.81,,
Cloey,Fare,2022 Blue Demon Holiday Invite,"Dec  9, 2022",60H,8.75,,
Cloey,Fare,Horizon League Outdoor Track & Field Championships,"May  6- 8, 2022",100H,14.26,(0.2),
Cloey,Fare,Horizon League Outdoor Track & Field Championships,"May  6- 8, 2022",100H,14.44,(+0.0),
Cloey,Fare,Valparaiso Beacan Invite,"Apr 30, 2022",100H,14.63,(1.5),
Cloey,Fare,44 Farms Team Invitational,"Apr  8- 9, 2022",100H,14.42,(5.1),
Cloey,Fare,44 Farms Team Invitational,"Apr  8- 9, 2022",400H,1:09.81,,
Cloey,Fare,Redbird Invite,"Apr  1- 2, 2022",100H,14.99,(-3.0),
Cloey,Fare,Redbird Invite,"Apr  1- 2, 2022",100H,14.64,(2.1),
Cloey,Fare,Horizon League Indoor Track & Field Championships,"Feb 26-27, 2022",60H,8.86,,
Cloey,Fare,Horizon League Indoor Track & Field Championships,"Feb 26-27, 2022",60H,8.81,,
Cloey,Fare,St. Valentines Open,"Feb 18, 2022",60H,8.84,,
Cloey,Fare,St. Valentines Open,"Feb 18, 2022",60H,8.80,,
Cloey,Fare,GVSU Big Meet-FRIDAY,"Feb 11, 2022",60H,8.83,,
Cloey,Fare,Red Hawk Invite,"Feb  5, 2022",60H,9.27,,
Cloey,Fare,Red Hawk Invite,"Feb  5, 2022",60H,9.01,,
Cloey,Fare,Red Hawk Invite,"Feb  5, 2022",4x400,4:11.96,,
Cloey,Fare,John Tierney Classic,"Jan 29, 2022",60H,8.93,,
Cloey,Fare,John Tierney Classic,"Jan 29, 2022",60H,8.87,,
Cloey,Fare,John Tierney Classic,"Jan 29, 2022",4x400,4:23.18,,
Cloey,Fare,Hawkeye Invite,"Jan 14-15, 2022",60H,9.03,,
Cloey,Fare,Hawkeye Invite,"Jan 14-15, 2022",60H,8.92,,
Cloey,Fare,Horizon League Outdoor Track & Field Championships,"May  7- 9, 2021",100H,14.97,(2.8),
Cloey,Fare,Valpo Invitational,"May  1, 2021",100H,15.18,(2.0),
Cloey,Fare,Valpo Invitational,"May  1, 2021",400H,1:10.73,,
Cloey,Fare,2021 Green & White Invite,"Apr 24, 2021",100H,14.97,(1.4),
Cloey,Fare,2021 Green & White Invite,"Apr 24, 2021",400H,1:09.22,,
Cloey,Fare,Gibson Invitational sponsored by the Terre Haute CVB,"Apr 16-17, 2021",100H,14.94,(3.1),
Cloey,Fare,Gibson Invitational sponsored by the Terre Haute CVB,"Apr 16-17, 2021",100H,15.13,(-0.3),
Cloey,Fare,Gibson Invitational sponsored by the Terre Haute CVB,"Apr 16-17, 2021",400H,1:10.50,,
Cloey,Fare,Big Blue Classic,"Apr  9-10, 2021",100H,15.42,(1.1),
Cloey,Fare,Big Blue Classic,"Apr  9-10, 2021",400H,1:10.71,,
Cloey,Fare,Big Blue Classic,"Apr  9-10, 2021",4x400,4:18.67,,
Cloey,Fare,Illinois State Redbird Invitational,"Apr  2, 2021",100H,15.20,(2.4),
Cloey,Fare,Illinois State Redbird Invitational,"Apr  2, 2021",400H,1:12.23,,
Cloey,Fare,Horizon League Indoor Track & Field Championships,"Feb 26-Mar  1, 2021",60H,9.27,,
Cloey,Fare,Horizon League Indoor Track & Field Championships,"Feb 26-Mar  1, 2021",60H,9.15,,
Cloey,Fare,UW-Parkside Triangular,"Feb 19-20, 2021",55H,8.34,,
Cloey,Fare,UW-Parkside Triangular,"Feb 19-20, 2021",4x400,4:16.24,,
Cloey,Fare,Panther Tune-Up,"Feb 14, 2021",200,28.98,,
Cloey,Fare,Panther Tune-Up,"Feb 14, 2021",60H,9.34,,
Cloey,Fare,UW-Parkside Triangular,"Feb  5- 6, 2021",55H,8.54,,
Cloey,Fare,UW-Parkside Triangular,"Feb  5- 6, 2021",4x400,4:18.43,,
Cloey,Fare,John Tierney Classic,"Jan 23, 2021",200,29.04,,
Cloey,Fare,John Tierney Classic,"Jan 23, 2021",60H,9.49,,
Cloey,Fare,The Panther Invite,"Jan  9, 2021",60H,9.52,,
Cloey,Fare,The Panther Invite,"Jan  9, 2021",60H,9.43,,
Cloey,Fare,The Panther Invite,"Jan  9, 2021",4x400,4:14.38,,
Aubrie,Gorski,2024 Horizon League Outdoor Track & Field Championship,"May  3- 5, 2024",LJ,FOUL,,NM
Aubrie,Gorski,2024 Horizon League Outdoor Track & Field Championship,"May  3- 5, 2024",Hep,4175,,
Aubrie,Gorski,2024 Horizon League Outdoor Track & Field Championship,"May  3- 5, 2024",100H,15.15,(-1.6),
Aubrie,Gorski,2024 Horizon League Outdoor Track & Field Championship,"May  3- 5, 2024",HJ,1.42m,,"4' 7.75"""
Aubrie,Gorski,2024 Horizon League Outdoor Track & Field Championship,"May  3- 5, 2024",SP,9.03m,,"29' 7.5"""
Aubrie,Gorski,2024 Horizon League Outdoor Track & Field Championship,"May  3- 5, 2024",200,27.36,(-1.9),
Aubrie,Gorski,2024 Horizon League Outdoor Track & Field Championship,"May  3- 5, 2024",LJ,5.31m,(-0.4),"17' 5.25"""
Aubrie,Gorski,2024 Horizon League Outdoor Track & Field Championship,"May  3- 5, 2024",JT,18.09m,,"59' 4"""
Aubrie,Gorski,2024 Horizon League Outdoor Track & Field Championship,"May  3- 5, 2024",800,2:23.76,,
Aubrie,Gorski,UW-Whitewater Drake Alternative,"Apr 25, 2024",200,27.24,(1.9),
Aubrie,Gorski,UW-Whitewater Drake Alternative,"Apr 25, 2024",100H,14.82,(1.8),
Aubrie,Gorski,UW-Whitewater Drake Alternative,"Apr 25, 2024",100H,15.09,(-1.3),
Aubrie,Gorski,UW-Whitewater Drake Alternative,"Apr 25, 2024",JT,18.31m,,"60' 1"""
Aubrie,Gorski,Gibson Invitational,"Apr 18-20, 2024",Hep,4210,,
Aubrie,Gorski,Gibson Invitational,"Apr 18-20, 2024",100H,15.13,(0.1),
Aubrie,Gorski,Gibson Invitational,"Apr 18-20, 2024",HJ,1.41m,,"4' 7.5"""
Aubrie,Gorski,Gibson Invitational,"Apr 18-20, 2024",SP,8.90m,,"29' 2.5"""
Aubrie,Gorski,Gibson Invitational,"Apr 18-20, 2024",200,27.17,(1.6),
Aubrie,Gorski,Gibson Invitational,"Apr 18-20, 2024",LJ,5.46m,(3.9),"17' 11"""
Aubrie,Gorski,Gibson Invitational,"Apr 18-20, 2024",JT,18.41m,,"60' 5"""
Aubrie,Gorski,Gibson Invitational,"Apr 18-20, 2024",800,2:24.82,,
Aubrie,Gorski,Gary Wieneke Memorial,"Apr 13, 2024",100H,15.11,(0.9),
Aubrie,Gorski,Gary Wieneke Memorial,"Apr 13, 2024",LJ,5.35m,(0.6),"17' 6.75"""
Aubrie,Gorski,Marquette Invitational,"Apr 12, 2024",SP,8.80m,,"28' 10.5"""
Aubrie,Gorski,Golden Grizzly T&F Invite,"Apr  6, 2024",200,27.27,(1.0),
Aubrie,Gorski,Golden Grizzly T&F Invite,"Apr  6, 2024",100H,15.03,(2.6),
Aubrie,Gorski,Golden Grizzly T&F Invite,"Apr  6, 2024",100H,14.92,(2.8),
Aubrie,Gorski,Golden Grizzly T&F Invite,"Apr  6, 2024",LJ,5.37m,(2.4),"17' 7.5"""
Aubrie,Gorski,Golden Grizzly T&F Invite,"Apr  6, 2024",JT,18.73m,,"61' 5"""
Aubrie,Gorski,Redbird Challenge,"Mar 29-30, 2024",100H,15.29,(0.4),
Aubrie,Gorski,Redbird Challenge,"Mar 29-30, 2024",HJ,NH,,NH
Aubrie,Gorski,Redbird Challenge,"Mar 29-30, 2024",JT,18.14m,,"59' 6"""
Aubrie,Gorski,Horizon League Indoor Track & Field Championship,"Feb 24-25, 2024",LJ,5.57m,,"18' 3.25"""
Aubrie,Gorski,Horizon League Indoor Track & Field Championship,"Feb 24-25, 2024",Pent,3336,,
Aubrie,Gorski,Horizon League Indoor Track & Field Championship,"Feb 24-25, 2024",60H,9.19,,
Aubrie,Gorski,Horizon League Indoor Track & Field Championship,"Feb 24-25, 2024",HJ,1.49m,,"4' 10.5"""
Aubrie,Gorski,Horizon League Indoor Track & Field Championship,"Feb 24-25, 2024",SP,8.96m,,"29' 4.75"""
Aubrie,Gorski,Horizon League Indoor Track & Field Championship,"Feb 24-25, 2024",LJ,5.54m,,"18' 2.25"""
Aubrie,Gorski,Horizon League Indoor Track & Field Championship,"Feb 24-25, 2024",800,2:30.98,,
Aubrie,Gorski,PANTHER TUNE-UP,"Feb 17, 2024",60H,9.28,,
Aubrie,Gorski,PANTHER TUNE-UP,"Feb 17, 2024",HJ,1.45m,,"4' 9"""
Aubrie,Gorski,PANTHER TUNE-UP,"Feb 17, 2024",LJ,5.58m,,"18' 3.75"""
Aubrie,Gorski,PANTHER TUNE-UP,"Feb 17, 2024",SP,9.22m,,"30' 3"""
Aubrie,Gorski,Mark Guthrie Legacy Invite,"Feb  3, 2024",60H,9.24,,
Aubrie,Gorski,Mark Guthrie Legacy Invite,"Feb  3, 2024",LJ,5.47m,,"17' 11.5"""
Aubrie,Gorski,Illini Challenge,"Jan 26-27, 2024",Pent,3238,,
Aubrie,Gorski,Illini Challenge,"Jan 26-27, 2024",60H,9.27,,
Aubrie,Gorski,Illini Challenge,"Jan 26-27, 2024",HJ,1.47m,,"4' 9.75"""
Aubrie,Gorski,Illini Challenge,"Jan 26-27, 2024",SP,8.58m,,"28' 1.75"""
Aubrie,Gorski,Illini Challenge,"Jan 26-27, 2024",LJ,5.32m,,"17' 5.5"""
Aubrie,Gorski,Illini Challenge,"Jan 26-27, 2024",800,2:28.53,,
Aubrie,Gorski,John Tierney Classic,"Jan 20, 2024",60H,9.23,,
Aubrie,Gorski,John Tierney Classic,"Jan 20, 2024",60H,9.30,,
Aubrie,Gorski,John Tierney Classic,"Jan 20, 2024",HJ,1.40m,,"4' 7"""
Aubrie,Gorski,John Tierney Classic,"Jan 20, 2024",SP,8.60m,,"28' 2.75"""
Aubrie,Gorski,Badgers Midwest Invite,"Jan 13, 2024",60H,9.58,,
Aubrie,Gorski,Badgers Midwest Invite,"Jan 13, 2024",LJ,5.35m,,"17' 6.75"""
Aubrie,Gorski,Badgers Midwest Invite,"Jan 13, 2024",SP,8.59m,,"28' 2.25"""
Aubrie,Gorski,Illini Open,"Jan  6, 2024",600,1:46.89,,
Aubrie,Gorski,Illini Open,"Jan  6, 2024",60H,9.39,,
Aubrie,Gorski,Illini Open,"Jan  6, 2024",LJ,5.35m,,"17' 6.75"""
Aubrie,Gorski,Gary Wieneke Memorial,"Apr 21-22, 2023",100H,15.29,(-0.2),
Aubrie,Gorski,Gary Wieneke Memorial,"Apr 21-22, 2023",LJ,5.32m,(+0.0),"17' 5.5"""
Aubrie,Gorski,Gary Wieneke Memorial,"Apr 21-22, 2023",JT,19.87m,,"65' 2"""
Aubrie,Gorski,Gibson Invitational & Multis,"Apr 13-15, 2023",Hep,3972,,
Aubrie,Gorski,Gibson Invitational & Multis,"Apr 13-15, 2023",100H,15.50,(1.8),
Aubrie,Gorski,Gibson Invitational & Multis,"Apr 13-15, 2023",HJ,1.45m,,"4' 9"""
Aubrie,Gorski,Gibson Invitational & Multis,"Apr 13-15, 2023",SP,8.77m,,"28' 9.25"""
Aubrie,Gorski,Gibson Invitational & Multis,"Apr 13-15, 2023",200,27.59,(0.6),
Aubrie,Gorski,Gibson Invitational & Multis,"Apr 13-15, 2023",LJ,5.28m,(-0.1),"17' 4"""
Aubrie,Gorski,Gibson Invitational & Multis,"Apr 13-15, 2023",JT,17.46m,,"57' 3"""
Aubrie,Gorski,Gibson Invitational & Multis,"Apr 13-15, 2023",800,2:34.56,,
Aubrie,Gorski,Fighting Illini Challenge,"Apr  8, 2023",200,27.78,(0.2),
Aubrie,Gorski,Fighting Illini Challenge,"Apr  8, 2023",100H,15.28,(2.0),
Aubrie,Gorski,Fighting Illini Challenge,"Apr  8, 2023",LJ,5.21m,,"17' 1.25"""
Aubrie,Gorski,Warrior Invitational,"Apr  6, 2023",SP,9.35m,,"30' 8.25"""
Aubrie,Gorski,Warrior Invitational,"Apr  6, 2023",JT,16.40m,,"53' 10"""
Aubrie,Gorski,2023 Horizon League Indoor Track & Field Championship,"Feb 25-26, 2023",60H,9.02,,
Aubrie,Gorski,2023 Horizon League Indoor Track & Field Championship,"Feb 25-26, 2023",LJ,5.45m,,"17' 10.75"""
Aubrie,Gorski,2023 Horizon League Indoor Track & Field Championship,"Feb 25-26, 2023",Pent,1298,,
Aubrie,Gorski,2023 Horizon League Indoor Track & Field Championship,"Feb 25-26, 2023",60H,12.07,,
Aubrie,Gorski,2023 Horizon League Indoor Track & Field Championship,"Feb 25-26, 2023",HJ,1.35m,,"4' 5"""
Aubrie,Gorski,2023 Horizon League Indoor Track & Field Championship,"Feb 25-26, 2023",SP,8.99m,,"29' 6"""
Aubrie,Gorski,2023 Horizon League Indoor Track & Field Championship,"Feb 25-26, 2023",LJ,FOUL,,NM
Aubrie,Gorski,2023 Horizon League Indoor Track & Field Championship,"Feb 25-26, 2023",800,DNF,,
Aubrie,Gorski,Panther Tune-Up,"Feb 18, 2023",60H,8.93,,
Aubrie,Gorski,Panther Tune-Up,"Feb 18, 2023",60H,8.92,,
Aubrie,Gorski,Panther Tune-Up,"Feb 18, 2023",HJ,1.40m,,"4' 7"""
Aubrie,Gorski,GVSU Big Meet (Friday),"Feb 10, 2023",60H,9.10,,
Aubrie,Gorski,GVSU Big Meet (Friday),"Feb 10, 2023",LJ,5.40m,,"17' 8.75"""
Aubrie,Gorski,Mark Guthrie Legacy Invitational,"Feb  4, 2023",60H,9.18,,
Aubrie,Gorski,Jack Johnson Classic,"Jan 27-28, 2023",Pent,3246,,
Aubrie,Gorski,Jack Johnson Classic,"Jan 27-28, 2023",60H,9.11,,
Aubrie,Gorski,Jack Johnson Classic,"Jan 27-28, 2023",HJ,1.39m,,"4' 6.75"""
Aubrie,Gorski,Jack Johnson Classic,"Jan 27-28, 2023",SP,8.98m,,"29' 5.5"""
Aubrie,Gorski,Jack Johnson Classic,"Jan 27-28, 2023",LJ,5.42m,,"17' 9.5"""
Aubrie,Gorski,Jack Johnson Classic,"Jan 27-28, 2023",800,2:28.10,,
Aubrie,Gorski,John Tierney Classic,"Jan 21, 2023",60H,9.09,,
Aubrie,Gorski,John Tierney Classic,"Jan 21, 2023",60H,8.98,,
Aubrie,Gorski,John Tierney Classic,"Jan 21, 2023",LJ,FOUL,,NM
Aubrie,Gorski,John Tierney Classic,"Jan 21, 2023",SP,8.91m,,"29' 2.75"""
Aubrie,Gorski,Wisconsin Badgers Midwest Invite,"Jan 14, 2023",600,1:46.26,,
Aubrie,Gorski,Wisconsin Badgers Midwest Invite,"Jan 14, 2023",60H,9.30,,
Aubrie,Gorski,Wisconsin Badgers Midwest Invite,"Jan 14, 2023",4x400,4:07.47,,
Aubrie,Gorski,Wisconsin Badgers Midwest Invite,"Jan 14, 2023",HJ,NH,,NH
Aubrie,Gorski,2022 Blue Demon Holiday Invite,"Dec  9, 2022",60H,9.07,,
Aubrie,Gorski,2022 Blue Demon Holiday Invite,"Dec  9, 2022",HJ,NH,,NH
Aubrie,Gorski,Horizon League Outdoor Track & Field Championships,"May  6- 8, 2022",TJ,10.57m,(+0.0),"34' 8.25"""
Aubrie,Gorski,Horizon League Outdoor Track & Field Championships,"May  6- 8, 2022",Hep,3041,,
Aubrie,Gorski,Horizon League Outdoor Track & Field Championships,"May  6- 8, 2022",100H,16.25,(-0.4),
Aubrie,Gorski,Horizon League Outdoor Track & Field Championships,"May  6- 8, 2022",HJ,1.39m,,"4' 6.75"""
Aubrie,Gorski,Horizon League Outdoor Track & Field Championships,"May  6- 8, 2022",SP,8.76m,,"28' 9"""
Aubrie,Gorski,Horizon League Outdoor Track & Field Championships,"May  6- 8, 2022",200,28.12,(2.8),
Aubrie,Gorski,Horizon League Outdoor Track & Field Championships,"May  6- 8, 2022",LJ,4.98m,,"16' 4.25"""
Aubrie,Gorski,Horizon League Outdoor Track & Field Championships,"May  6- 8, 2022",JT,16.87m,,"55' 4"""
Aubrie,Gorski,Horizon League Outdoor Track & Field Championships,"May  6- 8, 2022",800,DNF,,
Aubrie,Gorski,Valparaiso Beacan Invite,"Apr 30, 2022",JT,17.02m,,"55' 10"""
Aubrie,Gorski,Illini Invitational,"Apr 22-23, 2022",200,28.47,(4.9),
Aubrie,Gorski,Illini Invitational,"Apr 22-23, 2022",100H,15.32,(6.7),
Aubrie,Gorski,Illini Invitational,"Apr 22-23, 2022",TJ,10.91m,(6.5),"35' 9.5"""
Aubrie,Gorski,2022 Warrior Invitational,"Apr 14, 2022",SP,8.74m,,"28' 8.25"""
Aubrie,Gorski,Marquette Invitational,"Apr 10, 2022",100H,15.54,(3.4),
Aubrie,Gorski,Marquette Invitational,"Apr 10, 2022",LJ,5.35m,(2.2),"17' 6.75"""
Aubrie,Gorski,Marquette Invitational,"Apr 10, 2022",JT,18.39m,,"60' 4"""
Aubrie,Gorski,Redbird Invite,"Apr  1- 2, 2022",100H,16.26,(2.1),
Aubrie,Gorski,Redbird Invite,"Apr  1- 2, 2022",TJ,FOUL,,NM
Aubrie,Gorski,Redbird Invite,"Apr  1- 2, 2022",JT,16.30m,,"53' 6"""
Aubrie,Gorski,Horizon League Indoor Track & Field Championships,"Feb 26-27, 2022",TJ,10.72m,,"35' 2"""
Aubrie,Gorski,Horizon League Indoor Track & Field Championships,"Feb 26-27, 2022",Pent,3043,,
Aubrie,Gorski,Horizon League Indoor Track & Field Championships,"Feb 26-27, 2022",60H,9.42,,
Aubrie,Gorski,Horizon League Indoor Track & Field Championships,"Feb 26-27, 2022",HJ,1.35m,,"4' 5"""
Aubrie,Gorski,Horizon League Indoor Track & Field Championships,"Feb 26-27, 2022",SP,9.46m,,"31' 0.5"""
Aubrie,Gorski,Horizon League Indoor Track & Field Championships,"Feb 26-27, 2022",LJ,5.25m,,"17' 2.75"""
Aubrie,Gorski,Horizon League Indoor Track & Field Championships,"Feb 26-27, 2022",800,2:34.56,,
Aubrie,Gorski,St. Valentines Open,"Feb 18, 2022",60H,9.58,,
Aubrie,Gorski,St. Valentines Open,"Feb 18, 2022",LJ,5.21m,,"17' 1.25"""
Aubrie,Gorski,Red Hawk Invite,"Feb  5, 2022",60H,9.68,,
Aubrie,Gorski,Red Hawk Invite,"Feb  5, 2022",HJ,1.36m,,"4' 5.5"""
Aubrie,Gorski,Red Hawk Invite,"Feb  5, 2022",TJ,10.78m,,"35' 4.5"""
Aubrie,Gorski,John Tierney Classic,"Jan 29, 2022",60H,9.57,,
Aubrie,Gorski,John Tierney Classic,"Jan 29, 2022",60H,9.47,,
Aubrie,Gorski,John Tierney Classic,"Jan 29, 2022",LJ,5.33m,,"17' 6"""
Aubrie,Gorski,John Tierney Classic,"Jan 29, 2022",SP,8.82m,,"28' 11.25"""
Aubrie,Gorski,John Gartland Invitational,"Jan 21-22, 2022",Pent,2935,,
Aubrie,Gorski,John Gartland Invitational,"Jan 21-22, 2022",60H,9.45,,
Aubrie,Gorski,John Gartland Invitational,"Jan 21-22, 2022",HJ,1.35m,,"4' 5"""
Aubrie,Gorski,John Gartland Invitational,"Jan 21-22, 2022",SP,9.13m,,"29' 11.5"""
Aubrie,Gorski,John Gartland Invitational,"Jan 21-22, 2022",LJ,5.13m,,"16' 10"""
Aubrie,Gorski,John Gartland Invitational,"Jan 21-22, 2022",800,2:38.58,,
Aubrie,Gorski,Hawkeye Invite,"Jan 14-15, 2022",60H,9.69,,
Aubrie,Gorski,Hawkeye Invite,"Jan 14-15, 2022",LJ,FOUL,,NM
Aubrie,Gorski,2021 Green & White Invite,"Apr 24, 2021",100H,16.37,(1.4),
Aubrie,Gorski,2021 Green & White Invite,"Apr 24, 2021",LJ,5.03m,(+0.0),"16' 6"""
Aubrie,Gorski,2021 Green & White Invite,"Apr 24, 2021",SP,8.41m,,"27' 7.25"""
Aubrie,Gorski,2021 Warrior Invitational,"Apr 17, 2021",100H,16.18,(1.9),
Aubrie,Gorski,2021 Warrior Invitational,"Apr 17, 2021",LJ,5.04m,(1.7),"16' 6.5"""
Aubrie,Gorski,2021 Warrior Invitational,"Apr 17, 2021",SP,8.00m,,"26' 3"""
Aubrie,Gorski,Horizon League Indoor Track & Field Championships,"Feb 26-Mar  1, 2021",LJ,4.89m,,"16' 0.5"""
Aubrie,Gorski,Horizon League Indoor Track & Field Championships,"Feb 26-Mar  1, 2021",TJ,10.49m,,"34' 5"""
Aubrie,Gorski,Horizon League Indoor Track & Field Championships,"Feb 26-Mar  1, 2021",Pent,2542,,
Aubrie,Gorski,Horizon League Indoor Track & Field Championships,"Feb 26-Mar  1, 2021",60H,9.61,,
Aubrie,Gorski,Horizon League Indoor Track & Field Championships,"Feb 26-Mar  1, 2021",HJ,1.33m,,"4' 4.25"""
Aubrie,Gorski,Horizon League Indoor Track & Field Championships,"Feb 26-Mar  1, 2021",SP,8.03m,,"26' 4.25"""
Aubrie,Gorski,Horizon League Indoor Track & Field Championships,"Feb 26-Mar  1, 2021",LJ,4.81m,,"15' 9.5"""
Aubrie,Gorski,Horizon League Indoor Track & Field Championships,"Feb 26-Mar  1, 2021",800,2:55.58,,
Aubrie,Gorski,John Tierney Classic,"Jan 23, 2021",60H,9.33,,
Aubrie,Gorski,John Tierney Classic,"Jan 23, 2021",HJ,1.38m,,"4' 6.25"""
Aubrie,Gorski,John Tierney Classic,"Jan 23, 2021",TJ,10.95m,,"35' 11.25"""
Aubrie,Gorski,The Panther Invite,"Jan  9, 2021",60H,9.36,,
Aubrie,Gorski,The Panther Invite,"Jan  9, 2021",60H,9.36,,
Aubrie,Gorski,The Panther Invite,"Jan  9, 2021",LJ,5.19m,,"17' 0.5"""
Cynthia,Hernandez,2024 Horizon League Outdoor Track & Field Championship,"May  3- 5, 2024",DT,42.40m,,"139' 1"""
Cynthia,Hernandez,2024 Horizon League Outdoor Track & Field Championship,"May  3- 5, 2024",HT,42.38m,,"139' 0"""
Cynthia,Hernandez,UW-Whitewater Drake Alternative,"Apr 25, 2024",DT,41.91m,,"137' 6"""
Cynthia,Hernandez,UW-Whitewater Drake Alternative,"Apr 25, 2024",HT,41.75m,,"137' 0"""
Cynthia,Hernandez,Gibson Invitational,"Apr 18-20, 2024",DT,36.29m,,"119' 1"""
Cynthia,Hernandez,Gary Wieneke Memorial,"Apr 13, 2024",DT,ND,,NM
Cynthia,Hernandez,Golden Grizzly T&F Invite,"Apr  6, 2024",DT,34.49m,,"113' 2"""
Cynthia,Hernandez,Redbird Challenge,"Mar 29-30, 2024",DT,36.07m,,"118' 4"""
Cynthia,Hernandez,Horizon League Indoor Track & Field Championship,"Feb 24-25, 2024",WT,16.66m,,"54' 8"""
Cynthia,Hernandez,PANTHER TUNE-UP,"Feb 17, 2024",WT,16.52m,,"54' 2.5"""
Cynthia,Hernandez,Illini Challenge,"Jan 26-27, 2024",WT,16.16m,,"53' 0.25"""
Cynthia,Hernandez,John Tierney Classic,"Jan 20, 2024",WT,16.71m,,"54' 10"""
Cynthia,Hernandez,Badgers Midwest Invite,"Jan 13, 2024",WT,16.57m,,"54' 4.5"""
Cynthia,Hernandez,Illini Open,"Jan  6, 2024",WT,16.18m,,"53' 1"""
Cynthia,Hernandez,Horizon League Championship,"May  5- 7, 2023",DT,42.68m,,"140' 0"""
Cynthia,Hernandez,Horizon League Championship,"May  5- 7, 2023",HT,47.82m,,"156' 11"""
Cynthia,Hernandez,UW-Whitewater Drake Alternative,"Apr 28, 2023",DT,FOUL,,NM
Cynthia,Hernandez,UW-Whitewater Drake Alternative,"Apr 28, 2023",HT,47.12m,,"154' 7"""
Cynthia,Hernandez,Gary Wieneke Memorial,"Apr 21-22, 2023",DT,39.35m,,"129' 1"""
Cynthia,Hernandez,Gary Wieneke Memorial,"Apr 21-22, 2023",HT,45.81m,,"150' 3"""
Cynthia,Hernandez,Gibson Invitational & Multis,"Apr 13-15, 2023",DT,40.29m,,"132' 2"""
Cynthia,Hernandez,Fighting Illini Challenge,"Apr  8, 2023",DT,35.93m,,"117' 10"""
Cynthia,Hernandez,Fighting Illini Challenge,"Apr  8, 2023",HT,44.56m,,"146' 2"""
Cynthia,Hernandez,Warrior Invitational,"Apr  6, 2023",HT,44.58m,,"146' 3"""
Cynthia,Hernandez,2023 Horizon League Indoor Track & Field Championship,"Feb 25-26, 2023",WT,16.61m,,"54' 6"""
Cynthia,Hernandez,Panther Tune-Up,"Feb 18, 2023",WT,16.54m,,"54' 3.25"""
Cynthia,Hernandez,Mark Guthrie Legacy Invitational,"Feb  4, 2023",WT,16.13m,,"52' 11"""
Cynthia,Hernandez,Jack Johnson Classic,"Jan 27-28, 2023",WT,15.83m,,"51' 11.25"""
Cynthia,Hernandez,John Tierney Classic,"Jan 21, 2023",WT,15.93m,,"52' 3.25"""
Cynthia,Hernandez,Wisconsin Badgers Midwest Invite,"Jan 14, 2023",WT,15.08m,,"49' 5.75"""
Cynthia,Hernandez,2022 Blue Demon Holiday Invite,"Dec  9, 2022",WT,15.34m,,"50' 4"""
Cynthia,Hernandez,Horizon League Indoor Track & Field Championships,"Feb 26-27, 2022",WT,16.79m,,"55' 1"""
Cynthia,Hernandez,St. Valentines Open,"Feb 18, 2022",WT,16.48m,,"54' 1"""
Cynthia,Hernandez,2022 Hoosier Hills,"Feb 11, 2022",WT,17.06m,,"55' 11.75"""
Cynthia,Hernandez,Red Hawk Invite,"Feb  5, 2022",SP,10.46m,,"34' 4"""
Cynthia,Hernandez,Red Hawk Invite,"Feb  5, 2022",WT,16.35m,,"53' 7.75"""
Cynthia,Hernandez,John Tierney Classic,"Jan 29, 2022",SP,11.52m,,"37' 9.5"""
Cynthia,Hernandez,John Tierney Classic,"Jan 29, 2022",WT,16.15m,,"53' 0"""
Cynthia,Hernandez,John Gartland Invitational,"Jan 21-22, 2022",SP,11.50m,,"37' 8.75"""
Cynthia,Hernandez,John Gartland Invitational,"Jan 21-22, 2022",WT,16.70m,,"54' 9.5"""
Cynthia,Hernandez,Hawkeye Invite,"Jan 14-15, 2022",SP,10.69m,,"35' 1"""
Cynthia,Hernandez,Hawkeye Invite,"Jan 14-15, 2022",WT,15.39m,,"50' 6"""
Cynthia,Hernandez,Horizon League Outdoor Track & Field Championships,"May  7- 9, 2021",SP,10.42m,,"34' 2.25"""
Cynthia,Hernandez,Horizon League Outdoor Track & Field Championships,"May  7- 9, 2021",DT,43.13m,,"141' 6"""
Cynthia,Hernandez,Horizon League Outdoor Track & Field Championships,"May  7- 9, 2021",HT,45.27m,,"148' 6"""
Cynthia,Hernandez,Valpo Invitational,"May  1, 2021",SP,12.57m,,"41' 3"""
Cynthia,Hernandez,Valpo Invitational,"May  1, 2021",DT,39.20m,,"128' 7"""
Cynthia,Hernandez,Valpo Invitational,"May  1, 2021",HT,42.28m,,"138' 8"""
Cynthia,Hernandez,2021 Green & White Invite,"Apr 24, 2021",SP,11.69m,,"38' 4.25"""
Cynthia,Hernandez,2021 Green & White Invite,"Apr 24, 2021",DT,42.12m,,"138' 2"""
Cynthia,Hernandez,2021 Green & White Invite,"Apr 24, 2021",HT,44.64m,,"146' 5"""
Cynthia,Hernandez,Gibson Invitational sponsored by the Terre Haute CVB,"Apr 16-17, 2021",SP,11.58m,,"38' 0"""
Cynthia,Hernandez,Gibson Invitational sponsored by the Terre Haute CVB,"Apr 16-17, 2021",DT,42.99m,,"141' 0"""
Cynthia,Hernandez,Gibson Invitational sponsored by the Terre Haute CVB,"Apr 16-17, 2021",HT,43.29m,,"142' 0"""
Cynthia,Hernandez,Big Blue Classic,"Apr  9-10, 2021",DT,41.48m,,"136' 1"""
Cynthia,Hernandez,Illinois State Redbird Invitational,"Apr  2, 2021",SP,10.61m,,"34' 9.75"""
Cynthia,Hernandez,Illinois State Redbird Invitational,"Apr  2, 2021",DT,39.10m,,"128' 3"""
Cynthia,Hernandez,Illinois State Redbird Invitational,"Apr  2, 2021",HT,40.32m,,"132' 3"""
Cynthia,Hernandez,Horizon League Indoor Track & Field Championships,"Feb 26-Mar  1, 2021",SP,11.75m,,"38' 6.75"""
Cynthia,Hernandez,Horizon League Indoor Track & Field Championships,"Feb 26-Mar  1, 2021",WT,14.99m,,"49' 2.25"""
Cynthia,Hernandez,UW-Parkside Triangular,"Feb  5- 6, 2021",SP,13.58m,,"44' 6.75"""
Cynthia,Hernandez,UW-Parkside Triangular,"Feb  5- 6, 2021",WT,16.18m,,"53' 1"""
Cynthia,Hernandez,John Tierney Classic,"Jan 23, 2021",SP,11.43m,,"37' 6"""
Cynthia,Hernandez,John Tierney Classic,"Jan 23, 2021",WT,15.61m,,"51' 2.75"""
Cynthia,Hernandez,The Panther Invite,"Jan  9, 2021",SP,11.84m,,"38' 10.25"""
Cynthia,Hernandez,The Panther Invite,"Jan  9, 2021",WT,16.00m,,"52' 6"""
Vanessa,Laundrie,2024 Horizon League Outdoor Track & Field Championship,"May  3- 5, 2024",100,12.24,(0.6),
Vanessa,Laundrie,2024 Horizon League Outdoor Track & Field Championship,"May  3- 5, 2024",4x100,46.72,,
Vanessa,Laundrie,Clark Wood Open 2024,"Apr 26-27, 2024",100,12.30,(2.3),
Vanessa,Laundrie,Clark Wood Open 2024,"Apr 26-27, 2024",200,25.82,(-0.7),
Vanessa,Laundrie,Clark Wood Open 2024,"Apr 26-27, 2024",4x100,47.44,,
Vanessa,Laundrie,Gibson Invitational,"Apr 18-20, 2024",100,12.33,(1.7),
Vanessa,Laundrie,Gibson Invitational,"Apr 18-20, 2024",200,26.24,(0.3),
Vanessa,Laundrie,Gibson Invitational,"Apr 18-20, 2024",4x100,48.05,,
Vanessa,Laundrie,Gary Wieneke Memorial,"Apr 13, 2024",100,DNS,,
Vanessa,Laundrie,Gary Wieneke Memorial,"Apr 13, 2024",200,DNS,,
Vanessa,Laundrie,Golden Grizzly T&F Invite,"Apr  6, 2024",100,12.46,(1.0),
Vanessa,Laundrie,Golden Grizzly T&F Invite,"Apr  6, 2024",200,26.05,(1.3),
Vanessa,Laundrie,Golden Grizzly T&F Invite,"Apr  6, 2024",4x100,47.52,,
Vanessa,Laundrie,Redbird Challenge,"Mar 29-30, 2024",100,12.37,(2.6),
Vanessa,Laundrie,Redbird Challenge,"Mar 29-30, 2024",100,DNS,,
Vanessa,Laundrie,Redbird Challenge,"Mar 29-30, 2024",200,DNS,,
Vanessa,Laundrie,Horizon League Indoor Track & Field Championship,"Feb 24-25, 2024",60,7.78,,
Vanessa,Laundrie,Horizon League Indoor Track & Field Championship,"Feb 24-25, 2024",200,25.61,,
Vanessa,Laundrie,PANTHER TUNE-UP,"Feb 17, 2024",60,7.83,,
Vanessa,Laundrie,PANTHER TUNE-UP,"Feb 17, 2024",60,7.86,,
Vanessa,Laundrie,GVSU Big Meet- (Friday),"Feb  9, 2024",60,7.85,,
Vanessa,Laundrie,GVSU Big Meet- (Friday),"Feb  9, 2024",200,25.79,,
Vanessa,Laundrie,Mark Guthrie Legacy Invite,"Feb  3, 2024",60,7.99,,
Vanessa,Laundrie,Mark Guthrie Legacy Invite,"Feb  3, 2024",60,7.96,,
Vanessa,Laundrie,Mark Guthrie Legacy Invite,"Feb  3, 2024",200,26.76,,
Vanessa,Laundrie,Illini Challenge,"Jan 26-27, 2024",60,8.00,,
Vanessa,Laundrie,Illini Challenge,"Jan 26-27, 2024",200,27.25,,
Vanessa,Laundrie,John Tierney Classic,"Jan 20, 2024",60,8.10,,
Vanessa,Laundrie,John Tierney Classic,"Jan 20, 2024",60,8.00,,
Vanessa,Laundrie,John Tierney Classic,"Jan 20, 2024",200,27.53,,
Vanessa,Laundrie,Badgers Midwest Invite,"Jan 13, 2024",60,8.05,,
Vanessa,Laundrie,2023 Blue Demon Holiday Invite,"Dec  8, 2023",60,7.97,,
Vanessa,Laundrie,2023 Blue Demon Holiday Invite,"Dec  8, 2023",200,26.93,,
Vanessa,Laundrie,Horizon League Championship,"May  5- 7, 2023",100,12.66,(-0.1),
Vanessa,Laundrie,Horizon League Championship,"May  5- 7, 2023",4x100,46.72,,
Vanessa,Laundrie,Gary Wieneke Memorial,"Apr 21-22, 2023",200,26.39,(-0.1),
Vanessa,Laundrie,Gibson Invitational & Multis,"Apr 13-15, 2023",100,12.69,(0.7),
Vanessa,Laundrie,Fighting Illini Challenge,"Apr  8, 2023",100,12.48,(1.6),
Vanessa,Laundrie,Fighting Illini Challenge,"Apr  8, 2023",4x100,47.47,,
Vanessa,Laundrie,Mark Guthrie Legacy Invitational,"Feb  4, 2023",60,8.02,,
Vanessa,Laundrie,Wisconsin Badgers Midwest Invite,"Jan 14, 2023",60,7.90,,
Vanessa,Laundrie,2022 Blue Demon Holiday Invite,"Dec  9, 2022",60,7.76,,
Vanessa,Laundrie,2022 Blue Demon Holiday Invite,"Dec  9, 2022",60,7.84,,
Vanessa,Laundrie,2022 Blue Demon Holiday Invite,"Dec  9, 2022",200,25.70,,
Vanessa,Laundrie,Horizon League Outdoor Track & Field Championships,"May  6- 8, 2022",100,12.26,(0.9),
Vanessa,Laundrie,Horizon League Outdoor Track & Field Championships,"May  6- 8, 2022",200,25.36,(3.3),
Vanessa,Laundrie,Horizon League Outdoor Track & Field Championships,"May  6- 8, 2022",4x100,46.56,,
Vanessa,Laundrie,Valparaiso Beacan Invite,"Apr 30, 2022",100,12.40,(3.1),
Vanessa,Laundrie,Illini Invitational,"Apr 22-23, 2022",100,12.06,(5.9),
Vanessa,Laundrie,Illini Invitational,"Apr 22-23, 2022",200,25.14,(6.3),
Vanessa,Laundrie,Illini Invitational,"Apr 22-23, 2022",4x100,49.06,,
Vanessa,Laundrie,2022 Warrior Invitational,"Apr 14, 2022",100,12.40,(5.1),
Vanessa,Laundrie,Redbird Invite,"Apr  1- 2, 2022",100,12.59,(3.6),
Vanessa,Laundrie,Horizon League Indoor Track & Field Championships,"Feb 26-27, 2022",60,7.75,,
Vanessa,Laundrie,Horizon League Indoor Track & Field Championships,"Feb 26-27, 2022",200,25.63,,
Vanessa,Laundrie,St. Valentines Open,"Feb 18, 2022",60,7.78,,
Vanessa,Laundrie,GVSU Big Meet-FRIDAY,"Feb 11, 2022",60,7.79,,
Vanessa,Laundrie,GVSU Big Meet-FRIDAY,"Feb 11, 2022",200,25.60,,
Vanessa,Laundrie,Red Hawk Invite,"Feb  5, 2022",60,7.76,,
Vanessa,Laundrie,Red Hawk Invite,"Feb  5, 2022",200,26.09,,
Vanessa,Laundrie,John Tierney Classic,"Jan 29, 2022",60,7.78,,
Vanessa,Laundrie,John Tierney Classic,"Jan 29, 2022",60,7.73,,
Vanessa,Laundrie,John Gartland Invitational,"Jan 21-22, 2022",60,7.88,,
Vanessa,Laundrie,John Gartland Invitational,"Jan 21-22, 2022",60,7.81,,
Vanessa,Laundrie,Hawkeye Invite,"Jan 14-15, 2022",60,7.79,,
Vanessa,Laundrie,Hawkeye Invite,"Jan 14-15, 2022",200,26.29,,
Vanessa,Laundrie,Horizon League Outdoor Track & Field Championships,"May  7- 9, 2021",100,12.38,(2.5),
Vanessa,Laundrie,Horizon League Outdoor Track & Field Championships,"May  7- 9, 2021",4x100,48.20,,
Vanessa,Laundrie,Valpo Invitational,"May  1, 2021",100,12.85,(-0.4),
Vanessa,Laundrie,Valpo Invitational,"May  1, 2021",4x100,48.11,,
Vanessa,Laundrie,Clark Wood Invitational,"Apr 23-24, 2021",100,12.66,(0.6),
Vanessa,Laundrie,Clark Wood Invitational,"Apr 23-24, 2021",200,26.27,(1.3),
Vanessa,Laundrie,Gibson Invitational sponsored by the Terre Haute CVB,"Apr 16-17, 2021",100,12.68,(3.2),
Vanessa,Laundrie,Gibson Invitational sponsored by the Terre Haute CVB,"Apr 16-17, 2021",200,26.78,(0.7),
Vanessa,Laundrie,Gibson Invitational sponsored by the Terre Haute CVB,"Apr 16-17, 2021",4x100,48.47,,
Vanessa,Laundrie,Big Blue Classic,"Apr  9-10, 2021",100,12.56,(1.7),
Vanessa,Laundrie,Big Blue Classic,"Apr  9-10, 2021",200,26.88,(0.1),
Vanessa,Laundrie,Illinois State Redbird Invitational,"Apr  2, 2021",100,12.47,(2.2),
Vanessa,Laundrie,Illinois State Redbird Invitational,"Apr  2, 2021",200,DNS,(3.0),
Vanessa,Laundrie,Horizon League Indoor Track & Field Championships,"Feb 26-Mar  1, 2021",60,7.95,,
Vanessa,Laundrie,Horizon League Indoor Track & Field Championships,"Feb 26-Mar  1, 2021",200,26.80,,
Vanessa,Laundrie,UW-Parkside Triangular,"Feb 19-20, 2021",55,7.34,,
Vanessa,Laundrie,Panther Tune-Up,"Feb 14, 2021",60,7.97,,
Vanessa,Laundrie,Panther Tune-Up,"Feb 14, 2021",60,7.98,,
Vanessa,Laundrie,Panther Tune-Up,"Feb 14, 2021",200,27.23,,
Vanessa,Laundrie,UW-Parkside Triangular,"Feb  5- 6, 2021",55,7.42,,
Vanessa,Laundrie,UW-Parkside Triangular,"Feb  5- 6, 2021",200,27.09,,
Vanessa,Laundrie,John Tierney Classic,"Jan 23, 2021",60,8.01,,
Vanessa,Laundrie,John Tierney Classic,"Jan 23, 2021",200,27.80,,
Vanessa,Laundrie,The Panther Invite,"Jan  9, 2021",60,8.11,,
Vanessa,Laundrie,The Panther Invite,"Jan  9, 2021",200,27.92,,
Kynnedi,Malone,UW-La Crosse Eagle Open,"May 10, 2024",100H,13.81,(0.6),
Kynnedi,Malone,UW-La Crosse Eagle Open,"May 10, 2024",100H,13.84,(-0.3),
Kynnedi,Malone,2024 Horizon League Outdoor Track & Field Championship,"May  3- 5, 2024",200,25.02,(1.1),
Kynnedi,Malone,2024 Horizon League Outdoor Track & Field Championship,"May  3- 5, 2024",100H,13.63,(2.4),
Kynnedi,Malone,2024 Horizon League Outdoor Track & Field Championship,"May  3- 5, 2024",100H,13.96,(2.5),
Kynnedi,Malone,2024 Horizon League Outdoor Track & Field Championship,"May  3- 5, 2024",4x100,46.72,,
Kynnedi,Malone,Clark Wood Open 2024,"Apr 26-27, 2024",200,24.96,(1.9),
Kynnedi,Malone,Clark Wood Open 2024,"Apr 26-27, 2024",100H,13.66,(2.4),
Kynnedi,Malone,Clark Wood Open 2024,"Apr 26-27, 2024",100H,13.88,(3.9),
Kynnedi,Malone,Clark Wood Open 2024,"Apr 26-27, 2024",4x100,47.44,,
Kynnedi,Malone,Gibson Invitational,"Apr 18-20, 2024",200,25.55,(0.3),
Kynnedi,Malone,Gibson Invitational,"Apr 18-20, 2024",100H,14.04,(1.2),
Kynnedi,Malone,Gibson Invitational,"Apr 18-20, 2024",4x100,48.05,,
Kynnedi,Malone,2024 Bryan Clay Invitational,"Apr 11-13, 2024",100H,14.07,(-0.1),
Kynnedi,Malone,Golden Grizzly T&F Invite,"Apr  6, 2024",100H,13.92,(2.6),
Kynnedi,Malone,Golden Grizzly T&F Invite,"Apr  6, 2024",100H,14.03,(2.8),
Kynnedi,Malone,Golden Grizzly T&F Invite,"Apr  6, 2024",4x100,47.52,,
Kynnedi,Malone,Raleigh Relays,"Mar 28-30, 2024",200,25.10,(2.3),
Kynnedi,Malone,Raleigh Relays,"Mar 28-30, 2024",100H,13.81,(2.1),
Kynnedi,Malone,Horizon League Indoor Track & Field Championship,"Feb 24-25, 2024",200,25.30,,
Kynnedi,Malone,Horizon League Indoor Track & Field Championship,"Feb 24-25, 2024",200,25.29,,
Kynnedi,Malone,Horizon League Indoor Track & Field Championship,"Feb 24-25, 2024",60H,8.53,,
Kynnedi,Malone,Horizon League Indoor Track & Field Championship,"Feb 24-25, 2024",60H,8.54,,
Kynnedi,Malone,GVSU Big Meet- (Friday),"Feb  9, 2024",60,7.80,,
Kynnedi,Malone,GVSU Big Meet- (Friday),"Feb  9, 2024",200,25.01,,
Kynnedi,Malone,GVSU Big Meet- (Friday),"Feb  9, 2024",60H,8.57,,
Kynnedi,Malone,GVSU Big Meet- (Friday),"Feb  9, 2024",60H,8.62,,
Kynnedi,Malone,Mark Guthrie Legacy Invite,"Feb  3, 2024",200,25.76,,
Kynnedi,Malone,Mark Guthrie Legacy Invite,"Feb  3, 2024",60H,8.82,,
Kynnedi,Malone,Mark Guthrie Legacy Invite,"Feb  3, 2024",60H,8.68,,
Kynnedi,Malone,Illini Challenge,"Jan 26-27, 2024",200,25.79,,
Kynnedi,Malone,Illini Challenge,"Jan 26-27, 2024",60H,8.64,,
Kynnedi,Malone,Illini Challenge,"Jan 26-27, 2024",60H,8.75,,
Kynnedi,Malone,John Tierney Classic,"Jan 20, 2024",60,7.76,,
Kynnedi,Malone,John Tierney Classic,"Jan 20, 2024",60,7.78,,
Kynnedi,Malone,John Tierney Classic,"Jan 20, 2024",60H,8.61,,
Kynnedi,Malone,John Tierney Classic,"Jan 20, 2024",60H,8.79,,
Kynnedi,Malone,Badgers Midwest Invite,"Jan 13, 2024",300,42.15,,
Kynnedi,Malone,Badgers Midwest Invite,"Jan 13, 2024",60H,8.66,,
Kynnedi,Malone,Badgers Midwest Invite,"Jan 13, 2024",60H,8.75,,
Kynnedi,Malone,2023 Blue Demon Holiday Invite,"Dec  8, 2023",200,26.08,,
Kynnedi,Malone,2023 Blue Demon Holiday Invite,"Dec  8, 2023",60H,8.67,,
Kynnedi,Malone,2023 Blue Demon Holiday Invite,"Dec  8, 2023",60H,8.79,,
Samantha,Satterfield,2024 Horizon League Outdoor Track & Field Championship,"May  3- 5, 2024",SP,12.94m,,"42' 5.5"""
Samantha,Satterfield,2024 Horizon League Outdoor Track & Field Championship,"May  3- 5, 2024",DT,40.40m,,"132' 6"""
Samantha,Satterfield,2024 Horizon League Outdoor Track & Field Championship,"May  3- 5, 2024",HT,49.73m,,"163' 2"""
Samantha,Satterfield,UW-Whitewater Drake Alternative,"Apr 25, 2024",SP,11.54m,,"37' 10.5"""
Samantha,Satterfield,UW-Whitewater Drake Alternative,"Apr 25, 2024",DT,38.52m,,"126' 4"""
Samantha,Satterfield,UW-Whitewater Drake Alternative,"Apr 25, 2024",HT,49.78m,,"163' 4"""
Samantha,Satterfield,Gibson Invitational,"Apr 18-20, 2024",SP,12.54m,,"41' 1.75"""
Samantha,Satterfield,Gibson Invitational,"Apr 18-20, 2024",DT,38.28m,,"125' 7"""
Samantha,Satterfield,Gibson Invitational,"Apr 18-20, 2024",HT,49.60m,,"162' 9"""
Samantha,Satterfield,Gary Wieneke Memorial,"Apr 13, 2024",SP,12.80m,,"42' 0"""
Samantha,Satterfield,Gary Wieneke Memorial,"Apr 13, 2024",DT,41.11m,,"134' 10"""
Samantha,Satterfield,Gary Wieneke Memorial,"Apr 13, 2024",HT,50.19m,,"164' 8"""
Samantha,Satterfield,Golden Grizzly T&F Invite,"Apr  6, 2024",SP,12.58m,,"41' 3.25"""
Samantha,Satterfield,Golden Grizzly T&F Invite,"Apr  6, 2024",DT,42.08m,,"138' 1"""
Samantha,Satterfield,Golden Grizzly T&F Invite,"Apr  6, 2024",HT,50.52m,,"165' 9"""
Samantha,Satterfield,Redbird Challenge,"Mar 29-30, 2024",SP,13.17m,,"43' 2.5"""
Samantha,Satterfield,Redbird Challenge,"Mar 29-30, 2024",DT,38.08m,,"124' 11"""
Samantha,Satterfield,Redbird Challenge,"Mar 29-30, 2024",HT,47.48m,,"155' 9"""
Samantha,Satterfield,Horizon League Indoor Track & Field Championship,"Feb 24-25, 2024",SP,13.22m,,"43' 4.5"""
Samantha,Satterfield,Horizon League Indoor Track & Field Championship,"Feb 24-25, 2024",WT,16.12m,,"52' 10.75"""
Samantha,Satterfield,PANTHER TUNE-UP,"Feb 17, 2024",SP,12.84m,,"42' 1.5"""
Samantha,Satterfield,PANTHER TUNE-UP,"Feb 17, 2024",WT,15.90m,,"52' 2"""
Samantha,Satterfield,Mark Guthrie Legacy Invite,"Feb  3, 2024",SP,13.02m,,"42' 8.75"""
Samantha,Satterfield,Mark Guthrie Legacy Invite,"Feb  3, 2024",WT,14.91m,,"48' 11"""
Samantha,Satterfield,Illini Challenge,"Jan 26-27, 2024",SP,12.66m,,"41' 6.5"""
Samantha,Satterfield,Illini Challenge,"Jan 26-27, 2024",WT,15.65m,,"51' 4.25"""
Samantha,Satterfield,John Tierney Classic,"Jan 20, 2024",SP,12.54m,,"41' 1.75"""
Samantha,Satterfield,John Tierney Classic,"Jan 20, 2024",WT,16.85m,,"55' 3.5"""
Samantha,Satterfield,Badgers Midwest Invite,"Jan 13, 2024",WT,15.31m,,"50' 2.75"""
Samantha,Satterfield,Illini Open,"Jan  6, 2024",SP,11.91m,,"39' 1"""
Samantha,Satterfield,Illini Open,"Jan  6, 2024",WT,16.14m,,"52' 11.5"""
Samantha,Satterfield,Horizon League Championship,"May  5- 7, 2023",SP,11.92m,,"39' 1.25"""
Samantha,Satterfield,Horizon League Championship,"May  5- 7, 2023",DT,38.52m,,"126' 4"""
Samantha,Satterfield,Horizon League Championship,"May  5- 7, 2023",HT,49.48m,,"162' 4"""
Samantha,Satterfield,UW-Whitewater Drake Alternative,"Apr 28, 2023",SP,12.89m,,"42' 3.5"""
Samantha,Satterfield,UW-Whitewater Drake Alternative,"Apr 28, 2023",DT,41.13m,,"134' 11"""
Samantha,Satterfield,UW-Whitewater Drake Alternative,"Apr 28, 2023",HT,50.50m,,"165' 8"""
Samantha,Satterfield,Gary Wieneke Memorial,"Apr 21-22, 2023",SP,12.61m,,"41' 4.5"""
Samantha,Satterfield,Gary Wieneke Memorial,"Apr 21-22, 2023",DT,37.77m,,"123' 11"""
Samantha,Satterfield,Gary Wieneke Memorial,"Apr 21-22, 2023",HT,50.93m,,"167' 1"""
Samantha,Satterfield,Gibson Invitational & Multis,"Apr 13-15, 2023",SP,12.41m,,"40' 8.75"""
Samantha,Satterfield,Gibson Invitational & Multis,"Apr 13-15, 2023",HT,50.02m,,"164' 1"""
Samantha,Satterfield,Fighting Illini Challenge,"Apr  8, 2023",SP,12.97m,,"42' 6.75"""
Samantha,Satterfield,Fighting Illini Challenge,"Apr  8, 2023",HT,50.72m,,"166' 5"""
Samantha,Satterfield,2023 Horizon League Indoor Track & Field Championship,"Feb 25-26, 2023",SP,12.87m,,"42' 2.75"""
Samantha,Satterfield,2023 Horizon League Indoor Track & Field Championship,"Feb 25-26, 2023",WT,15.94m,,"52' 3.75"""
Samantha,Satterfield,Panther Tune-Up,"Feb 18, 2023",SP,12.35m,,"40' 6.25"""
Samantha,Satterfield,Panther Tune-Up,"Feb 18, 2023",WT,16.43m,,"53' 11"""
Samantha,Satterfield,Mark Guthrie Legacy Invitational,"Feb  4, 2023",SP,13.07m,,"42' 10.75"""
Samantha,Satterfield,Mark Guthrie Legacy Invitational,"Feb  4, 2023",WT,16.16m,,"53' 0.25"""
Samantha,Satterfield,Jack Johnson Classic,"Jan 27-28, 2023",SP,11.66m,,"38' 3.25"""
Samantha,Satterfield,Jack Johnson Classic,"Jan 27-28, 2023",WT,15.74m,,"51' 7.75"""
Samantha,Satterfield,John Tierney Classic,"Jan 21, 2023",SP,13.09m,,"42' 11.5"""
Samantha,Satterfield,John Tierney Classic,"Jan 21, 2023",WT,FOUL,,NM
Samantha,Satterfield,Wisconsin Badgers Midwest Invite,"Jan 14, 2023",SP,11.64m,,"38' 2.25"""
Samantha,Satterfield,Wisconsin Badgers Midwest Invite,"Jan 14, 2023",WT,FOUL,,NM
Samantha,Satterfield,2022 Blue Demon Holiday Invite,"Dec  9, 2022",SP,11.80m,,"38' 8.75"""
Samantha,Satterfield,2022 Blue Demon Holiday Invite,"Dec  9, 2022",WT,14.57m,,"47' 9.75"""
Samantha,Satterfield,Horizon League Outdoor Track & Field Championships,"May  6- 8, 2022",SP,13.14m,,"43' 1.5"""
Samantha,Satterfield,Horizon League Outdoor Track & Field Championships,"May  6- 8, 2022",DT,35.70m,,"117' 1"""
Samantha,Satterfield,Horizon League Outdoor Track & Field Championships,"May  6- 8, 2022",HT,50.84m,,"166' 9"""
Samantha,Satterfield,Valparaiso Beacan Invite,"Apr 30, 2022",SP,13.45m,,"44' 1.5"""
Samantha,Satterfield,Valparaiso Beacan Invite,"Apr 30, 2022",DT,40.79m,,"133' 10"""
Samantha,Satterfield,Valparaiso Beacan Invite,"Apr 30, 2022",HT,47.67m,,"156' 5"""
Samantha,Satterfield,Illini Invitational,"Apr 22-23, 2022",SP,12.86m,,"42' 2.25"""
Samantha,Satterfield,Illini Invitational,"Apr 22-23, 2022",DT,37.74m,,"123' 10"""
Samantha,Satterfield,Illini Invitational,"Apr 22-23, 2022",HT,47.28m,,"155' 1"""
Samantha,Satterfield,2022 Warrior Invitational,"Apr 14, 2022",SP,11.36m,,"37' 3.25"""
Samantha,Satterfield,2022 Warrior Invitational,"Apr 14, 2022",DT,32.93m,,"108' 0"""
Samantha,Satterfield,2022 Warrior Invitational,"Apr 14, 2022",HT,46.09m,,"151' 2"""
Samantha,Satterfield,44 Farms Team Invitational,"Apr  8- 9, 2022",SP,11.98m,,"39' 3.75"""
Samantha,Satterfield,44 Farms Team Invitational,"Apr  8- 9, 2022",DT,34.60m,,"113' 6"""
Samantha,Satterfield,44 Farms Team Invitational,"Apr  8- 9, 2022",HT,47.35m,,"155' 4"""
Samantha,Satterfield,Redbird Invite,"Apr  1- 2, 2022",SP,11.86m,,"38' 11"""
Samantha,Satterfield,Redbird Invite,"Apr  1- 2, 2022",DT,32.63m,,"107' 1"""
Samantha,Satterfield,Redbird Invite,"Apr  1- 2, 2022",HT,47.92m,,"157' 3"""
Samantha,Satterfield,Horizon League Indoor Track & Field Championships,"Feb 26-27, 2022",SP,13.27m,,"43' 6.5"""
Samantha,Satterfield,Horizon League Indoor Track & Field Championships,"Feb 26-27, 2022",WT,16.32m,,"53' 6.5"""
Samantha,Satterfield,St. Valentines Open,"Feb 18, 2022",SP,13.08m,,"42' 11"""
Samantha,Satterfield,St. Valentines Open,"Feb 18, 2022",WT,17.83m,,"58' 6"""
Samantha,Satterfield,2022 Hoosier Hills,"Feb 11, 2022",SP,FOUL,,NM
Samantha,Satterfield,2022 Hoosier Hills,"Feb 11, 2022",WT,14.75m,,"48' 4.75"""
Samantha,Satterfield,Red Hawk Invite,"Feb  5, 2022",SP,13.00m,,"42' 8"""
Samantha,Satterfield,Red Hawk Invite,"Feb  5, 2022",WT,15.78m,,"51' 9.25"""
Samantha,Satterfield,John Tierney Classic,"Jan 29, 2022",SP,12.66m,,"41' 6.5"""
Samantha,Satterfield,John Tierney Classic,"Jan 29, 2022",WT,15.71m,,"51' 6.5"""
Samantha,Satterfield,John Gartland Invitational,"Jan 21-22, 2022",SP,13.32m,,"43' 8.5"""
Samantha,Satterfield,John Gartland Invitational,"Jan 21-22, 2022",WT,15.81m,,"51' 10.5"""
Samantha,Satterfield,Hawkeye Invite,"Jan 14-15, 2022",SP,12.78m,,"41' 11.25"""
Samantha,Satterfield,Hawkeye Invite,"Jan 14-15, 2022",WT,14.34m,,"47' 0.75"""
Samantha,Satterfield,Horizon League Outdoor Track & Field Championships,"May  7- 9, 2021",SP,11.35m,,"37' 3"""
Samantha,Satterfield,Horizon League Outdoor Track & Field Championships,"May  7- 9, 2021",HT,44.59m,,"146' 3"""
Samantha,Satterfield,Valpo Invitational,"May  1, 2021",SP,13.23m,,"43' 5"""
Samantha,Satterfield,Valpo Invitational,"May  1, 2021",HT,44.53m,,"146' 1"""
Samantha,Satterfield,2021 Green & White Invite,"Apr 24, 2021",SP,12.22m,,"40' 1.25"""
Samantha,Satterfield,2021 Green & White Invite,"Apr 24, 2021",HT,43.85m,,"143' 10"""
Samantha,Satterfield,Gibson Invitational sponsored by the Terre Haute CVB,"Apr 16-17, 2021",SP,12.34m,,"40' 6"""
Samantha,Satterfield,Gibson Invitational sponsored by the Terre Haute CVB,"Apr 16-17, 2021",HT,42.72m,,"140' 2"""
Samantha,Satterfield,Big Blue Classic,"Apr  9-10, 2021",SP,12.75m,,"41' 10"""
Samantha,Satterfield,Big Blue Classic,"Apr  9-10, 2021",HT,39.13m,,"128' 4"""
Samantha,Satterfield,Illinois State Redbird Invitational,"Apr  2, 2021",SP,11.45m,,"37' 6.75"""
Samantha,Satterfield,Illinois State Redbird Invitational,"Apr  2, 2021",DT,NM,,NM
Samantha,Satterfield,Illinois State Redbird Invitational,"Apr  2, 2021",HT,41.27m,,"135' 5"""
Samantha,Satterfield,Horizon League Indoor Track & Field Championships,"Feb 26-Mar  1, 2021",SP,11.73m,,"38' 6"""
Samantha,Satterfield,Horizon League Indoor Track & Field Championships,"Feb 26-Mar  1, 2021",WT,15.53m,,"50' 11.5"""
Samantha,Satterfield,Panther Tune-Up,"Feb 14, 2021",SP,12.30m,,"40' 4.25"""
Samantha,Satterfield,Panther Tune-Up,"Feb 14, 2021",WT,15.09m,,"49' 6.25"""
Samantha,Satterfield,UW-Parkside Triangular,"Feb  5- 6, 2021",SP,12.71m,,"41' 8.5"""
Samantha,Satterfield,UW-Parkside Triangular,"Feb  5- 6, 2021",WT,14.35m,,"47' 1"""
Samantha,Satterfield,John Tierney Classic,"Jan 23, 2021",SP,12.17m,,"39' 11.25"""
Samantha,Satterfield,John Tierney Classic,"Jan 23, 2021",WT,15.11m,,"49' 7"""
Samantha,Satterfield,The Panther Invite,"Jan  9, 2021",SP,11.51m,,"37' 9.25"""
Samantha,Satterfield,The Panther Invite,"Jan  9, 2021",WT,13.10m,,"42' 11.75"""
Nadia,Vo,2024 Horizon League Outdoor Track & Field Championship,"May  3- 5, 2024",HJ,1.52m,,"4' 11.75"""
Nadia,Vo,2024 Horizon League Outdoor Track & Field Championship,"May  3- 5, 2024",LJ,5.59m,(-1.4),"18' 4.25"""
Nadia,Vo,UW-Whitewater Drake Alternative,"Apr 25, 2024",LJ,5.38m,(0.5),"17' 8"""
Nadia,Vo,Gibson Invitational,"Apr 18-20, 2024",HJ,1.57m,,"5' 1.75"""
Nadia,Vo,Gibson Invitational,"Apr 18-20, 2024",LJ,5.28m,(0.8),"17' 4"""
Nadia,Vo,Gary Wieneke Memorial,"Apr 13, 2024",LJ,5.70m,(1.3),"18' 8.5"""
Nadia,Vo,Golden Grizzly T&F Invite,"Apr  6, 2024",HJ,1.55m,,"5' 1"""
Nadia,Vo,Golden Grizzly T&F Invite,"Apr  6, 2024",LJ,5.56m,(4.3),"18' 3"""
Nadia,Vo,Redbird Challenge,"Mar 29-30, 2024",HJ,1.50m,,"4' 11"""
Nadia,Vo,Horizon League Indoor Track & Field Championship,"Feb 24-25, 2024",HJ,1.56m,,"5' 1.25"""
Nadia,Vo,Horizon League Indoor Track & Field Championship,"Feb 24-25, 2024",LJ,5.61m,,"18' 5"""
Nadia,Vo,PANTHER TUNE-UP,"Feb 17, 2024",LJ,5.52m,,"18' 1.5"""
Nadia,Vo,Mark Guthrie Legacy Invite,"Feb  3, 2024",HJ,1.53m,,"5' 0.25"""
Nadia,Vo,John Tierney Classic,"Jan 20, 2024",LJ,5.65m,,"18' 6.5"""
Nadia,Vo,Badgers Midwest Invite,"Jan 13, 2024",LJ,5.33m,,"17' 6"""
Nadia,Vo,2023 Blue Demon Holiday Invite,"Dec  8, 2023",HJ,1.58m,,"5' 2.25"""
Nadia,Vo,Horizon League Championship,"May  5- 7, 2023",HJ,1.55m,,"5' 1"""
Nadia,Vo,Horizon League Championship,"May  5- 7, 2023",LJ,5.42m,(+0.0),"17' 9.5"""
Nadia,Vo,Clark Wood Open 2023,"Apr 28-29, 2023",LJ,5.57m,(0.8),"18' 3.25"""
Nadia,Vo,Gary Wieneke Memorial,"Apr 21-22, 2023",LJ,5.44m,(1.7),"17' 10.25"""
Nadia,Vo,Gibson Invitational & Multis,"Apr 13-15, 2023",HJ,1.55m,,"5' 1"""
Nadia,Vo,Gibson Invitational & Multis,"Apr 13-15, 2023",LJ,5.43m,(0.2),"17' 9.75"""
Nadia,Vo,Fighting Illini Challenge,"Apr  8, 2023",LJ,5.52m,,"18' 1.5"""
Nadia,Vo,2023 Horizon League Indoor Track & Field Championship,"Feb 25-26, 2023",HJ,1.60m,,"5' 3"""
Nadia,Vo,2023 Horizon League Indoor Track & Field Championship,"Feb 25-26, 2023",LJ,5.61m,,"18' 5"""
Nadia,Vo,Panther Tune-Up,"Feb 18, 2023",HJ,1.55m,,"5' 1"""
Nadia,Vo,Panther Tune-Up,"Feb 18, 2023",LJ,5.64m,,"18' 6"""
Nadia,Vo,Mark Guthrie Legacy Invitational,"Feb  4, 2023",LJ,5.63m,,"18' 5.75"""
Nadia,Vo,Jack Johnson Classic,"Jan 27-28, 2023",LJ,5.58m,,"18' 3.75"""
Nadia,Vo,John Tierney Classic,"Jan 21, 2023",HJ,1.62m,,"5' 3.75"""
Nadia,Vo,John Tierney Classic,"Jan 21, 2023",LJ,5.75m,,"18' 10.5"""
Nadia,Vo,Wisconsin Badgers Midwest Invite,"Jan 14, 2023",LJ,5.46m,,"17' 11"""
Nadia,Vo,2022 Blue Demon Holiday Invite,"Dec  9, 2022",LJ,5.54m,,"18' 2.25"""
Nadia,Vo,Horizon League Outdoor Track & Field Championships,"May  6- 8, 2022",HJ,1.54m,,"5' 0.5"""
Nadia,Vo,Horizon League Outdoor Track & Field Championships,"May  6- 8, 2022",LJ,5.86m,(+0.0),"19' 2.75"""
Nadia,Vo,Valparaiso Beacan Invite,"Apr 30, 2022",LJ,5.71m,(4.6),"18' 9"""
Nadia,Vo,Illini Invitational,"Apr 22-23, 2022",HJ,1.55m,,"5' 1"""
Nadia,Vo,Illini Invitational,"Apr 22-23, 2022",LJ,5.64m,(2.2),"18' 6"""
Nadia,Vo,44 Farms Team Invitational,"Apr  8- 9, 2022",HJ,NH,,NH
Nadia,Vo,44 Farms Team Invitational,"Apr  8- 9, 2022",LJ,5.16m,(2.4),"16' 11.25"""
Nadia,Vo,Horizon League Indoor Track & Field Championships,"Feb 26-27, 2022",HJ,1.65m,,"5' 5"""
Nadia,Vo,Horizon League Indoor Track & Field Championships,"Feb 26-27, 2022",LJ,5.62m,,"18' 5.25"""
Nadia,Vo,St. Valentines Open,"Feb 18, 2022",HJ,1.49m,,"4' 10.5"""
Nadia,Vo,John Tierney Classic,"Jan 29, 2022",LJ,5.85m,,"19' 2.5"""
Nadia,Vo,John Gartland Invitational,"Jan 21-22, 2022",LJ,5.50m,,"18' 0.5"""
Nadia,Vo,Hawkeye Invite,"Jan 14-15, 2022",LJ,5.46m,,"17' 11"""
Nadia,Vo,Horizon League Outdoor Track & Field Championships,"May  7- 9, 2021",HJ,1.65m,,"5' 5"""
Nadia,Vo,Horizon League Outdoor Track & Field Championships,"May  7- 9, 2021",LJ,5.64m,(2.1),"18' 6"""
Nadia,Vo,Valpo Invitational,"May  1, 2021",LJ,5.66m,(3.2),"18' 7"""
Nadia,Vo,Clark Wood Invitational,"Apr 23-24, 2021",LJ,5.75m,(1.4),"18' 10.5"""
Nadia,Vo,Gibson Invitational sponsored by the Terre Haute CVB,"Apr 16-17, 2021",LJ,5.42m,(+0.0),"17' 9.5"""
Nadia,Vo,Illinois State Redbird Invitational,"Apr  2, 2021",HJ,1.57m,,"5' 1.75"""
Nadia,Vo,Illinois State Redbird Invitational,"Apr  2, 2021",LJ,5.22m,(2.0),"17' 1.5"""
Nadia,Vo,Horizon League Indoor Track & Field Championships,"Feb 26-Mar  1, 2021",HJ,1.60m,,"5' 3"""
Nadia,Vo,Horizon League Indoor Track & Field Championships,"Feb 26-Mar  1, 2021",LJ,5.61m,,"18' 5"""
Nadia,Vo,UW-Parkside Triangular,"Feb 19-20, 2021",HJ,1.65m,,"5' 5"""
Nadia,Vo,Panther Tune-Up,"Feb 14, 2021",HJ,1.63m,,"5' 4.25"""
Nadia,Vo,Panther Tune-Up,"Feb 14, 2021",LJ,5.61m,,"18' 5"""
Nadia,Vo,UW-Parkside Triangular,"Feb  5- 6, 2021",LJ,5.13m,,"16' 10"""
Nadia,Vo,John Tierney Classic,"Jan 23, 2021",HJ,1.53m,,"5' 0.25"""
Nadia,Vo,John Tierney Classic,"Jan 23, 2021",LJ,5.79m,,"19' 0"""
Nadia,Vo,The Panther Invite,"Jan  9, 2021",HJ,1.52m,,"4' 11.75"""
Nadia,Vo,The Panther Invite,"Jan  9, 2021",LJ,5.54m,,"18' 2.25"""
Kortnie,Volk,2024 Horizon League Outdoor Track & Field Championship,"May  3- 5, 2024",4x400,3:51.99,,
Kortnie,Volk,2024 Horizon League Outdoor Track & Field Championship,"May  3- 5, 2024",LJ,5.60m,(-0.2),"18' 4.5"""
Kortnie,Volk,2024 Horizon League Outdoor Track & Field Championship,"May  3- 5, 2024",JT,32.66m,,"107' 2"""
Kortnie,Volk,2024 Horizon League Outdoor Track & Field Championship,"May  3- 5, 2024",Hep,4609,,
Kortnie,Volk,2024 Horizon League Outdoor Track & Field Championship,"May  3- 5, 2024",100H,15.04,(-0.6),
Kortnie,Volk,2024 Horizon League Outdoor Track & Field Championship,"May  3- 5, 2024",HJ,1.39m,,"4' 6.75"""
Kortnie,Volk,2024 Horizon League Outdoor Track & Field Championship,"May  3- 5, 2024",SP,10.36m,,"34' 0"""
Kortnie,Volk,2024 Horizon League Outdoor Track & Field Championship,"May  3- 5, 2024",200,26.16,(-1.9),
Kortnie,Volk,2024 Horizon League Outdoor Track & Field Championship,"May  3- 5, 2024",LJ,5.48m,(-1.7),"17' 11.75"""
Kortnie,Volk,2024 Horizon League Outdoor Track & Field Championship,"May  3- 5, 2024",JT,29.27m,,"96' 0"""
Kortnie,Volk,2024 Horizon League Outdoor Track & Field Championship,"May  3- 5, 2024",800,2:23.38,,
Kortnie,Volk,UW-Whitewater Drake Alternative,"Apr 25, 2024",100H,15.29,(1.3),
Kortnie,Volk,UW-Whitewater Drake Alternative,"Apr 25, 2024",JT,32.41m,,"106' 4"""
Kortnie,Volk,Gibson Invitational,"Apr 18-20, 2024",Hep,4690,,
Kortnie,Volk,Gibson Invitational,"Apr 18-20, 2024",100H,15.41,(0.8),
Kortnie,Volk,Gibson Invitational,"Apr 18-20, 2024",HJ,1.41m,,"4' 7.5"""
Kortnie,Volk,Gibson Invitational,"Apr 18-20, 2024",SP,11.52m,,"37' 9.5"""
Kortnie,Volk,Gibson Invitational,"Apr 18-20, 2024",200,25.97,(+0.0),
Kortnie,Volk,Gibson Invitational,"Apr 18-20, 2024",LJ,5.61m,(-0.2),"18' 5"""
Kortnie,Volk,Gibson Invitational,"Apr 18-20, 2024",JT,28.62m,,"93' 11"""
Kortnie,Volk,Gibson Invitational,"Apr 18-20, 2024",800,2:24.19,,
Kortnie,Volk,Marquette Invitational,"Apr 12, 2024",100H,15.55,(1.4),
Kortnie,Volk,Marquette Invitational,"Apr 12, 2024",LJ,5.32m,(-2.2),"17' 5.5"""
Kortnie,Volk,Marquette Invitational,"Apr 12, 2024",SP,10.40m,,"34' 1.5"""
Kortnie,Volk,Golden Grizzly T&F Invite,"Apr  6, 2024",200,26.20,(3.9),
Kortnie,Volk,Golden Grizzly T&F Invite,"Apr  6, 2024",100H,15.91,(1.3),
Kortnie,Volk,Golden Grizzly T&F Invite,"Apr  6, 2024",SP,10.44m,,"34' 3"""
Kortnie,Volk,Golden Grizzly T&F Invite,"Apr  6, 2024",JT,29.86m,,"97' 11"""
Kortnie,Volk,Redbird Challenge,"Mar 29-30, 2024",100H,15.59,(0.4),
Kortnie,Volk,Redbird Challenge,"Mar 29-30, 2024",HJ,1.45m,,"4' 9"""
Kortnie,Volk,Redbird Challenge,"Mar 29-30, 2024",JT,26.85m,,"88' 1"""
Kortnie,Volk,Horizon League Indoor Track & Field Championship,"Feb 24-25, 2024",4x400,3:55.74,,
Kortnie,Volk,Horizon League Indoor Track & Field Championship,"Feb 24-25, 2024",DMR,12:02.90,,
Kortnie,Volk,Horizon League Indoor Track & Field Championship,"Feb 24-25, 2024",LJ,5.75m,,"18' 10.5"""
Kortnie,Volk,Horizon League Indoor Track & Field Championship,"Feb 24-25, 2024",Pent,3473,,
Kortnie,Volk,Horizon League Indoor Track & Field Championship,"Feb 24-25, 2024",60H,9.06,,
Kortnie,Volk,Horizon League Indoor Track & Field Championship,"Feb 24-25, 2024",HJ,1.43m,,"4' 8.25"""
Kortnie,Volk,Horizon League Indoor Track & Field Championship,"Feb 24-25, 2024",SP,10.77m,,"35' 4"""
Kortnie,Volk,Horizon League Indoor Track & Field Championship,"Feb 24-25, 2024",LJ,5.66m,,"18' 7"""
Kortnie,Volk,Horizon League Indoor Track & Field Championship,"Feb 24-25, 2024",800,2:29.02,,
Kortnie,Volk,PANTHER TUNE-UP,"Feb 17, 2024",60H,9.32,,
Kortnie,Volk,PANTHER TUNE-UP,"Feb 17, 2024",LJ,FOUL,,NM
Kortnie,Volk,PANTHER TUNE-UP,"Feb 17, 2024",SP,10.64m,,"34' 11"""
Kortnie,Volk,GVSU Big Meet- (Friday),"Feb  9, 2024",400,58.77,,
Kortnie,Volk,GVSU Big Meet- (Friday),"Feb  9, 2024",60H,9.50,,
Kortnie,Volk,GVSU Big Meet- (Friday),"Feb  9, 2024",SP,11.12m,,"36' 5.75"""
Kortnie,Volk,Mark Guthrie Legacy Invite,"Feb  3, 2024",60H,9.37,,
Kortnie,Volk,Mark Guthrie Legacy Invite,"Feb  3, 2024",LJ,5.58m,,"18' 3.75"""
Kortnie,Volk,Illini Challenge,"Jan 26-27, 2024",Pent,3396,,
Kortnie,Volk,Illini Challenge,"Jan 26-27, 2024",60H,9.31,,
Kortnie,Volk,Illini Challenge,"Jan 26-27, 2024",HJ,1.41m,,"4' 7.5"""
Kortnie,Volk,Illini Challenge,"Jan 26-27, 2024",SP,11.03m,,"36' 2.25"""
Kortnie,Volk,Illini Challenge,"Jan 26-27, 2024",LJ,5.51m,,"18' 1"""
Kortnie,Volk,Illini Challenge,"Jan 26-27, 2024",800,2:27.33,,
Kortnie,Volk,John Tierney Classic,"Jan 20, 2024",60H,9.32,,
Kortnie,Volk,John Tierney Classic,"Jan 20, 2024",60H,9.50,,
Kortnie,Volk,John Tierney Classic,"Jan 20, 2024",HJ,1.40m,,"4' 7"""
Kortnie,Volk,John Tierney Classic,"Jan 20, 2024",SP,10.39m,,"34' 1.25"""
Kortnie,Volk,Badgers Midwest Invite,"Jan 13, 2024",300,41.89,,
Kortnie,Volk,Badgers Midwest Invite,"Jan 13, 2024",LJ,5.54m,,"18' 2.25"""
Kortnie,Volk,Badgers Midwest Invite,"Jan 13, 2024",SP,10.16m,,"33' 4"""
Kortnie,Volk,Illini Open,"Jan  6, 2024",600,1:44.27,,
Kortnie,Volk,Illini Open,"Jan  6, 2024",60H,9.59,,
Kortnie,Volk,Illini Open,"Jan  6, 2024",LJ,5.44m,,"17' 10.25"""
Kortnie,Volk,2023 Blue Demon Holiday Invite,"Dec  8, 2023",60H,9.40,,
Kortnie,Volk,2023 Blue Demon Holiday Invite,"Dec  8, 2023",LJ,5.52m,,"18' 1.5"""
Kortnie,Volk,Horizon League Championship,"May  5- 7, 2023",4x400,3:53.61,,
Kortnie,Volk,Horizon League Championship,"May  5- 7, 2023",LJ,5.66m,(+0.0),"18' 7"""
Kortnie,Volk,Horizon League Championship,"May  5- 7, 2023",JT,31.05m,,"101' 10"""
Kortnie,Volk,Horizon League Championship,"May  5- 7, 2023",Hep,4606,,
Kortnie,Volk,Horizon League Championship,"May  5- 7, 2023",100H,15.63,(-0.3),
Kortnie,Volk,Horizon League Championship,"May  5- 7, 2023",HJ,1.42m,,"4' 7.75"""
Kortnie,Volk,Horizon League Championship,"May  5- 7, 2023",SP,10.86m,,"35' 7.75"""
Kortnie,Volk,Horizon League Championship,"May  5- 7, 2023",200,26.02,(1.5),
Kortnie,Volk,Horizon League Championship,"May  5- 7, 2023",LJ,5.47m,(-1.8),"17' 11.5"""
Kortnie,Volk,Horizon League Championship,"May  5- 7, 2023",JT,32.91m,,"108' 0"""
Kortnie,Volk,Horizon League Championship,"May  5- 7, 2023",800,2:28.77,,
Kortnie,Volk,UW-Whitewater Drake Alternative,"Apr 28, 2023",400,58.71,,
Kortnie,Volk,UW-Whitewater Drake Alternative,"Apr 28, 2023",100H,15.28,(0.3),
Kortnie,Volk,UW-Whitewater Drake Alternative,"Apr 28, 2023",JT,32.74m,,"107' 5"""
Kortnie,Volk,Marquette Invitational,"Apr 22, 2023",SP,10.54m,,"34' 7"""
Kortnie,Volk,Gary Wieneke Memorial,"Apr 21-22, 2023",LJ,5.74m,(2.1),"18' 10"""
Kortnie,Volk,Gary Wieneke Memorial,"Apr 21-22, 2023",JT,FOUL,,NM
Kortnie,Volk,Gibson Invitational & Multis,"Apr 13-15, 2023",Hep,4622,,
Kortnie,Volk,Gibson Invitational & Multis,"Apr 13-15, 2023",100H,15.84,(1.8),
Kortnie,Volk,Gibson Invitational & Multis,"Apr 13-15, 2023",HJ,1.36m,,"4' 5.5"""
Kortnie,Volk,Gibson Invitational & Multis,"Apr 13-15, 2023",SP,11.05m,,"36' 3"""
Kortnie,Volk,Gibson Invitational & Multis,"Apr 13-15, 2023",200,26.12,(0.9),
Kortnie,Volk,Gibson Invitational & Multis,"Apr 13-15, 2023",LJ,5.62m,(1.3),"18' 5.25"""
Kortnie,Volk,Gibson Invitational & Multis,"Apr 13-15, 2023",JT,32.73m,,"107' 4"""
Kortnie,Volk,Gibson Invitational & Multis,"Apr 13-15, 2023",800,2:24.02,,
Kortnie,Volk,Fighting Illini Challenge,"Apr  8, 2023",200,26.47,(-0.7),
Kortnie,Volk,Fighting Illini Challenge,"Apr  8, 2023",100H,15.32,(2.0),
Kortnie,Volk,Fighting Illini Challenge,"Apr  8, 2023",LJ,5.31m,,"17' 5.25"""
Kortnie,Volk,Warrior Invitational,"Apr  6, 2023",SP,10.69m,,"35' 1"""
Kortnie,Volk,Warrior Invitational,"Apr  6, 2023",JT,28.97m,,"95' 0"""
Kortnie,Volk,2023 Horizon League Indoor Track & Field Championship,"Feb 25-26, 2023",4x400,3:54.28,,
Kortnie,Volk,2023 Horizon League Indoor Track & Field Championship,"Feb 25-26, 2023",LJ,5.34m,,"17' 6.25"""
Kortnie,Volk,2023 Horizon League Indoor Track & Field Championship,"Feb 25-26, 2023",Pent,3330,,
Kortnie,Volk,2023 Horizon League Indoor Track & Field Championship,"Feb 25-26, 2023",60H,9.32,,
Kortnie,Volk,2023 Horizon League Indoor Track & Field Championship,"Feb 25-26, 2023",HJ,1.38m,,"4' 6.25"""
Kortnie,Volk,2023 Horizon League Indoor Track & Field Championship,"Feb 25-26, 2023",SP,10.64m,,"34' 11"""
Kortnie,Volk,2023 Horizon League Indoor Track & Field Championship,"Feb 25-26, 2023",LJ,5.40m,,"17' 8.75"""
Kortnie,Volk,2023 Horizon League Indoor Track & Field Championship,"Feb 25-26, 2023",800,2:25.27,,
Kortnie,Volk,Panther Tune-Up,"Feb 18, 2023",60H,9.66,,
Kortnie,Volk,Panther Tune-Up,"Feb 18, 2023",HJ,1.40m,,"4' 7"""
Kortnie,Volk,Panther Tune-Up,"Feb 18, 2023",SP,10.71m,,"35' 1.75"""
Kortnie,Volk,GVSU Big Meet (Friday),"Feb 10, 2023",400,58.96,,
Kortnie,Volk,GVSU Big Meet (Friday),"Feb 10, 2023",LJ,5.24m,,"17' 2.25"""
Kortnie,Volk,Mark Guthrie Legacy Invitational,"Feb  4, 2023",60H,9.76,,
Kortnie,Volk,Mark Guthrie Legacy Invitational,"Feb  4, 2023",LJ,5.63m,,"18' 5.75"""
Kortnie,Volk,Jack Johnson Classic,"Jan 27-28, 2023",Pent,3229,,
Kortnie,Volk,Jack Johnson Classic,"Jan 27-28, 2023",60H,10.82,,
Kortnie,Volk,Jack Johnson Classic,"Jan 27-28, 2023",HJ,1.48m,,"4' 10.25"""
Kortnie,Volk,Jack Johnson Classic,"Jan 27-28, 2023",SP,11.72m,,"38' 5.5"""
Kortnie,Volk,Jack Johnson Classic,"Jan 27-28, 2023",LJ,5.47m,,"17' 11.5"""
Kortnie,Volk,Jack Johnson Classic,"Jan 27-28, 2023",800,2:27.09,,
Kortnie,Volk,John Tierney Classic,"Jan 21, 2023",200,26.76,,
Kortnie,Volk,John Tierney Classic,"Jan 21, 2023",60H,9.96,,
Kortnie,Volk,John Tierney Classic,"Jan 21, 2023",HJ,1.42m,,"4' 7.75"""
Kortnie,Volk,John Tierney Classic,"Jan 21, 2023",SP,11.01m,,"36' 1.5"""
Kortnie,Volk,Wisconsin Badgers Midwest Invite,"Jan 14, 2023",300,41.96,,
Kortnie,Volk,Wisconsin Badgers Midwest Invite,"Jan 14, 2023",LJ,5.51m,,"18' 1"""
Kortnie,Volk,2022 Blue Demon Holiday Invite,"Dec  9, 2022",400,59.44,,
Kortnie,Volk,2022 Blue Demon Holiday Invite,"Dec  9, 2022",HJ,1.45m,,"4' 9"""
Kortnie,Volk,Horizon League Outdoor Track & Field Championships,"May  6- 8, 2022",4x400,3:58.79,,
Kortnie,Volk,Horizon League Outdoor Track & Field Championships,"May  6- 8, 2022",LJ,5.35m,(+0.0),"17' 6.75"""
Kortnie,Volk,Horizon League Outdoor Track & Field Championships,"May  6- 8, 2022",Hep,4409,,
Kortnie,Volk,Horizon League Outdoor Track & Field Championships,"May  6- 8, 2022",100H,15.91,(0.1),
Kortnie,Volk,Horizon League Outdoor Track & Field Championships,"May  6- 8, 2022",HJ,1.36m,,"4' 5.5"""
Kortnie,Volk,Horizon League Outdoor Track & Field Championships,"May  6- 8, 2022",SP,11.07m,,"36' 4"""
Kortnie,Volk,Horizon League Outdoor Track & Field Championships,"May  6- 8, 2022",200,26.35,(-0.2),
Kortnie,Volk,Horizon League Outdoor Track & Field Championships,"May  6- 8, 2022",LJ,5.42m,,"17' 9.5"""
Kortnie,Volk,Horizon League Outdoor Track & Field Championships,"May  6- 8, 2022",JT,26.63m,,"87' 4"""
Kortnie,Volk,Horizon League Outdoor Track & Field Championships,"May  6- 8, 2022",800,2:24.98,,
Kortnie,Volk,Valparaiso Beacan Invite,"Apr 30, 2022",200,26.30,(1.5),
Kortnie,Volk,Valparaiso Beacan Invite,"Apr 30, 2022",HJ,1.40m,,"4' 7"""
Kortnie,Volk,Valparaiso Beacan Invite,"Apr 30, 2022",JT,25.77m,,"84' 6"""
Kortnie,Volk,Illini Invitational,"Apr 22-23, 2022",100H,15.79,(6.5),
Kortnie,Volk,Illini Invitational,"Apr 22-23, 2022",LJ,5.61m,(5.3),"18' 5"""
Kortnie,Volk,2022 Warrior Invitational,"Apr 14, 2022",JT,26.94m,,"88' 5"""
Kortnie,Volk,44 Farms Team Invitational,"Apr  8- 9, 2022",Hep,4288,,
Kortnie,Volk,44 Farms Team Invitational,"Apr  8- 9, 2022",100H,16.30,(5.7),
Kortnie,Volk,44 Farms Team Invitational,"Apr  8- 9, 2022",HJ,1.48m,,"4' 10.25"""
Kortnie,Volk,44 Farms Team Invitational,"Apr  8- 9, 2022",SP,10.42m,,"34' 2.25"""
Kortnie,Volk,44 Farms Team Invitational,"Apr  8- 9, 2022",200,26.25,(4.5),
Kortnie,Volk,44 Farms Team Invitational,"Apr  8- 9, 2022",LJ,5.23m,(0.5),"17' 2"""
Kortnie,Volk,44 Farms Team Invitational,"Apr  8- 9, 2022",JT,24.08m,,"79' 0"""
Kortnie,Volk,44 Farms Team Invitational,"Apr  8- 9, 2022",800,2:30.13,,
Kortnie,Volk,Redbird Invite,"Apr  1- 2, 2022",100H,17.48,(2.2),
Kortnie,Volk,Redbird Invite,"Apr  1- 2, 2022",LJ,5.24m,,"17' 2.25"""
Kortnie,Volk,Redbird Invite,"Apr  1- 2, 2022",JT,22.83m,,"74' 11"""
Kortnie,Volk,Horizon League Indoor Track & Field Championships,"Feb 26-27, 2022",LJ,5.36m,,"17' 7"""
Kortnie,Volk,Horizon League Indoor Track & Field Championships,"Feb 26-27, 2022",Pent,3234,,
Kortnie,Volk,Horizon League Indoor Track & Field Championships,"Feb 26-27, 2022",60H,9.86,,
Kortnie,Volk,Horizon League Indoor Track & Field Championships,"Feb 26-27, 2022",HJ,1.47m,,"4' 9.75"""
Kortnie,Volk,Horizon League Indoor Track & Field Championships,"Feb 26-27, 2022",SP,10.70m,,"35' 1.25"""
Kortnie,Volk,Horizon League Indoor Track & Field Championships,"Feb 26-27, 2022",LJ,5.21m,,"17' 1.25"""
Kortnie,Volk,Horizon League Indoor Track & Field Championships,"Feb 26-27, 2022",800,2:28.14,,
Kortnie,Volk,St. Valentines Open,"Feb 18, 2022",LJ,5.46m,,"17' 11"""
Kortnie,Volk,2022 Hoosier Hills,"Feb 11, 2022",400,1:00.67,,
Kortnie,Volk,2022 Hoosier Hills,"Feb 11, 2022",LJ,5.19m,,"17' 0.5"""
Kortnie,Volk,Red Hawk Invite,"Feb  5, 2022",400,1:01.83,,
Kortnie,Volk,Red Hawk Invite,"Feb  5, 2022",60H,10.05,,
Kortnie,Volk,Red Hawk Invite,"Feb  5, 2022",HJ,1.36m,,"4' 5.5"""
Kortnie,Volk,John Tierney Classic,"Jan 29, 2022",60H,9.99,,
Kortnie,Volk,John Tierney Classic,"Jan 29, 2022",LJ,5.55m,,"18' 2.5"""
Kortnie,Volk,John Tierney Classic,"Jan 29, 2022",SP,10.70m,,"35' 1.25"""
Kortnie,Volk,John Gartland Invitational,"Jan 21-22, 2022",Pent,3087,,
Kortnie,Volk,John Gartland Invitational,"Jan 21-22, 2022",60H,10.05,,
Kortnie,Volk,John Gartland Invitational,"Jan 21-22, 2022",HJ,1.41m,,"4' 7.5"""
Kortnie,Volk,John Gartland Invitational,"Jan 21-22, 2022",SP,11.14m,,"36' 6.75"""
Kortnie,Volk,John Gartland Invitational,"Jan 21-22, 2022",LJ,5.28m,,"17' 4"""
Kortnie,Volk,John Gartland Invitational,"Jan 21-22, 2022",800,2:35.95,,
Kortnie,Volk,Hawkeye Invite,"Jan 14-15, 2022",200,27.41,,
Kortnie,Volk,Hawkeye Invite,"Jan 14-15, 2022",LJ,5.11m,,"16' 9.25"""
Kortnie,Volk,2021 Green & White Invite,"Apr 24, 2021",200,26.96,(1.5),
Kortnie,Volk,2021 Green & White Invite,"Apr 24, 2021",LJ,5.24m,(-0.7),"17' 2.25"""
Kortnie,Volk,2021 Green & White Invite,"Apr 24, 2021",SP,8.39m,,"27' 6.5"""
Kortnie,Volk,2021 Warrior Invitational,"Apr 17, 2021",200,27.27,(2.7),
Kortnie,Volk,2021 Warrior Invitational,"Apr 17, 2021",LJ,5.22m,(+0.0),"17' 1.5"""
Kortnie,Volk,2021 Warrior Invitational,"Apr 17, 2021",SP,8.91m,,"29' 2.75"""
Kortnie,Volk,Horizon League Indoor Track & Field Championships,"Feb 26-Mar  1, 2021",LJ,5.13m,,"16' 10"""
Kortnie,Volk,Horizon League Indoor Track & Field Championships,"Feb 26-Mar  1, 2021",TJ,10.04m,,"32' 11.25"""
Kortnie,Volk,Horizon League Indoor Track & Field Championships,"Feb 26-Mar  1, 2021",Pent,2772,,
Kortnie,Volk,Horizon League Indoor Track & Field Championships,"Feb 26-Mar  1, 2021",60H,10.16,,
Kortnie,Volk,Horizon League Indoor Track & Field Championships,"Feb 26-Mar  1, 2021",HJ,1.36m,,"4' 5.5"""
Kortnie,Volk,Horizon League Indoor Track & Field Championships,"Feb 26-Mar  1, 2021",SP,8.89m,,"29' 2"""
Kortnie,Volk,Horizon League Indoor Track & Field Championships,"Feb 26-Mar  1, 2021",LJ,5.12m,,"16' 9.75"""
Kortnie,Volk,Horizon League Indoor Track & Field Championships,"Feb 26-Mar  1, 2021",800,2:40.20,,
Kortnie,Volk,John Tierney Classic,"Jan 23, 2021",60H,10.05,,
Kortnie,Volk,John Tierney Classic,"Jan 23, 2021",HJ,1.38m,,"4' 6.25"""
Kortnie,Volk,John Tierney Classic,"Jan 23, 2021",LJ,5.32m,,"17' 5.5"""
Kortnie,Volk,John Tierney Classic,"Jan 23, 2021",SP,9.17m,,"30' 1"""
Kortnie,Volk,The Panther Invite,"Jan  9, 2021",200,27.68,,
Kortnie,Volk,The Panther Invite,"Jan  9, 2021",60H,10.05,,
Kortnie,Volk,The Panther Invite,"Jan  9, 2021",60H,9.85,,
Kortnie,Volk,The Panther Invite,"Jan  9, 2021",TJ,10.89m,,"35' 8.75"""
Tabitha,Wechlo,NCAA West First Round,"May 22-25, 2024",SP,13.48m,,"44' 2.75"""
Tabitha,Wechlo,2024 Horizon League Outdoor Track & Field Championship,"May  3- 5, 2024",SP,15.33m,,"50' 3.5"""
Tabitha,Wechlo,2024 Horizon League Outdoor Track & Field Championship,"May  3- 5, 2024",DT,40.58m,,"133' 2"""
Tabitha,Wechlo,UW-Whitewater Drake Alternative,"Apr 25, 2024",DT,37.97m,,"124' 7"""
Tabitha,Wechlo,UW-Whitewater Drake Alternative,"Apr 25, 2024",HT,41.07m,,"134' 9"""
Tabitha,Wechlo,Gibson Invitational,"Apr 18-20, 2024",SP,13.79m,,"45' 3"""
Tabitha,Wechlo,Gibson Invitational,"Apr 18-20, 2024",DT,37.24m,,"122' 2"""
Tabitha,Wechlo,Gary Wieneke Memorial,"Apr 13, 2024",SP,14.38m,,"47' 2.25"""
Tabitha,Wechlo,Golden Grizzly T&F Invite,"Apr  6, 2024",SP,13.96m,,"45' 9.75"""
Tabitha,Wechlo,Golden Grizzly T&F Invite,"Apr  6, 2024",DT,37.82m,,"124' 1"""
Tabitha,Wechlo,Raleigh Relays,"Mar 28-30, 2024",SP,13.32m,,"43' 8.5"""
Tabitha,Wechlo,Raleigh Relays,"Mar 28-30, 2024",DT,33.93m,,"111' 4"""
Tabitha,Wechlo,Horizon League Indoor Track & Field Championship,"Feb 24-25, 2024",SP,14.74m,,"48' 4.5"""
Tabitha,Wechlo,Horizon League Indoor Track & Field Championship,"Feb 24-25, 2024",WT,14.96m,,"49' 1"""
Tabitha,Wechlo,PANTHER TUNE-UP,"Feb 17, 2024",SP,13.84m,,"45' 5"""
Tabitha,Wechlo,PANTHER TUNE-UP,"Feb 17, 2024",WT,15.02m,,"49' 3.5"""
Tabitha,Wechlo,Mark Guthrie Legacy Invite,"Feb  3, 2024",SP,14.28m,,"46' 10.25"""
Tabitha,Wechlo,Mark Guthrie Legacy Invite,"Feb  3, 2024",WT,13.19m,,"43' 3.25"""
Tabitha,Wechlo,Illini Challenge,"Jan 26-27, 2024",SP,13.76m,,"45' 1.75"""
Tabitha,Wechlo,John Tierney Classic,"Jan 20, 2024",SP,14.70m,,"48' 2.75"""
Tabitha,Wechlo,John Tierney Classic,"Jan 20, 2024",WT,15.30m,,"50' 2.5"""
Tabitha,Wechlo,Badgers Midwest Invite,"Jan 13, 2024",SP,14.14m,,"46' 4.75"""
Tabitha,Wechlo,Badgers Midwest Invite,"Jan 13, 2024",WT,13.99m,,"45' 10.75"""
Tabitha,Wechlo,Illini Open,"Jan  6, 2024",SP,14.07m,,"46' 2"""
Tabitha,Wechlo,Illini Open,"Jan  6, 2024",WT,15.41m,,"50' 6.75"""
Tabitha,Wechlo,Horizon League Championship,"May  5- 7, 2023",SP,14.49m,,"47' 6.5"""
Tabitha,Wechlo,Horizon League Championship,"May  5- 7, 2023",DT,38.41m,,"126' 0"""
Tabitha,Wechlo,Horizon League Championship,"May  5- 7, 2023",HT,42.76m,,"140' 3"""
Tabitha,Wechlo,UW-Whitewater Drake Alternative,"Apr 28, 2023",SP,13.82m,,"45' 4.25"""
Tabitha,Wechlo,UW-Whitewater Drake Alternative,"Apr 28, 2023",DT,37.48m,,"122' 11"""
Tabitha,Wechlo,UW-Whitewater Drake Alternative,"Apr 28, 2023",HT,40.71m,,"133' 7"""
Tabitha,Wechlo,Gary Wieneke Memorial,"Apr 21-22, 2023",SP,14.24m,,"46' 8.75"""
Tabitha,Wechlo,Gary Wieneke Memorial,"Apr 21-22, 2023",DT,32.44m,,"106' 5"""
Tabitha,Wechlo,Gibson Invitational & Multis,"Apr 13-15, 2023",SP,14.36m,,"47' 1.5"""
Tabitha,Wechlo,Gibson Invitational & Multis,"Apr 13-15, 2023",DT,40.45m,,"132' 8"""
Tabitha,Wechlo,Fighting Illini Challenge,"Apr  8, 2023",SP,14.53m,,"47' 8"""
Tabitha,Wechlo,Fighting Illini Challenge,"Apr  8, 2023",DT,33.83m,,"111' 0"""
Tabitha,Wechlo,Warrior Invitational,"Apr  6, 2023",DT,35.85m,,"117' 7"""
Tabitha,Wechlo,Warrior Invitational,"Apr  6, 2023",HT,39.87m,,"130' 10"""
Tabitha,Wechlo,2023 Horizon League Indoor Track & Field Championship,"Feb 25-26, 2023",SP,14.12m,,"46' 4"""
Tabitha,Wechlo,2023 Horizon League Indoor Track & Field Championship,"Feb 25-26, 2023",WT,14.81m,,"48' 7.25"""
Tabitha,Wechlo,Panther Tune-Up,"Feb 18, 2023",SP,13.95m,,"45' 9.25"""
Tabitha,Wechlo,Panther Tune-Up,"Feb 18, 2023",WT,14.66m,,"48' 1.25"""
Tabitha,Wechlo,Mark Guthrie Legacy Invitational,"Feb  4, 2023",SP,14.24m,,"46' 8.75"""
Tabitha,Wechlo,Mark Guthrie Legacy Invitational,"Feb  4, 2023",WT,FOUL,,NM
Tabitha,Wechlo,Jack Johnson Classic,"Jan 27-28, 2023",SP,13.32m,,"43' 8.5"""
Tabitha,Wechlo,Jack Johnson Classic,"Jan 27-28, 2023",WT,15.00m,,"49' 2.5"""
Tabitha,Wechlo,John Tierney Classic,"Jan 21, 2023",SP,14.05m,,"46' 1.25"""
Tabitha,Wechlo,John Tierney Classic,"Jan 21, 2023",WT,14.32m,,"46' 11.75"""
Tabitha,Wechlo,Wisconsin Badgers Midwest Invite,"Jan 14, 2023",SP,13.65m,,"44' 9.5"""
Tabitha,Wechlo,Wisconsin Badgers Midwest Invite,"Jan 14, 2023",WT,14.62m,,"47' 11.75"""
Tabitha,Wechlo,Horizon League Outdoor Track & Field Championships,"May  6- 8, 2022",SP,14.67m,,"48' 1.75"""
Tabitha,Wechlo,Horizon League Outdoor Track & Field Championships,"May  6- 8, 2022",DT,38.70m,,"127' 0"""
Tabitha,Wechlo,Horizon League Outdoor Track & Field Championships,"May  6- 8, 2022",HT,42.85m,,"140' 7"""
Tabitha,Wechlo,Valparaiso Beacan Invite,"Apr 30, 2022",SP,14.12m,,"46' 4"""
Tabitha,Wechlo,Valparaiso Beacan Invite,"Apr 30, 2022",DT,38.85m,,"127' 5"""
Tabitha,Wechlo,Valparaiso Beacan Invite,"Apr 30, 2022",HT,42.26m,,"138' 8"""
Tabitha,Wechlo,Illini Invitational,"Apr 22-23, 2022",SP,13.30m,,"43' 7.75"""
Tabitha,Wechlo,Illini Invitational,"Apr 22-23, 2022",DT,37.93m,,"124' 5"""
Tabitha,Wechlo,Illini Invitational,"Apr 22-23, 2022",HT,41.00m,,"134' 6"""
Tabitha,Wechlo,2022 Warrior Invitational,"Apr 14, 2022",SP,14.26m,,"46' 9.5"""
Tabitha,Wechlo,2022 Warrior Invitational,"Apr 14, 2022",DT,36.17m,,"118' 8"""
Tabitha,Wechlo,2022 Warrior Invitational,"Apr 14, 2022",HT,39.05m,,"128' 1"""
Tabitha,Wechlo,44 Farms Team Invitational,"Apr  8- 9, 2022",SP,14.07m,,"46' 2"""
Tabitha,Wechlo,44 Farms Team Invitational,"Apr  8- 9, 2022",DT,35.13m,,"115' 3"""
Tabitha,Wechlo,44 Farms Team Invitational,"Apr  8- 9, 2022",HT,42.82m,,"140' 6"""
Tabitha,Wechlo,Redbird Invite,"Apr  1- 2, 2022",SP,12.94m,,"42' 5.5"""
Tabitha,Wechlo,Redbird Invite,"Apr  1- 2, 2022",HT,38.32m,,"125' 9"""
Tabitha,Wechlo,Horizon League Indoor Track & Field Championships,"Feb 26-27, 2022",SP,13.67m,,"44' 10.25"""
Tabitha,Wechlo,Horizon League Indoor Track & Field Championships,"Feb 26-27, 2022",WT,14.57m,,"47' 9.75"""
Tabitha,Wechlo,St. Valentines Open,"Feb 18, 2022",SP,13.05m,,"42' 9.75"""
Tabitha,Wechlo,St. Valentines Open,"Feb 18, 2022",WT,13.36m,,"43' 10"""
Tabitha,Wechlo,2022 Hoosier Hills,"Feb 11, 2022",SP,13.53m,,"44' 4.75"""
Tabitha,Wechlo,Red Hawk Invite,"Feb  5, 2022",SP,13.38m,,"43' 10.75"""
Tabitha,Wechlo,Red Hawk Invite,"Feb  5, 2022",WT,15.13m,,"49' 7.75"""
Tabitha,Wechlo,John Tierney Classic,"Jan 29, 2022",SP,12.73m,,"41' 9.25"""
Tabitha,Wechlo,John Tierney Classic,"Jan 29, 2022",WT,15.03m,,"49' 3.75"""
Tabitha,Wechlo,Hawkeye Invite,"Jan 14-15, 2022",SP,12.67m,,"41' 7"""
Tabitha,Wechlo,Hawkeye Invite,"Jan 14-15, 2022",WT,14.17m,,"46' 6"""
Tabitha,Wechlo,Horizon League Outdoor Track & Field Championships,"May  7- 9, 2021",SP,13.08m,,"42' 11"""
Tabitha,Wechlo,Horizon League Outdoor Track & Field Championships,"May  7- 9, 2021",DT,30.14m,,"98' 11"""
Tabitha,Wechlo,Horizon League Outdoor Track & Field Championships,"May  7- 9, 2021",HT,36.35m,,"119' 3"""
Tabitha,Wechlo,Valpo Invitational,"May  1, 2021",SP,12.19m,,"40' 0"""
Tabitha,Wechlo,Valpo Invitational,"May  1, 2021",DT,35.92m,,"117' 10"""
Tabitha,Wechlo,Valpo Invitational,"May  1, 2021",HT,40.07m,,"131' 5"""
Tabitha,Wechlo,2021 Green & White Invite,"Apr 24, 2021",SP,12.42m,,"40' 9"""
Tabitha,Wechlo,2021 Green & White Invite,"Apr 24, 2021",DT,35.39m,,"116' 1"""
Tabitha,Wechlo,2021 Green & White Invite,"Apr 24, 2021",HT,36.94m,,"121' 2"""
Tabitha,Wechlo,2021 Warrior Invitational,"Apr 17, 2021",SP,11.54m,,"37' 10.5"""
Tabitha,Wechlo,2021 Warrior Invitational,"Apr 17, 2021",DT,33.38m,,"109' 6"""
Tabitha,Wechlo,2021 Warrior Invitational,"Apr 17, 2021",HT,42.63m,,"139' 10"""
Tabitha,Wechlo,Big Blue Classic,"Apr  9-10, 2021",SP,10.66m,,"34' 11.75"""
Tabitha,Wechlo,Big Blue Classic,"Apr  9-10, 2021",HT,NM,,NM
Tabitha,Wechlo,Horizon League Indoor Track & Field Championships,"Feb 26-Mar  1, 2021",SP,11.05m,,"36' 3"""
Tabitha,Wechlo,Horizon League Indoor Track & Field Championships,"Feb 26-Mar  1, 2021",WT,13.72m,,"45' 0.25"""
Tabitha,Wechlo,UW-Parkside Triangular,"Feb 19-20, 2021",SP,12.60m,,"41' 4.25"""
Tabitha,Wechlo,UW-Parkside Triangular,"Feb 19-20, 2021",WT,14.09m,,"46' 2.75"""
Tabitha,Wechlo,Panther Tune-Up,"Feb 14, 2021",SP,11.83m,,"38' 9.75"""
Tabitha,Wechlo,Panther Tune-Up,"Feb 14, 2021",WT,13.59m,,"44' 7"""
Tabitha,Wechlo,UW-Parkside Triangular,"Feb  5- 6, 2021",SP,11.92m,,"39' 1.25"""
Tabitha,Wechlo,UW-Parkside Triangular,"Feb  5- 6, 2021",WT,11.84m,,"38' 10.25"""
Tabitha,Wechlo,John Tierney Classic,"Jan 23, 2021",SP,11.49m,,"37' 8.5"""
Tabitha,Wechlo,John Tierney Classic,"Jan 23, 2021",WT,13.63m,,"44' 8.75"""
Tabitha,Wechlo,The Panther Invite,"Jan  9, 2021",SP,11.61m,,"38' 1.25"""
Tabitha,Wechlo,The Panther Invite,"Jan  9, 2021",WT,13.03m,,"42' 9"""
Adrienne,Burton,UW-Whitewater Drake Alternative,"Apr 28, 2023",100H,14.99,(0.7),
Adrienne,Burton,UW-Whitewater Drake Alternative,"Apr 28, 2023",100H,DNF,(0.7),
Adrienne,Burton,Marquette Invitational,"Apr 22, 2023",400H,1:09.12,,
Adrienne,Burton,Gary Wieneke Memorial,"Apr 21-22, 2023",100H,14.78,(-0.2),
Adrienne,Burton,Green & White Invite,"Apr 15, 2023",100H,14.83,(2.8),
Adrienne,Burton,Green & White Invite,"Apr 15, 2023",400H,1:07.75,,
Adrienne,Burton,Fighting Illini Challenge,"Apr  8, 2023",200,27.05,(-0.7),
Adrienne,Burton,Fighting Illini Challenge,"Apr  8, 2023",400H,1:08.06,,
Adrienne,Burton,2023 Horizon League Indoor Track & Field Championship,"Feb 25-26, 2023",60H,9.14,,
Adrienne,Burton,GVSU Big Meet (Friday),"Feb 10, 2023",60H,9.05,,
Adrienne,Burton,Mark Guthrie Legacy Invitational,"Feb  4, 2023",200,27.00,,
Adrienne,Burton,Mark Guthrie Legacy Invitational,"Feb  4, 2023",60H,9.05,,
Adrienne,Burton,Jack Johnson Classic,"Jan 27-28, 2023",60H,DNF,,
Adrienne,Burton,Jack Johnson Classic,"Jan 27-28, 2023",60H,9.42,,
Adrienne,Burton,John Tierney Classic,"Jan 21, 2023",200,26.87,,
Adrienne,Burton,John Tierney Classic,"Jan 21, 2023",60H,8.77,,
Adrienne,Burton,John Tierney Classic,"Jan 21, 2023",60H,8.76,,
Adrienne,Burton,Wisconsin Badgers Midwest Invite,"Jan 14, 2023",60H,8.83,,
Adrienne,Burton,Wisconsin Badgers Midwest Invite,"Jan 14, 2023",60H,8.94,,
Adrienne,Burton,Wisconsin Badgers Midwest Invite,"Jan 14, 2023",4x400,4:07.47,,
Adrienne,Burton,2022 Blue Demon Holiday Invite,"Dec  9, 2022",60H,8.92,,
Adrienne,Burton,2022 Blue Demon Holiday Invite,"Dec  9, 2022",60H,8.88,,
Adrienne,Burton,Horizon League Outdoor Track & Field Championships,"May  6- 8, 2022",100H,15.89,(0.2),
Adrienne,Burton,Horizon League Outdoor Track & Field Championships,"May  6- 8, 2022",100H,14.68,(+0.0),
Adrienne,Burton,Horizon League Outdoor Track & Field Championships,"May  6- 8, 2022",400H,DQ,,
Adrienne,Burton,Horizon League Outdoor Track & Field Championships,"May  6- 8, 2022",4x400,3:58.79,,
Adrienne,Burton,Illini Invitational,"Apr 22-23, 2022",400H,1:05.91,,
Adrienne,Burton,2022 Warrior Invitational,"Apr 14, 2022",100H,14.70,(1.0),
Adrienne,Burton,2022 Warrior Invitational,"Apr 14, 2022",100H,15.24,(2.1),
Adrienne,Burton,44 Farms Team Invitational,"Apr  8- 9, 2022",100H,14.88,(5.1),
Adrienne,Burton,44 Farms Team Invitational,"Apr  8- 9, 2022",400H,1:06.70,,
Adrienne,Burton,Redbird Invite,"Apr  1- 2, 2022",100H,15.11,(2.2),
Adrienne,Burton,Redbird Invite,"Apr  1- 2, 2022",400H,1:10.76,,
Adrienne,Burton,Horizon League Indoor Track & Field Championships,"Feb 26-27, 2022",60H,8.87,,
Adrienne,Burton,Horizon League Indoor Track & Field Championships,"Feb 26-27, 2022",60H,8.76,,
Adrienne,Burton,St. Valentines Open,"Feb 18, 2022",60H,8.88,,
Adrienne,Burton,St. Valentines Open,"Feb 18, 2022",60H,8.95,,
Adrienne,Burton,GVSU Big Meet-FRIDAY,"Feb 11, 2022",200,26.47,,
Adrienne,Burton,GVSU Big Meet-FRIDAY,"Feb 11, 2022",60H,8.91,,
Adrienne,Burton,Red Hawk Invite,"Feb  5, 2022",60H,9.07,,
Adrienne,Burton,Red Hawk Invite,"Feb  5, 2022",60H,8.94,,
Adrienne,Burton,Red Hawk Invite,"Feb  5, 2022",4x400,4:11.96,,
Adrienne,Burton,John Tierney Classic,"Jan 29, 2022",200,26.65,,
Adrienne,Burton,John Tierney Classic,"Jan 29, 2022",60H,8.83,,
Adrienne,Burton,John Tierney Classic,"Jan 29, 2022",60H,9.50,,
Adrienne,Burton,John Gartland Invitational,"Jan 21-22, 2022",200,26.87,,
Adrienne,Burton,John Gartland Invitational,"Jan 21-22, 2022",60H,9.04,,
Adrienne,Burton,John Gartland Invitational,"Jan 21-22, 2022",60H,8.96,,
Adrienne,Burton,Horizon League Outdoor Track & Field Championships,"May  7- 9, 2021",100H,15.26,(2.8),
Adrienne,Burton,Horizon League Outdoor Track & Field Championships,"May  7- 9, 2021",400H,1:07.40,,
Adrienne,Burton,Valpo Invitational,"May  1, 2021",100H,15.23,(2.0),
Adrienne,Burton,Valpo Invitational,"May  1, 2021",400H,1:07.67,,
Adrienne,Burton,Clark Wood Invitational,"Apr 23-24, 2021",100H,15.13,(0.4),
Adrienne,Burton,Clark Wood Invitational,"Apr 23-24, 2021",400H,1:08.55,,
Adrienne,Burton,Gibson Invitational sponsored by the Terre Haute CVB,"Apr 16-17, 2021",100H,15.44,(0.5),
Adrienne,Burton,Gibson Invitational sponsored by the Terre Haute CVB,"Apr 16-17, 2021",400H,1:07.59,,
Adrienne,Burton,Big Blue Classic,"Apr  9-10, 2021",100H,15.69,(1.0),
Adrienne,Burton,Big Blue Classic,"Apr  9-10, 2021",400H,1:13.39,,
Adrienne,Burton,Big Blue Classic,"Apr  9-10, 2021",4x400,4:18.67,,
Adrienne,Burton,Illinois State Redbird Invitational,"Apr  2, 2021",100H,15.08,(2.4),
Adrienne,Burton,Illinois State Redbird Invitational,"Apr  2, 2021",400H,1:09.92,,
Adrienne,Burton,Horizon League Indoor Track & Field Championships,"Feb 26-Mar  1, 2021",60H,9.06,,
Adrienne,Burton,UW-Parkside Triangular,"Feb 19-20, 2021",4x400,4:16.24,,
Adrienne,Burton,Panther Tune-Up,"Feb 14, 2021",200,27.67,,
Adrienne,Burton,Panther Tune-Up,"Feb 14, 2021",60H,9.27,,
Adrienne,Burton,UW-Parkside Triangular,"Feb  5- 6, 2021",55H,8.66,,
Adrienne,Burton,UW-Parkside Triangular,"Feb  5- 6, 2021",4x400,4:18.43,,
Adrienne,Burton,John Tierney Classic,"Jan 23, 2021",200,27.95,,
Adrienne,Burton,John Tierney Classic,"Jan 23, 2021",60H,9.26,,
Adrienne,Burton,The Panther Invite,"Jan  9, 2021",60H,9.70,,
Adrienne,Burton,The Panther Invite,"Jan  9, 2021",60H,9.40,,
Adrienne,Burton,The Panther Invite,"Jan  9, 2021",4x400,DNF,,
Adrienne,Burton,Horizon League Indoor Track & Field Championships,"Feb 29-Mar  1, 2020",60H,9.66,,
Adrienne,Burton,Panther Tune-Up,"Feb 22, 2020",400,1:05.87,,
Adrienne,Burton,Panther Tune-Up,"Feb 22, 2020",60H,9.42,,
Adrienne,Burton,GVSU Big Meet (Saturday),"Feb 15, 2020",60H,9.74,,
Adrienne,Burton,2020 ONU Invitational,"Feb  1, 2020",200,29.20,,
Adrienne,Burton,2020 ONU Invitational,"Feb  1, 2020",60H,9.68,,
Adrienne,Burton,2020 ONU Invitational,"Feb  1, 2020",60H,9.40,,
Adrienne,Burton,Illini Invitational,"Jan 24-25, 2020",60H,9.61,,
Adrienne,Burton,John Tierney Classic,"Jan 18, 2020",60H,9.47,,
Adrienne,Burton,John Tierney Classic,"Jan 18, 2020",4x400,4:11.79,,
Adrienne,Burton,Gene Edmonds Memorial,"Jan 10-11, 2020",60H,9.74,,
Adrienne,Burton,Gene Edmonds Memorial,"Jan 10-11, 2020",4x400,4:08.37,,
Adrienne,Burton,Horizon League Outdoor Track & Field Championships,"May  3- 5, 2019",400H,1:08.92,,
Adrienne,Burton,2019 Lenny Lyles-Clark Wood Invitational,"Apr 26-27, 2019",100H,16.84,(1.6),
Adrienne,Burton,2019 Lenny Lyles-Clark Wood Invitational,"Apr 26-27, 2019",400H,1:10.56,,
Adrienne,Burton,Kentucky Track & Field Invitational,"Apr 20, 2019",100H,15.59,(0.9),
Adrienne,Burton,Kentucky Track & Field Invitational,"Apr 20, 2019",400H,1:06.32,,
Adrienne,Burton,Kentucky Track & Field Invitational,"Apr 20, 2019",4x400,4:08.32,,
Adrienne,Burton,Illinois Twilight,"Apr 13, 2019",100H,15.48,(1.3),
Adrienne,Burton,Illinois Twilight,"Apr 13, 2019",400H,1:10.07,,
Adrienne,Burton,Jack Shaw Classic,"Apr  5, 2019",100H,15.75,(0.8),
Adrienne,Burton,Jack Shaw Classic,"Apr  5, 2019",400H,1:07.71,,
Adrienne,Burton,2019 Drury Hotels Joey Haines Invite,"Mar 29-30, 2019",100H,15.68,(2.1),
Adrienne,Burton,Horizon League Indoor Track & Field Championships,"Feb 23-24, 2019",60H,9.67,,
Adrienne,Burton,Panther TuneUp,"Feb 16, 2019",60H,9.37,,
Adrienne,Burton,GVSU Big Meet (Saturday),"Feb  9, 2019",400,1:04.66,,
Adrienne,Burton,GVSU Big Meet (Saturday),"Feb  9, 2019",60H,9.75,,
Adrienne,Burton,2019 Illini Invitational,"Jan 25-26, 2019",60H,9.76,,
Adrienne,Burton,John Tierney Classic,"Jan 19, 2019",60H,9.58,,
Adrienne,Burton,John Tierney Classic,"Jan 19, 2019",4x400,4:10.81,,
Adrienne,Burton,Badger Icebreaker,"Jan 12, 2019",60H,9.73,,
Adrienne,Burton,Badger Icebreaker,"Jan 12, 2019",4x400,4:08.09,,
Annie,Guerrero,NCAA West Preliminary Round,"May 24-27, 2023",HJ,1.67m,,"5' 5.75"""
Annie,Guerrero,Eagle Open,"May 12, 2023",HJ,1.75m,,"5' 8.75"""
Annie,Guerrero,Horizon League Championship,"May  5- 7, 2023",HJ,1.68m,,"5' 6"""
Annie,Guerrero,Clark Wood Open 2023,"Apr 28-29, 2023",HJ,1.70m,,"5' 7"""
Annie,Guerrero,Gibson Invitational & Multis,"Apr 13-15, 2023",HJ,1.74m,,"5' 8.5"""
Annie,Guerrero,Fighting Illini Challenge,"Apr  8, 2023",HJ,1.75m,,"5' 8.75"""
Annie,Guerrero,2023 Horizon League Indoor Track & Field Championship,"Feb 25-26, 2023",HJ,1.65m,,"5' 5"""
Annie,Guerrero,Panther Tune-Up,"Feb 18, 2023",HJ,1.70m,,"5' 7"""
Annie,Guerrero,GVSU Big Meet (Friday),"Feb 10, 2023",HJ,1.63m,,"5' 4.25"""
Annie,Guerrero,Jack Johnson Classic,"Jan 27-28, 2023",HJ,1.62m,,"5' 3.75"""
Annie,Guerrero,John Tierney Classic,"Jan 21, 2023",HJ,1.67m,,"5' 5.75"""
Annie,Guerrero,Wisconsin Badgers Midwest Invite,"Jan 14, 2023",HJ,1.71m,,"5' 7.25"""
Annie,Guerrero,2022 Blue Demon Holiday Invite,"Dec  9, 2022",HJ,1.68m,,"5' 6"""
Annie,Guerrero,Horizon League Outdoor Track & Field Championships,"May  6- 8, 2022",HJ,1.68m,,"5' 6"""
Annie,Guerrero,Valparaiso Beacan Invite,"Apr 30, 2022",HJ,1.60m,,"5' 3"""
Annie,Guerrero,Illini Invitational,"Apr 22-23, 2022",HJ,1.65m,,"5' 5"""
Annie,Guerrero,44 Farms Team Invitational,"Apr  8- 9, 2022",HJ,1.66m,,"5' 5.25"""
Annie,Guerrero,Redbird Invite,"Apr  1- 2, 2022",HJ,1.70m,,"5' 7"""
Annie,Guerrero,Horizon League Indoor Track & Field Championships,"Feb 26-27, 2022",HJ,1.68m,,"5' 6"""
Annie,Guerrero,St. Valentines Open,"Feb 18, 2022",HJ,1.64m,,"5' 4.5"""
Annie,Guerrero,2022 Hoosier Hills,"Feb 11, 2022",HJ,1.71m,,"5' 7.25"""
Annie,Guerrero,Red Hawk Invite,"Feb  5, 2022",HJ,1.66m,,"5' 5.25"""
Annie,Guerrero,John Tierney Classic,"Jan 29, 2022",HJ,1.71m,,"5' 7.25"""
Annie,Guerrero,John Gartland Invitational,"Jan 21-22, 2022",HJ,1.65m,,"5' 5"""
Annie,Guerrero,NCAA Division I West Preliminary Round,"May 26-29, 2021",HJ,NH,,NH
Annie,Guerrero,John Kruchoski Open,"May 15, 2021",HJ,1.75m,,"5' 8.75"""
Annie,Guerrero,Horizon League Outdoor Track & Field Championships,"May  7- 9, 2021",HJ,1.62m,,"5' 3.75"""
Annie,Guerrero,Valpo Invitational,"May  1, 2021",HJ,1.55m,,"5' 1"""
Annie,Guerrero,Clark Wood Invitational,"Apr 23-24, 2021",HJ,1.61m,,"5' 3.25"""
Annie,Guerrero,Gibson Invitational sponsored by the Terre Haute CVB,"Apr 16-17, 2021",HJ,1.60m,,"5' 3"""
Annie,Guerrero,Big Blue Classic,"Apr  9-10, 2021",HJ,1.70m,,"5' 7"""
Annie,Guerrero,Illinois State Redbird Invitational,"Apr  2, 2021",HJ,1.62m,,"5' 3.75"""
Annie,Guerrero,Horizon League Indoor Track & Field Championships,"Feb 26-Mar  1, 2021",HJ,1.74m,,"5' 8.5"""
Annie,Guerrero,UW-Parkside Triangular,"Feb 19-20, 2021",HJ,1.65m,,"5' 5"""
Annie,Guerrero,Panther Tune-Up,"Feb 14, 2021",HJ,1.68m,,"5' 6"""
Annie,Guerrero,UW-Parkside Triangular,"Feb  5- 6, 2021",HJ,1.65m,,"5' 5"""
Annie,Guerrero,John Tierney Classic,"Jan 23, 2021",HJ,1.68m,,"5' 6"""
Annie,Guerrero,The Panther Invite,"Jan  9, 2021",HJ,1.67m,,"5' 5.75"""
Annie,Guerrero,Horizon League Indoor Track & Field Championships,"Feb 29-Mar  1, 2020",HJ,1.70m,,"5' 7"""
Annie,Guerrero,Panther Tune-Up,"Feb 22, 2020",HJ,1.65m,,"5' 5"""
Annie,Guerrero,GVSU Big Meet (Saturday),"Feb 15, 2020",HJ,1.64m,,"5' 4.5"""
Annie,Guerrero,2020 Meyo Invitational,"Feb  7- 8, 2020",HJ,1.64m,,"5' 4.5"""
Annie,Guerrero,2020 ONU Invitational,"Feb  1, 2020",HJ,1.60m,,"5' 3"""
Annie,Guerrero,Illini Invitational,"Jan 24-25, 2020",HJ,1.68m,,"5' 6"""
Annie,Guerrero,John Tierney Classic,"Jan 18, 2020",HJ,1.72m,,"5' 7.75"""
Annie,Guerrero,Gene Edmonds Memorial,"Jan 10-11, 2020",HJ,1.56m,,"5' 1.25"""
Annie,Guerrero,Eagle Open at UW-La Crosse,"May 10, 2019",HJ,1.71m,,"5' 7.25"""
Annie,Guerrero,Horizon League Outdoor Track & Field Championships,"May  3- 5, 2019",HJ,1.60m,,"5' 3"""
Annie,Guerrero,2019 Lenny Lyles-Clark Wood Invitational,"Apr 26-27, 2019",HJ,1.66m,,"5' 5.25"""
Annie,Guerrero,Kentucky Track & Field Invitational,"Apr 20, 2019",HJ,1.60m,,"5' 3"""
Annie,Guerrero,Illinois Twilight,"Apr 13, 2019",HJ,1.65m,,"5' 5"""
Annie,Guerrero,Jack Shaw Classic,"Apr  5, 2019",HJ,1.67m,,"5' 5.75"""
Annie,Guerrero,2019 Drury Hotels Joey Haines Invite,"Mar 29-30, 2019",HJ,1.60m,,"5' 3"""
Annie,Guerrero,Horizon League Indoor Track & Field Championships,"Feb 23-24, 2019",HJ,1.56m,,"5' 1.25"""
Annie,Guerrero,Panther TuneUp,"Feb 16, 2019",HJ,1.68m,,"5' 6"""
Annie,Guerrero,GVSU Big Meet (Saturday),"Feb  9, 2019",HJ,1.64m,,"5' 4.5"""
Annie,Guerrero,2019 Meyo Invitational,"Feb  1- 2, 2019",HJ,1.70m,,"5' 7"""
Annie,Guerrero,2019 Illini Invitational,"Jan 25-26, 2019",HJ,1.60m,,"5' 3"""
Annie,Guerrero,John Tierney Classic,"Jan 19, 2019",HJ,1.67m,,"5' 5.75"""
Annie,Guerrero,Badger Icebreaker,"Jan 12, 2019",HJ,1.68m,,"5' 6"""
Courtney,Hoppe,UW-Whitewater Drake Alternative,"Apr 28, 2023",200,27.34,(0.6),
Courtney,Hoppe,UW-Whitewater Drake Alternative,"Apr 28, 2023",400,1:02.54,,
Courtney,Hoppe,Marquette Invitational,"Apr 22, 2023",400,1:02.93,,
Courtney,Hoppe,Fighting Illini Challenge,"Apr  8, 2023",400,1:03.53,,
Courtney,Hoppe,Fighting Illini Challenge,"Apr  8, 2023",4x400,4:03.58,,
Courtney,Hoppe,Panther Tune-Up,"Feb 18, 2023",400,1:01.50,,
Courtney,Hoppe,GVSU Big Meet (Friday),"Feb 10, 2023",400,1:01.30,,
Courtney,Hoppe,GVSU Big Meet (Friday),"Feb 10, 2023",4x400,3:57.79,,
Courtney,Hoppe,Mark Guthrie Legacy Invitational,"Feb  4, 2023",400,1:02.37,,
Courtney,Hoppe,Mark Guthrie Legacy Invitational,"Feb  4, 2023",4x400,4:02.38,,
Courtney,Hoppe,John Tierney Classic,"Jan 21, 2023",400,1:02.06,,
Courtney,Hoppe,Wisconsin Badgers Midwest Invite,"Jan 14, 2023",600,1:40.72,,
Courtney,Hoppe,Wisconsin Badgers Midwest Invite,"Jan 14, 2023",4x400,3:59.25,,
Courtney,Hoppe,2022 Blue Demon Holiday Invite,"Dec  9, 2022",400,1:00.32,,
Courtney,Hoppe,2022 Blue Demon Holiday Invite,"Dec  9, 2022",4x400,3:58.16,,
Courtney,Hoppe,Horizon League Outdoor Track & Field Championships,"May  6- 8, 2022",400,1:01.61,,
Courtney,Hoppe,Horizon League Outdoor Track & Field Championships,"May  6- 8, 2022",4x400,3:58.79,,
Courtney,Hoppe,Valparaiso Beacan Invite,"Apr 30, 2022",400,1:00.33,,
Courtney,Hoppe,Marquette Invitational,"Apr 10, 2022",400,1:01.78,,
Courtney,Hoppe,Redbird Invite,"Apr  1- 2, 2022",400,1:01.71,,
Courtney,Hoppe,Horizon League Indoor Track & Field Championships,"Feb 26-27, 2022",400,59.70,,
Courtney,Hoppe,Horizon League Indoor Track & Field Championships,"Feb 26-27, 2022",4x400,DQ,,
Courtney,Hoppe,GVSU Big Meet-FRIDAY,"Feb 11, 2022",200,26.81,,
Courtney,Hoppe,GVSU Big Meet-FRIDAY,"Feb 11, 2022",400,1:00.87,,
Courtney,Hoppe,Red Hawk Invite,"Feb  5, 2022",200,26.90,,
Courtney,Hoppe,Red Hawk Invite,"Feb  5, 2022",400,1:00.22,,
Courtney,Hoppe,John Tierney Classic,"Jan 29, 2022",400,1:00.90,,
Courtney,Hoppe,John Tierney Classic,"Jan 29, 2022",4x400,3:58.17,,
Courtney,Hoppe,John Gartland Invitational,"Jan 21-22, 2022",400,1:00.77,,
Courtney,Hoppe,Hawkeye Invite,"Jan 14-15, 2022",200,27.06,,
Courtney,Hoppe,Hawkeye Invite,"Jan 14-15, 2022",400,1:01.01,,
Courtney,Hoppe,Valpo Invitational,"May  1, 2021",400,1:00.97,,
Courtney,Hoppe,2021 Green & White Invite,"Apr 24, 2021",200,26.89,(1.5),
Courtney,Hoppe,2021 Green & White Invite,"Apr 24, 2021",400,1:02.32,,
Courtney,Hoppe,Gibson Invitational sponsored by the Terre Haute CVB,"Apr 16-17, 2021",400,1:01.80,,
Courtney,Hoppe,Gibson Invitational sponsored by the Terre Haute CVB,"Apr 16-17, 2021",4x400,4:09.93,,
Courtney,Hoppe,Big Blue Classic,"Apr  9-10, 2021",400,1:02.94,,
Courtney,Hoppe,Big Blue Classic,"Apr  9-10, 2021",4x400,3:58.92,,
Courtney,Hoppe,Horizon League Indoor Track & Field Championships,"Feb 26-Mar  1, 2021",400,1:01.30,,
Courtney,Hoppe,Horizon League Indoor Track & Field Championships,"Feb 26-Mar  1, 2021",4x400,3:59.75,,
Courtney,Hoppe,UW-Parkside Triangular,"Feb 19-20, 2021",200,27.14,,
Courtney,Hoppe,Panther Tune-Up,"Feb 14, 2021",400,1:01.88,,
Courtney,Hoppe,Panther Tune-Up,"Feb 14, 2021",4x400,DNF,,
Courtney,Hoppe,UW-Parkside Triangular,"Feb  5- 6, 2021",400,1:01.32,,
Courtney,Hoppe,UW-Parkside Triangular,"Feb  5- 6, 2021",4x400,4:10.65,,
Courtney,Hoppe,John Tierney Classic,"Jan 23, 2021",4x400,4:11.65,,
Courtney,Hoppe,The Panther Invite,"Jan  9, 2021",4x400,4:14.38,,
Aiyana,Knight,Gibson Invitational & Multis,"Apr 13-15, 2023",400,1:03.44,,
Aiyana,Knight,GVSU Big Meet (Friday),"Feb 10, 2023",400,1:00.58,,
Aiyana,Knight,GVSU Big Meet (Friday),"Feb 10, 2023",4x400,3:57.79,,
Aiyana,Knight,Mark Guthrie Legacy Invitational,"Feb  4, 2023",400,1:00.93,,
Aiyana,Knight,Mark Guthrie Legacy Invitational,"Feb  4, 2023",4x400,4:02.38,,
Aiyana,Knight,John Tierney Classic,"Jan 21, 2023",400,1:01.84,,
Aiyana,Knight,Wisconsin Badgers Midwest Invite,"Jan 14, 2023",600,DNF,,
Aiyana,Knight,Wisconsin Badgers Midwest Invite,"Jan 14, 2023",4x400,3:59.25,,
Lauren,Lietzke,Horizon League Championship,"May  5- 7, 2023",SP,14.01m,,"45' 11.75"""
Lauren,Lietzke,Horizon League Championship,"May  5- 7, 2023",DT,45.30m,,"148' 7"""
Lauren,Lietzke,Horizon League Championship,"May  5- 7, 2023",HT,49.51m,,"162' 5"""
Lauren,Lietzke,UW-Whitewater Drake Alternative,"Apr 28, 2023",SP,13.33m,,"43' 9"""
Lauren,Lietzke,UW-Whitewater Drake Alternative,"Apr 28, 2023",DT,45.53m,,"149' 4"""
Lauren,Lietzke,UW-Whitewater Drake Alternative,"Apr 28, 2023",HT,46.13m,,"151' 4"""
Lauren,Lietzke,Gary Wieneke Memorial,"Apr 21-22, 2023",SP,13.62m,,"44' 8.25"""
Lauren,Lietzke,Gary Wieneke Memorial,"Apr 21-22, 2023",DT,44.36m,,"145' 6"""
Lauren,Lietzke,Gary Wieneke Memorial,"Apr 21-22, 2023",HT,48.96m,,"160' 7"""
Lauren,Lietzke,Gibson Invitational & Multis,"Apr 13-15, 2023",SP,12.78m,,"41' 11.25"""
Lauren,Lietzke,Gibson Invitational & Multis,"Apr 13-15, 2023",DT,42.56m,,"139' 7"""
Lauren,Lietzke,Gibson Invitational & Multis,"Apr 13-15, 2023",HT,47.74m,,"156' 7"""
Lauren,Lietzke,Fighting Illini Challenge,"Apr  8, 2023",SP,12.94m,,"42' 5.5"""
Lauren,Lietzke,Fighting Illini Challenge,"Apr  8, 2023",DT,43.60m,,"143' 0"""
Lauren,Lietzke,Warrior Invitational,"Apr  6, 2023",HT,45.54m,,"149' 5"""
Lauren,Lietzke,2023 Horizon League Indoor Track & Field Championship,"Feb 25-26, 2023",SP,14.21m,,"46' 7.5"""
Lauren,Lietzke,2023 Horizon League Indoor Track & Field Championship,"Feb 25-26, 2023",WT,16.96m,,"55' 7.75"""
Lauren,Lietzke,Panther Tune-Up,"Feb 18, 2023",SP,13.79m,,"45' 3"""
Lauren,Lietzke,Panther Tune-Up,"Feb 18, 2023",WT,16.75m,,"54' 11.5"""
Lauren,Lietzke,Mark Guthrie Legacy Invitational,"Feb  4, 2023",SP,13.53m,,"44' 4.75"""
Lauren,Lietzke,Mark Guthrie Legacy Invitational,"Feb  4, 2023",WT,15.97m,,"52' 4.75"""
Lauren,Lietzke,Jack Johnson Classic,"Jan 27-28, 2023",SP,13.30m,,"43' 7.75"""
Lauren,Lietzke,Jack Johnson Classic,"Jan 27-28, 2023",WT,16.30m,,"53' 5.75"""
Lauren,Lietzke,John Tierney Classic,"Jan 21, 2023",SP,12.80m,,"42' 0"""
Lauren,Lietzke,John Tierney Classic,"Jan 21, 2023",WT,15.69m,,"51' 5.75"""
Lauren,Lietzke,Wisconsin Badgers Midwest Invite,"Jan 14, 2023",SP,13.61m,,"44' 8"""
Lauren,Lietzke,Wisconsin Badgers Midwest Invite,"Jan 14, 2023",WT,15.50m,,"50' 10.25"""
Lauren,Lietzke,2022 Blue Demon Holiday Invite,"Dec  9, 2022",SP,12.69m,,"41' 7.75"""
Lauren,Lietzke,2022 Blue Demon Holiday Invite,"Dec  9, 2022",WT,16.65m,,"54' 7.5"""
Lauren,Lietzke,Horizon League Outdoor Track & Field Championships,"May  6- 8, 2022",SP,14.18m,,"46' 6.25"""
Lauren,Lietzke,Horizon League Outdoor Track & Field Championships,"May  6- 8, 2022",DT,43.52m,,"142' 9"""
Lauren,Lietzke,Horizon League Outdoor Track & Field Championships,"May  6- 8, 2022",HT,50.82m,,"166' 9"""
Lauren,Lietzke,Valparaiso Beacan Invite,"Apr 30, 2022",SP,14.85m,,"48' 8.75"""
Lauren,Lietzke,Valparaiso Beacan Invite,"Apr 30, 2022",DT,43.93m,,"144' 1"""
Lauren,Lietzke,Valparaiso Beacan Invite,"Apr 30, 2022",HT,48.62m,,"159' 6"""
Lauren,Lietzke,Illini Invitational,"Apr 22-23, 2022",SP,14.36m,,"47' 1.5"""
Lauren,Lietzke,Illini Invitational,"Apr 22-23, 2022",DT,44.26m,,"145' 2"""
Lauren,Lietzke,Illini Invitational,"Apr 22-23, 2022",HT,45.73m,,"150' 0"""
Lauren,Lietzke,2022 Warrior Invitational,"Apr 14, 2022",DT,42.66m,,"139' 11"""
Lauren,Lietzke,2022 Warrior Invitational,"Apr 14, 2022",HT,40.79m,,"133' 10"""
Lauren,Lietzke,44 Farms Team Invitational,"Apr  8- 9, 2022",SP,14.60m,,"47' 11"""
Lauren,Lietzke,44 Farms Team Invitational,"Apr  8- 9, 2022",DT,42.40m,,"139' 1"""
Lauren,Lietzke,44 Farms Team Invitational,"Apr  8- 9, 2022",HT,43.91m,,"144' 1"""
Lauren,Lietzke,Redbird Invite,"Apr  1- 2, 2022",SP,14.00m,,"45' 11.25"""
Lauren,Lietzke,Redbird Invite,"Apr  1- 2, 2022",DT,37.56m,,"123' 3"""
Lauren,Lietzke,Redbird Invite,"Apr  1- 2, 2022",HT,41.11m,,"134' 10"""
Lauren,Lietzke,Horizon League Indoor Track & Field Championships,"Feb 26-27, 2022",SP,14.27m,,"46' 10"""
Lauren,Lietzke,Horizon League Indoor Track & Field Championships,"Feb 26-27, 2022",WT,16.97m,,"55' 8.25"""
Lauren,Lietzke,St. Valentines Open,"Feb 18, 2022",SP,14.67m,,"48' 1.75"""
Lauren,Lietzke,St. Valentines Open,"Feb 18, 2022",WT,16.84m,,"55' 3"""
Lauren,Lietzke,2022 Hoosier Hills,"Feb 11, 2022",SP,13.62m,,"44' 8.25"""
Lauren,Lietzke,2022 Hoosier Hills,"Feb 11, 2022",WT,16.28m,,"53' 5"""
Lauren,Lietzke,Red Hawk Invite,"Feb  5, 2022",SP,13.72m,,"45' 0.25"""
Lauren,Lietzke,John Tierney Classic,"Jan 29, 2022",SP,13.63m,,"44' 8.75"""
Lauren,Lietzke,John Tierney Classic,"Jan 29, 2022",WT,16.80m,,"55' 1.5"""
Lauren,Lietzke,John Gartland Invitational,"Jan 21-22, 2022",SP,13.69m,,"44' 11"""
Lauren,Lietzke,John Gartland Invitational,"Jan 21-22, 2022",WT,16.54m,,"54' 3.25"""
Lauren,Lietzke,Hawkeye Invite,"Jan 14-15, 2022",SP,13.48m,,"44' 2.75"""
Lauren,Lietzke,Hawkeye Invite,"Jan 14-15, 2022",WT,16.65m,,"54' 7.5"""
Lauren,Lietzke,Horizon League Outdoor Track & Field Championships,"May  7- 9, 2021",SP,14.01m,,"45' 11.75"""
Lauren,Lietzke,Horizon League Outdoor Track & Field Championships,"May  7- 9, 2021",DT,43.80m,,"143' 8"""
Lauren,Lietzke,Horizon League Outdoor Track & Field Championships,"May  7- 9, 2021",HT,45.28m,,"148' 7"""
Lauren,Lietzke,Valpo Invitational,"May  1, 2021",SP,13.82m,,"45' 4.25"""
Lauren,Lietzke,Valpo Invitational,"May  1, 2021",DT,41.93m,,"137' 7"""
Lauren,Lietzke,Valpo Invitational,"May  1, 2021",HT,FOUL,,NM
Lauren,Lietzke,2021 Green & White Invite,"Apr 24, 2021",SP,13.81m,,"45' 3.75"""
Lauren,Lietzke,2021 Green & White Invite,"Apr 24, 2021",DT,42.88m,,"140' 8"""
Lauren,Lietzke,2021 Green & White Invite,"Apr 24, 2021",HT,47.88m,,"157' 1"""
Lauren,Lietzke,Gibson Invitational sponsored by the Terre Haute CVB,"Apr 16-17, 2021",SP,12.95m,,"42' 6"""
Lauren,Lietzke,Gibson Invitational sponsored by the Terre Haute CVB,"Apr 16-17, 2021",DT,41.19m,,"135' 2"""
Lauren,Lietzke,Gibson Invitational sponsored by the Terre Haute CVB,"Apr 16-17, 2021",HT,45.58m,,"149' 6"""
Lauren,Lietzke,Big Blue Classic,"Apr  9-10, 2021",SP,12.62m,,"41' 5"""
Lauren,Lietzke,Big Blue Classic,"Apr  9-10, 2021",HT,46.48m,,"152' 6"""
Lauren,Lietzke,Illinois State Redbird Invitational,"Apr  2, 2021",SP,NM,,NM
Lauren,Lietzke,Illinois State Redbird Invitational,"Apr  2, 2021",DT,42.79m,,"140' 5"""
Lauren,Lietzke,Illinois State Redbird Invitational,"Apr  2, 2021",HT,48.21m,,"158' 2"""
Lauren,Lietzke,Horizon League Indoor Track & Field Championships,"Feb 26-Mar  1, 2021",SP,14.06m,,"46' 1.5"""
Lauren,Lietzke,Horizon League Indoor Track & Field Championships,"Feb 26-Mar  1, 2021",WT,16.60m,,"54' 5.5"""
Lauren,Lietzke,Panther Tune-Up,"Feb 14, 2021",SP,13.46m,,"44' 2"""
Lauren,Lietzke,Panther Tune-Up,"Feb 14, 2021",WT,17.06m,,"55' 11.75"""
Lauren,Lietzke,UW-Parkside Triangular,"Feb  5- 6, 2021",SP,13.05m,,"42' 9.75"""
Lauren,Lietzke,UW-Parkside Triangular,"Feb  5- 6, 2021",WT,16.40m,,"53' 9.75"""
Lauren,Lietzke,John Tierney Classic,"Jan 23, 2021",SP,12.60m,,"41' 4.25"""
Lauren,Lietzke,John Tierney Classic,"Jan 23, 2021",WT,16.36m,,"53' 8.25"""
Lauren,Lietzke,The Panther Invite,"Jan  9, 2021",SP,12.17m,,"39' 11.25"""
Lauren,Lietzke,The Panther Invite,"Jan  9, 2021",WT,14.99m,,"49' 2.25"""
Lauren,Lietzke,Horizon League Indoor Track & Field Championships,"Feb 29-Mar  1, 2020",SP,13.69m,,"44' 11"""
Lauren,Lietzke,Horizon League Indoor Track & Field Championships,"Feb 29-Mar  1, 2020",WT,15.67m,,"51' 5"""
Lauren,Lietzke,Panther Tune-Up,"Feb 22, 2020",SP,12.99m,,"42' 7.5"""
Lauren,Lietzke,Panther Tune-Up,"Feb 22, 2020",WT,15.09m,,"49' 6.25"""
Lauren,Lietzke,GVSU Big Meet (Saturday),"Feb 15, 2020",SP,FOUL,,NM
Lauren,Lietzke,GVSU Big Meet (Saturday),"Feb 15, 2020",WT,14.98m,,"49' 1.75"""
Lauren,Lietzke,Illini Invitational,"Jan 24-25, 2020",SP,11.77m,,"38' 7.5"""
Lauren,Lietzke,Illini Invitational,"Jan 24-25, 2020",WT,15.18m,,"49' 9.75"""
Lauren,Lietzke,John Tierney Classic,"Jan 18, 2020",SP,12.45m,,"40' 10.25"""
Lauren,Lietzke,John Tierney Classic,"Jan 18, 2020",WT,15.99m,,"52' 5.5"""
Lauren,Lietzke,Gene Edmonds Memorial,"Jan 10-11, 2020",SP,11.85m,,"38' 10.5"""
Lauren,Lietzke,Gene Edmonds Memorial,"Jan 10-11, 2020",WT,15.88m,,"52' 1.25"""
Lauren,Lietzke,Horizon League Outdoor Track & Field Championships,"May  3- 5, 2019",SP,12.71m,,"41' 8.5"""
Lauren,Lietzke,Horizon League Outdoor Track & Field Championships,"May  3- 5, 2019",DT,40.25m,,"132' 1"""
Lauren,Lietzke,Horizon League Outdoor Track & Field Championships,"May  3- 5, 2019",HT,31.18m,,"102' 3"""
Lauren,Lietzke,2019 Lenny Lyles-Clark Wood Invitational,"Apr 26-27, 2019",SP,11.46m,,"37' 7.25"""
Lauren,Lietzke,2019 Lenny Lyles-Clark Wood Invitational,"Apr 26-27, 2019",DT,42.27m,,"138' 8"""
Lauren,Lietzke,Marquette Mid-Week Challenge,"Apr 24, 2019",SP,11.65m,,"38' 2.75"""
Lauren,Lietzke,Marquette Mid-Week Challenge,"Apr 24, 2019",DT,41.06m,,"134' 8"""
Lauren,Lietzke,Marquette Mid-Week Challenge,"Apr 24, 2019",HT,38.00m,,"124' 8"""
Lauren,Lietzke,Kentucky Track & Field Invitational,"Apr 20, 2019",SP,FOUL,,NM
Lauren,Lietzke,Kentucky Track & Field Invitational,"Apr 20, 2019",DT,37.34m,,"122' 6"""
Lauren,Lietzke,Illinois Twilight,"Apr 13, 2019",SP,12.19m,,"40' 0"""
Lauren,Lietzke,Illinois Twilight,"Apr 13, 2019",DT,40.77m,,"133' 9"""
Lauren,Lietzke,Jack Shaw Classic,"Apr  5, 2019",SP,11.37m,,"37' 3.75"""
Lauren,Lietzke,Jack Shaw Classic,"Apr  5, 2019",DT,42.00m,,"137' 9"""
Lauren,Lietzke,Jack Shaw Classic,"Apr  5, 2019",HT,33.73m,,"110' 8"""
Lauren,Lietzke,2019 Drury Hotels Joey Haines Invite,"Mar 29-30, 2019",SP,10.38m,,"34' 0.75"""
Lauren,Lietzke,2019 Drury Hotels Joey Haines Invite,"Mar 29-30, 2019",DT,35.79m,,"117' 5"""
Lauren,Lietzke,2019 Drury Hotels Joey Haines Invite,"Mar 29-30, 2019",HT,FOUL,,NM
Lauren,Lietzke,Horizon League Indoor Track & Field Championships,"Feb 23-24, 2019",SP,11.18m,,"36' 8.25"""
Lauren,Lietzke,Horizon League Indoor Track & Field Championships,"Feb 23-24, 2019",WT,14.34m,,"47' 0.75"""
Lauren,Lietzke,Panther TuneUp,"Feb 16, 2019",SP,11.23m,,"36' 10.25"""
Lauren,Lietzke,Panther TuneUp,"Feb 16, 2019",WT,15.57m,,"51' 1"""
Lauren,Lietzke,GVSU Big Meet (Saturday),"Feb  9, 2019",SP,11.12m,,"36' 5.75"""
Lauren,Lietzke,GVSU Big Meet (Saturday),"Feb  9, 2019",WT,14.23m,,"46' 8.25"""
Lauren,Lietzke,2019 Illini Invitational,"Jan 25-26, 2019",WT,13.06m,,"42' 10.25"""
Lauren,Lietzke,John Tierney Classic,"Jan 19, 2019",SP,10.81m,,"35' 5.75"""
Lauren,Lietzke,John Tierney Classic,"Jan 19, 2019",WT,13.94m,,"45' 9"""
Lauren,Lietzke,Badger Icebreaker,"Jan 12, 2019",SP,11.12m,,"36' 5.75"""
Lauren,Lietzke,Badger Icebreaker,"Jan 12, 2019",DT,37.71m,,"123' 9"""
Lauren,Lietzke,Badger Icebreaker,"Jan 12, 2019",WT,14.32m,,"46' 11.75"""
Jada,Schuh,Horizon League Championship,"May  5- 7, 2023",JT,33.64m,,"110' 4"""
Jada,Schuh,Horizon League Championship,"May  5- 7, 2023",Hep,4146,,
Jada,Schuh,Horizon League Championship,"May  5- 7, 2023",100H,15.41,(-0.3),
Jada,Schuh,Horizon League Championship,"May  5- 7, 2023",HJ,1.36m,,"4' 5.5"""
Jada,Schuh,Horizon League Championship,"May  5- 7, 2023",SP,9.19m,,"30' 2"""
Jada,Schuh,Horizon League Championship,"May  5- 7, 2023",200,27.18,(-0.9),
Jada,Schuh,Horizon League Championship,"May  5- 7, 2023",LJ,4.74m,(+0.0),"15' 6.75"""
Jada,Schuh,Horizon League Championship,"May  5- 7, 2023",JT,34.06m,,"111' 9"""
Jada,Schuh,Horizon League Championship,"May  5- 7, 2023",800,2:31.81,,
Jada,Schuh,UW-Whitewater Drake Alternative,"Apr 28, 2023",100H,15.76,(0.7),
Jada,Schuh,UW-Whitewater Drake Alternative,"Apr 28, 2023",100H,15.54,(0.7),
Jada,Schuh,UW-Whitewater Drake Alternative,"Apr 28, 2023",JT,31.52m,,"103' 5"""
Jada,Schuh,Marquette Invitational,"Apr 22, 2023",200,27.81,(-0.4),
Jada,Schuh,Marquette Invitational,"Apr 22, 2023",SP,9.35m,,"30' 8.25"""
Jada,Schuh,Gary Wieneke Memorial,"Apr 21-22, 2023",100H,15.31,(-0.2),
Jada,Schuh,Gary Wieneke Memorial,"Apr 21-22, 2023",LJ,5.14m,(3.3),"16' 10.5"""
Jada,Schuh,Gary Wieneke Memorial,"Apr 21-22, 2023",JT,32.06m,,"105' 2"""
Jada,Schuh,Gibson Invitational & Multis,"Apr 13-15, 2023",Hep,4067,,
Jada,Schuh,Gibson Invitational & Multis,"Apr 13-15, 2023",100H,15.51,(1.8),
Jada,Schuh,Gibson Invitational & Multis,"Apr 13-15, 2023",HJ,1.39m,,"4' 6.75"""
Jada,Schuh,Gibson Invitational & Multis,"Apr 13-15, 2023",SP,8.80m,,"28' 10.5"""
Jada,Schuh,Gibson Invitational & Multis,"Apr 13-15, 2023",200,27.33,(1.3),
Jada,Schuh,Gibson Invitational & Multis,"Apr 13-15, 2023",LJ,4.97m,(1.0),"16' 3.75"""
Jada,Schuh,Gibson Invitational & Multis,"Apr 13-15, 2023",JT,30.83m,,"101' 2"""
Jada,Schuh,Gibson Invitational & Multis,"Apr 13-15, 2023",800,2:36.76,,
Jada,Schuh,Fighting Illini Challenge,"Apr  8, 2023",200,27.71,(-0.3),
Jada,Schuh,Fighting Illini Challenge,"Apr  8, 2023",100H,15.35,(2.0),
Jada,Schuh,Fighting Illini Challenge,"Apr  8, 2023",LJ,4.88m,(3.3),"16' 0.25"""
Jada,Schuh,Fighting Illini Challenge,"Apr  8, 2023",JT,32.23m,,"105' 9"""
Jada,Schuh,Warrior Invitational,"Apr  6, 2023",SP,8.67m,,"28' 5.5"""
Jada,Schuh,Warrior Invitational,"Apr  6, 2023",JT,28.34m,,"93' 0"""
Jada,Schuh,2023 Horizon League Indoor Track & Field Championship,"Feb 25-26, 2023",Pent,2885,,
Jada,Schuh,2023 Horizon League Indoor Track & Field Championship,"Feb 25-26, 2023",60H,9.51,,
Jada,Schuh,2023 Horizon League Indoor Track & Field Championship,"Feb 25-26, 2023",HJ,1.38m,,"4' 6.25"""
Jada,Schuh,2023 Horizon League Indoor Track & Field Championship,"Feb 25-26, 2023",SP,9.40m,,"30' 10.25"""
Jada,Schuh,2023 Horizon League Indoor Track & Field Championship,"Feb 25-26, 2023",LJ,4.80m,,"15' 9"""
Jada,Schuh,2023 Horizon League Indoor Track & Field Championship,"Feb 25-26, 2023",800,2:38.37,,
Jada,Schuh,Panther Tune-Up,"Feb 18, 2023",60H,9.31,,
Jada,Schuh,Panther Tune-Up,"Feb 18, 2023",60H,9.31,,
Jada,Schuh,Panther Tune-Up,"Feb 18, 2023",HJ,1.45m,,"4' 9"""
Jada,Schuh,Panther Tune-Up,"Feb 18, 2023",SP,9.17m,,"30' 1"""
Jada,Schuh,Dick Hendricks Invite,"Feb 11, 2023",60H,9.37,,
Jada,Schuh,Dick Hendricks Invite,"Feb 11, 2023",60H,9.38,,
Jada,Schuh,Dick Hendricks Invite,"Feb 11, 2023",LJ,5.05m,,"16' 7"""
Jada,Schuh,Dick Hendricks Invite,"Feb 11, 2023",SP,8.77m,,"28' 9.25"""
Jada,Schuh,Jack Johnson Classic,"Jan 27-28, 2023",Pent,2873,,
Jada,Schuh,Jack Johnson Classic,"Jan 27-28, 2023",60H,9.64,,
Jada,Schuh,Jack Johnson Classic,"Jan 27-28, 2023",HJ,1.42m,,"4' 7.75"""
Jada,Schuh,Jack Johnson Classic,"Jan 27-28, 2023",SP,9.14m,,"30' 0"""
Jada,Schuh,Jack Johnson Classic,"Jan 27-28, 2023",LJ,4.81m,,"15' 9.5"""
Jada,Schuh,Jack Johnson Classic,"Jan 27-28, 2023",800,2:39.62,,
Jada,Schuh,John Tierney Classic,"Jan 21, 2023",200,28.14,,
Jada,Schuh,John Tierney Classic,"Jan 21, 2023",60H,9.43,,
Jada,Schuh,John Tierney Classic,"Jan 21, 2023",60H,9.43,,
Jada,Schuh,John Tierney Classic,"Jan 21, 2023",HJ,1.42m,,"4' 7.75"""
Jada,Schuh,John Tierney Classic,"Jan 21, 2023",SP,9.23m,,"30' 3.5"""
Jada,Schuh,Wisconsin Badgers Midwest Invite,"Jan 14, 2023",600,1:49.76,,
Jada,Schuh,Wisconsin Badgers Midwest Invite,"Jan 14, 2023",60H,9.57,,
Jada,Schuh,Wisconsin Badgers Midwest Invite,"Jan 14, 2023",LJ,5.04m,,"16' 6.5"""
Jada,Schuh,2022 Blue Demon Holiday Invite,"Dec  9, 2022",60H,9.60,,
Jada,Schuh,2022 Blue Demon Holiday Invite,"Dec  9, 2022",LJ,4.97m,,"16' 3.75"""
Jada,Schuh,Horizon League Outdoor Track & Field Championships,"May  6- 8, 2022",JT,31.35m,,"102' 10"""
Jada,Schuh,Horizon League Outdoor Track & Field Championships,"May  6- 8, 2022",Hep,3985,,
Jada,Schuh,Horizon League Outdoor Track & Field Championships,"May  6- 8, 2022",100H,15.94,(-0.1),
Jada,Schuh,Horizon League Outdoor Track & Field Championships,"May  6- 8, 2022",HJ,1.33m,,"4' 4.25"""
Jada,Schuh,Horizon League Outdoor Track & Field Championships,"May  6- 8, 2022",SP,8.42m,,"27' 7.5"""
Jada,Schuh,Horizon League Outdoor Track & Field Championships,"May  6- 8, 2022",200,27.09,(-0.2),
Jada,Schuh,Horizon League Outdoor Track & Field Championships,"May  6- 8, 2022",LJ,4.95m,,"16' 3"""
Jada,Schuh,Horizon League Outdoor Track & Field Championships,"May  6- 8, 2022",JT,30.86m,,"101' 3"""
Jada,Schuh,Horizon League Outdoor Track & Field Championships,"May  6- 8, 2022",800,2:33.18,,
Jada,Schuh,Valparaiso Beacan Invite,"Apr 30, 2022",200,27.22,(1.3),
Jada,Schuh,Valparaiso Beacan Invite,"Apr 30, 2022",100H,15.40,(1.5),
Jada,Schuh,Valparaiso Beacan Invite,"Apr 30, 2022",JT,28.46m,,"93' 4"""
Jada,Schuh,Illini Invitational,"Apr 22-23, 2022",200,27.13,(2.6),
Jada,Schuh,Illini Invitational,"Apr 22-23, 2022",100H,15.00,(6.7),
Jada,Schuh,Illini Invitational,"Apr 22-23, 2022",LJ,5.12m,(5.6),"16' 9.75"""
Jada,Schuh,2022 Warrior Invitational,"Apr 14, 2022",100H,15.99,(2.1),
Jada,Schuh,2022 Warrior Invitational,"Apr 14, 2022",LJ,5.10m,(4.4),"16' 8.75"""
Jada,Schuh,2022 Warrior Invitational,"Apr 14, 2022",JT,25.27m,,"82' 11"""
Jada,Schuh,Marquette Invitational,"Apr 10, 2022",100H,15.22,(3.4),
Jada,Schuh,Marquette Invitational,"Apr 10, 2022",JT,31.09m,,"102' 0"""
Jada,Schuh,Redbird Invite,"Apr  1- 2, 2022",100H,16.48,(2.2),
Jada,Schuh,Redbird Invite,"Apr  1- 2, 2022",LJ,4.75m,,"15' 7"""
Jada,Schuh,Redbird Invite,"Apr  1- 2, 2022",JT,28.30m,,"92' 10"""
Jada,Schuh,Horizon League Indoor Track & Field Championships,"Feb 26-27, 2022",Pent,2213,,
Jada,Schuh,Horizon League Indoor Track & Field Championships,"Feb 26-27, 2022",60H,9.85,,
Jada,Schuh,Horizon League Indoor Track & Field Championships,"Feb 26-27, 2022",HJ,1.41m,,"4' 7.5"""
Jada,Schuh,Horizon League Indoor Track & Field Championships,"Feb 26-27, 2022",SP,8.73m,,"28' 7.75"""
Jada,Schuh,Horizon League Indoor Track & Field Championships,"Feb 26-27, 2022",LJ,4.79m,,"15' 8.75"""
Jada,Schuh,Horizon League Indoor Track & Field Championships,"Feb 26-27, 2022",800,DNF,,
Jada,Schuh,St. Valentines Open,"Feb 18, 2022",60H,9.31,,
Jada,Schuh,St. Valentines Open,"Feb 18, 2022",LJ,4.94m,,"16' 2.5"""
Jada,Schuh,2022 Hoosier Hills,"Feb 11, 2022",200,27.86,,
Jada,Schuh,2022 Hoosier Hills,"Feb 11, 2022",60H,9.39,,
Jada,Schuh,2022 Hoosier Hills,"Feb 11, 2022",60H,9.24,,
Jada,Schuh,Red Hawk Invite,"Feb  5, 2022",60H,9.73,,
Jada,Schuh,Red Hawk Invite,"Feb  5, 2022",60H,9.63,,
Jada,Schuh,Red Hawk Invite,"Feb  5, 2022",LJ,5.08m,,"16' 8"""
Jada,Schuh,John Tierney Classic,"Jan 29, 2022",200,28.05,,
Jada,Schuh,John Tierney Classic,"Jan 29, 2022",60H,9.40,,
Jada,Schuh,John Tierney Classic,"Jan 29, 2022",60H,9.41,,
Jada,Schuh,John Tierney Classic,"Jan 29, 2022",SP,9.20m,,"30' 2.25"""
Jada,Schuh,John Gartland Invitational,"Jan 21-22, 2022",Pent,2655,,
Jada,Schuh,John Gartland Invitational,"Jan 21-22, 2022",60H,9.36,,
Jada,Schuh,John Gartland Invitational,"Jan 21-22, 2022",HJ,1.41m,,"4' 7.5"""
Jada,Schuh,John Gartland Invitational,"Jan 21-22, 2022",SP,8.96m,,"29' 4.75"""
Jada,Schuh,John Gartland Invitational,"Jan 21-22, 2022",LJ,4.82m,,"15' 9.75"""
Jada,Schuh,John Gartland Invitational,"Jan 21-22, 2022",800,3:04.68,,
Jada,Schuh,Hawkeye Invite,"Jan 14-15, 2022",60H,9.52,,
Jada,Schuh,Hawkeye Invite,"Jan 14-15, 2022",LJ,5.00m,,"16' 5"""
Jada,Schuh,Horizon League Outdoor Track & Field Championships,"May  7- 9, 2021",JT,28.45m,,"93' 4"""
Jada,Schuh,Horizon League Outdoor Track & Field Championships,"May  7- 9, 2021",Hep,4000,,
Jada,Schuh,Horizon League Outdoor Track & Field Championships,"May  7- 9, 2021",100H,15.28,(2.0),
Jada,Schuh,Horizon League Outdoor Track & Field Championships,"May  7- 9, 2021",HJ,1.40m,,"4' 7"""
Jada,Schuh,Horizon League Outdoor Track & Field Championships,"May  7- 9, 2021",SP,8.80m,,"28' 10.5"""
Jada,Schuh,Horizon League Outdoor Track & Field Championships,"May  7- 9, 2021",200,27.52,(1.2),
Jada,Schuh,Horizon League Outdoor Track & Field Championships,"May  7- 9, 2021",LJ,4.92m,(3.0),"16' 1.75"""
Jada,Schuh,Horizon League Outdoor Track & Field Championships,"May  7- 9, 2021",JT,29.14m,,"95' 7"""
Jada,Schuh,Horizon League Outdoor Track & Field Championships,"May  7- 9, 2021",800,2:40.68,,
Jada,Schuh,Valpo Invitational,"May  1, 2021",100H,15.58,(2.0),
Jada,Schuh,Valpo Invitational,"May  1, 2021",HJ,1.40m,,"4' 7"""
Jada,Schuh,Valpo Invitational,"May  1, 2021",LJ,4.63m,(0.2),"15' 2.25"""
Jada,Schuh,Valpo Invitational,"May  1, 2021",JT,31.02m,,"101' 9"""
Jada,Schuh,Clark Wood Invitational,"Apr 23-24, 2021",100H,15.91,(0.4),
Jada,Schuh,Clark Wood Invitational,"Apr 23-24, 2021",JT,25.17m,,"82' 7"""
Jada,Schuh,Big Blue Classic,"Apr  9-10, 2021",100H,DNS,(1.1),
Jada,Schuh,Big Blue Classic,"Apr  9-10, 2021",HJ,NH,,NH
Jada,Schuh,Big Blue Classic,"Apr  9-10, 2021",JT,NM,,NM
Jada,Schuh,Illinois State Redbird Invitational,"Apr  2, 2021",100H,16.15,(2.4),
Jada,Schuh,Illinois State Redbird Invitational,"Apr  2, 2021",LJ,4.70m,(1.9),"15' 5"""
Jada,Schuh,Illinois State Redbird Invitational,"Apr  2, 2021",JT,28.51m,,"93' 6"""
Jada,Schuh,Horizon League Indoor Track & Field Championships,"Feb 26-Mar  1, 2021",LJ,4.79m,,"15' 8.75"""
Jada,Schuh,Horizon League Indoor Track & Field Championships,"Feb 26-Mar  1, 2021",Pent,2733,,
Jada,Schuh,Horizon League Indoor Track & Field Championships,"Feb 26-Mar  1, 2021",60H,9.49,,
Jada,Schuh,Horizon League Indoor Track & Field Championships,"Feb 26-Mar  1, 2021",HJ,1.39m,,"4' 6.75"""
Jada,Schuh,Horizon League Indoor Track & Field Championships,"Feb 26-Mar  1, 2021",SP,9.25m,,"30' 4.25"""
Jada,Schuh,Horizon League Indoor Track & Field Championships,"Feb 26-Mar  1, 2021",LJ,4.74m,,"15' 6.75"""
Jada,Schuh,Horizon League Indoor Track & Field Championships,"Feb 26-Mar  1, 2021",800,2:51.20,,
Jada,Schuh,Panther Tune-Up,"Feb 14, 2021",200,27.70,,
Jada,Schuh,Panther Tune-Up,"Feb 14, 2021",60H,9.70,,
Jada,Schuh,Panther Tune-Up,"Feb 14, 2021",LJ,5.10m,,"16' 8.75"""
Jada,Schuh,Panther Tune-Up,"Feb 14, 2021",SP,9.08m,,"29' 9.5"""
Jada,Schuh,UW-Parkside Triangular,"Feb  5- 6, 2021",Pent,2665,,
Jada,Schuh,UW-Parkside Triangular,"Feb  5- 6, 2021",55H,8.94,,
Jada,Schuh,UW-Parkside Triangular,"Feb  5- 6, 2021",HJ,1.34m,,"4' 4.75"""
Jada,Schuh,UW-Parkside Triangular,"Feb  5- 6, 2021",SP,8.19m,,"26' 10.5"""
Jada,Schuh,UW-Parkside Triangular,"Feb  5- 6, 2021",LJ,4.86m,,"15' 11.5"""
Jada,Schuh,UW-Parkside Triangular,"Feb  5- 6, 2021",800,2:46.81,,
Jada,Schuh,John Tierney Classic,"Jan 23, 2021",60H,9.45,,
Jada,Schuh,John Tierney Classic,"Jan 23, 2021",HJ,1.38m,,"4' 6.25"""
Jada,Schuh,The Panther Invite,"Jan  9, 2021",60H,9.61,,
Jada,Schuh,The Panther Invite,"Jan  9, 2021",60H,9.67,,
Jada,Schuh,The Panther Invite,"Jan  9, 2021",LJ,5.11m,,"16' 9.25"""
Jada,Schuh,The Panther Invite,"Jan  9, 2021",SP,8.14m,,"26' 8.5"""
Jada,Schuh,Horizon League Indoor Track & Field Championships,"Feb 29-Mar  1, 2020",TJ,10.10m,,"33' 1.75"""
Jada,Schuh,Horizon League Indoor Track & Field Championships,"Feb 29-Mar  1, 2020",Pent,2932,,
Jada,Schuh,Horizon League Indoor Track & Field Championships,"Feb 29-Mar  1, 2020",60H,9.35,,
Jada,Schuh,Horizon League Indoor Track & Field Championships,"Feb 29-Mar  1, 2020",HJ,1.37m,,"4' 6"""
Jada,Schuh,Horizon League Indoor Track & Field Championships,"Feb 29-Mar  1, 2020",SP,8.57m,,"28' 1.5"""
Jada,Schuh,Horizon League Indoor Track & Field Championships,"Feb 29-Mar  1, 2020",LJ,4.96m,,"16' 3.25"""
Jada,Schuh,Horizon League Indoor Track & Field Championships,"Feb 29-Mar  1, 2020",800,2:35.17,,
Jada,Schuh,Panther Tune-Up,"Feb 22, 2020",60H,9.42,,
Jada,Schuh,Panther Tune-Up,"Feb 22, 2020",HJ,1.35m,,"4' 5"""
Jada,Schuh,Panther Tune-Up,"Feb 22, 2020",TJ,10.60m,,"34' 9.5"""
Jada,Schuh,GVSU Big Meet (Saturday),"Feb 15, 2020",60H,9.49,,
Jada,Schuh,GVSU Big Meet (Saturday),"Feb 15, 2020",LJ,4.55m,,"14' 11.25"""
Jada,Schuh,GVSU Big Meet (Saturday),"Feb 15, 2020",SP,8.32m,,"27' 3.75"""
Jada,Schuh,2020 ONU Invitational,"Feb  1, 2020",200,27.78,,
Jada,Schuh,2020 ONU Invitational,"Feb  1, 2020",60H,9.44,,
Jada,Schuh,2020 ONU Invitational,"Feb  1, 2020",60H,9.43,,
Jada,Schuh,2020 ONU Invitational,"Feb  1, 2020",LJ,4.92m,,"16' 1.75"""
Jada,Schuh,Illini Invitational,"Jan 24-25, 2020",Pent,2864,,
Jada,Schuh,Illini Invitational,"Jan 24-25, 2020",60H,9.51,,
Jada,Schuh,Illini Invitational,"Jan 24-25, 2020",HJ,1.39m,,"4' 6.75"""
Jada,Schuh,Illini Invitational,"Jan 24-25, 2020",SP,8.95m,,"29' 4.5"""
Jada,Schuh,Illini Invitational,"Jan 24-25, 2020",LJ,4.94m,,"16' 2.5"""
Jada,Schuh,Illini Invitational,"Jan 24-25, 2020",800,2:41.85,,
Jada,Schuh,John Tierney Classic,"Jan 18, 2020",60H,9.52,,
Jada,Schuh,John Tierney Classic,"Jan 18, 2020",HJ,1.42m,,"4' 7.75"""
Jada,Schuh,John Tierney Classic,"Jan 18, 2020",LJ,4.96m,,"16' 3.25"""
Jada,Schuh,Gene Edmonds Memorial,"Jan 10-11, 2020",60H,9.80,,
Jada,Schuh,Gene Edmonds Memorial,"Jan 10-11, 2020",LJ,4.92m,,"16' 1.75"""
Jada,Schuh,Horizon League Outdoor Track & Field Championships,"May  3- 5, 2019",LJ,4.59m,(1.1),"15' 0.75"""
Jada,Schuh,Horizon League Outdoor Track & Field Championships,"May  3- 5, 2019",TJ,9.99m,(1.1),"32' 9.5"""
Jada,Schuh,Horizon League Outdoor Track & Field Championships,"May  3- 5, 2019",JT,31.52m,,"103' 5"""
Jada,Schuh,Horizon League Outdoor Track & Field Championships,"May  3- 5, 2019",Hep,4196,,
Jada,Schuh,Horizon League Outdoor Track & Field Championships,"May  3- 5, 2019",100H,15.40,(-0.7),
Jada,Schuh,Horizon League Outdoor Track & Field Championships,"May  3- 5, 2019",HJ,1.44m,,"4' 8.75"""
Jada,Schuh,Horizon League Outdoor Track & Field Championships,"May  3- 5, 2019",SP,8.24m,,"27' 0.5"""
Jada,Schuh,Horizon League Outdoor Track & Field Championships,"May  3- 5, 2019",200,26.67,(1.0),
Jada,Schuh,Horizon League Outdoor Track & Field Championships,"May  3- 5, 2019",LJ,4.87m,(0.9),"15' 11.75"""
Jada,Schuh,Horizon League Outdoor Track & Field Championships,"May  3- 5, 2019",JT,32.99m,,"108' 3"""
Jada,Schuh,Horizon League Outdoor Track & Field Championships,"May  3- 5, 2019",800,2:34.37,,
Jada,Schuh,2019 Lenny Lyles-Clark Wood Invitational,"Apr 26-27, 2019",200,27.05,(1.1),
Jada,Schuh,2019 Lenny Lyles-Clark Wood Invitational,"Apr 26-27, 2019",100H,15.40,(1.6),
Jada,Schuh,2019 Lenny Lyles-Clark Wood Invitational,"Apr 26-27, 2019",LJ,5.13m,(2.2),"16' 10"""
Jada,Schuh,2019 Lenny Lyles-Clark Wood Invitational,"Apr 26-27, 2019",TJ,10.50m,(1.1),"34' 5.5"""
Jada,Schuh,2019 Lenny Lyles-Clark Wood Invitational,"Apr 26-27, 2019",JT,33.66m,,"110' 5"""
Jada,Schuh,Kentucky Track & Field Invitational,"Apr 20, 2019",200,27.56,(0.6),
Jada,Schuh,Kentucky Track & Field Invitational,"Apr 20, 2019",100H,15.84,(0.9),
Jada,Schuh,Kentucky Track & Field Invitational,"Apr 20, 2019",LJ,4.84m,(0.5),"15' 10.5"""
Jada,Schuh,Kentucky Track & Field Invitational,"Apr 20, 2019",TJ,10.29m,(+0.0),"33' 9.25"""
Jada,Schuh,Illinois Twilight,"Apr 13, 2019",200,DNS,(3.0),
Jada,Schuh,Illinois Twilight,"Apr 13, 2019",100H,16.29,(0.6),
Jada,Schuh,Illinois Twilight,"Apr 13, 2019",LJ,5.17m,(0.6),"16' 11.5"""
Jada,Schuh,Illinois Twilight,"Apr 13, 2019",JT,29.45m,,"96' 7"""
Jada,Schuh,Jack Shaw Classic,"Apr  5, 2019",200,DNS,(+0.0),
Jada,Schuh,Jack Shaw Classic,"Apr  5, 2019",100H,15.88,(0.8),
Jada,Schuh,Jack Shaw Classic,"Apr  5, 2019",HJ,1.40m,,"4' 7"""
Jada,Schuh,Jack Shaw Classic,"Apr  5, 2019",TJ,10.29m,(1.3),"33' 9.25"""
Jada,Schuh,Jack Shaw Classic,"Apr  5, 2019",JT,30.70m,,"100' 9"""
Jada,Schuh,2019 Drury Hotels Joey Haines Invite,"Mar 29-30, 2019",100H,15.64,(2.1),
Jada,Schuh,2019 Drury Hotels Joey Haines Invite,"Mar 29-30, 2019",LJ,5.04m,(2.3),"16' 6.5"""
Jada,Schuh,Horizon League Indoor Track & Field Championships,"Feb 23-24, 2019",LJ,5.04m,,"16' 6.5"""
Jada,Schuh,Horizon League Indoor Track & Field Championships,"Feb 23-24, 2019",TJ,10.71m,,"35' 1.75"""
Jada,Schuh,Horizon League Indoor Track & Field Championships,"Feb 23-24, 2019",Pent,2970,,
Jada,Schuh,Horizon League Indoor Track & Field Championships,"Feb 23-24, 2019",60H,9.62,,
Jada,Schuh,Horizon League Indoor Track & Field Championships,"Feb 23-24, 2019",HJ,1.43m,,"4' 8.25"""
Jada,Schuh,Horizon League Indoor Track & Field Championships,"Feb 23-24, 2019",SP,8.20m,,"26' 11"""
Jada,Schuh,Horizon League Indoor Track & Field Championships,"Feb 23-24, 2019",LJ,5.14m,,"16' 10.5"""
Jada,Schuh,Horizon League Indoor Track & Field Championships,"Feb 23-24, 2019",800,2:35.02,,
Jada,Schuh,Panther TuneUp,"Feb 16, 2019",60H,9.32,,
Jada,Schuh,Panther TuneUp,"Feb 16, 2019",LJ,FOUL,,NM
Jada,Schuh,Panther TuneUp,"Feb 16, 2019",TJ,10.89m,,"35' 8.75"""
Jada,Schuh,GVSU Big Meet (Saturday),"Feb  9, 2019",60H,9.80,,
Jada,Schuh,GVSU Big Meet (Saturday),"Feb  9, 2019",HJ,NH,,NH
Jada,Schuh,GVSU Big Meet (Saturday),"Feb  9, 2019",SP,7.50m,,"24' 7.25"""
Jada,Schuh,John Tierney Classic,"Jan 19, 2019",200,27.65,,
Jada,Schuh,John Tierney Classic,"Jan 19, 2019",60H,9.69,,
Jada,Schuh,John Tierney Classic,"Jan 19, 2019",LJ,5.19m,,"17' 0.5"""
Jada,Schuh,John Tierney Classic,"Jan 19, 2019",TJ,10.53m,,"34' 6.75"""
Jada,Schuh,Badger Icebreaker,"Jan 12, 2019",300,45.75,,
Jada,Schuh,Badger Icebreaker,"Jan 12, 2019",60H,9.58,,
Jada,Schuh,Badger Icebreaker,"Jan 12, 2019",HJ,NH,,NH
Maddy,Troy,Horizon League Championship,"May  5- 7, 2023",4x100,46.72,,
Maddy,Troy,Horizon League Championship,"May  5- 7, 2023",LJ,NM,,NM
Maddy,Troy,Clark Wood Open 2023,"Apr 28-29, 2023",LJ,5.53m,(0.4),"18' 1.75"""
Maddy,Troy,Gibson Invitational & Multis,"Apr 13-15, 2023",100,12.53,(1.1),
Maddy,Troy,Gibson Invitational & Multis,"Apr 13-15, 2023",LJ,5.41m,(1.3),"17' 9"""
Maddy,Troy,Fighting Illini Challenge,"Apr  8, 2023",4x100,47.47,,
Maddy,Troy,Fighting Illini Challenge,"Apr  8, 2023",LJ,5.36m,,"17' 7"""
Maddy,Troy,2023 Horizon League Indoor Track & Field Championship,"Feb 25-26, 2023",LJ,5.58m,,"18' 3.75"""
Maddy,Troy,Panther Tune-Up,"Feb 18, 2023",LJ,FOUL,,NM
Maddy,Troy,GVSU Big Meet (Friday),"Feb 10, 2023",60,7.96,,
Maddy,Troy,Mark Guthrie Legacy Invitational,"Feb  4, 2023",60,7.82,,
Maddy,Troy,Mark Guthrie Legacy Invitational,"Feb  4, 2023",LJ,5.58m,,"18' 3.75"""
Maddy,Troy,Jack Johnson Classic,"Jan 27-28, 2023",60,7.85,,
Maddy,Troy,Jack Johnson Classic,"Jan 27-28, 2023",LJ,5.63m,,"18' 5.75"""
Maddy,Troy,John Tierney Classic,"Jan 21, 2023",60,8.01,,
Maddy,Troy,John Tierney Classic,"Jan 21, 2023",LJ,5.30m,,"17' 4.75"""
Maddy,Troy,Wisconsin Badgers Midwest Invite,"Jan 14, 2023",LJ,5.48m,,"17' 11.75"""
Maddy,Troy,2022 Blue Demon Holiday Invite,"Dec  9, 2022",60,7.79,,
Maddy,Troy,2022 Blue Demon Holiday Invite,"Dec  9, 2022",LJ,5.64m,,"18' 6"""
Maddy,Troy,Horizon League Outdoor Track & Field Championships,"May  6- 8, 2022",100,12.02,(2.9),
Maddy,Troy,Horizon League Outdoor Track & Field Championships,"May  6- 8, 2022",100,12.08,(2.6),
Maddy,Troy,Horizon League Outdoor Track & Field Championships,"May  6- 8, 2022",4x100,46.56,,
Maddy,Troy,Horizon League Outdoor Track & Field Championships,"May  6- 8, 2022",LJ,5.63m,(+0.0),"18' 5.75"""
Maddy,Troy,Valparaiso Beacan Invite,"Apr 30, 2022",LJ,5.78m,(4.3),"18' 11.75"""
Maddy,Troy,Illini Invitational,"Apr 22-23, 2022",100,11.94,(5.9),
Maddy,Troy,Illini Invitational,"Apr 22-23, 2022",LJ,5.14m,(5.6),"16' 10.5"""
Maddy,Troy,44 Farms Team Invitational,"Apr  8- 9, 2022",LJ,5.36m,(3.2),"17' 7"""
Maddy,Troy,St. Valentines Open,"Feb 18, 2022",60,7.84,,
Maddy,Troy,St. Valentines Open,"Feb 18, 2022",LJ,5.71m,,"18' 9"""
Maddy,Troy,2022 Hoosier Hills,"Feb 11, 2022",60,7.72,,
Maddy,Troy,2022 Hoosier Hills,"Feb 11, 2022",60,7.72,,
Maddy,Troy,2022 Hoosier Hills,"Feb 11, 2022",LJ,5.66m,,"18' 7"""
Maddy,Troy,John Tierney Classic,"Jan 29, 2022",60,7.61,,
Maddy,Troy,John Tierney Classic,"Jan 29, 2022",60,7.73,,
Maddy,Troy,John Tierney Classic,"Jan 29, 2022",200,25.54,,
Maddy,Troy,John Tierney Classic,"Jan 29, 2022",LJ,5.42m,,"17' 9.5"""
Maddy,Troy,John Gartland Invitational,"Jan 21-22, 2022",60,7.67,,
Maddy,Troy,John Gartland Invitational,"Jan 21-22, 2022",60,7.69,,
Maddy,Troy,John Gartland Invitational,"Jan 21-22, 2022",LJ,5.75m,,"18' 10.5"""
Maddy,Troy,Hawkeye Invite,"Jan 14-15, 2022",60,7.67,,
Maddy,Troy,Hawkeye Invite,"Jan 14-15, 2022",60,7.76,,
Maddy,Troy,Hawkeye Invite,"Jan 14-15, 2022",LJ,5.66m,,"18' 7"""
Maddy,Troy,2021 Warrior Invitational,"Apr 17, 2021",100,DNF,(2.0),
Maddy,Troy,2021 Warrior Invitational,"Apr 17, 2021",100,12.37,(1.5),
Maddy,Troy,2021 Warrior Invitational,"Apr 17, 2021",LJ,5.52m,(1.1),"18' 1.5"""
Kate,Watson,Eagle Open,"May 12, 2023",PV,3.78m,,"12' 4.75"""
Kate,Watson,Horizon League Championship,"May  5- 7, 2023",PV,3.83m,,"12' 6.75"""
Kate,Watson,Clark Wood Open 2023,"Apr 28-29, 2023",PV,3.92m,,"12' 10.25"""
Kate,Watson,Gary Wieneke Memorial,"Apr 21-22, 2023",PV,3.96m,,"12' 11.75"""
Kate,Watson,Gibson Invitational & Multis,"Apr 13-15, 2023",PV,3.90m,,"12' 9.5"""
Kate,Watson,Fighting Illini Challenge,"Apr  8, 2023",PV,NH,,NH
Kate,Watson,2023 Horizon League Indoor Track & Field Championship,"Feb 25-26, 2023",PV,4.05m,,"13' 3.5"""
Kate,Watson,Panther Tune-Up,"Feb 18, 2023",PV,4.00m,,"13' 1.5"""
Kate,Watson,Mark Guthrie Legacy Invitational,"Feb  4, 2023",PV,3.86m,,"12' 8"""
Kate,Watson,Jack Johnson Classic,"Jan 27-28, 2023",PV,3.82m,,"12' 6.25"""
Kate,Watson,John Tierney Classic,"Jan 21, 2023",PV,NH,,NH
Kate,Watson,Wisconsin Badgers Midwest Invite,"Jan 14, 2023",PV,3.97m,,"13' 0.25"""
Kate,Watson,NCAA West Preliminary Round,"May 25-28, 2022",PV,3.96m,,"12' 11.75"""
Kate,Watson,Carius/Gregory Invitational 2022,"May 12-13, 2022",PV,3.90m,,"12' 9.5"""
Kate,Watson,Horizon League Outdoor Track & Field Championships,"May  6- 8, 2022",PV,3.75m,,"12' 3.5"""
Kate,Watson,Valparaiso Beacan Invite,"Apr 30, 2022",PV,3.70m,,"12' 1.5"""
Kate,Watson,Illini Invitational,"Apr 22-23, 2022",PV,4.03m,,"13' 2.5"""
Kate,Watson,44 Farms Team Invitational,"Apr  8- 9, 2022",PV,3.71m,,"12' 2"""
Kate,Watson,Redbird Invite,"Apr  1- 2, 2022",PV,3.70m,,"12' 1.5"""
Kate,Watson,Horizon League Indoor Track & Field Championships,"Feb 26-27, 2022",PV,3.89m,,"12' 9"""
Kate,Watson,St. Valentines Open,"Feb 18, 2022",PV,3.82m,,"12' 6.25"""
Kate,Watson,2022 Hoosier Hills,"Feb 11, 2022",PV,3.77m,,"12' 4.5"""
Kate,Watson,Red Hawk Invite,"Feb  5, 2022",PV,3.75m,,"12' 3.5"""
Kate,Watson,John Tierney Classic,"Jan 29, 2022",PV,3.85m,,"12' 7.5"""
Kate,Watson,John Gartland Invitational,"Jan 21-22, 2022",PV,3.87m,,"12' 8.25"""
Kate,Watson,Hawkeye Invite,"Jan 14-15, 2022",PV,3.80m,,"12' 5.5"""
Kate,Watson,Horizon League Outdoor Track & Field Championships,"May  7- 9, 2021",PV,3.51m,,"11' 6.25"""
Kate,Watson,Valpo Invitational,"May  1, 2021",PV,3.40m,,"11' 1.75"""
Kate,Watson,Clark Wood Invitational,"Apr 23-24, 2021",PV,3.53m,,"11' 7"""
Kate,Watson,Big Blue Classic,"Apr  9-10, 2021",PV,DNS,,NH
Kate,Watson,Illinois State Redbird Invitational,"Apr  2, 2021",PV,3.52m,,"11' 6.5"""
Kate,Watson,Horizon League Indoor Track & Field Championships,"Feb 26-Mar  1, 2021",PV,3.43m,,"11' 3"""
Kate,Watson,UW-Parkside Triangular,"Feb 19-20, 2021",PV,3.46m,,"11' 4.25"""
Kate,Watson,Panther Tune-Up,"Feb 14, 2021",PV,3.60m,,"11' 9.75"""
Kate,Watson,UW-Parkside Triangular,"Feb  5- 6, 2021",PV,3.45m,,"11' 3.75"""
Kate,Watson,John Tierney Classic,"Jan 23, 2021",PV,NH,,NH
Kate,Watson,Horizon League Indoor Track & Field Championships,"Feb 29-Mar  1, 2020",PV,3.70m,,"12' 1.5"""
Kate,Watson,Panther Tune-Up,"Feb 22, 2020",PV,3.53m,,"11' 7"""
Kate,Watson,GVSU Big Meet (Saturday),"Feb 15, 2020",PV,3.61m,,"11' 10"""
Kate,Watson,2020 ONU Invitational,"Feb  1, 2020",PV,3.62m,,"11' 10.5"""
Kate,Watson,Illini Invitational,"Jan 24-25, 2020",PV,3.52m,,"11' 6.5"""
Kate,Watson,John Tierney Classic,"Jan 18, 2020",PV,3.48m,,"11' 5"""
Kate,Watson,Gene Edmonds Memorial,"Jan 10-11, 2020",PV,NH,,NH
Kate,Watson,Horizon League Outdoor Track & Field Championships,"May  3- 5, 2019",PV,3.45m,,"11' 3.75"""
Kate,Watson,2019 Lenny Lyles-Clark Wood Invitational,"Apr 26-27, 2019",PV,3.27m,,"10' 8.75"""
Kate,Watson,Kentucky Track & Field Invitational,"Apr 20, 2019",PV,3.55m,,"11' 7.75"""
Kate,Watson,Illinois Twilight,"Apr 13, 2019",PV,3.30m,,"10' 10"""
Kate,Watson,Jack Shaw Classic,"Apr  5, 2019",PV,NH,,NH
Kate,Watson,Horizon League Indoor Track & Field Championships,"Feb 23-24, 2019",PV,3.51m,,"11' 6.25"""
Kate,Watson,Panther TuneUp,"Feb 16, 2019",PV,3.36m,,"11' 0.25"""
Kate,Watson,GVSU Big Meet (Saturday),"Feb  9, 2019",PV,3.27m,,"10' 8.75"""
Kate,Watson,2019 Meyo Invitational,"Feb  1- 2, 2019",PV,3.30m,,"10' 10"""
Kate,Watson,2019 Illini Invitational,"Jan 25-26, 2019",PV,3.17m,,"10' 4.75"""
Kate,Watson,John Tierney Classic,"Jan 19, 2019",PV,3.30m,,"10' 10"""
Kate,Watson,Badger Icebreaker,"Jan 12, 2019",PV,3.20m,,"10' 6"""
Anya,Athan,Carius/Gregory Invitational 2022,"May 12-13, 2022",400,1:00.38,,
Anya,Athan,Valparaiso Beacan Invite,"Apr 30, 2022",200,26.02,(1.5),
Anya,Athan,Illini Invitational,"Apr 22-23, 2022",100,12.73,(5.9),
Anya,Athan,Illini Invitational,"Apr 22-23, 2022",200,26.23,(5.4),
Anya,Athan,Illini Invitational,"Apr 22-23, 2022",4x100,49.06,,
Anya,Athan,Horizon League Indoor Track & Field Championships,"Feb 26-27, 2022",400,58.17,,
Anya,Athan,Horizon League Indoor Track & Field Championships,"Feb 26-27, 2022",4x400,DQ,,
Anya,Athan,GVSU Big Meet-FRIDAY,"Feb 11, 2022",200,25.69,,
Anya,Athan,GVSU Big Meet-FRIDAY,"Feb 11, 2022",400,58.48,,
Anya,Athan,Red Hawk Invite,"Feb  5, 2022",200,26.26,,
Anya,Athan,Red Hawk Invite,"Feb  5, 2022",400,59.51,,
Anya,Athan,John Tierney Classic,"Jan 29, 2022",200,26.02,,
Anya,Athan,John Tierney Classic,"Jan 29, 2022",4x400,3:58.17,,
Anya,Athan,Hawkeye Invite,"Jan 14-15, 2022",200,26.28,,
Anya,Athan,Hawkeye Invite,"Jan 14-15, 2022",400,1:00.10,,
Anya,Athan,Horizon League Outdoor Track & Field Championships,"May  7- 9, 2021",400,1:01.64,,
Anya,Athan,Valpo Invitational,"May  1, 2021",400,59.76,,
Anya,Athan,Clark Wood Invitational,"Apr 23-24, 2021",400,1:02.58,,
Anya,Athan,2021 Warrior Invitational,"Apr 17, 2021",400,59.91,,
Anya,Athan,Big Blue Classic,"Apr  9-10, 2021",200,26.73,(0.1),
Anya,Athan,Big Blue Classic,"Apr  9-10, 2021",4x400,3:58.92,,
Anya,Athan,Illinois State Redbird Invitational,"Apr  2, 2021",200,DNS,(3.3),
Anya,Athan,Illinois State Redbird Invitational,"Apr  2, 2021",4x400,4:13.30,,
Anya,Athan,UW-Parkside Triangular,"Feb 19-20, 2021",200,26.84,,
Anya,Athan,UW-Parkside Triangular,"Feb 19-20, 2021",4x400,4:16.24,,
Anya,Athan,UW-Parkside Triangular,"Feb 19-20, 2021",LJ,5.16m,,"16' 11.25"""
Anya,Athan,Panther Tune-Up,"Feb 14, 2021",200,26.84,,
Anya,Athan,Panther Tune-Up,"Feb 14, 2021",400,1:02.93,,
Anya,Athan,Panther Tune-Up,"Feb 14, 2021",LJ,5.15m,,"16' 10.75"""
Anya,Athan,UW-Parkside Triangular,"Feb  5- 6, 2021",4x400,4:10.65,,
Anya,Athan,John Tierney Classic,"Jan 23, 2021",200,27.03,,
Anya,Athan,John Tierney Classic,"Jan 23, 2021",400,1:01.72,,
Anya,Athan,John Tierney Classic,"Jan 23, 2021",4x400,4:11.65,,
Anya,Athan,The Panther Invite,"Jan  9, 2021",400,1:02.87,,
Anya,Athan,The Panther Invite,"Jan  9, 2021",4x400,4:14.38,,
Anya,Athan,Horizon League Indoor Track & Field Championships,"Feb 29-Mar  1, 2020",4x400,3:56.97,,
Anya,Athan,Horizon League Indoor Track & Field Championships,"Feb 29-Mar  1, 2020",DMR,12:18.50,,
Anya,Athan,Horizon League Indoor Track & Field Championships,"Feb 29-Mar  1, 2020",LJ,5.43m,,"17' 9.75"""
Anya,Athan,Panther Tune-Up,"Feb 22, 2020",400,1:02.10,,
Anya,Athan,Panther Tune-Up,"Feb 22, 2020",4x400,DNF,,
Anya,Athan,Panther Tune-Up,"Feb 22, 2020",LJ,5.30m,,"17' 4.75"""
Anya,Athan,GVSU Big Meet (Saturday),"Feb 15, 2020",200,26.70,,
Anya,Athan,GVSU Big Meet (Saturday),"Feb 15, 2020",400,1:00.56,,
Anya,Athan,GVSU Big Meet (Saturday),"Feb 15, 2020",LJ,5.11m,,"16' 9.25"""
Anya,Athan,John Tierney Classic,"Jan 18, 2020",200,27.06,,
Anya,Athan,John Tierney Classic,"Jan 18, 2020",4x400,4:11.79,,
Anya,Athan,John Tierney Classic,"Jan 18, 2020",LJ,5.26m,,"17' 3.25"""
Anya,Athan,GVSU Big Meet- Friday,"Feb  9, 2018",4x400,4:02.50,,
Anya,Athan,2018 Mark Messersmith Invitational,"Jan 27, 2018",400,1:01.07,,
Anya,Athan,2018 Mark Messersmith Invitational,"Jan 27, 2018",LJ,5.05m,,"16' 7"""
Anya,Athan,John Tierney Classic,"Jan 20, 2018",300,43.42,,
Anya,Athan,John Tierney Classic,"Jan 20, 2018",4x400,4:02.53,,
Anya,Athan,Karl Schlender Invitational,"Jan 13, 2018",60,8.46,,
Anya,Athan,Karl Schlender Invitational,"Jan 13, 2018",60,8.45,,
Anya,Athan,Karl Schlender Invitational,"Jan 13, 2018",200,27.53,,
Anya,Athan,Horizon League Outdoor Track & Field Championships,"May  5- 7, 2017",200,27.43,(2.6),
Anya,Athan,Horizon League Outdoor Track & Field Championships,"May  5- 7, 2017",400,1:00.82,,
Anya,Athan,Horizon League Outdoor Track & Field Championships,"May  5- 7, 2017",4x400,3:52.19,,
Anya,Athan,UW-Whitewater Drake Alternative Meet,"Apr 29, 2017",400,1:00.44,,
Anya,Athan,Pacesetter Sports Invitational,"Apr 21-22, 2017",100,12.95,(3.2),
Anya,Athan,Pacesetter Sports Invitational,"Apr 21-22, 2017",200,26.35,(4.0),
Anya,Athan,Benedictine Eagle Relays 2017,"Apr 14-15, 2017",400,58.08,,
Anya,Athan,Marquette Duals,"Apr  7, 2017",200,27.74,(0.5),
Anya,Athan,Marquette Duals,"Apr  7, 2017",4x100,48.50,,
Anya,Athan,Marquette Duals,"Apr  7, 2017",4x400,3:57.72,,
Anya,Athan,EIU Big Blue Classic 2017,"Mar 31-Apr  1, 2017",400,59.78,,
Anya,Athan,Gene and Rose Edmonds Invitational,"Mar 25, 2017",200,27.05,(1.9),
Anya,Athan,Gene and Rose Edmonds Invitational,"Mar 25, 2017",400,1:01.44,,
Anya,Athan,Gene and Rose Edmonds Invitational,"Mar 25, 2017",4x100,49.41,,
Anya,Athan,Horizon League Indoor Track & Field Championships,"Feb 25-26, 2017",4x400,3:53.85,,
Anya,Athan,Horizon League Indoor Track & Field Championships,"Feb 25-26, 2017",DMR,12:33.46,,
Anya,Athan,Horizon League Indoor Track & Field Championships,"Feb 25-26, 2017",LJ,5.20m,,"17' 0.75"""
Anya,Athan,Panther TuneUp,"Feb 18, 2017",60,8.33,,
Anya,Athan,Panther TuneUp,"Feb 18, 2017",LJ,4.99m,,"16' 4.5"""
Anya,Athan,GVSU Big Meet (Saturday),"Feb 11, 2017",400,59.60,,
Anya,Athan,GVSU Big Meet (Saturday),"Feb 11, 2017",4x400,3:54.48,,
Anya,Athan,UW Parkside Classic,"Feb  4, 2017",55,7.73,,
Anya,Athan,UW Parkside Classic,"Feb  4, 2017",55,7.72,,
Anya,Athan,UW Parkside Classic,"Feb  4, 2017",200,27.06,,
Anya,Athan,2017 Mark Messersmith Invitational,"Jan 28, 2017",200,27.42,,
Anya,Athan,2017 Mark Messersmith Invitational,"Jan 28, 2017",400,1:01.28,,
Anya,Athan,John Tierney Classic,"Jan 21, 2017",300,42.81,,
Anya,Athan,John Tierney Classic,"Jan 21, 2017",4x400,3:57.83,,
Anya,Athan,Karl Schlender Invitational,"Jan 14, 2017",200,27.54,,
Anya,Athan,Karl Schlender Invitational,"Jan 14, 2017",400,1:00.51,,
Klairissa,Boisvert,Valparaiso Beacan Invite,"Apr 30, 2022",800,2:28.65,,
Klairissa,Boisvert,Illini Invitational,"Apr 22-23, 2022",800,2:30.14,,
Klairissa,Boisvert,2022 Warrior Invitational,"Apr 14, 2022",800,2:33.74,,
Klairissa,Boisvert,Marquette Invitational,"Apr 10, 2022",800,2:36.63,,
Klairissa,Boisvert,Redbird Invite,"Apr  1- 2, 2022",800,2:35.10,,
Klairissa,Boisvert,St. Valentines Open,"Feb 18, 2022",800,DNF,,
Klairissa,Boisvert,Red Hawk Invite,"Feb  5, 2022",200,29.58,,
Klairissa,Boisvert,Red Hawk Invite,"Feb  5, 2022",400,1:05.73,,
Klairissa,Boisvert,John Tierney Classic,"Jan 29, 2022",400,1:06.42,,
Klairissa,Boisvert,John Tierney Classic,"Jan 29, 2022",4x400,4:23.18,,
Klairissa,Boisvert,UW-Parkside Triangular,"Feb 19-20, 2021",400,1:05.94,,
Klairissa,Boisvert,UW-Parkside Triangular,"Feb 19-20, 2021",4x400,4:16.24,,
Klairissa,Boisvert,Panther Tune-Up,"Feb 14, 2021",400,1:05.94,,
Klairissa,Boisvert,Panther Tune-Up,"Feb 14, 2021",4x400,DNF,,
Klairissa,Boisvert,UW-Parkside Triangular,"Feb  5- 6, 2021",400,1:06.57,,
Klairissa,Boisvert,UW-Parkside Triangular,"Feb  5- 6, 2021",4x400,4:18.43,,
Klairissa,Boisvert,John Tierney Classic,"Jan 23, 2021",400,1:06.87,,
Klairissa,Boisvert,Panther Tune-Up,"Feb 22, 2020",400,1:06.09,,
Klairissa,Boisvert,GVSU Big Meet (Saturday),"Feb 15, 2020",400,1:06.41,,
Klairissa,Boisvert,2020 ONU Invitational,"Feb  1, 2020",400,1:07.37,,
Klairissa,Boisvert,John Tierney Classic,"Jan 18, 2020",400,1:08.62,,
Jakara,Edwards-House,Horizon League Outdoor Track & Field Championships,"May  6- 8, 2022",LJ,5.11m,(+0.0),"16' 9.25"""
Jakara,Edwards-House,Valparaiso Beacan Invite,"Apr 30, 2022",LJ,5.22m,(4.0),"17' 1.5"""
Jakara,Edwards-House,Illini Invitational,"Apr 22-23, 2022",LJ,5.47m,(2.9),"17' 11.5"""
Jakara,Edwards-House,2022 Warrior Invitational,"Apr 14, 2022",LJ,4.91m,(2.3),"16' 1.5"""
Jakara,Edwards-House,Red Hawk Invite,"Feb  5, 2022",LJ,5.18m,,"17' 0"""
Jakara,Edwards-House,Horizon League Outdoor Track & Field Championships,"May  7- 9, 2021",LJ,5.43m,(0.9),"17' 9.75"""
Jakara,Edwards-House,Valpo Invitational,"May  1, 2021",LJ,5.68m,(6.0),"18' 7.75"""
Jakara,Edwards-House,Horizon League Indoor Track & Field Championships,"Feb 29-Mar  1, 2020",60,7.76,,
Jakara,Edwards-House,Horizon League Indoor Track & Field Championships,"Feb 29-Mar  1, 2020",LJ,5.11m,,"16' 9.25"""
Jakara,Edwards-House,Panther Tune-Up,"Feb 22, 2020",60,7.95,,
Jakara,Edwards-House,Panther Tune-Up,"Feb 22, 2020",LJ,5.84m,,"19' 2"""
Jakara,Edwards-House,GVSU Big Meet (Saturday),"Feb 15, 2020",LJ,5.45m,,"17' 10.75"""
Jakara,Edwards-House,GVSU Big Meet Invite (Friday),"Feb 14, 2020",60,7.88,,
Jakara,Edwards-House,2020 Meyo Invitational,"Feb  7- 8, 2020",60,7.96,,
Jakara,Edwards-House,2020 ONU Invitational,"Feb  1, 2020",60,7.86,,
Jakara,Edwards-House,2020 ONU Invitational,"Feb  1, 2020",60,7.95,,
Jakara,Edwards-House,Illini Invitational,"Jan 24-25, 2020",60,7.89,,
Jakara,Edwards-House,Illini Invitational,"Jan 24-25, 2020",LJ,5.29m,,"17' 4.25"""
Jakara,Edwards-House,John Tierney Classic,"Jan 18, 2020",60,7.98,,
Jakara,Edwards-House,John Tierney Classic,"Jan 18, 2020",LJ,5.23m,,"17' 2"""
Maisie,Gelhar,Hawkeye Invite,"Jan 14-15, 2022",SP,10.92m,,"35' 10"""
Maisie,Gelhar,Horizon League Outdoor Track & Field Championships,"May  7- 9, 2021",SP,11.27m,,"36' 11.75"""
Maisie,Gelhar,Horizon League Outdoor Track & Field Championships,"May  7- 9, 2021",DT,40.56m,,"133' 1"""
Maisie,Gelhar,Horizon League Outdoor Track & Field Championships,"May  7- 9, 2021",HT,40.50m,,"132' 10"""
Maisie,Gelhar,Valpo Invitational,"May  1, 2021",SP,12.77m,,"41' 10.75"""
Maisie,Gelhar,Valpo Invitational,"May  1, 2021",DT,FOUL,,NM
Maisie,Gelhar,Valpo Invitational,"May  1, 2021",HT,FOUL,,NM
Maisie,Gelhar,2021 Green & White Invite,"Apr 24, 2021",SP,12.56m,,"41' 2.5"""
Maisie,Gelhar,2021 Green & White Invite,"Apr 24, 2021",DT,41.64m,,"136' 7"""
Maisie,Gelhar,2021 Green & White Invite,"Apr 24, 2021",HT,42.01m,,"137' 10"""
Maisie,Gelhar,2021 Warrior Invitational,"Apr 17, 2021",SP,11.78m,,"38' 7.75"""
Maisie,Gelhar,2021 Warrior Invitational,"Apr 17, 2021",DT,42.22m,,"138' 6"""
Maisie,Gelhar,2021 Warrior Invitational,"Apr 17, 2021",HT,42.56m,,"139' 7"""
Maisie,Gelhar,Big Blue Classic,"Apr  9-10, 2021",DT,40.46m,,"132' 9"""
Maisie,Gelhar,Big Blue Classic,"Apr  9-10, 2021",HT,39.65m,,"130' 1"""
Maisie,Gelhar,Illinois State Redbird Invitational,"Apr  2, 2021",SP,11.44m,,"37' 6.5"""
Maisie,Gelhar,Illinois State Redbird Invitational,"Apr  2, 2021",DT,40.54m,,"133' 0"""
Maisie,Gelhar,Illinois State Redbird Invitational,"Apr  2, 2021",HT,40.51m,,"132' 11"""
Maisie,Gelhar,Horizon League Indoor Track & Field Championships,"Feb 26-Mar  1, 2021",SP,NM,,NM
Maisie,Gelhar,Horizon League Indoor Track & Field Championships,"Feb 26-Mar  1, 2021",WT,15.72m,,"51' 7"""
Maisie,Gelhar,UW-Parkside Triangular,"Feb 19-20, 2021",SP,12.44m,,"40' 9.75"""
Maisie,Gelhar,UW-Parkside Triangular,"Feb 19-20, 2021",WT,15.25m,,"50' 0.5"""
Maisie,Gelhar,Panther Tune-Up,"Feb 14, 2021",SP,12.00m,,"39' 4.5"""
Maisie,Gelhar,Panther Tune-Up,"Feb 14, 2021",WT,14.65m,,"48' 0.75"""
Maisie,Gelhar,UW-Parkside Triangular,"Feb  5- 6, 2021",SP,11.03m,,"36' 2.25"""
Maisie,Gelhar,UW-Parkside Triangular,"Feb  5- 6, 2021",WT,15.38m,,"50' 5.5"""
Maisie,Gelhar,John Tierney Classic,"Jan 23, 2021",SP,11.72m,,"38' 5.5"""
Maisie,Gelhar,John Tierney Classic,"Jan 23, 2021",WT,14.51m,,"47' 7.25"""
Mercy,Ndon,Horizon League Outdoor Track & Field Championships,"May  6- 8, 2022",100,12.27,(0.9),
Mercy,Ndon,Horizon League Outdoor Track & Field Championships,"May  6- 8, 2022",4x100,46.56,,
Mercy,Ndon,Valparaiso Beacan Invite,"Apr 30, 2022",100,12.34,(3.1),
Mercy,Ndon,Illini Invitational,"Apr 22-23, 2022",100,12.01,(6.9),
Mercy,Ndon,Illini Invitational,"Apr 22-23, 2022",4x100,49.06,,
Mercy,Ndon,44 Farms Team Invitational,"Apr  8- 9, 2022",100,12.20,(4.8),
Mercy,Ndon,Redbird Invite,"Apr  1- 2, 2022",100,12.53,(-0.2),
Mercy,Ndon,Redbird Invite,"Apr  1- 2, 2022",100,12.20,(4.4),
Mercy,Ndon,Horizon League Outdoor Track & Field Championships,"May  7- 9, 2021",100,12.29,(2.5),
Mercy,Ndon,Horizon League Outdoor Track & Field Championships,"May  7- 9, 2021",4x100,48.20,,
Mercy,Ndon,Valpo Invitational,"May  1, 2021",100,12.38,(-0.4),
Mercy,Ndon,Valpo Invitational,"May  1, 2021",4x100,48.11,,
Mercy,Ndon,Clark Wood Invitational,"Apr 23-24, 2021",100,12.82,(0.8),
Mercy,Ndon,Clark Wood Invitational,"Apr 23-24, 2021",200,26.65,(2.8),
Mercy,Ndon,Gibson Invitational sponsored by the Terre Haute CVB,"Apr 16-17, 2021",100,12.34,(1.9),
Mercy,Ndon,Gibson Invitational sponsored by the Terre Haute CVB,"Apr 16-17, 2021",200,26.59,(0.7),
Mercy,Ndon,Gibson Invitational sponsored by the Terre Haute CVB,"Apr 16-17, 2021",4x100,48.47,,
Mercy,Ndon,Big Blue Classic,"Apr  9-10, 2021",100,12.38,(1.5),
Mercy,Ndon,Big Blue Classic,"Apr  9-10, 2021",200,DNS,(0.5),
Mercy,Ndon,Panther Tune-Up,"Feb 14, 2021",200,27.00,,
Mercy,Ndon,Horizon League Indoor Track & Field Championships,"Feb 29-Mar  1, 2020",60,7.73,,
Mercy,Ndon,Horizon League Indoor Track & Field Championships,"Feb 29-Mar  1, 2020",60,7.73,,
Mercy,Ndon,Horizon League Indoor Track & Field Championships,"Feb 29-Mar  1, 2020",200,25.52,,
Mercy,Ndon,Panther Tune-Up,"Feb 22, 2020",60,7.69,,
Mercy,Ndon,Panther Tune-Up,"Feb 22, 2020",200,25.98,,
Mercy,Ndon,2020 Meyo Invitational,"Feb  7- 8, 2020",60,7.81,,
Mercy,Ndon,2020 Meyo Invitational,"Feb  7- 8, 2020",200,25.99,,
Mercy,Ndon,2020 ONU Invitational,"Feb  1, 2020",60,7.82,,
Mercy,Ndon,2020 ONU Invitational,"Feb  1, 2020",60,7.85,,
Mercy,Ndon,Illini Invitational,"Jan 24-25, 2020",60,7.86,,
Mercy,Ndon,John Tierney Classic,"Jan 18, 2020",60,7.77,,
Mercy,Ndon,John Tierney Classic,"Jan 18, 2020",200,25.98,,
Mercy,Ndon,Gene Edmonds Memorial,"Jan 10-11, 2020",60,7.84,,
Mercy,Ndon,Gene Edmonds Memorial,"Jan 10-11, 2020",200,26.16,,
Mercy,Ndon,Horizon League Outdoor Track & Field Championships,"May  3- 5, 2019",100,12.16,(1.7),
Mercy,Ndon,Horizon League Outdoor Track & Field Championships,"May  3- 5, 2019",100,12.04,(0.8),
Mercy,Ndon,Horizon League Outdoor Track & Field Championships,"May  3- 5, 2019",200,25.25,(2.1),
Mercy,Ndon,Horizon League Outdoor Track & Field Championships,"May  3- 5, 2019",200,25.41,(1.3),
Mercy,Ndon,Horizon League Outdoor Track & Field Championships,"May  3- 5, 2019",4x100,48.57,,
Mercy,Ndon,Marquette Mid-Week Challenge,"Apr 24, 2019",100,12.15,(0.2),
Mercy,Ndon,Marquette Mid-Week Challenge,"Apr 24, 2019",200,25.56,(-1.7),
Mercy,Ndon,Kentucky Track & Field Invitational,"Apr 20, 2019",100,12.27,(0.5),
Mercy,Ndon,Kentucky Track & Field Invitational,"Apr 20, 2019",200,25.95,(0.6),
Mercy,Ndon,Kentucky Track & Field Invitational,"Apr 20, 2019",4x100,48.85,,
Mercy,Ndon,Illinois Twilight,"Apr 13, 2019",200,DNS,(2.7),
Mercy,Ndon,Illinois Twilight,"Apr 13, 2019",4x100,48.30,,
Mercy,Ndon,Jack Shaw Classic,"Apr  5, 2019",100,12.40,(-0.2),
Mercy,Ndon,Jack Shaw Classic,"Apr  5, 2019",200,DNS,(0.2),
Mercy,Ndon,Jack Shaw Classic,"Apr  5, 2019",4x100,48.85,,
Mercy,Ndon,2019 Drury Hotels Joey Haines Invite,"Mar 29-30, 2019",100,12.34,(2.5),
Mercy,Ndon,2019 Drury Hotels Joey Haines Invite,"Mar 29-30, 2019",4x100,50.22,,
Mercy,Ndon,Horizon League Indoor Track & Field Championships,"Feb 23-24, 2019",60,7.64,,
Mercy,Ndon,Horizon League Indoor Track & Field Championships,"Feb 23-24, 2019",60,7.66,,
Mercy,Ndon,Panther TuneUp,"Feb 16, 2019",60,7.70,,
Mercy,Ndon,GVSU Big Meet (Saturday),"Feb  9, 2019",60,7.83,,
Mercy,Ndon,GVSU Big Meet (Saturday),"Feb  9, 2019",60,7.89,,
Mercy,Ndon,GVSU Big Meet (Friday),"Feb  8, 2019",60,7.84,,
Mercy,Ndon,2019 Meyo Invitational,"Feb  1- 2, 2019",60,7.81,,
Mercy,Ndon,2019 Meyo Invitational,"Feb  1- 2, 2019",60,7.76,,
Mercy,Ndon,2019 Meyo Invitational,"Feb  1- 2, 2019",200,26.35,,
Mercy,Ndon,2019 Illini Invitational,"Jan 25-26, 2019",60,7.83,,
Mercy,Ndon,2019 Illini Invitational,"Jan 25-26, 2019",60,7.82,,
Mercy,Ndon,John Tierney Classic,"Jan 19, 2019",200,26.23,,
Mercy,Ndon,Badger Icebreaker,"Jan 12, 2019",60,7.82,,
Mercy,Ndon,Badger Icebreaker,"Jan 12, 2019",60,7.83,,
Mercy,Ndon,Horizon League Indoor Track & Field Championships,"Feb 23-24, 2018",60,FS,,
Mercy,Ndon,Horizon League Indoor Track & Field Championships,"Feb 23-24, 2018",200,26.00,,
Mercy,Ndon,Panther TuneUp,"Feb 17, 2018",60,7.82,,
Mercy,Ndon,GVSU Big Meet- Saturday,"Feb 10, 2018",60,7.87,,
Mercy,Ndon,GVSU Big Meet- Saturday,"Feb 10, 2018",60,7.87,,
Mercy,Ndon,GVSU Big Meet- Friday,"Feb  9, 2018",60,7.81,,
Mercy,Ndon,GVSU Big Meet- Friday,"Feb  9, 2018",200,25.76,,
Mercy,Ndon,2018 Mark Messersmith Invitational,"Jan 27, 2018",60,7.69,,
Mercy,Ndon,2018 Mark Messersmith Invitational,"Jan 27, 2018",60,7.79,,
Mercy,Ndon,John Tierney Classic,"Jan 20, 2018",60,7.78,,
Mercy,Ndon,Karl Schlender Invitational,"Jan 13, 2018",60,7.87,,
Mercy,Ndon,Karl Schlender Invitational,"Jan 13, 2018",60,7.93,,
Mercy,Ndon,Horizon League Outdoor Track & Field Championships,"May  5- 7, 2017",100,12.34,(3.6),
Mercy,Ndon,Horizon League Outdoor Track & Field Championships,"May  5- 7, 2017",100,12.33,(2.2),
Mercy,Ndon,Horizon League Outdoor Track & Field Championships,"May  5- 7, 2017",200,26.35,(3.8),
Mercy,Ndon,Horizon League Outdoor Track & Field Championships,"May  5- 7, 2017",4x100,48.62,,
Mercy,Ndon,2017 Drake Relays presented by Hy-Vee,"Apr 26-29, 2017",4x200,1:39.93,,
Mercy,Ndon,Pacesetter Sports Invitational,"Apr 21-22, 2017",200,25.93,(3.3),
Mercy,Ndon,Pacesetter Sports Invitational,"Apr 21-22, 2017",4x100,47.99,,
Mercy,Ndon,Benedictine Eagle Relays 2017,"Apr 14-15, 2017",100,12.06,(3.5),
Mercy,Ndon,Marquette Duals,"Apr  7, 2017",100,12.48,(+0.0),
Mercy,Ndon,Horizon League Indoor Track & Field Championships,"Feb 25-26, 2017",60,7.70,,
Mercy,Ndon,Horizon League Indoor Track & Field Championships,"Feb 25-26, 2017",60,7.65,,
Mercy,Ndon,Horizon League Indoor Track & Field Championships,"Feb 25-26, 2017",200,25.12,,
Mercy,Ndon,Horizon League Indoor Track & Field Championships,"Feb 25-26, 2017",200,25.37,,
Mercy,Ndon,Panther TuneUp,"Feb 18, 2017",60,7.75,,
Mercy,Ndon,GVSU Big Meet (Saturday),"Feb 11, 2017",200,25.49,,
Mercy,Ndon,GVSU Big Meet Invite (Friday),"Feb 10, 2017",60,7.72,,
Mercy,Ndon,GVSU Big Meet Invite (Friday),"Feb 10, 2017",60,7.78,,
Mercy,Ndon,2017 Meyo Invitational,"Feb  3- 4, 2017",60,7.69,,
Mercy,Ndon,2017 Mark Messersmith Invitational,"Jan 28, 2017",60,7.67,,
Mercy,Ndon,2017 Mark Messersmith Invitational,"Jan 28, 2017",60,7.83,,
Mercy,Ndon,John Tierney Classic,"Jan 21, 2017",60,7.77,,
Mercy,Ndon,Karl Schlender Invitational,"Jan 14, 2017",60,7.90,,
Mercy,Ndon,Karl Schlender Invitational,"Jan 14, 2017",60,7.95,,
Mercy,Ndon,Karl Schlender Invitational,"Jan 14, 2017",200,26.95,,
Kathryn,Pecha,Horizon League Outdoor Track & Field Championships,"May  6- 8, 2022",100,12.81,(0.9),
Kathryn,Pecha,Horizon League Outdoor Track & Field Championships,"May  6- 8, 2022",200,26.65,(-0.2),
Kathryn,Pecha,Valparaiso Beacan Invite,"Apr 30, 2022",100,12.71,(3.1),
Kathryn,Pecha,Valparaiso Beacan Invite,"Apr 30, 2022",200,26.08,(1.3),
Kathryn,Pecha,Illini Invitational,"Apr 22-23, 2022",100,12.63,(5.5),
Kathryn,Pecha,Illini Invitational,"Apr 22-23, 2022",200,26.79,(2.6),
Kathryn,Pecha,Illini Invitational,"Apr 22-23, 2022",4x100,49.06,,
Kathryn,Pecha,2022 Warrior Invitational,"Apr 14, 2022",100,13.02,(0.3),
Kathryn,Pecha,2022 Warrior Invitational,"Apr 14, 2022",100,12.69,(4.9),
Kathryn,Pecha,Marquette Invitational,"Apr 10, 2022",100,12.76,(2.1),
Kathryn,Pecha,Marquette Invitational,"Apr 10, 2022",200,26.98,(4.0),
Kathryn,Pecha,Redbird Invite,"Apr  1- 2, 2022",100,12.93,(3.6),
Kathryn,Pecha,Redbird Invite,"Apr  1- 2, 2022",200,27.98,(-2.1),
Kathryn,Pecha,St. Valentines Open,"Feb 18, 2022",60,8.19,,
Kathryn,Pecha,St. Valentines Open,"Feb 18, 2022",200,27.68,,
Kathryn,Pecha,GVSU Big Meet-FRIDAY,"Feb 11, 2022",60,8.10,,
Kathryn,Pecha,GVSU Big Meet-FRIDAY,"Feb 11, 2022",200,27.03,,
Kathryn,Pecha,John Tierney Classic,"Jan 29, 2022",60,8.13,,
Kathryn,Pecha,John Tierney Classic,"Jan 29, 2022",60,8.07,,
Kathryn,Pecha,John Tierney Classic,"Jan 29, 2022",200,27.20,,
Kathryn,Pecha,Valpo Invitational,"May  1, 2021",100,13.09,(-0.4),
Kathryn,Pecha,Valpo Invitational,"May  1, 2021",200,26.77,(2.9),
Kathryn,Pecha,2021 Green & White Invite,"Apr 24, 2021",100,12.81,(2.3),
Kathryn,Pecha,2021 Green & White Invite,"Apr 24, 2021",100,12.89,(0.9),
Kathryn,Pecha,2021 Green & White Invite,"Apr 24, 2021",200,26.62,(1.5),
Kathryn,Pecha,Gibson Invitational sponsored by the Terre Haute CVB,"Apr 16-17, 2021",100,13.07,(1.9),
Kathryn,Pecha,Gibson Invitational sponsored by the Terre Haute CVB,"Apr 16-17, 2021",200,26.89,(0.7),
Kathryn,Pecha,Gibson Invitational sponsored by the Terre Haute CVB,"Apr 16-17, 2021",4x100,48.47,,
Kathryn,Pecha,Big Blue Classic,"Apr  9-10, 2021",100,12.89,(0.9),
Kathryn,Pecha,Big Blue Classic,"Apr  9-10, 2021",200,26.62,(0.1),
Kathryn,Pecha,UW-Parkside Triangular,"Feb 19-20, 2021",55,7.44,,
Kathryn,Pecha,UW-Parkside Triangular,"Feb 19-20, 2021",200,27.04,,
Kathryn,Pecha,Panther Tune-Up,"Feb 14, 2021",60,8.11,,
Kathryn,Pecha,Panther Tune-Up,"Feb 14, 2021",60,8.15,,
Kathryn,Pecha,Panther Tune-Up,"Feb 14, 2021",200,26.87,,
Kathryn,Pecha,UW-Parkside Triangular,"Feb  5- 6, 2021",55,7.56,,
Kathryn,Pecha,UW-Parkside Triangular,"Feb  5- 6, 2021",200,27.00,,
Kathryn,Pecha,John Tierney Classic,"Jan 23, 2021",60,8.19,,
Kathryn,Pecha,John Tierney Classic,"Jan 23, 2021",200,27.15,,
Kathryn,Pecha,The Panther Invite,"Jan  9, 2021",60,8.16,,
Kathryn,Pecha,The Panther Invite,"Jan  9, 2021",200,27.52,,
Kathryn,Pecha,Horizon League Indoor Track & Field Championships,"Feb 29-Mar  1, 2020",60,7.96,,
Kathryn,Pecha,Horizon League Indoor Track & Field Championships,"Feb 29-Mar  1, 2020",200,26.70,,
Kathryn,Pecha,Panther Tune-Up,"Feb 22, 2020",60,7.97,,
Kathryn,Pecha,Panther Tune-Up,"Feb 22, 2020",200,27.23,,
Kathryn,Pecha,GVSU Big Meet (Saturday),"Feb 15, 2020",60,8.10,,
Kathryn,Pecha,GVSU Big Meet (Saturday),"Feb 15, 2020",200,27.03,,
Kathryn,Pecha,2020 ONU Invitational,"Feb  1, 2020",60,8.08,,
Kathryn,Pecha,2020 ONU Invitational,"Feb  1, 2020",60,8.10,,
Kathryn,Pecha,2020 ONU Invitational,"Feb  1, 2020",200,27.35,,
Kathryn,Pecha,Illini Invitational,"Jan 24-25, 2020",60,8.09,,
Kathryn,Pecha,John Tierney Classic,"Jan 18, 2020",60,8.07,,
Kathryn,Pecha,John Tierney Classic,"Jan 18, 2020",200,27.67,,
Kathryn,Pecha,Gene Edmonds Memorial,"Jan 10-11, 2020",60,8.20,,
Kathryn,Pecha,Gene Edmonds Memorial,"Jan 10-11, 2020",200,28.03,,
Kathryn,Pecha,Horizon League Outdoor Track & Field Championships,"May  3- 5, 2019",100,12.46,(1.7),
Kathryn,Pecha,Horizon League Outdoor Track & Field Championships,"May  3- 5, 2019",100,12.42,(0.8),
Kathryn,Pecha,Horizon League Outdoor Track & Field Championships,"May  3- 5, 2019",4x100,48.57,,
Kathryn,Pecha,2019 Lenny Lyles-Clark Wood Invitational,"Apr 26-27, 2019",100,12.59,(3.0),
Kathryn,Pecha,2019 Lenny Lyles-Clark Wood Invitational,"Apr 26-27, 2019",200,26.08,(0.8),
Kathryn,Pecha,Kentucky Track & Field Invitational,"Apr 20, 2019",100,12.81,(0.2),
Kathryn,Pecha,Kentucky Track & Field Invitational,"Apr 20, 2019",200,26.70,(0.6),
Kathryn,Pecha,Kentucky Track & Field Invitational,"Apr 20, 2019",4x100,48.85,,
Kathryn,Pecha,Illinois Twilight,"Apr 13, 2019",100,12.70,(2.4),
Kathryn,Pecha,Illinois Twilight,"Apr 13, 2019",200,26.48,(1.8),
Kathryn,Pecha,Illinois Twilight,"Apr 13, 2019",4x100,48.30,,
Kathryn,Pecha,Jack Shaw Classic,"Apr  5, 2019",200,26.61,(0.2),
Kathryn,Pecha,Jack Shaw Classic,"Apr  5, 2019",4x100,48.85,,
Kathryn,Pecha,2019 Drury Hotels Joey Haines Invite,"Mar 29-30, 2019",100,12.81,(3.1),
Kathryn,Pecha,2019 Drury Hotels Joey Haines Invite,"Mar 29-30, 2019",4x100,50.22,,
Kathryn,Pecha,Horizon League Indoor Track & Field Championships,"Feb 23-24, 2019",60,8.05,,
Kathryn,Pecha,Panther TuneUp,"Feb 16, 2019",60,8.02,,
Kathryn,Pecha,GVSU Big Meet (Saturday),"Feb  9, 2019",60,8.02,,
Kathryn,Pecha,GVSU Big Meet (Saturday),"Feb  9, 2019",200,26.88,,
Kathryn,Pecha,2019 Illini Invitational,"Jan 25-26, 2019",60,8.05,,
Kathryn,Pecha,John Tierney Classic,"Jan 19, 2019",60,8.17,,
Kathryn,Pecha,John Tierney Classic,"Jan 19, 2019",200,27.75,,
Kathryn,Pecha,Badger Icebreaker,"Jan 12, 2019",60,8.10,,
Kathryn,Pecha,Badger Icebreaker,"Jan 12, 2019",60,8.12,,
Kathryn,Pecha,Badger Icebreaker,"Jan 12, 2019",300,44.96,,
Kathryn,Pecha,Horizon League Outdoor Track & Field Championships,"May  4- 6, 2018",100,12.61,(2.7),
Kathryn,Pecha,Horizon League Outdoor Track & Field Championships,"May  4- 6, 2018",200,26.48,(2.4),
Kathryn,Pecha,Horizon League Outdoor Track & Field Championships,"May  4- 6, 2018",4x100,48.07,,
Kathryn,Pecha,2018 Lenny Lyles-Clark Wood Invitational,"Apr 27-28, 2018",100,12.72,(3.0),
Kathryn,Pecha,2018 Lenny Lyles-Clark Wood Invitational,"Apr 27-28, 2018",200,26.60,(3.0),
Kathryn,Pecha,DePaul Invitational,"Apr 21, 2018",100,13.17,(0.5),
Kathryn,Pecha,DePaul Invitational,"Apr 21, 2018",200,27.18,(0.8),
Kathryn,Pecha,Gibson Invitational,"Apr  6- 7, 2018",100,13.04,(1.4),
Kathryn,Pecha,2018 EIU Big Blue Classic,"Mar 30-31, 2018",100,13.05,(3.6),
Kathryn,Pecha,2018 EIU Big Blue Classic,"Mar 30-31, 2018",200,28.34,(-2.6),
Kathryn,Pecha,2018 EIU Big Blue Classic,"Mar 30-31, 2018",4x100,51.03,,
Kathryn,Pecha,SIU Bill Cornell Spring Classic,"Mar 23-24, 2018",100,13.23,(1.4),
Kathryn,Pecha,SIU Bill Cornell Spring Classic,"Mar 23-24, 2018",200,27.65,(2.9),
Kathryn,Pecha,Panther TuneUp,"Feb 17, 2018",60,8.33,,
Kathryn,Pecha,Panther TuneUp,"Feb 17, 2018",200,27.71,,
Kathryn,Pecha,GVSU Big Meet- Saturday,"Feb 10, 2018",60,8.33,,
Kathryn,Pecha,GVSU Big Meet- Saturday,"Feb 10, 2018",200,28.07,,
Kathryn,Pecha,UW Parkside Classic,"Feb  3, 2018",55,7.75,,
Kathryn,Pecha,UW Parkside Classic,"Feb  3, 2018",55,7.70,,
Kathryn,Pecha,UW Parkside Classic,"Feb  3, 2018",200,27.88,,
Kathryn,Pecha,2018 Mark Messersmith Invitational,"Jan 27, 2018",60,8.37,,
Kathryn,Pecha,2018 Mark Messersmith Invitational,"Jan 27, 2018",200,28.43,,
Kathryn,Pecha,John Tierney Classic,"Jan 20, 2018",60,8.38,,
Kathryn,Pecha,John Tierney Classic,"Jan 20, 2018",300,45.96,,
Kathryn,Pecha,Karl Schlender Invitational,"Jan 13, 2018",60,8.50,,
Kathryn,Pecha,Karl Schlender Invitational,"Jan 13, 2018",200,28.63,,
Chieme,Udaku,Horizon League Outdoor Track & Field Championships,"May  6- 8, 2022",TJ,11.21m,(+0.0),"36' 9.5"""
Chieme,Udaku,Valparaiso Beacan Invite,"Apr 30, 2022",TJ,11.32m,(3.4),"37' 1.75"""
Chieme,Udaku,Illini Invitational,"Apr 22-23, 2022",TJ,11.91m,(6.9),"39' 1"""
Chieme,Udaku,2022 Warrior Invitational,"Apr 14, 2022",LJ,5.07m,(5.5),"16' 7.75"""
Chieme,Udaku,2022 Warrior Invitational,"Apr 14, 2022",TJ,10.90m,(0.5),"35' 9.25"""
Chieme,Udaku,Redbird Invite,"Apr  1- 2, 2022",TJ,FOUL,,NM
Chieme,Udaku,Horizon League Indoor Track & Field Championships,"Feb 26-27, 2022",TJ,11.40m,,"37' 5"""
Chieme,Udaku,St. Valentines Open,"Feb 18, 2022",TJ,11.27m,,"36' 11.75"""
Chieme,Udaku,2022 Hoosier Hills,"Feb 11, 2022",60,8.02,,
Chieme,Udaku,2022 Hoosier Hills,"Feb 11, 2022",60,7.94,,
Chieme,Udaku,2022 Hoosier Hills,"Feb 11, 2022",TJ,FOUL,,NM
Chieme,Udaku,Red Hawk Invite,"Feb  5, 2022",TJ,11.20m,,"36' 9"""
Chieme,Udaku,John Tierney Classic,"Jan 29, 2022",TJ,FOUL,,NM
Chieme,Udaku,John Gartland Invitational,"Jan 21-22, 2022",60,7.93,,
Chieme,Udaku,Hawkeye Invite,"Jan 14-15, 2022",TJ,11.20m,,"36' 9"""
Chieme,Udaku,Horizon League Outdoor Track & Field Championships,"May  7- 9, 2021",4x100,48.20,,
Chieme,Udaku,Horizon League Outdoor Track & Field Championships,"May  7- 9, 2021",TJ,11.68m,,"38' 4"""
Chieme,Udaku,Valpo Invitational,"May  1, 2021",4x100,48.11,,
Chieme,Udaku,Valpo Invitational,"May  1, 2021",TJ,11.84m,(0.9),"38' 10.25"""
Chieme,Udaku,Gibson Invitational sponsored by the Terre Haute CVB,"Apr 16-17, 2021",4x100,48.47,,
Chieme,Udaku,Big Blue Classic,"Apr  9-10, 2021",100,12.65,(0.9),
Chieme,Udaku,Big Blue Classic,"Apr  9-10, 2021",TJ,NM,,NM
Chieme,Udaku,Illinois State Redbird Invitational,"Apr  2, 2021",TJ,11.56m,,"37' 11.25"""
Chieme,Udaku,Horizon League Indoor Track & Field Championships,"Feb 26-Mar  1, 2021",60,7.81,,
Chieme,Udaku,Horizon League Indoor Track & Field Championships,"Feb 26-Mar  1, 2021",60,7.81,,
Chieme,Udaku,Horizon League Indoor Track & Field Championships,"Feb 26-Mar  1, 2021",TJ,11.61m,,"38' 1.25"""
Chieme,Udaku,Panther Tune-Up,"Feb 14, 2021",60,7.94,,
Chieme,Udaku,Panther Tune-Up,"Feb 14, 2021",60,7.98,,
Chieme,Udaku,Panther Tune-Up,"Feb 14, 2021",TJ,FOUL,,NM
Chieme,Udaku,UW-Parkside Triangular,"Feb  5- 6, 2021",55,7.34,,
Chieme,Udaku,UW-Parkside Triangular,"Feb  5- 6, 2021",TJ,10.92m,,"35' 10"""
Chieme,Udaku,John Tierney Classic,"Jan 23, 2021",60,7.90,,
Chieme,Udaku,John Tierney Classic,"Jan 23, 2021",TJ,12.09m,,"39' 8"""
Chieme,Udaku,The Panther Invite,"Jan  9, 2021",TJ,11.71m,,"38' 5"""
Chieme,Udaku,Horizon League Indoor Track & Field Championships,"Feb 29-Mar  1, 2020",TJ,11.51m,,"37' 9.25"""
Chieme,Udaku,GVSU Big Meet Invite (Friday),"Feb 14, 2020",TJ,11.36m,,"37' 3.25"""
Chieme,Udaku,2020 Meyo Invitational,"Feb  7- 8, 2020",TJ,NM,,NM
Chieme,Udaku,Illini Invitational,"Jan 24-25, 2020",LJ,5.04m,,"16' 6.5"""
Chieme,Udaku,Illini Invitational,"Jan 24-25, 2020",TJ,11.13m,,"36' 6.25"""
Chieme,Udaku,John Tierney Classic,"Jan 18, 2020",TJ,11.31m,,"37' 1.25"""
Chieme,Udaku,Gene Edmonds Memorial,"Jan 10-11, 2020",TJ,11.19m,,"36' 8.5"""
Ashlyn,Uebersetzig,John Tierney Classic,"Jan 29, 2022",200,27.84,,
Ashlyn,Uebersetzig,John Tierney Classic,"Jan 29, 2022",4x400,4:23.18,,
Ashlyn,Uebersetzig,Hawkeye Invite,"Jan 14-15, 2022",200,27.79,,
Ashlyn,Uebersetzig,Hawkeye Invite,"Jan 14-15, 2022",400,1:04.17,,
Devin,Wagner,Illini Invitational,"Apr 22-23, 2022",TJ,10.42m,(7.8),"34' 2.25"""
Devin,Wagner,2022 Warrior Invitational,"Apr 14, 2022",LJ,4.85m,(3.9),"15' 11"""
Devin,Wagner,Redbird Invite,"Apr  1- 2, 2022",TJ,FOUL,,NM
Devin,Wagner,St. Valentines Open,"Feb 18, 2022",LJ,4.98m,,"16' 4.25"""
Devin,Wagner,St. Valentines Open,"Feb 18, 2022",TJ,FOUL,,NM
Devin,Wagner,Red Hawk Invite,"Feb  5, 2022",LJ,4.81m,,"15' 9.5"""
Devin,Wagner,Red Hawk Invite,"Feb  5, 2022",TJ,10.07m,,"33' 0.5"""
Devin,Wagner,John Tierney Classic,"Jan 29, 2022",LJ,4.88m,,"16' 0.25"""
Devin,Wagner,John Tierney Classic,"Jan 29, 2022",TJ,10.64m,,"34' 11"""
Devin,Wagner,Horizon League Indoor Track & Field Championships,"Feb 29-Mar  1, 2020",LJ,5.09m,,"16' 8.5"""
Devin,Wagner,Horizon League Indoor Track & Field Championships,"Feb 29-Mar  1, 2020",TJ,10.45m,,"34' 3.5"""
Devin,Wagner,Panther Tune-Up,"Feb 22, 2020",LJ,5.00m,,"16' 5"""
Devin,Wagner,GVSU Big Meet (Saturday),"Feb 15, 2020",LJ,4.94m,,"16' 2.5"""
Devin,Wagner,GVSU Big Meet (Saturday),"Feb 15, 2020",TJ,10.14m,,"33' 3.25"""
Devin,Wagner,2020 ONU Invitational,"Feb  1, 2020",LJ,5.16m,,"16' 11.25"""
Devin,Wagner,2020 ONU Invitational,"Feb  1, 2020",TJ,9.88m,,"32' 5"""
Devin,Wagner,John Tierney Classic,"Jan 18, 2020",LJ,5.03m,,"16' 6"""
Devin,Wagner,Gene Edmonds Memorial,"Jan 10-11, 2020",LJ,4.85m,,"15' 11"""
Devin,Wagner,Gene Edmonds Memorial,"Jan 10-11, 2020",TJ,9.45m,,"31' 0"""
Kyra,Arendt,Horizon League Outdoor Track & Field Championships,"May  7- 9, 2021",LJ,5.59m,(1.8),"18' 4.25"""
Kyra,Arendt,Horizon League Outdoor Track & Field Championships,"May  7- 9, 2021",TJ,12.10m,,"39' 8.5"""
Kyra,Arendt,Valpo Invitational,"May  1, 2021",LJ,4.90m,(0.9),"16' 1"""
Kyra,Arendt,Valpo Invitational,"May  1, 2021",TJ,12.01m,(2.8),"39' 5"""
Kyra,Arendt,Horizon League Indoor Track & Field Championships,"Feb 26-Mar  1, 2021",TJ,11.95m,,"39' 2.5"""
Kyra,Arendt,The Panther Invite,"Jan  9, 2021",LJ,5.43m,,"17' 9.75"""
Kyra,Arendt,The Panther Invite,"Jan  9, 2021",TJ,FOUL,,NM
Kyra,Arendt,Horizon League Indoor Track & Field Championships,"Feb 29-Mar  1, 2020",LJ,5.84m,,"19' 2"""
Kyra,Arendt,Horizon League Indoor Track & Field Championships,"Feb 29-Mar  1, 2020",TJ,12.31m,,"40' 4.75"""
Kyra,Arendt,Panther Tune-Up,"Feb 22, 2020",LJ,5.82m,,"19' 1.25"""
Kyra,Arendt,Panther Tune-Up,"Feb 22, 2020",TJ,12.50m,,"41' 0.25"""
Kyra,Arendt,GVSU Big Meet (Saturday),"Feb 15, 2020",LJ,5.26m,,"17' 3.25"""
Kyra,Arendt,GVSU Big Meet Invite (Friday),"Feb 14, 2020",TJ,12.29m,,"40' 4"""
Kyra,Arendt,2020 Meyo Invitational,"Feb  7- 8, 2020",TJ,12.42m,(+0.0),"40' 9"""
Kyra,Arendt,2020 ONU Invitational,"Feb  1, 2020",LJ,5.69m,,"18' 8"""
Kyra,Arendt,Illini Invitational,"Jan 24-25, 2020",TJ,11.75m,,"38' 6.75"""
Kyra,Arendt,John Tierney Classic,"Jan 18, 2020",LJ,5.69m,,"18' 8"""
Kyra,Arendt,John Tierney Classic,"Jan 18, 2020",TJ,12.21m,,"40' 0.75"""
Kyra,Arendt,Gene Edmonds Memorial,"Jan 10-11, 2020",LJ,5.24m,,"17' 2.25"""
Kyra,Arendt,Gene Edmonds Memorial,"Jan 10-11, 2020",TJ,11.69m,,"38' 4.25"""
Kyra,Arendt,Eagle Open at UW-La Crosse,"May 10, 2019",TJ,12.36m,(2.2),"40' 6.75"""
Kyra,Arendt,Horizon League Outdoor Track & Field Championships,"May  3- 5, 2019",4x100,48.57,,
Kyra,Arendt,Horizon League Outdoor Track & Field Championships,"May  3- 5, 2019",LJ,5.43m,(2.0),"17' 9.75"""
Kyra,Arendt,Horizon League Outdoor Track & Field Championships,"May  3- 5, 2019",TJ,12.08m,(1.9),"39' 7.75"""
Kyra,Arendt,2019 Lenny Lyles-Clark Wood Invitational,"Apr 26-27, 2019",LJ,5.82m,(2.8),"19' 1.25"""
Kyra,Arendt,2019 Lenny Lyles-Clark Wood Invitational,"Apr 26-27, 2019",TJ,12.20m,(1.0),"40' 0.5"""
Kyra,Arendt,Kentucky Track & Field Invitational,"Apr 20, 2019",4x100,48.85,,
Kyra,Arendt,Kentucky Track & Field Invitational,"Apr 20, 2019",TJ,11.97m,(0.4),"39' 3.25"""
Kyra,Arendt,Illinois Twilight,"Apr 13, 2019",4x100,48.30,,
Kyra,Arendt,Illinois Twilight,"Apr 13, 2019",TJ,12.15m,(1.4),"39' 10.5"""
Kyra,Arendt,Jack Shaw Classic,"Apr  5, 2019",4x100,48.85,,
Kyra,Arendt,Jack Shaw Classic,"Apr  5, 2019",LJ,5.35m,(0.2),"17' 6.75"""
Kyra,Arendt,Jack Shaw Classic,"Apr  5, 2019",TJ,11.60m,(0.7),"38' 0.75"""
Kyra,Arendt,2019 Drury Hotels Joey Haines Invite,"Mar 29-30, 2019",4x100,50.22,,
Kyra,Arendt,2019 Drury Hotels Joey Haines Invite,"Mar 29-30, 2019",LJ,5.06m,(2.4),"16' 7.25"""
Kyra,Arendt,Horizon League Indoor Track & Field Championships,"Feb 23-24, 2019",LJ,5.59m,,"18' 4.25"""
Kyra,Arendt,Horizon League Indoor Track & Field Championships,"Feb 23-24, 2019",TJ,12.26m,,"40' 2.75"""
Kyra,Arendt,GVSU Big Meet (Friday),"Feb  8, 2019",LJ,5.38m,,"17' 8"""
Kyra,Arendt,GVSU Big Meet (Friday),"Feb  8, 2019",TJ,12.19m,,"40' 0"""
Kyra,Arendt,2019 Meyo Invitational,"Feb  1- 2, 2019",LJ,NM,,NM
Kyra,Arendt,2019 Meyo Invitational,"Feb  1- 2, 2019",TJ,12.22m,(+0.0),"40' 1.25"""
Kyra,Arendt,John Tierney Classic,"Jan 19, 2019",60,8.15,,
Kyra,Arendt,John Tierney Classic,"Jan 19, 2019",TJ,12.29m,,"40' 4"""
Kyra,Arendt,Badger Icebreaker,"Jan 12, 2019",LJ,5.48m,,"17' 11.75"""
Kyra,Arendt,Badger Icebreaker,"Jan 12, 2019",TJ,12.10m,,"39' 8.5"""
Kyra,Arendt,Eagle Open at UW-La Crosse,"May 13, 2018",TJ,12.15m,(1.7),"39' 10.5"""
Kyra,Arendt,Horizon League Outdoor Track & Field Championships,"May  4- 6, 2018",4x100,48.07,,
Kyra,Arendt,Horizon League Outdoor Track & Field Championships,"May  4- 6, 2018",LJ,5.61m,(2.0),"18' 5"""
Kyra,Arendt,Horizon League Outdoor Track & Field Championships,"May  4- 6, 2018",TJ,12.11m,(+0.0),"39' 8.75"""
Kyra,Arendt,2018 Lenny Lyles-Clark Wood Invitational,"Apr 27-28, 2018",LJ,5.28m,(1.4),"17' 4"""
Kyra,Arendt,2018 Lenny Lyles-Clark Wood Invitational,"Apr 27-28, 2018",TJ,12.25m,(0.9),"40' 2.25"""
Kyra,Arendt,Beach Invitational,"Apr 20-21, 2018",TJ,12.23m,(1.1),"40' 1.5"""
Kyra,Arendt,Bryan Clay Invitational,"Apr 19-20, 2018",TJ,12.16m,(+0.0),"39' 10.75"""
Kyra,Arendt,Benedictine Relays and Invitational,"Apr 13-14, 2018",100,12.93,(3.2),
Kyra,Arendt,Benedictine Relays and Invitational,"Apr 13-14, 2018",LJ,5.27m,(4.1),"17' 3.5"""
Kyra,Arendt,Gibson Invitational,"Apr  6- 7, 2018",200,26.57,(1.5),
Kyra,Arendt,Gibson Invitational,"Apr  6- 7, 2018",TJ,12.01m,(1.1),"39' 5"""
Kyra,Arendt,2018 EIU Big Blue Classic,"Mar 30-31, 2018",4x100,51.03,,
Kyra,Arendt,2018 EIU Big Blue Classic,"Mar 30-31, 2018",LJ,5.48m,(1.7),"17' 11.75"""
Kyra,Arendt,2018 EIU Big Blue Classic,"Mar 30-31, 2018",TJ,12.08m,(3.6),"39' 7.75"""
Kyra,Arendt,SIU Bill Cornell Spring Classic,"Mar 23-24, 2018",200,DNS,(2.5),
Kyra,Arendt,SIU Bill Cornell Spring Classic,"Mar 23-24, 2018",TJ,11.54m,(2.6),"37' 10.5"""
Kyra,Arendt,Horizon League Indoor Track & Field Championships,"Feb 23-24, 2018",LJ,5.67m,,"18' 7.25"""
Kyra,Arendt,Horizon League Indoor Track & Field Championships,"Feb 23-24, 2018",TJ,11.83m,,"38' 9.75"""
Kyra,Arendt,Panther TuneUp,"Feb 17, 2018",LJ,5.52m,,"18' 1.5"""
Kyra,Arendt,Panther TuneUp,"Feb 17, 2018",TJ,11.97m,,"39' 3.25"""
Kyra,Arendt,GVSU Big Meet- Saturday,"Feb 10, 2018",200,26.49,,
Kyra,Arendt,GVSU Big Meet- Saturday,"Feb 10, 2018",LJ,5.31m,,"17' 5.25"""
Kyra,Arendt,GVSU Big Meet- Friday,"Feb  9, 2018",TJ,11.80m,,"38' 8.75"""
Kyra,Arendt,2018 Meyo Invitational,"Feb  2- 3, 2018",LJ,5.41m,,"17' 9"""
Kyra,Arendt,2018 Meyo Invitational,"Feb  2- 3, 2018",TJ,11.92m,,"39' 1.25"""
Kyra,Arendt,2018 Mark Messersmith Invitational,"Jan 27, 2018",200,27.04,,
Kyra,Arendt,2018 Mark Messersmith Invitational,"Jan 27, 2018",TJ,11.56m,,"37' 11.25"""
Kyra,Arendt,John Tierney Classic,"Jan 20, 2018",60,8.26,,
Kyra,Arendt,John Tierney Classic,"Jan 20, 2018",LJ,5.34m,,"17' 6.25"""
Kyra,Arendt,John Tierney Classic,"Jan 20, 2018",TJ,12.15m,,"39' 10.5"""
Kyra,Arendt,Karl Schlender Invitational,"Jan 13, 2018",200,27.10,,
Kyra,Arendt,Karl Schlender Invitational,"Jan 13, 2018",TJ,11.56m,,"37' 11.25"""
Jasmine,Bickerstaff,Valpo Invitational,"May  1, 2021",100H,15.33,(2.0),
Jasmine,Bickerstaff,2021 Green & White Invite,"Apr 24, 2021",100H,15.33,(1.4),
Jasmine,Bickerstaff,2021 Warrior Invitational,"Apr 17, 2021",100H,15.76,(1.9),
Jasmine,Bickerstaff,Illinois State Redbird Invitational,"Apr  2, 2021",100H,27.51,(3.2),
Jasmine,Bickerstaff,Horizon League Indoor Track & Field Championships,"Feb 29-Mar  1, 2020",60H,9.15,,
Jasmine,Bickerstaff,Horizon League Indoor Track & Field Championships,"Feb 29-Mar  1, 2020",60H,9.03,,
Jasmine,Bickerstaff,Panther Tune-Up,"Feb 22, 2020",60H,9.20,,
Jasmine,Bickerstaff,GVSU Big Meet (Saturday),"Feb 15, 2020",60H,9.23,,
Jasmine,Bickerstaff,2020 Meyo Invitational,"Feb  7- 8, 2020",60H,9.23,,
Jasmine,Bickerstaff,2020 ONU Invitational,"Feb  1, 2020",60H,9.37,,
Jasmine,Bickerstaff,2020 ONU Invitational,"Feb  1, 2020",60H,9.66,,
Jasmine,Bickerstaff,Illini Invitational,"Jan 24-25, 2020",60H,9.62,,
Jasmine,Bickerstaff,John Tierney Classic,"Jan 18, 2020",60H,9.15,,
Jasmine,Bickerstaff,Gene Edmonds Memorial,"Jan 10-11, 2020",60H,9.52,,
Jasmine,Bickerstaff,Horizon League Outdoor Track & Field Championships,"May  3- 5, 2019",100H,DQ,(-0.2),
Jasmine,Bickerstaff,Horizon League Outdoor Track & Field Championships,"May  3- 5, 2019",4x100,48.57,,
Jasmine,Bickerstaff,2019 Lenny Lyles-Clark Wood Invitational,"Apr 26-27, 2019",100H,15.85,(1.1),
Jasmine,Bickerstaff,Kentucky Track & Field Invitational,"Apr 20, 2019",100H,DQ,(0.1),
Jasmine,Bickerstaff,Kentucky Track & Field Invitational,"Apr 20, 2019",4x100,48.85,,
Jasmine,Bickerstaff,Illinois Twilight,"Apr 13, 2019",100H,14.95,(1.2),
Jasmine,Bickerstaff,Illinois Twilight,"Apr 13, 2019",4x100,48.30,,
Jasmine,Bickerstaff,Jack Shaw Classic,"Apr  5, 2019",100H,15.52,(0.8),
Jasmine,Bickerstaff,Jack Shaw Classic,"Apr  5, 2019",4x100,48.85,,
Jasmine,Bickerstaff,2019 Drury Hotels Joey Haines Invite,"Mar 29-30, 2019",100H,15.81,(2.8),
Jasmine,Bickerstaff,2019 Drury Hotels Joey Haines Invite,"Mar 29-30, 2019",4x100,50.22,,
Jasmine,Bickerstaff,Horizon League Indoor Track & Field Championships,"Feb 23-24, 2019",60H,8.89,,
Jasmine,Bickerstaff,Horizon League Indoor Track & Field Championships,"Feb 23-24, 2019",60H,8.97,,
Jasmine,Bickerstaff,GVSU Big Meet (Saturday),"Feb  9, 2019",60H,9.27,,
Jasmine,Bickerstaff,GVSU Big Meet (Friday),"Feb  8, 2019",60H,9.13,,
Jasmine,Bickerstaff,2019 Meyo Invitational,"Feb  1- 2, 2019",60H,9.20,,
Jasmine,Bickerstaff,John Tierney Classic,"Jan 19, 2019",60,8.14,,
Jasmine,Bickerstaff,John Tierney Classic,"Jan 19, 2019",60H,8.99,,
Jasmine,Bickerstaff,Badger Icebreaker,"Jan 12, 2019",60H,9.11,,
Jasmine,Bickerstaff,Badger Icebreaker,"Jan 12, 2019",60H,9.09,,
Jasmine,Bickerstaff,Horizon League Outdoor Track & Field Championships,"May  4- 6, 2018",100H,15.75,(1.3),
Jasmine,Bickerstaff,Horizon League Outdoor Track & Field Championships,"May  4- 6, 2018",100H,15.51,(2.6),
Jasmine,Bickerstaff,2018 Lenny Lyles-Clark Wood Invitational,"Apr 27-28, 2018",100,13.16,(1.6),
Jasmine,Bickerstaff,2018 Lenny Lyles-Clark Wood Invitational,"Apr 27-28, 2018",100H,15.11,(2.0),
Jasmine,Bickerstaff,DePaul Invitational,"Apr 21, 2018",100,13.44,(0.5),
Jasmine,Bickerstaff,DePaul Invitational,"Apr 21, 2018",100H,15.53,(1.1),
Jasmine,Bickerstaff,Gibson Invitational,"Apr  6- 7, 2018",100H,14.89,(3.4),
Jasmine,Bickerstaff,2018 EIU Big Blue Classic,"Mar 30-31, 2018",100H,DNF,(2.9),
Jasmine,Bickerstaff,2018 EIU Big Blue Classic,"Mar 30-31, 2018",100H,15.29,(4.7),
Jasmine,Bickerstaff,Horizon League Indoor Track & Field Championships,"Feb 23-24, 2018",60H,DQ,,
Jasmine,Bickerstaff,Horizon League Indoor Track & Field Championships,"Feb 23-24, 2018",60H,9.00,,
Jasmine,Bickerstaff,Panther TuneUp,"Feb 17, 2018",60H,9.09,,
Jasmine,Bickerstaff,GVSU Big Meet- Saturday,"Feb 10, 2018",60H,9.19,,
Jasmine,Bickerstaff,GVSU Big Meet- Saturday,"Feb 10, 2018",60H,9.22,,
Jasmine,Bickerstaff,2018 Mark Messersmith Invitational,"Jan 27, 2018",60,8.46,,
Jasmine,Bickerstaff,2018 Mark Messersmith Invitational,"Jan 27, 2018",60H,9.35,,
Jasmine,Bickerstaff,John Tierney Classic,"Jan 20, 2018",60,8.37,,
Jasmine,Bickerstaff,John Tierney Classic,"Jan 20, 2018",60H,9.27,,
Jasmine,Bickerstaff,Karl Schlender Invitational,"Jan 13, 2018",60,8.38,,
Jasmine,Bickerstaff,Karl Schlender Invitational,"Jan 13, 2018",60,8.48,,
Jasmine,Bickerstaff,Karl Schlender Invitational,"Jan 13, 2018",60H,9.43,,
Jasmine,Bickerstaff,Karl Schlender Invitational,"Jan 13, 2018",60H,9.59,,
Jasmine,Bickerstaff,Horizon League Outdoor Track & Field Championships,"May  5- 7, 2017",100,13.18,(2.2),
Jasmine,Bickerstaff,Horizon League Outdoor Track & Field Championships,"May  5- 7, 2017",100H,15.31,(2.9),
Jasmine,Bickerstaff,2017 Kip Janvrin Open,"Apr 27-28, 2017",100H,16.09,(0.8),
Jasmine,Bickerstaff,2017 Drake Relays presented by Hy-Vee,"Apr 26-29, 2017",SHR (400),1:05.84,,
Jasmine,Bickerstaff,Pacesetter Sports Invitational,"Apr 21-22, 2017",100H,15.28,(3.2),
Jasmine,Bickerstaff,Benedictine Eagle Relays 2017,"Apr 14-15, 2017",100,12.67,(7.0),
Jasmine,Bickerstaff,Benedictine Eagle Relays 2017,"Apr 14-15, 2017",100H,15.40,(1.8),
Jasmine,Bickerstaff,EIU Big Blue Classic 2017,"Mar 31-Apr  1, 2017",100H,19.96,(1.7),
Jasmine,Bickerstaff,Gene and Rose Edmonds Invitational,"Mar 25, 2017",100,13.29,(2.3),
Jasmine,Bickerstaff,Gene and Rose Edmonds Invitational,"Mar 25, 2017",100H,16.11,(2.6),
Jasmine,Bickerstaff,Horizon League Indoor Track & Field Championships,"Feb 25-26, 2017",60H,9.23,,
Jasmine,Bickerstaff,Panther TuneUp,"Feb 18, 2017",60,8.25,,
Jasmine,Bickerstaff,Panther TuneUp,"Feb 18, 2017",60H,DNF,,
Jasmine,Bickerstaff,GVSU Big Meet (Saturday),"Feb 11, 2017",60H,9.71,,
Jasmine,Bickerstaff,UW Parkside Classic,"Feb  4, 2017",55H,8.64,,
Jasmine,Bickerstaff,UW Parkside Classic,"Feb  4, 2017",55H,9.11,,
Jasmine,Bickerstaff,2017 Mark Messersmith Invitational,"Jan 28, 2017",60,8.34,,
Jasmine,Bickerstaff,2017 Mark Messersmith Invitational,"Jan 28, 2017",60H,9.32,,
Jasmine,Bickerstaff,John Tierney Classic,"Jan 21, 2017",60,8.27,,
Jasmine,Bickerstaff,John Tierney Classic,"Jan 21, 2017",60H,9.35,,
Jasmine,Bickerstaff,Karl Schlender Invitational,"Jan 14, 2017",200,29.18,,
Jasmine,Bickerstaff,Karl Schlender Invitational,"Jan 14, 2017",60H,9.55,,
Jasmine,Bickerstaff,Karl Schlender Invitational,"Jan 14, 2017",60H,9.36,,
Mya,Garel-Moore,Horizon League Outdoor Track & Field Championships,"May  7- 9, 2021",HJ,NH,,NH
Mya,Garel-Moore,Valpo Invitational,"May  1, 2021",HJ,1.55m,,"5' 1"""
Mya,Garel-Moore,Clark Wood Invitational,"Apr 23-24, 2021",HJ,1.56m,,"5' 1.25"""
Mya,Garel-Moore,Gibson Invitational sponsored by the Terre Haute CVB,"Apr 16-17, 2021",HJ,1.50m,,"4' 11"""
Mya,Garel-Moore,Big Blue Classic,"Apr  9-10, 2021",HJ,1.60m,,"5' 3"""
Mya,Garel-Moore,Illinois State Redbird Invitational,"Apr  2, 2021",HJ,1.57m,,"5' 1.75"""
Mya,Garel-Moore,Horizon League Indoor Track & Field Championships,"Feb 26-Mar  1, 2021",HJ,1.55m,,"5' 1"""
Mya,Garel-Moore,UW-Parkside Triangular,"Feb 19-20, 2021",HJ,1.50m,,"4' 11"""
Mya,Garel-Moore,Panther Tune-Up,"Feb 14, 2021",HJ,1.53m,,"5' 0.25"""
Mya,Garel-Moore,UW-Parkside Triangular,"Feb  5- 6, 2021",HJ,1.60m,,"5' 3"""
Mya,Garel-Moore,John Tierney Classic,"Jan 23, 2021",HJ,1.58m,,"5' 2.25"""
Mya,Garel-Moore,Horizon League Indoor Track & Field Championships,"Feb 29-Mar  1, 2020",HJ,1.56m,,"5' 1.25"""
Mya,Garel-Moore,Panther Tune-Up,"Feb 22, 2020",HJ,1.50m,,"4' 11"""
Mya,Garel-Moore,GVSU Big Meet (Saturday),"Feb 15, 2020",HJ,1.49m,,"4' 10.5"""
Mya,Garel-Moore,2020 ONU Invitational,"Feb  1, 2020",HJ,1.55m,,"5' 1"""
Mya,Garel-Moore,John Tierney Classic,"Jan 18, 2020",HJ,1.57m,,"5' 1.75"""
Mya,Garel-Moore,Gene Edmonds Memorial,"Jan 10-11, 2020",HJ,NH,,NH
Alyssa,Goesch,Horizon League Outdoor Track & Field Championships,"May  7- 9, 2021",400,1:01.33,,
Alyssa,Goesch,Horizon League Outdoor Track & Field Championships,"May  7- 9, 2021",4x400,3:59.43,,
Alyssa,Goesch,Valpo Invitational,"May  1, 2021",400,59.60,,
Alyssa,Goesch,Clark Wood Invitational,"Apr 23-24, 2021",400,1:01.04,,
Alyssa,Goesch,Gibson Invitational sponsored by the Terre Haute CVB,"Apr 16-17, 2021",400,1:00.55,,
Alyssa,Goesch,Gibson Invitational sponsored by the Terre Haute CVB,"Apr 16-17, 2021",4x400,4:09.93,,
Alyssa,Goesch,Big Blue Classic,"Apr  9-10, 2021",4x400,4:18.67,,
Alyssa,Goesch,UW-Parkside Triangular,"Feb 19-20, 2021",400,1:02.14,,
Alyssa,Goesch,Panther Tune-Up,"Feb 14, 2021",400,1:02.42,,
Alyssa,Goesch,Panther Tune-Up,"Feb 14, 2021",4x400,DNF,,
Alyssa,Goesch,UW-Parkside Triangular,"Feb  5- 6, 2021",200,27.61,,
Alyssa,Goesch,UW-Parkside Triangular,"Feb  5- 6, 2021",4x400,4:18.43,,
Alyssa,Goesch,Horizon League Indoor Track & Field Championships,"Feb 29-Mar  1, 2020",400,1:00.66,,
Alyssa,Goesch,Horizon League Indoor Track & Field Championships,"Feb 29-Mar  1, 2020",4x400,3:56.97,,
Alyssa,Goesch,Panther Tune-Up,"Feb 22, 2020",200,26.88,,
Alyssa,Goesch,Panther Tune-Up,"Feb 22, 2020",4x400,DNF,,
Alyssa,Goesch,GVSU Big Meet (Saturday),"Feb 15, 2020",400,1:00.22,,
Alyssa,Goesch,2020 ONU Invitational,"Feb  1, 2020",200,27.70,,
Alyssa,Goesch,2020 ONU Invitational,"Feb  1, 2020",400,1:01.92,,
Alyssa,Goesch,Illini Invitational,"Jan 24-25, 2020",400,1:03.13,,
Alyssa,Goesch,John Tierney Classic,"Jan 18, 2020",400,1:02.17,,
Alyssa,Goesch,John Tierney Classic,"Jan 18, 2020",4x400,4:11.79,,
Alyssa,Goesch,Gene Edmonds Memorial,"Jan 10-11, 2020",200,27.82,,
Alyssa,Goesch,Gene Edmonds Memorial,"Jan 10-11, 2020",4x400,4:08.37,,
Alyssa,Goesch,Horizon League Outdoor Track & Field Championships,"May  3- 5, 2019",400,DQ,,
Alyssa,Goesch,Horizon League Outdoor Track & Field Championships,"May  3- 5, 2019",4x400,3:58.20,,
Alyssa,Goesch,2019 Lenny Lyles-Clark Wood Invitational,"Apr 26-27, 2019",800,2:23.62,,
Alyssa,Goesch,2019 Lenny Lyles-Clark Wood Invitational,"Apr 26-27, 2019",4x400,4:00.79,,
Alyssa,Goesch,Marquette Mid-Week Challenge,"Apr 24, 2019",400,1:01.17,,
Alyssa,Goesch,Illinois Twilight,"Apr 13, 2019",800,2:22.47,,
Alyssa,Goesch,Jack Shaw Classic,"Apr  5, 2019",800,2:24.94,,
Alyssa,Goesch,Jack Shaw Classic,"Apr  5, 2019",4x400,4:07.69,,
Alyssa,Goesch,Horizon League Indoor Track & Field Championships,"Feb 23-24, 2019",800,2:22.53,,
Alyssa,Goesch,Horizon League Indoor Track & Field Championships,"Feb 23-24, 2019",4x400,3:57.48,,
Alyssa,Goesch,Horizon League Indoor Track & Field Championships,"Feb 23-24, 2019",DMR,12:32.00,,
Alyssa,Goesch,GVSU Big Meet (Saturday),"Feb  9, 2019",800,2:20.68,,
Alyssa,Goesch,2019 Illini Invitational,"Jan 25-26, 2019",800,2:22.35,,
Alyssa,Goesch,John Tierney Classic,"Jan 19, 2019",800,2:20.10,,
Alyssa,Goesch,Badger Icebreaker,"Jan 12, 2019",600,1:41.60,,
Alyssa,Goesch,UW-Whitewater Drake Alternative,"Apr 28, 2018",800,2:24.94,,
Alyssa,Goesch,DePaul Invitational,"Apr 21, 2018",800,2:24.91,,
Alyssa,Goesch,Benedictine Relays and Invitational,"Apr 13-14, 2018",4x800,9:27.61,,
Alyssa,Goesch,Gibson Invitational,"Apr  6- 7, 2018",800,2:27.20,,
Alyssa,Goesch,2018 EIU Big Blue Classic,"Mar 30-31, 2018",800,2:30.26,,
Alyssa,Goesch,2018 EIU Big Blue Classic,"Mar 30-31, 2018",4x800,9:26.45,,
Alyssa,Goesch,SIU Bill Cornell Spring Classic,"Mar 23-24, 2018",800,DNS,,
Alyssa,Goesch,Horizon League Indoor Track & Field Championships,"Feb 23-24, 2018",800,2:23.13,,
Alyssa,Goesch,Horizon League Indoor Track & Field Championships,"Feb 23-24, 2018",DMR,12:35.60,,
Alyssa,Goesch,Panther TuneUp,"Feb 17, 2018",800,2:20.13,,
Alyssa,Goesch,GVSU Big Meet- Saturday,"Feb 10, 2018",800,2:25.61,,
Alyssa,Goesch,UW Parkside Classic,"Feb  3, 2018",800,2:25.24,,
Alyssa,Goesch,Warhawk Classic Invitational & Multi-Event,"Jan 26-27, 2018",DMR,12:57.62,,
Alyssa,Goesch,John Tierney Classic,"Jan 20, 2018",600,1:42.79,,
Alyssa,Goesch,John Tierney Classic,"Jan 20, 2018",4x400,4:18.42,,
Alyssa,Goesch,Bradley Pink Classic,"Oct 13, 2017",4.97M,28:23.5,,
Alyssa,Goesch,Wisconsin Green Bay vs Wisconsin Milwaukee,"Sep 15, 2017",3M,19:56.1,,
Alyssa,Goesch,Western Illinois vs Wisconsin Milwaukee,"Sep 15, 2017",3M,19:56.1,,
Alyssa,Goesch,Eastern Illinois vs Wisconsin Milwaukee,"Sep 15, 2017",3M,19:56.1,,
Alyssa,Goesch,Chicago State vs Wisconsin Milwaukee,"Sep 15, 2017",3M,19:56.1,,
Alyssa,Goesch,Bradley vs Wisconsin Milwaukee,"Sep 15, 2017",3M,19:56.1,,
Alyssa,Goesch,Bradley Intercollegiate,"Sep 15, 2017",3M,19:56.1,,
Abbey,Hoh,Horizon League Outdoor Track & Field Championships,"May  7- 9, 2021",HJ,1.49m,,"4' 10.5"""
Abbey,Hoh,Valpo Invitational,"May  1, 2021",HJ,1.55m,,"5' 1"""
Abbey,Hoh,2021 Green & White Invite,"Apr 24, 2021",HJ,1.50m,,"4' 11"""
Abbey,Hoh,UW-Parkside Triangular,"Feb 19-20, 2021",HJ,1.45m,,"4' 9"""
Abbey,Hoh,Panther Tune-Up,"Feb 14, 2021",HJ,1.48m,,"4' 10.25"""
Abbey,Hoh,UW-Parkside Triangular,"Feb  5- 6, 2021",HJ,1.40m,,"4' 7"""
Abbey,Hoh,John Tierney Classic,"Jan 23, 2021",HJ,1.48m,,"4' 10.25"""
Abbey,Hoh,Horizon League Indoor Track & Field Championships,"Feb 29-Mar  1, 2020",HJ,1.51m,,"4' 11.5"""
Abbey,Hoh,Panther Tune-Up,"Feb 22, 2020",HJ,1.50m,,"4' 11"""
Abbey,Hoh,GVSU Big Meet (Saturday),"Feb 15, 2020",HJ,NH,,NH
Abbey,Hoh,2020 ONU Invitational,"Feb  1, 2020",HJ,1.50m,,"4' 11"""
Abbey,Hoh,John Tierney Classic,"Jan 18, 2020",HJ,1.42m,,"4' 7.75"""
Abbey,Hoh,Marquette Mid-Week Challenge,"Apr 24, 2019",HJ,NH,,NH
Abbey,Hoh,Illinois Twilight,"Apr 13, 2019",HJ,NH,,NH
Abbey,Hoh,Jack Shaw Classic,"Apr  5, 2019",HJ,1.43m,,"4' 8.25"""
Abbey,Hoh,2019 Drury Hotels Joey Haines Invite,"Mar 29-30, 2019",HJ,NH,,NH
Abbey,Hoh,Panther TuneUp,"Feb 16, 2019",HJ,1.48m,,"4' 10.25"""
Abbey,Hoh,GVSU Big Meet (Saturday),"Feb  9, 2019",HJ,NH,,NH
Abbey,Hoh,2019 Illini Invitational,"Jan 25-26, 2019",HJ,NH,,NH
Abbey,Hoh,John Tierney Classic,"Jan 19, 2019",HJ,1.42m,,"4' 7.75"""
Abbey,Hoh,Panther TuneUp,"Feb 17, 2018",HJ,1.48m,,"4' 10.25"""
Abbey,Hoh,GVSU Big Meet- Saturday,"Feb 10, 2018",HJ,1.48m,,"4' 10.25"""
Abbey,Hoh,2018 Mark Messersmith Invitational,"Jan 27, 2018",HJ,1.45m,,"4' 9"""
Abbey,Hoh,John Tierney Classic,"Jan 20, 2018",HJ,1.55m,,"5' 1"""
Abbey,Hoh,Karl Schlender Invitational,"Jan 13, 2018",HJ,1.55m,,"5' 1"""
Maddie,Martin,Horizon League Outdoor Track & Field Championships,"May  7- 9, 2021",400,59.84,,
Maddie,Martin,Horizon League Outdoor Track & Field Championships,"May  7- 9, 2021",4x100,48.20,,
Maddie,Martin,Horizon League Outdoor Track & Field Championships,"May  7- 9, 2021",4x400,3:59.43,,
Maddie,Martin,Valpo Invitational,"May  1, 2021",400,59.58,,
Maddie,Martin,Valpo Invitational,"May  1, 2021",4x100,48.11,,
Maddie,Martin,Clark Wood Invitational,"Apr 23-24, 2021",200,25.38,(2.8),
Maddie,Martin,Clark Wood Invitational,"Apr 23-24, 2021",400,1:01.01,,
Maddie,Martin,Gibson Invitational sponsored by the Terre Haute CVB,"Apr 16-17, 2021",200,25.92,(0.5),
Maddie,Martin,Gibson Invitational sponsored by the Terre Haute CVB,"Apr 16-17, 2021",400,1:00.84,,
Maddie,Martin,Big Blue Classic,"Apr  9-10, 2021",400,59.63,,
Maddie,Martin,Big Blue Classic,"Apr  9-10, 2021",4x400,3:58.92,,
Maddie,Martin,Illinois State Redbird Invitational,"Apr  2, 2021",200,25.86,(5.7),
Maddie,Martin,Illinois State Redbird Invitational,"Apr  2, 2021",4x400,4:13.30,,
Maddie,Martin,Horizon League Indoor Track & Field Championships,"Feb 26-Mar  1, 2021",200,26.38,,
Maddie,Martin,Horizon League Indoor Track & Field Championships,"Feb 26-Mar  1, 2021",4x400,3:59.75,,
Maddie,Martin,Horizon League Indoor Track & Field Championships,"Feb 26-Mar  1, 2021",DMR,12:40.97,,
Maddie,Martin,UW-Parkside Triangular,"Feb 19-20, 2021",400,1:02.14,,
Maddie,Martin,Panther Tune-Up,"Feb 14, 2021",200,26.71,,
Maddie,Martin,Panther Tune-Up,"Feb 14, 2021",400,1:01.97,,
Maddie,Martin,UW-Parkside Triangular,"Feb  5- 6, 2021",400,1:03.28,,
Maddie,Martin,UW-Parkside Triangular,"Feb  5- 6, 2021",4x400,4:10.65,,
Maddie,Martin,John Tierney Classic,"Jan 23, 2021",400,1:02.95,,
Maddie,Martin,John Tierney Classic,"Jan 23, 2021",4x400,4:11.65,,
Maddie,Martin,The Panther Invite,"Jan  9, 2021",200,27.28,,
Maddie,Martin,The Panther Invite,"Jan  9, 2021",4x400,4:14.38,,
Maddie,Martin,Horizon League Indoor Track & Field Championships,"Feb 29-Mar  1, 2020",200,25.66,,
Maddie,Martin,Horizon League Indoor Track & Field Championships,"Feb 29-Mar  1, 2020",400,59.34,,
Maddie,Martin,Horizon League Indoor Track & Field Championships,"Feb 29-Mar  1, 2020",4x400,3:56.97,,
Maddie,Martin,Panther Tune-Up,"Feb 22, 2020",4x400,DNF,,
Maddie,Martin,GVSU Big Meet (Saturday),"Feb 15, 2020",200,25.91,,
Maddie,Martin,GVSU Big Meet Invite (Friday),"Feb 14, 2020",400,59.67,,
Maddie,Martin,2020 ONU Invitational,"Feb  1, 2020",200,25.98,,
Maddie,Martin,2020 ONU Invitational,"Feb  1, 2020",400,1:00.87,,
Maddie,Martin,Illini Invitational,"Jan 24-25, 2020",400,1:00.82,,
Maddie,Martin,John Tierney Classic,"Jan 18, 2020",400,1:00.63,,
Maddie,Martin,John Tierney Classic,"Jan 18, 2020",4x400,4:11.79,,
Maddie,Martin,Gene Edmonds Memorial,"Jan 10-11, 2020",200,26.98,,
Maddie,Martin,Gene Edmonds Memorial,"Jan 10-11, 2020",4x400,4:08.37,,
Maddie,Martin,Horizon League Outdoor Track & Field Championships,"May  3- 5, 2019",200,25.72,(1.3),
Maddie,Martin,Horizon League Outdoor Track & Field Championships,"May  3- 5, 2019",400,59.57,,
Maddie,Martin,Horizon League Outdoor Track & Field Championships,"May  3- 5, 2019",4x400,3:58.20,,
Maddie,Martin,2019 Lenny Lyles-Clark Wood Invitational,"Apr 26-27, 2019",200,25.41,(2.0),
Maddie,Martin,2019 Lenny Lyles-Clark Wood Invitational,"Apr 26-27, 2019",4x400,4:00.79,,
Maddie,Martin,Kentucky Track & Field Invitational,"Apr 20, 2019",400,1:00.54,,
Maddie,Martin,Kentucky Track & Field Invitational,"Apr 20, 2019",4x400,4:08.32,,
Maddie,Martin,Illinois Twilight,"Apr 13, 2019",400,59.95,,
Maddie,Martin,Illinois Twilight,"Apr 13, 2019",4x400,DNS,,
Maddie,Martin,Jack Shaw Classic,"Apr  5, 2019",200,26.33,(0.6),
Maddie,Martin,Jack Shaw Classic,"Apr  5, 2019",4x400,4:07.69,,
Maddie,Martin,2019 Drury Hotels Joey Haines Invite,"Mar 29-30, 2019",400,1:03.07,,
Maddie,Martin,Horizon League Indoor Track & Field Championships,"Feb 23-24, 2019",400,58.94,,
Maddie,Martin,Horizon League Indoor Track & Field Championships,"Feb 23-24, 2019",400,58.72,,
Maddie,Martin,Horizon League Indoor Track & Field Championships,"Feb 23-24, 2019",4x400,3:57.48,,
Maddie,Martin,Panther TuneUp,"Feb 16, 2019",200,26.67,,
Maddie,Martin,GVSU Big Meet (Saturday),"Feb  9, 2019",200,26.43,,
Maddie,Martin,GVSU Big Meet (Saturday),"Feb  9, 2019",400,59.73,,
Maddie,Martin,2019 Meyo Invitational,"Feb  1- 2, 2019",200,26.43,,
Maddie,Martin,2019 Illini Invitational,"Jan 25-26, 2019",200,26.87,,
Maddie,Martin,2019 Illini Invitational,"Jan 25-26, 2019",400,1:01.05,,
Maddie,Martin,John Tierney Classic,"Jan 19, 2019",200,27.18,,
Maddie,Martin,John Tierney Classic,"Jan 19, 2019",4x400,4:10.81,,
Maddie,Martin,Badger Icebreaker,"Jan 12, 2019",60,8.37,,
Maddie,Martin,Badger Icebreaker,"Jan 12, 2019",60,8.40,,
Maddie,Martin,Badger Icebreaker,"Jan 12, 2019",4x400,4:08.09,,
Maddie,Martin,Horizon League Outdoor Track & Field Championships,"May  4- 6, 2018",200,25.93,(1.4),
Maddie,Martin,Horizon League Outdoor Track & Field Championships,"May  4- 6, 2018",400,1:00.52,,
Maddie,Martin,Horizon League Outdoor Track & Field Championships,"May  4- 6, 2018",4x400,3:57.77,,
Maddie,Martin,UW-Whitewater Drake Alternative,"Apr 28, 2018",100,12.78,(2.7),
Maddie,Martin,UW-Whitewater Drake Alternative,"Apr 28, 2018",100,12.88,(2.1),
Maddie,Martin,UW-Whitewater Drake Alternative,"Apr 28, 2018",200,26.06,(2.8),
Maddie,Martin,DePaul Invitational,"Apr 21, 2018",400,1:01.55,,
Maddie,Martin,DePaul Invitational,"Apr 21, 2018",4x400,4:01.25,,
Maddie,Martin,Gibson Invitational,"Apr  6- 7, 2018",200,26.38,(1.5),
Maddie,Martin,2018 EIU Big Blue Classic,"Mar 30-31, 2018",100,12.97,(2.8),
Maddie,Martin,2018 EIU Big Blue Classic,"Mar 30-31, 2018",400,1:02.51,,
Maddie,Martin,SIU Bill Cornell Spring Classic,"Mar 23-24, 2018",200,26.47,(1.9),
Maddie,Martin,SIU Bill Cornell Spring Classic,"Mar 23-24, 2018",400,1:02.91,,
Maddie,Martin,Horizon League Indoor Track & Field Championships,"Feb 23-24, 2018",400,1:00.43,,
Maddie,Martin,Horizon League Indoor Track & Field Championships,"Feb 23-24, 2018",4x400,3:59.55,,
Maddie,Martin,Panther TuneUp,"Feb 17, 2018",60,8.32,,
Maddie,Martin,Panther TuneUp,"Feb 17, 2018",200,26.79,,
Maddie,Martin,GVSU Big Meet- Saturday,"Feb 10, 2018",400,1:01.67,,
Maddie,Martin,GVSU Big Meet- Friday,"Feb  9, 2018",4x400,4:02.50,,
Maddie,Martin,UW Parkside Classic,"Feb  3, 2018",55,7.77,,
Maddie,Martin,UW Parkside Classic,"Feb  3, 2018",55,7.84,,
Maddie,Martin,UW Parkside Classic,"Feb  3, 2018",200,27.08,,
Maddie,Martin,2018 Mark Messersmith Invitational,"Jan 27, 2018",200,27.30,,
Maddie,Martin,2018 Mark Messersmith Invitational,"Jan 27, 2018",400,1:01.58,,
Maddie,Martin,John Tierney Classic,"Jan 20, 2018",300,42.76,,
Maddie,Martin,John Tierney Classic,"Jan 20, 2018",4x400,4:02.53,,
Maddie,Martin,Karl Schlender Invitational,"Jan 13, 2018",60,8.51,,
Maddie,Martin,Karl Schlender Invitational,"Jan 13, 2018",60,8.55,,
Maddie,Martin,Karl Schlender Invitational,"Jan 13, 2018",200,27.65,,
Ashley,Melvin,NCAA Division I West Preliminary Round,"May 26-29, 2021",HJ,1.67m,,"5' 5.75"""
Ashley,Melvin,John Kruchoski Open,"May 15, 2021",HJ,1.64m,,"5' 4.5"""
Ashley,Melvin,Horizon League Outdoor Track & Field Championships,"May  7- 9, 2021",HJ,1.65m,,"5' 5"""
Ashley,Melvin,Valpo Invitational,"May  1, 2021",HJ,1.65m,,"5' 5"""
Ashley,Melvin,Clark Wood Invitational,"Apr 23-24, 2021",HJ,1.71m,,"5' 7.25"""
Ashley,Melvin,Gibson Invitational sponsored by the Terre Haute CVB,"Apr 16-17, 2021",HJ,1.75m,,"5' 8.75"""
Ashley,Melvin,Big Blue Classic,"Apr  9-10, 2021",HJ,1.70m,,"5' 7"""
Ashley,Melvin,Illinois State Redbird Invitational,"Apr  2, 2021",HJ,1.72m,,"5' 7.75"""
Ashley,Melvin,UW-Parkside Triangular,"Feb 19-20, 2021",HJ,1.70m,,"5' 7"""
Ashley,Melvin,Panther Tune-Up,"Feb 14, 2021",HJ,1.73m,,"5' 8"""
Ashley,Melvin,UW-Parkside Triangular,"Feb  5- 6, 2021",HJ,1.70m,,"5' 7"""
Ashley,Melvin,Horizon League Indoor Track & Field Championships,"Feb 29-Mar  1, 2020",HJ,1.73m,,"5' 8"""
Ashley,Melvin,Panther Tune-Up,"Feb 22, 2020",HJ,1.70m,,"5' 7"""
Ashley,Melvin,GVSU Big Meet (Saturday),"Feb 15, 2020",HJ,1.78m,,"5' 10"""
Ashley,Melvin,2020 Meyo Invitational,"Feb  7- 8, 2020",HJ,1.74m,,"5' 8.5"""
Ashley,Melvin,2020 ONU Invitational,"Feb  1, 2020",HJ,1.77m,,"5' 9.75"""
Ashley,Melvin,Illini Invitational,"Jan 24-25, 2020",HJ,1.71m,,"5' 7.25"""
Ashley,Melvin,John Tierney Classic,"Jan 18, 2020",HJ,1.72m,,"5' 7.75"""
Ashley,Melvin,Gene Edmonds Memorial,"Jan 10-11, 2020",HJ,1.71m,,"5' 7.25"""
Ashley,Melvin,Eagle Open at UW-La Crosse,"May 10, 2019",HJ,1.68m,,"5' 6"""
Ashley,Melvin,Horizon League Outdoor Track & Field Championships,"May  3- 5, 2019",HJ,1.72m,,"5' 7.75"""
Ashley,Melvin,2019 Lenny Lyles-Clark Wood Invitational,"Apr 26-27, 2019",HJ,1.71m,,"5' 7.25"""
Ashley,Melvin,Kentucky Track & Field Invitational,"Apr 20, 2019",4x400,4:08.32,,
Ashley,Melvin,Kentucky Track & Field Invitational,"Apr 20, 2019",HJ,1.65m,,"5' 5"""
Ashley,Melvin,Illinois Twilight,"Apr 13, 2019",200,27.19,(2.4),
Ashley,Melvin,Illinois Twilight,"Apr 13, 2019",4x400,DNS,,
Ashley,Melvin,Illinois Twilight,"Apr 13, 2019",HJ,1.65m,,"5' 5"""
Ashley,Melvin,Jack Shaw Classic,"Apr  5, 2019",200,DNS,(+0.0),
Ashley,Melvin,Jack Shaw Classic,"Apr  5, 2019",4x400,4:07.69,,
Ashley,Melvin,Jack Shaw Classic,"Apr  5, 2019",HJ,1.64m,,"5' 4.5"""
Ashley,Melvin,2019 Drury Hotels Joey Haines Invite,"Mar 29-30, 2019",HJ,1.65m,,"5' 5"""
Ashley,Melvin,Horizon League Indoor Track & Field Championships,"Feb 23-24, 2019",4x400,3:57.48,,
Ashley,Melvin,Horizon League Indoor Track & Field Championships,"Feb 23-24, 2019",HJ,1.69m,,"5' 6.5"""
Ashley,Melvin,Panther TuneUp,"Feb 16, 2019",200,27.53,,
Ashley,Melvin,Panther TuneUp,"Feb 16, 2019",HJ,1.58m,,"5' 2.25"""
Ashley,Melvin,GVSU Big Meet (Saturday),"Feb  9, 2019",400,1:01.16,,
Ashley,Melvin,GVSU Big Meet (Saturday),"Feb  9, 2019",HJ,1.69m,,"5' 6.5"""
Ashley,Melvin,2019 Meyo Invitational,"Feb  1- 2, 2019",HJ,1.70m,,"5' 7"""
Ashley,Melvin,2019 Illini Invitational,"Jan 25-26, 2019",HJ,1.70m,,"5' 7"""
Ashley,Melvin,John Tierney Classic,"Jan 19, 2019",400,1:04.36,,
Ashley,Melvin,John Tierney Classic,"Jan 19, 2019",4x400,4:10.81,,
Ashley,Melvin,John Tierney Classic,"Jan 19, 2019",HJ,1.67m,,"5' 5.75"""
Ashley,Melvin,Badger Icebreaker,"Jan 12, 2019",600,1:42.74,,
Ashley,Melvin,Badger Icebreaker,"Jan 12, 2019",4x400,4:08.09,,
Ashley,Melvin,Badger Icebreaker,"Jan 12, 2019",HJ,1.64m,,"5' 4.5"""
Ashley,Melvin,Horizon League Outdoor Track & Field Championships,"May  4- 6, 2018",400,59.82,,
Ashley,Melvin,Horizon League Outdoor Track & Field Championships,"May  4- 6, 2018",4x400,3:57.77,,
Ashley,Melvin,Horizon League Outdoor Track & Field Championships,"May  4- 6, 2018",HJ,1.60m,,"5' 3"""
Ashley,Melvin,UW-Whitewater Drake Alternative,"Apr 28, 2018",200,26.80,(3.1),
Ashley,Melvin,UW-Whitewater Drake Alternative,"Apr 28, 2018",HJ,1.57m,,"5' 1.75"""
Ashley,Melvin,DePaul Invitational,"Apr 21, 2018",400,1:00.06,,
Ashley,Melvin,DePaul Invitational,"Apr 21, 2018",4x400,4:01.25,,
Ashley,Melvin,DePaul Invitational,"Apr 21, 2018",HJ,1.60m,,"5' 3"""
Ashley,Melvin,Gibson Invitational,"Apr  6- 7, 2018",200,26.96,(1.5),
Ashley,Melvin,Gibson Invitational,"Apr  6- 7, 2018",HJ,1.65m,,"5' 5"""
Ashley,Melvin,2018 EIU Big Blue Classic,"Mar 30-31, 2018",200,27.53,(-2.0),
Ashley,Melvin,2018 EIU Big Blue Classic,"Mar 30-31, 2018",400,1:02.81,,
Ashley,Melvin,2018 EIU Big Blue Classic,"Mar 30-31, 2018",HJ,1.55m,,"5' 1"""
Ashley,Melvin,SIU Bill Cornell Spring Classic,"Mar 23-24, 2018",400,1:02.92,,
Ashley,Melvin,SIU Bill Cornell Spring Classic,"Mar 23-24, 2018",HJ,1.55m,,"5' 1"""
Ashley,Melvin,Horizon League Indoor Track & Field Championships,"Feb 23-24, 2018",400,59.78,,
Ashley,Melvin,Horizon League Indoor Track & Field Championships,"Feb 23-24, 2018",4x400,3:59.55,,
Ashley,Melvin,Horizon League Indoor Track & Field Championships,"Feb 23-24, 2018",HJ,1.69m,,"5' 6.5"""
Ashley,Melvin,Panther TuneUp,"Feb 17, 2018",400,1:11.88,,
Ashley,Melvin,Panther TuneUp,"Feb 17, 2018",HJ,1.68m,,"5' 6"""
Ashley,Melvin,GVSU Big Meet- Saturday,"Feb 10, 2018",400,1:01.10,,
Ashley,Melvin,GVSU Big Meet- Saturday,"Feb 10, 2018",HJ,1.63m,,"5' 4.25"""
Ashley,Melvin,GVSU Big Meet- Friday,"Feb  9, 2018",4x400,4:02.50,,
Ashley,Melvin,2018 Meyo Invitational,"Feb  2- 3, 2018",400,59.86,,
Ashley,Melvin,2018 Meyo Invitational,"Feb  2- 3, 2018",HJ,1.64m,,"5' 4.5"""
Ashley,Melvin,2018 Mark Messersmith Invitational,"Jan 27, 2018",200,27.73,,
Ashley,Melvin,2018 Mark Messersmith Invitational,"Jan 27, 2018",HJ,1.65m,,"5' 5"""
Ashley,Melvin,John Tierney Classic,"Jan 20, 2018",600,1:39.01,,
Ashley,Melvin,John Tierney Classic,"Jan 20, 2018",4x400,4:02.53,,
Ashley,Melvin,John Tierney Classic,"Jan 20, 2018",HJ,1.65m,,"5' 5"""
Ashley,Melvin,Karl Schlender Invitational,"Jan 13, 2018",400,1:01.81,,
Ashley,Melvin,Karl Schlender Invitational,"Jan 13, 2018",HJ,1.60m,,"5' 3"""
Ashley,Melvin,Horizon League Outdoor Track & Field Championships,"May  5- 7, 2017",400,1:01.68,,
Ashley,Melvin,Horizon League Outdoor Track & Field Championships,"May  5- 7, 2017",4x400,3:52.19,,
Ashley,Melvin,Horizon League Outdoor Track & Field Championships,"May  5- 7, 2017",HJ,1.62m,,"5' 3.75"""
Ashley,Melvin,UW-Whitewater Drake Alternative Meet,"Apr 29, 2017",200,26.88,(3.1),
Ashley,Melvin,UW-Whitewater Drake Alternative Meet,"Apr 29, 2017",HJ,1.50m,,"4' 11"""
Ashley,Melvin,Pacesetter Sports Invitational,"Apr 21-22, 2017",400,1:02.24,,
Ashley,Melvin,Pacesetter Sports Invitational,"Apr 21-22, 2017",HJ,1.58m,,"5' 2.25"""
Ashley,Melvin,Benedictine Eagle Relays 2017,"Apr 14-15, 2017",400,58.66,,
Ashley,Melvin,Benedictine Eagle Relays 2017,"Apr 14-15, 2017",HJ,1.55m,,"5' 1"""
Ashley,Melvin,Marquette Duals,"Apr  7, 2017",400,59.99,,
Ashley,Melvin,Marquette Duals,"Apr  7, 2017",4x400,3:57.72,,
Ashley,Melvin,Marquette Duals,"Apr  7, 2017",HJ,1.56m,,"5' 1.25"""
Ashley,Melvin,EIU Big Blue Classic 2017,"Mar 31-Apr  1, 2017",200,27.17,(0.8),
Ashley,Melvin,EIU Big Blue Classic 2017,"Mar 31-Apr  1, 2017",HJ,1.58m,,"5' 2.25"""
Ashley,Melvin,Gene and Rose Edmonds Invitational,"Mar 25, 2017",200,26.90,(1.6),
Ashley,Melvin,Gene and Rose Edmonds Invitational,"Mar 25, 2017",400,1:00.90,,
Ashley,Melvin,Gene and Rose Edmonds Invitational,"Mar 25, 2017",HJ,1.60m,,"5' 3"""
Ashley,Melvin,Horizon League Indoor Track & Field Championships,"Feb 25-26, 2017",400,58.55,,
Ashley,Melvin,Horizon League Indoor Track & Field Championships,"Feb 25-26, 2017",4x400,3:53.85,,
Ashley,Melvin,Horizon League Indoor Track & Field Championships,"Feb 25-26, 2017",HJ,1.60m,,"5' 3"""
Ashley,Melvin,Panther TuneUp,"Feb 18, 2017",60,8.32,,
Ashley,Melvin,Panther TuneUp,"Feb 18, 2017",HJ,1.60m,,"5' 3"""
Ashley,Melvin,GVSU Big Meet (Saturday),"Feb 11, 2017",400,59.18,,
Ashley,Melvin,GVSU Big Meet (Saturday),"Feb 11, 2017",4x400,3:54.48,,
Ashley,Melvin,GVSU Big Meet (Saturday),"Feb 11, 2017",HJ,1.62m,,"5' 3.75"""
Ashley,Melvin,UW Parkside Classic,"Feb  4, 2017",200,26.83,,
Ashley,Melvin,2017 Mark Messersmith Invitational,"Jan 28, 2017",400,59.91,,
Ashley,Melvin,2017 Mark Messersmith Invitational,"Jan 28, 2017",HJ,1.56m,,"5' 1.25"""
Ashley,Melvin,John Tierney Classic,"Jan 21, 2017",300,42.19,,
Ashley,Melvin,John Tierney Classic,"Jan 21, 2017",4x400,3:57.83,,
Ashley,Melvin,John Tierney Classic,"Jan 21, 2017",HJ,1.62m,,"5' 3.75"""
Ashley,Melvin,Karl Schlender Invitational,"Jan 14, 2017",400,1:00.41,,
Ashley,Melvin,Karl Schlender Invitational,"Jan 14, 2017",HJ,1.62m,,"5' 3.75"""
Michelle,Meyer,Valpo Invitational,"May  1, 2021",400,1:01.84,,
Michelle,Meyer,Clark Wood Invitational,"Apr 23-24, 2021",400,1:03.16,,
Michelle,Meyer,Big Blue Classic,"Apr  9-10, 2021",400,1:00.53,,
Michelle,Meyer,Big Blue Classic,"Apr  9-10, 2021",4x400,3:58.92,,
Michelle,Meyer,Illinois State Redbird Invitational,"Apr  2, 2021",200,26.99,(3.3),
Michelle,Meyer,Illinois State Redbird Invitational,"Apr  2, 2021",4x400,4:13.30,,
Michelle,Meyer,UW-Parkside Triangular,"Feb 19-20, 2021",400,1:00.84,,
Michelle,Meyer,Panther Tune-Up,"Feb 14, 2021",200,27.04,,
Michelle,Meyer,Panther Tune-Up,"Feb 14, 2021",400,1:00.98,,
Michelle,Meyer,UW-Parkside Triangular,"Feb  5- 6, 2021",400,1:01.19,,
Michelle,Meyer,UW-Parkside Triangular,"Feb  5- 6, 2021",4x400,4:10.65,,
Michelle,Meyer,John Tierney Classic,"Jan 23, 2021",200,27.60,,
Michelle,Meyer,John Tierney Classic,"Jan 23, 2021",4x400,4:11.65,,
Michelle,Meyer,Horizon League Indoor Track & Field Championships,"Feb 29-Mar  1, 2020",200,26.14,,
Michelle,Meyer,Horizon League Indoor Track & Field Championships,"Feb 29-Mar  1, 2020",400,57.92,,
Michelle,Meyer,Horizon League Indoor Track & Field Championships,"Feb 29-Mar  1, 2020",400,57.89,,
Michelle,Meyer,Horizon League Indoor Track & Field Championships,"Feb 29-Mar  1, 2020",4x400,3:56.97,,
Michelle,Meyer,Panther Tune-Up,"Feb 22, 2020",4x400,DNF,,
Michelle,Meyer,GVSU Big Meet (Saturday),"Feb 15, 2020",200,26.18,,
Michelle,Meyer,GVSU Big Meet Invite (Friday),"Feb 14, 2020",400,59.72,,
Michelle,Meyer,2020 Meyo Invitational,"Feb  7- 8, 2020",DMR,12:14.89,,
Michelle,Meyer,2020 ONU Invitational,"Feb  1, 2020",400,59.73,,
Michelle,Meyer,Illini Invitational,"Jan 24-25, 2020",200,26.62,,
Michelle,Meyer,Illini Invitational,"Jan 24-25, 2020",400,1:00.00,,
Michelle,Meyer,John Tierney Classic,"Jan 18, 2020",400,1:03.21,,
Michelle,Meyer,Gene Edmonds Memorial,"Jan 10-11, 2020",200,26.56,,
Michelle,Meyer,Gene Edmonds Memorial,"Jan 10-11, 2020",4x400,4:08.37,,
Michelle,Meyer,Horizon League Outdoor Track & Field Championships,"May  3- 5, 2019",400,59.02,,
Michelle,Meyer,Horizon League Outdoor Track & Field Championships,"May  3- 5, 2019",400,58.49,,
Michelle,Meyer,Horizon League Outdoor Track & Field Championships,"May  3- 5, 2019",4x400,3:58.20,,
Michelle,Meyer,2019 Lenny Lyles-Clark Wood Invitational,"Apr 26-27, 2019",400,58.98,,
Michelle,Meyer,2019 Lenny Lyles-Clark Wood Invitational,"Apr 26-27, 2019",4x400,4:00.79,,
Michelle,Meyer,Kentucky Track & Field Invitational,"Apr 20, 2019",400,59.22,,
Michelle,Meyer,Kentucky Track & Field Invitational,"Apr 20, 2019",4x400,4:08.32,,
Michelle,Meyer,Illinois Twilight,"Apr 13, 2019",400,59.78,,
Michelle,Meyer,Illinois Twilight,"Apr 13, 2019",4x400,DNS,,
Michelle,Meyer,2019 Drury Hotels Joey Haines Invite,"Mar 29-30, 2019",400,1:02.43,,
Michelle,Meyer,Horizon League Indoor Track & Field Championships,"Feb 23-24, 2019",400,57.65,,
Michelle,Meyer,Horizon League Indoor Track & Field Championships,"Feb 23-24, 2019",400,58.56,,
Michelle,Meyer,Horizon League Indoor Track & Field Championships,"Feb 23-24, 2019",4x400,3:57.48,,
Michelle,Meyer,Panther TuneUp,"Feb 16, 2019",200,27.14,,
Michelle,Meyer,GVSU Big Meet (Saturday),"Feb  9, 2019",200,27.02,,
Michelle,Meyer,GVSU Big Meet (Saturday),"Feb  9, 2019",400,DQ,,
Michelle,Meyer,2019 Meyo Invitational,"Feb  1- 2, 2019",400,58.62,,
Michelle,Meyer,2019 Illini Invitational,"Jan 25-26, 2019",LJ,4.83m,,"15' 10.25"""
Michelle,Meyer,John Tierney Classic,"Jan 19, 2019",400,59.95,,
Michelle,Meyer,John Tierney Classic,"Jan 19, 2019",4x400,4:10.81,,
Michelle,Meyer,Badger Icebreaker,"Jan 12, 2019",60,8.48,,
Michelle,Meyer,Badger Icebreaker,"Jan 12, 2019",4x400,4:08.09,,
Michelle,Meyer,Badger Icebreaker,"Jan 12, 2019",LJ,5.11m,,"16' 9.25"""
Michelle,Meyer,Horizon League Outdoor Track & Field Championships,"May  4- 6, 2018",400,59.00,,
Michelle,Meyer,Horizon League Outdoor Track & Field Championships,"May  4- 6, 2018",400,59.09,,
Michelle,Meyer,Horizon League Outdoor Track & Field Championships,"May  4- 6, 2018",4x400,3:57.77,,
Michelle,Meyer,Horizon League Outdoor Track & Field Championships,"May  4- 6, 2018",PV,NH,,NH
Michelle,Meyer,UW-Whitewater Drake Alternative,"Apr 28, 2018",200,26.40,(3.1),
Michelle,Meyer,UW-Whitewater Drake Alternative,"Apr 28, 2018",PV,2.99m,,"9' 9.75"""
Michelle,Meyer,DePaul Invitational,"Apr 21, 2018",400,1:01.40,,
Michelle,Meyer,DePaul Invitational,"Apr 21, 2018",4x400,4:01.25,,
Michelle,Meyer,Benedictine Relays and Invitational,"Apr 13-14, 2018",DMR,12:51.94,,
Michelle,Meyer,Benedictine Relays and Invitational,"Apr 13-14, 2018",PV,NH,,NH
Michelle,Meyer,Gibson Invitational,"Apr  6- 7, 2018",200,27.01,(1.5),
Michelle,Meyer,Gibson Invitational,"Apr  6- 7, 2018",PV,3.20m,,"10' 6"""
Michelle,Meyer,2018 EIU Big Blue Classic,"Mar 30-31, 2018",200,27.62,(-2.0),
Michelle,Meyer,2018 EIU Big Blue Classic,"Mar 30-31, 2018",400,1:02.25,,
Michelle,Meyer,2018 EIU Big Blue Classic,"Mar 30-31, 2018",PV,2.95m,,"9' 8"""
Michelle,Meyer,SIU Bill Cornell Spring Classic,"Mar 23-24, 2018",400,1:00.95,,
Michelle,Meyer,SIU Bill Cornell Spring Classic,"Mar 23-24, 2018",PV,NH,,NH
Michelle,Meyer,Horizon League Indoor Track & Field Championships,"Feb 23-24, 2018",400,58.99,,
Michelle,Meyer,Horizon League Indoor Track & Field Championships,"Feb 23-24, 2018",4x400,3:59.55,,
Michelle,Meyer,Horizon League Indoor Track & Field Championships,"Feb 23-24, 2018",PV,3.00m,,"9' 10"""
Michelle,Meyer,Panther TuneUp,"Feb 17, 2018",400,59.65,,
Michelle,Meyer,Panther TuneUp,"Feb 17, 2018",PV,2.90m,,"9' 6.25"""
Michelle,Meyer,GVSU Big Meet- Friday,"Feb  9, 2018",4x400,4:02.50,,
Michelle,Meyer,UW Parkside Classic,"Feb  3, 2018",200,26.87,,
Michelle,Meyer,UW Parkside Classic,"Feb  3, 2018",PV,NH,,NH
Michelle,Meyer,2018 Mark Messersmith Invitational,"Jan 27, 2018",400,1:00.52,,
Michelle,Meyer,2018 Mark Messersmith Invitational,"Jan 27, 2018",PV,NH,,NH
Michelle,Meyer,John Tierney Classic,"Jan 20, 2018",300,42.98,,
Michelle,Meyer,John Tierney Classic,"Jan 20, 2018",4x400,4:02.53,,
Michelle,Meyer,John Tierney Classic,"Jan 20, 2018",PV,2.95m,,"9' 8"""
Michelle,Meyer,Karl Schlender Invitational,"Jan 13, 2018",200,27.35,,
Michelle,Meyer,Karl Schlender Invitational,"Jan 13, 2018",PV,3.04m,,"9' 11.75"""
Jayde,Wollenberg,Horizon League Outdoor Track & Field Championships,"May  7- 9, 2021",PV,3.81m,,"12' 6"""
Jayde,Wollenberg,Valpo Invitational,"May  1, 2021",PV,3.85m,,"12' 7.5"""
Jayde,Wollenberg,Clark Wood Invitational,"Apr 23-24, 2021",PV,3.53m,,"11' 7"""
Jayde,Wollenberg,Gibson Invitational sponsored by the Terre Haute CVB,"Apr 16-17, 2021",PV,3.60m,,"11' 9.75"""
Jayde,Wollenberg,Big Blue Classic,"Apr  9-10, 2021",PV,3.51m,,"11' 6.25"""
Jayde,Wollenberg,Horizon League Indoor Track & Field Championships,"Feb 26-Mar  1, 2021",PV,3.73m,,"12' 2.75"""
Jayde,Wollenberg,UW-Parkside Triangular,"Feb 19-20, 2021",PV,3.61m,,"11' 10"""
Jayde,Wollenberg,Panther Tune-Up,"Feb 14, 2021",PV,3.75m,,"12' 3.5"""
Jayde,Wollenberg,UW-Parkside Triangular,"Feb  5- 6, 2021",PV,3.90m,,"12' 9.5"""
Jayde,Wollenberg,John Tierney Classic,"Jan 23, 2021",PV,3.50m,,"11' 5.75"""
Jayde,Wollenberg,The Panther Invite,"Jan  9, 2021",PV,3.45m,,"11' 3.75"""
Jayde,Wollenberg,Horizon League Indoor Track & Field Championships,"Feb 29-Mar  1, 2020",PV,NH,,NH
Jayde,Wollenberg,Panther Tune-Up,"Feb 22, 2020",PV,3.38m,,"11' 1"""
Jayde,Wollenberg,GVSU Big Meet (Saturday),"Feb 15, 2020",PV,3.36m,,"11' 0.25"""
Jayde,Wollenberg,2020 ONU Invitational,"Feb  1, 2020",PV,3.12m,,"10' 2.75"""
Jayde,Wollenberg,John Tierney Classic,"Jan 18, 2020",PV,NH,,NH
Jayde,Wollenberg,Gene Edmonds Memorial,"Jan 10-11, 2020",PV,3.30m,,"10' 10"""
Jayde,Wollenberg,Horizon League Outdoor Track & Field Championships,"May  3- 5, 2019",PV,3.20m,,"10' 6"""
Jayde,Wollenberg,Kentucky Track & Field Invitational,"Apr 20, 2019",PV,NH,,NH
Jayde,Wollenberg,Illinois Twilight,"Apr 13, 2019",PV,3.15m,,"10' 4"""
Jayde,Wollenberg,Jack Shaw Classic,"Apr  5, 2019",PV,NH,,NH
Jayde,Wollenberg,Horizon League Indoor Track & Field Championships,"Feb 23-24, 2019",PV,3.36m,,"11' 0.25"""
Jayde,Wollenberg,Panther TuneUp,"Feb 16, 2019",PV,3.36m,,"11' 0.25"""
Jayde,Wollenberg,GVSU Big Meet (Saturday),"Feb  9, 2019",PV,3.12m,,"10' 2.75"""
Jayde,Wollenberg,2019 Meyo Invitational,"Feb  1- 2, 2019",PV,3.15m,,"10' 4"""
Jayde,Wollenberg,2019 Illini Invitational,"Jan 25-26, 2019",PV,NH,,NH
Jayde,Wollenberg,John Tierney Classic,"Jan 19, 2019",PV,3.30m,,"10' 10"""
Jayde,Wollenberg,Badger Icebreaker,"Jan 12, 2019",PV,3.20m,,"10' 6"""
Jayde,Wollenberg,Horizon League Outdoor Track & Field Championships,"May  4- 6, 2018",PV,3.27m,,"10' 8.75"""
Jayde,Wollenberg,UW-Whitewater Drake Alternative,"Apr 28, 2018",PV,3.29m,,"10' 9.5"""
Jayde,Wollenberg,DePaul Invitational,"Apr 21, 2018",PV,"10' 0""",,3.04m
Jayde,Wollenberg,Benedictine Relays and Invitational,"Apr 13-14, 2018",PV,3.00m,,"9' 10"""
Jayde,Wollenberg,Gibson Invitational,"Apr  6- 7, 2018",PV,3.35m,,"10' 11.75"""
Jayde,Wollenberg,2018 EIU Big Blue Classic,"Mar 30-31, 2018",100,13.71,(4.5),
Jayde,Wollenberg,2018 EIU Big Blue Classic,"Mar 30-31, 2018",PV,3.25m,,"10' 8"""
Jayde,Wollenberg,SIU Bill Cornell Spring Classic,"Mar 23-24, 2018",PV,3.05m,,"10' 0"""
Jayde,Wollenberg,Horizon League Indoor Track & Field Championships,"Feb 23-24, 2018",PV,3.30m,,"10' 10"""
Jayde,Wollenberg,Panther TuneUp,"Feb 17, 2018",PV,3.20m,,"10' 6"""
Jayde,Wollenberg,GVSU Big Meet- Saturday,"Feb 10, 2018",PV,3.27m,,"10' 8.75"""
Jayde,Wollenberg,UW Parkside Classic,"Feb  3, 2018",PV,3.15m,,"10' 4"""
Jayde,Wollenberg,2018 Mark Messersmith Invitational,"Jan 27, 2018",PV,3.00m,,"9' 10"""
Jayde,Wollenberg,John Tierney Classic,"Jan 20, 2018",PV,3.10m,,"10' 2"""
Jayde,Wollenberg,Karl Schlender Invitational,"Jan 13, 2018",PV,3.04m,,"9' 11.75"""
Tim,Maidment,Joyce Morton-Kief Invite,"Mar 27-28, 2026",LJ,6.40m,(3.4),"21' 0"""
Tim,Maidment,2026 Horizon League Indoor Track & Field Championship,"Feb 28-Mar  1, 2026",LJ,6.48m,,"21' 3.25"""
Tim,Maidment,Panther Tune-up,"Feb 21, 2026",LJ,6.33m,,"20' 9.25"""
Tim,Maidment,2026 Blue Demon Alumni Classic,"Feb 13, 2026",LJ,6.47m,,"21' 2.75"""
Tim,Maidment,UW-La Crosse Mark Guthrie Legacy Invitational,"Feb  7, 2026",LJ,6.60m,,"21' 8"""
Tim,Maidment,Horizon League Championship,"May  9-11, 2025",LJ,6.36m,(1.1),"20' 10.5"""
Tim,Maidment,Badger Challenge,"May  2, 2025",LJ,6.47m,(-0.3),"21' 2.75"""
Tim,Maidment,Badger Challenge,"May  2, 2025",TJ,FOUL,,NM
Tim,Maidment,UW-Whitewater Drake Alternative,"Apr 24, 2025",LJ,6.52m,(0.2),"21' 4.75"""
Tim,Maidment,Gibson Invitational,"Apr 17-19, 2025",LJ,6.38m,(1.9),"20' 11.25"""
Tim,Maidment,Marquette Invitational,"Apr 10-11, 2025",LJ,6.32m,(-0.6),"20' 9"""
Tim,Maidment,Redbird Challenge,"Mar 28-29, 2025",LJ,DNS,,NM
Tim,Maidment,2025 Horizon League Indoor Track & Field Championship,"Mar  1- 2, 2025",LJ,6.59m,,"21' 7.5"""
Tim,Maidment,2025 Horizon League Indoor Track & Field Championship,"Mar  1- 2, 2025",TJ,11.59m,,"38' 0.25"""
Tim,Maidment,Panther Tune-up,"Feb 22, 2025",LJ,6.74m,,"22' 1.5"""
Tim,Maidment,Panther Tune-up,"Feb 22, 2025",TJ,11.86m,,"38' 11"""
Tim,Maidment,UW-La Crosse Mark Guthrie Legacy Invitational,"Feb  8, 2025",60,7.30,,
Tim,Maidment,UW-La Crosse Mark Guthrie Legacy Invitational,"Feb  8, 2025",LJ,6.38m,,"20' 11.25"""
Tim,Maidment,John Tierney Classic,"Jan 25, 2025",LJ,6.78m,,"22' 3"""
Tim,Maidment,Badgers Midwest Invite,"Jan 11, 2025",LJ,6.52m,,"21' 4.75"""
Tim,Maidment,2024 Horizon League Outdoor Track & Field Championship,"May  3- 5, 2024",LJ,6.76m,(1.7),"22' 2.25"""
Tim,Maidment,UW-Whitewater Drake Alternative,"Apr 25, 2024",LJ,6.18m,(0.6),"20' 3.5"""
Tim,Maidment,Gibson Invitational,"Apr 18-20, 2024",LJ,6.52m,(0.5),"21' 4.75"""
Tim,Maidment,Golden Grizzly T&F Invite,"Apr  6, 2024",LJ,6.29m,(3.0),"20' 7.75"""
Tim,Maidment,Redbird Challenge,"Mar 29-30, 2024",LJ,6.64m,,"21' 9.5"""
Tim,Maidment,PANTHER TUNE-UP,"Feb 17, 2024",60,7.37,,
Tim,Maidment,PANTHER TUNE-UP,"Feb 17, 2024",LJ,6.74m,,"22' 1.5"""
Tim,Maidment,Mark Guthrie Legacy Invite,"Feb  3, 2024",LJ,6.85m,,"22' 5.75"""
Tim,Maidment,John Tierney Classic,"Jan 20, 2024",200,23.76,,
Tim,Maidment,John Tierney Classic,"Jan 20, 2024",LJ,6.48m,,"21' 3.25"""
Tim,Maidment,Badgers Midwest Invite,"Jan 13, 2024",LJ,6.36m,,"20' 10.5"""
Tim,Maidment,Illini Open,"Jan  6, 2024",60,7.47,,
Tim,Maidment,Illini Open,"Jan  6, 2024",LJ,6.69m,,"21' 11.5"""
Tim,Maidment,2023 Blue Demon Holiday Invite,"Dec  8, 2023",LJ,6.55m,,"21' 6"""
Tim,Maidment,Horizon League Championship,"May  5- 7, 2023",LJ,6.76m,(2.8),"22' 2.25"""
Tim,Maidment,Clark Wood Open 2023,"Apr 28-29, 2023",LJ,6.68m,(0.2),"21' 11"""
Tim,Maidment,Gary Wieneke Memorial,"Apr 21-22, 2023",LJ,6.47m,(1.9),"21' 2.75"""
Tim,Maidment,Green & White Invite,"Apr 15, 2023",LJ,6.80m,(2.4),"22' 3.75"""
Tim,Maidment,Warrior Invitational,"Apr  6, 2023",LJ,6.32m,(0.1),"20' 9"""
Tim,Maidment,2023 Horizon League Indoor Track & Field Championship,"Feb 25-26, 2023",LJ,6.19m,,"20' 3.75"""
Tim,Maidment,Dick Hendricks Invite,"Feb 11, 2023",LJ,6.51m,,"21' 4.25"""
Tim,Maidment,Mark Guthrie Legacy Invitational,"Feb  4, 2023",LJ,6.07m,,"19' 11"""
Tim,Maidment,John Tierney Classic,"Jan 21, 2023",200,23.99,,
Tim,Maidment,John Tierney Classic,"Jan 21, 2023",LJ,6.50m,,"21' 4"""
Tim,Maidment,Wisconsin Badgers Midwest Invite,"Jan 14, 2023",LJ,5.97m,,"19' 7"""
Tim,Maidment,2022 Blue Demon Holiday Invite,"Dec  9, 2022",60,7.46,,
Tim,Maidment,2022 Blue Demon Holiday Invite,"Dec  9, 2022",LJ,6.21m,,"20' 4.5"""
Zachary,Schmidt,Raleigh Relays,"Mar 26-28, 2026",400,47.92,,
Zachary,Schmidt,2026 Horizon League Indoor Track & Field Championship,"Feb 28-Mar  1, 2026",400,49.11,,
Zachary,Schmidt,2026 Horizon League Indoor Track & Field Championship,"Feb 28-Mar  1, 2026",400,48.64,,
Zachary,Schmidt,2026 Horizon League Indoor Track & Field Championship,"Feb 28-Mar  1, 2026",4x400,3:15.65,,
Zachary,Schmidt,GVSU Big Meet-Friday,"Feb 13, 2026",400,49.28,,
Zachary,Schmidt,GVSU Big Meet-Friday,"Feb 13, 2026",4x400,3:18.19,,
Zachary,Schmidt,Iowa State Classic,"Feb  6, 2026",400,50.03,,
Zachary,Schmidt,Iowa State Classic,"Feb  6, 2026",4x400,DNS,,
Zachary,Schmidt,2026 Meyo Invitational (Notre Dame Indoor T&F),"Jan 30-31, 2026",200,22.49,,
Zachary,Schmidt,2026 Meyo Invitational (Notre Dame Indoor T&F),"Jan 30-31, 2026",400,49.93,,
Zachary,Schmidt,Larry Wieczorek Invitational,"Jan 23-24, 2026",200,22.60,,
Zachary,Schmidt,Larry Wieczorek Invitational,"Jan 23-24, 2026",400,50.43,,
Zachary,Schmidt,Tierney Classic,"Jan 18, 2026",4x400,3:28.52,,
Zachary,Schmidt,Minnesota Open,"Jan 10, 2026",200,22.63,,
Zachary,Schmidt,Minnesota Open,"Jan 10, 2026",400,DNS,,
Zachary,Schmidt,2025 Blue Demon Holiday Invite,"Dec 12, 2025",300,34.89,,
Zachary,Schmidt,2024 Horizon League Outdoor Track & Field Championship,"May  3- 5, 2024",200,22.30,(1.3),
Zachary,Schmidt,2024 Horizon League Outdoor Track & Field Championship,"May  3- 5, 2024",200,21.94,(3.1),
Zachary,Schmidt,2024 Horizon League Outdoor Track & Field Championship,"May  3- 5, 2024",400,48.05,,
Zachary,Schmidt,2024 Horizon League Outdoor Track & Field Championship,"May  3- 5, 2024",400,48.24,,
Zachary,Schmidt,2024 Horizon League Outdoor Track & Field Championship,"May  3- 5, 2024",4x100,41.18,,
Zachary,Schmidt,2024 Horizon League Outdoor Track & Field Championship,"May  3- 5, 2024",4x400,3:13.34,,
Zachary,Schmidt,Clark Wood Open 2024,"Apr 26-27, 2024",200,21.95,(1.8),
Zachary,Schmidt,Clark Wood Open 2024,"Apr 26-27, 2024",400,48.22,,
Zachary,Schmidt,Clark Wood Open 2024,"Apr 26-27, 2024",4x100,40.70,,
Zachary,Schmidt,Gibson Invitational,"Apr 18-20, 2024",200,22.05,(-0.1),
Zachary,Schmidt,Gibson Invitational,"Apr 18-20, 2024",400,48.78,,
Zachary,Schmidt,Gibson Invitational,"Apr 18-20, 2024",4x400,3:18.70,,
Zachary,Schmidt,Gary Wieneke Memorial,"Apr 13, 2024",400,49.37,,
Zachary,Schmidt,Gary Wieneke Memorial,"Apr 13, 2024",4x400,DNS,,
Zachary,Schmidt,Golden Grizzly T&F Invite,"Apr  6, 2024",200,22.17,(2.2),
Zachary,Schmidt,Golden Grizzly T&F Invite,"Apr  6, 2024",400,49.06,,
Zachary,Schmidt,Golden Grizzly T&F Invite,"Apr  6, 2024",4x400,3:17.14,,
Zachary,Schmidt,Redbird Challenge,"Mar 29-30, 2024",400,48.97,,
Zachary,Schmidt,Horizon League Indoor Track & Field Championship,"Feb 24-25, 2024",400,49.22,,
Zachary,Schmidt,Horizon League Indoor Track & Field Championship,"Feb 24-25, 2024",400,49.39,,
Zachary,Schmidt,Horizon League Indoor Track & Field Championship,"Feb 24-25, 2024",4x400,3:15.85,,
Zachary,Schmidt,GVSU Big Meet- (Friday),"Feb  9, 2024",400,49.52,,
Zachary,Schmidt,Mark Guthrie Legacy Invite,"Feb  3, 2024",400,50.32,,
Zachary,Schmidt,Illini Challenge,"Jan 26-27, 2024",200,22.88,,
Zachary,Schmidt,Illini Challenge,"Jan 26-27, 2024",400,50.24,,
Zachary,Schmidt,Illini Challenge,"Jan 26-27, 2024",4x400,3:28.46,,
Zachary,Schmidt,Illini Challenge,"Jan 26-27, 2024",DMR,10:21.73,,
Zachary,Schmidt,John Tierney Classic,"Jan 20, 2024",200,22.75,,
Zachary,Schmidt,John Tierney Classic,"Jan 20, 2024",4x400,3:22.20,,
Zachary,Schmidt,Badgers Midwest Invite,"Jan 13, 2024",300,34.60,,
Zachary,Schmidt,Horizon League Championship,"May  5- 7, 2023",400,49.89,,
Zachary,Schmidt,Horizon League Championship,"May  5- 7, 2023",400,49.31,,
Zachary,Schmidt,Horizon League Championship,"May  5- 7, 2023",4x400,3:18.75,,
Zachary,Schmidt,Clark Wood Open 2023,"Apr 28-29, 2023",400,49.83,,
Zachary,Schmidt,Clark Wood Open 2023,"Apr 28-29, 2023",4x400,3:23.45,,
Zachary,Schmidt,Marquette Invitational,"Apr 22, 2023",200,22.60,(-0.7),
Zachary,Schmidt,Marquette Invitational,"Apr 22, 2023",400,49.98,,
Zachary,Schmidt,Gibson Invitational & Multis,"Apr 13-15, 2023",400,49.09,,
Zachary,Schmidt,Gibson Invitational & Multis,"Apr 13-15, 2023",4x400,3:22.23,,
Zachary,Schmidt,Fighting Illini Challenge,"Apr  8, 2023",400,49.12,,
Zachary,Schmidt,Fighting Illini Challenge,"Apr  8, 2023",4x400,3:29.95,,
Zachary,Schmidt,2023 Horizon League Indoor Track & Field Championship,"Feb 25-26, 2023",400,51.18,,
Zachary,Schmidt,2023 Horizon League Indoor Track & Field Championship,"Feb 25-26, 2023",4x400,3:21.77,,
Zachary,Schmidt,2023 Horizon League Indoor Track & Field Championship,"Feb 25-26, 2023",DMR,10:34.13,,
Zachary,Schmidt,Panther Tune-Up,"Feb 18, 2023",400,50.99,,
Zachary,Schmidt,Wisconsin Badgers Midwest Invite,"Jan 14, 2023",600,1:26.86,,
Zachary,Schmidt,Wisconsin Badgers Midwest Invite,"Jan 14, 2023",4x400,3:20.69,,
Zachary,Schmidt,2022 Blue Demon Holiday Invite,"Dec  9, 2022",400,49.96,,
Zachary,Schmidt,2022 Blue Demon Holiday Invite,"Dec  9, 2022",4x400,DNF,,
Caden,Thomas,2025 Blue Demon Holiday Invite,"Dec 12, 2025",HJ,1.98m,,"6' 6"""
Caden,Thomas,UWL Final Qualifier,"May 14, 2025",HJ,1.94m,,"6' 4.25"""
Caden,Thomas,Horizon League Championship,"May  9-11, 2025",HJ,2.02m,,"6' 7.5"""
Caden,Thomas,Badger Challenge,"May  2, 2025",HJ,1.92m,,"6' 3.5"""
Caden,Thomas,Fighting Illini Twilight,"Apr 26, 2025",HJ,2.03m,,"6' 7.75"""
Caden,Thomas,Gibson Invitational,"Apr 17-19, 2025",HJ,2.03m,,"6' 7.75"""
Caden,Thomas,Marquette Invitational,"Apr 10-11, 2025",HJ,1.95m,,"6' 4.75"""
Caden,Thomas,Ashton May Invitational,"Apr  5, 2025",HJ,NH,,NH
Caden,Thomas,Raleigh Relays,"Mar 27-29, 2025",HJ,1.95m,,"6' 4.75"""
Caden,Thomas,2025 Horizon League Indoor Track & Field Championship,"Mar  1- 2, 2025",HJ,2.01m,,"6' 7"""
Caden,Thomas,Panther Tune-up,"Feb 22, 2025",HJ,1.98m,,"6' 6"""
Caden,Thomas,UW-La Crosse Mark Guthrie Legacy Invitational,"Feb  8, 2025",HJ,1.97m,,"6' 5.5"""
Caden,Thomas,Meyo Invitational (2025 Notre Dame Indoor Track & Field),"Jan 31-Feb  1, 2025",HJ,1.96m,,"6' 5"""
Caden,Thomas,John Tierney Classic,"Jan 25, 2025",HJ,2.05m,,"6' 8.75"""
Caden,Thomas,Badgers Midwest Invite,"Jan 11, 2025",HJ,2.00m,,"6' 6.75"""
Caden,Thomas,2024 Blue Demon Holiday Invite,"Dec 13, 2024",HJ,1.98m,,"6' 6"""
Caden,Thomas,2024 Horizon League Outdoor Track & Field Championship,"May  3- 5, 2024",HJ,1.98m,,"6' 6"""
Caden,Thomas,Clark Wood Open 2024,"Apr 26-27, 2024",HJ,1.90m,,"6' 2.75"""
Caden,Thomas,Gibson Invitational,"Apr 18-20, 2024",HJ,1.96m,,"6' 5"""
Caden,Thomas,Marquette Invitational,"Apr 12, 2024",HJ,1.92m,,"6' 3.5"""
Caden,Thomas,Golden Grizzly T&F Invite,"Apr  6, 2024",HJ,1.95m,,"6' 4.75"""
Caden,Thomas,Redbird Challenge,"Mar 29-30, 2024",HJ,1.90m,,"6' 2.75"""
Caden,Thomas,Horizon League Indoor Track & Field Championship,"Feb 24-25, 2024",HJ,1.96m,,"6' 5"""
Caden,Thomas,PANTHER TUNE-UP,"Feb 17, 2024",HJ,1.90m,,"6' 2.75"""
Caden,Thomas,Illini Open,"Jan  6, 2024",HJ,1.98m,,"6' 6"""
Caden,Thomas,Horizon League Championship,"May  5- 7, 2023",HJ,2.00m,,"6' 6.75"""
Caden,Thomas,Clark Wood Open 2023,"Apr 28-29, 2023",HJ,1.90m,,"6' 2.75"""
Caden,Thomas,Marquette Invitational,"Apr 22, 2023",HJ,1.95m,,"6' 4.75"""
Caden,Thomas,Gibson Invitational & Multis,"Apr 13-15, 2023",HJ,1.90m,,"6' 2.75"""
Caden,Thomas,Fighting Illini Challenge,"Apr  8, 2023",HJ,NH,,NH
Caden,Thomas,2023 Horizon League Indoor Track & Field Championship,"Feb 25-26, 2023",HJ,1.96m,,"6' 5"""
Caden,Thomas,Panther Tune-Up,"Feb 18, 2023",HJ,1.90m,,"6' 2.75"""
Caden,Thomas,GVSU Big Meet (Friday),"Feb 10, 2023",HJ,1.91m,,"6' 3.25"""
Caden,Thomas,Jack Johnson Classic,"Jan 27-28, 2023",HJ,NH,,NH
Caden,Thomas,John Tierney Classic,"Jan 21, 2023",HJ,1.95m,,"6' 4.75"""
Caden,Thomas,Wisconsin Badgers Midwest Invite,"Jan 14, 2023",HJ,1.91m,,"6' 3.25"""
Bishop,Bufford,Joyce Morton-Kief Invite,"Mar 27-28, 2026",TJ,13.69m,(3.7),"44' 11"""
Bishop,Bufford,2026 Horizon League Indoor Track & Field Championship,"Feb 28-Mar  1, 2026",TJ,14.32m,,"46' 11.75"""
Bishop,Bufford,Panther Tune-up,"Feb 21, 2026",LJ,6.10m,,"20' 0.25"""
Bishop,Bufford,Panther Tune-up,"Feb 21, 2026",TJ,13.29m,,"43' 7.25"""
Bishop,Bufford,2026 Blue Demon Alumni Classic,"Feb 13, 2026",LJ,6.28m,,"20' 7.25"""
Bishop,Bufford,UW-La Crosse Mark Guthrie Legacy Invitational,"Feb  7, 2026",TJ,13.81m,,"45' 3.75"""
Bishop,Bufford,Larry Wieczorek Invitational,"Jan 23-24, 2026",TJ,13.87m,,"45' 6.25"""
Bishop,Bufford,Tierney Classic,"Jan 18, 2026",LJ,6.39m,,"20' 11.75"""
Bishop,Bufford,Tierney Classic,"Jan 18, 2026",TJ,13.97m,,"45' 10"""
Bishop,Bufford,Minnesota Open,"Jan 10, 2026",TJ,14.03m,,"46' 0.5"""
Bishop,Bufford,Horizon League Championship,"May  9-11, 2025",TJ,13.50m,(0.2),"44' 3.5"""
Bishop,Bufford,Gibson Invitational,"Apr 17-19, 2025",TJ,13.17m,(2.1),"43' 2.5"""
Bishop,Bufford,Marquette Invitational,"Apr 10-11, 2025",TJ,DNS,,NM
Bishop,Bufford,Ashton May Invitational,"Apr  5, 2025",TJ,13.38m,(2.0),"43' 10.75"""
Bishop,Bufford,Redbird Challenge,"Mar 28-29, 2025",TJ,13.73m,(2.1),"45' 0.5"""
Bishop,Bufford,2025 Horizon League Indoor Track & Field Championship,"Mar  1- 2, 2025",TJ,13.96m,,"45' 9.75"""
Bishop,Bufford,Panther Tune-up,"Feb 22, 2025",TJ,13.44m,,"44' 1.25"""
Bishop,Bufford,John Tierney Classic,"Jan 25, 2025",TJ,13.30m,,"43' 7.75"""
Bishop,Bufford,2024 Blue Demon Holiday Invite,"Dec 13, 2024",TJ,13.04m,,"42' 9.5"""
Bishop,Bufford,2024 Horizon League Outdoor Track & Field Championship,"May  3- 5, 2024",TJ,14.14m,(+0.0),"46' 4.75"""
Bishop,Bufford,Clark Wood Open 2024,"Apr 26-27, 2024",TJ,14.43m,(3.5),"47' 4.25"""
Bishop,Bufford,Gibson Invitational,"Apr 18-20, 2024",TJ,13.61m,(0.8),"44' 8"""
Bishop,Bufford,Marquette Invitational,"Apr 12, 2024",TJ,13.00m,(-1.6),"42' 8"""
Bishop,Bufford,Golden Grizzly T&F Invite,"Apr  6, 2024",LJ,6.23m,(1.4),"20' 5.25"""
Bishop,Bufford,Golden Grizzly T&F Invite,"Apr  6, 2024",TJ,13.25m,(2.1),"43' 5.75"""
Bishop,Bufford,Redbird Challenge,"Mar 29-30, 2024",TJ,13.12m,(1.8),"43' 0.5"""
Bishop,Bufford,Horizon League Indoor Track & Field Championship,"Feb 24-25, 2024",TJ,13.68m,,"44' 10.75"""
Bishop,Bufford,Illini Open,"Jan  6, 2024",TJ,13.62m,,"44' 8.25"""
Bishop,Bufford,2023 Blue Demon Holiday Invite,"Dec  8, 2023",TJ,14.11m,,"46' 3.5"""
Bishop,Bufford,Horizon League Championship,"May  5- 7, 2023",TJ,13.98m,(0.7),"45' 10.5"""
Bishop,Bufford,Clark Wood Open 2023,"Apr 28-29, 2023",TJ,13.91m,(1.9),"45' 7.75"""
Bishop,Bufford,Gary Wieneke Memorial,"Apr 21-22, 2023",TJ,13.71m,(0.6),"44' 11.75"""
Bishop,Bufford,Gibson Invitational & Multis,"Apr 13-15, 2023",LJ,6.18m,(1.8),"20' 3.5"""
Bishop,Bufford,Gibson Invitational & Multis,"Apr 13-15, 2023",TJ,13.76m,(1.0),"45' 1.75"""
Bishop,Bufford,Warrior Invitational,"Apr  6, 2023",LJ,6.25m,(0.1),"20' 6.25"""
Bishop,Bufford,Warrior Invitational,"Apr  6, 2023",TJ,12.80m,(2.1),"42' 0"""
Bishop,Bufford,2023 Horizon League Indoor Track & Field Championship,"Feb 25-26, 2023",LJ,6.20m,,"20' 4.25"""
Bishop,Bufford,2023 Horizon League Indoor Track & Field Championship,"Feb 25-26, 2023",TJ,13.89m,,"45' 7"""
Bishop,Bufford,Panther Tune-Up,"Feb 18, 2023",TJ,13.73m,,"45' 0.5"""
Bishop,Bufford,Mark Guthrie Legacy Invitational,"Feb  4, 2023",LJ,6.01m,,"19' 8.75"""
Bishop,Bufford,Mark Guthrie Legacy Invitational,"Feb  4, 2023",TJ,13.34m,,"43' 9.25"""
Bishop,Bufford,John Tierney Classic,"Jan 21, 2023",LJ,6.13m,,"20' 1.5"""
Bishop,Bufford,John Tierney Classic,"Jan 21, 2023",TJ,13.27m,,"43' 6.5"""
Bishop,Bufford,Wisconsin Badgers Midwest Invite,"Jan 14, 2023",LJ,5.81m,,"19' 0.75"""
Bishop,Bufford,Wisconsin Badgers Midwest Invite,"Jan 14, 2023",TJ,13.15m,,"43' 1.75"""
Bishop,Bufford,2022 Blue Demon Holiday Invite,"Dec  9, 2022",LJ,6.03m,,"19' 9.5"""
Bishop,Bufford,2022 Blue Demon Holiday Invite,"Dec  9, 2022",TJ,12.93m,,"42' 5.25"""
Anthony,Buford,Raleigh Relays,"Mar 26-28, 2026",400,48.69,,
Anthony,Buford,Raleigh Relays,"Mar 26-28, 2026",LJ,7.20m,(0.6),"23' 7.5"""
Anthony,Buford,2026 Horizon League Indoor Track & Field Championship,"Feb 28-Mar  1, 2026",400,48.79,,
Anthony,Buford,2026 Horizon League Indoor Track & Field Championship,"Feb 28-Mar  1, 2026",400,DQ,,
Anthony,Buford,2026 Horizon League Indoor Track & Field Championship,"Feb 28-Mar  1, 2026",LJ,6.37m,,"20' 10.75"""
Anthony,Buford,Panther Tune-up,"Feb 21, 2026",LJ,7.50m,,"24' 7.25"""
Anthony,Buford,GVSU Big Meet-Friday,"Feb 13, 2026",200,22.31,,
Anthony,Buford,GVSU Big Meet-Friday,"Feb 13, 2026",400,48.90,,
Anthony,Buford,GVSU Big Meet-Friday,"Feb 13, 2026",4x400,3:18.19,,
Anthony,Buford,Iowa State Classic,"Feb  6, 2026",400,49.58,,
Anthony,Buford,Iowa State Classic,"Feb  6, 2026",4x400,DNS,,
Anthony,Buford,2026 Meyo Invitational (Notre Dame Indoor T&F),"Jan 30-31, 2026",200,22.51,,
Anthony,Buford,2026 Meyo Invitational (Notre Dame Indoor T&F),"Jan 30-31, 2026",400,49.69,,
Anthony,Buford,Larry Wieczorek Invitational,"Jan 23-24, 2026",400,50.47,,
Anthony,Buford,Larry Wieczorek Invitational,"Jan 23-24, 2026",LJ,6.79m,,"22' 3.5"""
Anthony,Buford,Tierney Classic,"Jan 18, 2026",LJ,7.29m,,"23' 11"""
Anthony,Buford,Minnesota Open,"Jan 10, 2026",400,51.01,,
Anthony,Buford,Minnesota Open,"Jan 10, 2026",LJ,6.60m,,"21' 8"""
Anthony,Buford,2025 Blue Demon Holiday Invite,"Dec 12, 2025",300,35.11,,
Anthony,Buford,2025 Blue Demon Holiday Invite,"Dec 12, 2025",LJ,7.01m,,"23' 0"""
Anthony,Buford,UWL Final Qualifier,"May 14, 2025",LJ,7.01m,(0.5),"23' 0"""
Anthony,Buford,Horizon League Championship,"May  9-11, 2025",400,49.19,,
Anthony,Buford,Horizon League Championship,"May  9-11, 2025",400,49.98,,
Anthony,Buford,Horizon League Championship,"May  9-11, 2025",4x400,3:23.73,,
Anthony,Buford,Horizon League Championship,"May  9-11, 2025",LJ,7.39m,(1.9),"24' 3"""
Anthony,Buford,Badger Challenge,"May  2, 2025",200,22.44,(1.5),
Anthony,Buford,Fighting Illini Twilight,"Apr 26, 2025",400,DNS,,
Anthony,Buford,Fighting Illini Twilight,"Apr 26, 2025",LJ,7.10m,(0.9),"23' 3.5"""
Anthony,Buford,Gibson Invitational,"Apr 17-19, 2025",400,49.49,,
Anthony,Buford,Gibson Invitational,"Apr 17-19, 2025",4x400,3:26.23,,
Anthony,Buford,Duke Invitational,"Apr 10-12, 2025",400,49.52,,
Anthony,Buford,Duke Invitational,"Apr 10-12, 2025",LJ,7.03m,(-0.1),"23' 0.75"""
Anthony,Buford,Ashton May Invitational,"Apr  5, 2025",LJ,7.51m,(3.8),"24' 7.75"""
Anthony,Buford,Redbird Challenge,"Mar 28-29, 2025",400,DNS,,
Anthony,Buford,Redbird Challenge,"Mar 28-29, 2025",LJ,7.41m,(2.2),"24' 3.75"""
Anthony,Buford,2025 Horizon League Indoor Track & Field Championship,"Mar  1- 2, 2025",400,51.19,,
Anthony,Buford,2025 Horizon League Indoor Track & Field Championship,"Mar  1- 2, 2025",400,51.22,,
Anthony,Buford,2025 Horizon League Indoor Track & Field Championship,"Mar  1- 2, 2025",4x400,3:27.50,,
Anthony,Buford,2025 Horizon League Indoor Track & Field Championship,"Mar  1- 2, 2025",LJ,7.20m,,"23' 7.5"""
Anthony,Buford,Panther Tune-up,"Feb 22, 2025",400,DNS,,
Anthony,Buford,Panther Tune-up,"Feb 22, 2025",LJ,7.04m,,"23' 1.25"""
Anthony,Buford,GVSU Big Meet- Friday,"Feb 14, 2025",200,23.13,,
Anthony,Buford,GVSU Big Meet- Friday,"Feb 14, 2025",400,50.06,,
Anthony,Buford,UW-La Crosse Mark Guthrie Legacy Invitational,"Feb  8, 2025",400,50.65,,
Anthony,Buford,UW-La Crosse Mark Guthrie Legacy Invitational,"Feb  8, 2025",LJ,7.05m,,"23' 1.75"""
Anthony,Buford,Meyo Invitational (2025 Notre Dame Indoor Track & Field),"Jan 31-Feb  1, 2025",400,49.99,,
Anthony,Buford,Meyo Invitational (2025 Notre Dame Indoor Track & Field),"Jan 31-Feb  1, 2025",LJ,7.15m,(+0.0),"23' 5.5"""
Anthony,Buford,John Tierney Classic,"Jan 25, 2025",LJ,7.01m,,"23' 0"""
Noah,Gilbertsen,Joyce Morton-Kief Invite,"Mar 27-28, 2026",PV,NH,,NH
Noah,Gilbertsen,2026 Horizon League Indoor Track & Field Championship,"Feb 28-Mar  1, 2026",PV,NH,,NH
Noah,Gilbertsen,Panther Tune-up,"Feb 21, 2026",PV,NH,,NH
Noah,Gilbertsen,UW-La Crosse Mark Guthrie Legacy Invitational,"Feb  7, 2026",PV,4.40m,,"14' 5.25"""
Noah,Gilbertsen,Larry Wieczorek Invitational,"Jan 23-24, 2026",PV,4.25m,,"13' 11.25"""
Noah,Gilbertsen,Tierney Classic,"Jan 18, 2026",PV,4.30m,,"14' 1.25"""
Noah,Gilbertsen,Minnesota Open,"Jan 10, 2026",PV,NH,,NH
Noah,Gilbertsen,Horizon League Championship,"May  9-11, 2025",PV,NH,,
Noah,Gilbertsen,Badger Challenge,"May  2, 2025",PV,NH,,NH
Noah,Gilbertsen,UW-Whitewater Drake Alternative,"Apr 24, 2025",PV,4.32m,,"14' 2"""
Noah,Gilbertsen,Gibson Invitational,"Apr 17-19, 2025",PV,4.30m,,"14' 1.25"""
Noah,Gilbertsen,Marquette Invitational,"Apr 10-11, 2025",PV,4.28m,,"14' 0.5"""
Noah,Gilbertsen,Ashton May Invitational,"Apr  5, 2025",PV,4.31m,,"14' 1.75"""
Noah,Gilbertsen,Redbird Challenge,"Mar 28-29, 2025",PV,4.17m,,"13' 8.25"""
Noah,Gilbertsen,2025 Horizon League Indoor Track & Field Championship,"Mar  1- 2, 2025",PV,4.40m,,"14' 5.25"""
Noah,Gilbertsen,Panther Tune-up,"Feb 22, 2025",PV,4.55m,,"14' 11"""
Noah,Gilbertsen,UW-La Crosse Mark Guthrie Legacy Invitational,"Feb  8, 2025",PV,NH,,NH
Noah,Gilbertsen,Meyo Invitational (2025 Notre Dame Indoor Track & Field),"Jan 31-Feb  1, 2025",PV,NH,,
Noah,Gilbertsen,John Tierney Classic,"Jan 25, 2025",PV,4.40m,,"14' 5.25"""
Nick,O'Halloran,Tierney Classic,"Jan 18, 2026",SP,10.89m,,"35' 8.75"""
Nick,O'Halloran,Horizon League Championship,"May  9-11, 2025",Dec,4151,,
Nick,O'Halloran,Horizon League Championship,"May  9-11, 2025",1500,6:15.39,,
Nick,O'Halloran,Horizon League Championship,"May  9-11, 2025",JT,30.23m,,"99' 2"""
Nick,O'Halloran,Horizon League Championship,"May  9-11, 2025",PV,3.40m,,"11' 1.75"""
Nick,O'Halloran,Horizon League Championship,"May  9-11, 2025",DT,29.78m,,"97' 8"""
Nick,O'Halloran,Horizon League Championship,"May  9-11, 2025",110H,20.24,(0.9),
Nick,O'Halloran,Horizon League Championship,"May  9-11, 2025",400,58.99,,
Nick,O'Halloran,Horizon League Championship,"May  9-11, 2025",HJ,1.55m,,"5' 1"""
Nick,O'Halloran,Horizon League Championship,"May  9-11, 2025",SP,10.38m,,"34' 0.75"""
Nick,O'Halloran,Horizon League Championship,"May  9-11, 2025",LJ,5.14m,(2.2),"16' 10.5"""
Nick,O'Halloran,Horizon League Championship,"May  9-11, 2025",100,12.23,(1.6),
Nick,O'Halloran,Badger Challenge,"May  2, 2025",SP,11.36m,,"37' 3.25"""
Nick,O'Halloran,Badger Challenge,"May  2, 2025",DT,34.59m,,"113' 6"""
Nick,O'Halloran,Badger Challenge,"May  2, 2025",JT,26.81m,,"87' 11"""
Nick,O'Halloran,Gibson Invitational,"Apr 17-19, 2025",Dec,4054,,
Nick,O'Halloran,Gibson Invitational,"Apr 17-19, 2025",100,12.16,(2.3),
Nick,O'Halloran,Gibson Invitational,"Apr 17-19, 2025",LJ,4.97m,(3.5),"16' 3.75"""
Nick,O'Halloran,Gibson Invitational,"Apr 17-19, 2025",SP,10.92m,,"35' 10"""
Nick,O'Halloran,Gibson Invitational,"Apr 17-19, 2025",HJ,1.43m,,"4' 8.25"""
Nick,O'Halloran,Gibson Invitational,"Apr 17-19, 2025",400,59.40,,
Nick,O'Halloran,Gibson Invitational,"Apr 17-19, 2025",110H,20.06,(5.1),
Nick,O'Halloran,Gibson Invitational,"Apr 17-19, 2025",DT,31.62m,,"103' 9"""
Nick,O'Halloran,Gibson Invitational,"Apr 17-19, 2025",PV,3.55m,,"11' 7.75"""
Nick,O'Halloran,Gibson Invitational,"Apr 17-19, 2025",JT,27.60m,,"90' 7"""
Nick,O'Halloran,Gibson Invitational,"Apr 17-19, 2025",1500,6:34.14,,
Nick,O'Halloran,Marquette Invitational,"Apr 10-11, 2025",100,12.21,(1.7),
Nick,O'Halloran,Marquette Invitational,"Apr 10-11, 2025",110H,20.67,(2.2),
Nick,O'Halloran,Marquette Invitational,"Apr 10-11, 2025",LJ,5.17m,(-0.2),"16' 11.5"""
Nick,O'Halloran,Marquette Invitational,"Apr 10-11, 2025",SP,10.29m,,"33' 9.25"""
Nick,O'Halloran,Ashton May Invitational,"Apr  5, 2025",HJ,NH,,NH
Nick,O'Halloran,Ashton May Invitational,"Apr  5, 2025",PV,NH,,NH
Nick,O'Halloran,Ashton May Invitational,"Apr  5, 2025",JT,28.79m,,"94' 5"""
Nick,O'Halloran,Redbird Challenge,"Mar 28-29, 2025",LJ,5.09m,(5.7),"16' 8.5"""
Nick,O'Halloran,Redbird Challenge,"Mar 28-29, 2025",SP,10.61m,,"34' 9.75"""
Nick,O'Halloran,Redbird Challenge,"Mar 28-29, 2025",DT,31.34m,,"102' 10"""
Nick,O'Halloran,Redbird Challenge,"Mar 28-29, 2025",JT,DNS,,NM
Nick,O'Halloran,2025 Horizon League Indoor Track & Field Championship,"Mar  1- 2, 2025",Hep,2637,,
Nick,O'Halloran,2025 Horizon League Indoor Track & Field Championship,"Mar  1- 2, 2025",60,7.84,,
Nick,O'Halloran,2025 Horizon League Indoor Track & Field Championship,"Mar  1- 2, 2025",LJ,5.21m,,"17' 1.25"""
Nick,O'Halloran,2025 Horizon League Indoor Track & Field Championship,"Mar  1- 2, 2025",SP,10.82m,,"35' 6"""
Nick,O'Halloran,2025 Horizon League Indoor Track & Field Championship,"Mar  1- 2, 2025",HJ,1.52m,,"4' 11.75"""
Nick,O'Halloran,2025 Horizon League Indoor Track & Field Championship,"Mar  1- 2, 2025",60H,DQ,,
Nick,O'Halloran,2025 Horizon League Indoor Track & Field Championship,"Mar  1- 2, 2025",PV,3.10m,,"10' 2"""
Nick,O'Halloran,2025 Horizon League Indoor Track & Field Championship,"Mar  1- 2, 2025",1000,3:45.75,,
Nick,O'Halloran,Panther Tune-up,"Feb 22, 2025",60H,11.65,,
Nick,O'Halloran,Panther Tune-up,"Feb 22, 2025",HJ,1.53m,,"5' 0.25"""
Nick,O'Halloran,Panther Tune-up,"Feb 22, 2025",PV,3.20m,,"10' 6"""
Nick,O'Halloran,Panther Tune-up,"Feb 22, 2025",SP,11.43m,,"37' 6"""
Nick,O'Halloran,UW-La Crosse Mark Guthrie Legacy Invitational,"Feb  8, 2025",LJ,5.14m,,"16' 10.5"""
Nick,O'Halloran,UW-La Crosse Mark Guthrie Legacy Invitational,"Feb  8, 2025",SP,10.99m,,"36' 0.75"""
Nick,O'Halloran,John Tierney Classic,"Jan 25, 2025",PV,NH,,NH
Nick,O'Halloran,John Tierney Classic,"Jan 25, 2025",SP,10.42m,,"34' 2.25"""
Nick,O'Halloran,Mastodon Invitational 2025,"Jan 17-18, 2025",Hep,2844,,
Nick,O'Halloran,Mastodon Invitational 2025,"Jan 17-18, 2025",1000,3:54.26,,
Nick,O'Halloran,Mastodon Invitational 2025,"Jan 17-18, 2025",PV,3.10m,,"10' 2"""
Nick,O'Halloran,Mastodon Invitational 2025,"Jan 17-18, 2025",60H,11.38,,
Nick,O'Halloran,Mastodon Invitational 2025,"Jan 17-18, 2025",HJ,1.48m,,"4' 10.25"""
Nick,O'Halloran,Mastodon Invitational 2025,"Jan 17-18, 2025",SP,11.20m,,"36' 9"""
Nick,O'Halloran,Mastodon Invitational 2025,"Jan 17-18, 2025",LJ,5.12m,,"16' 9.75"""
Nick,O'Halloran,Mastodon Invitational 2025,"Jan 17-18, 2025",60,7.92,,
Nick,O'Halloran,Badgers Midwest Invite,"Jan 11, 2025",LJ,5.18m,,"17' 0"""
Nick,O'Halloran,Badgers Midwest Invite,"Jan 11, 2025",SP,9.95m,,"32' 7.75"""
Kieran,Schindler,GVSU Big Meet-Friday,"Feb 13, 2026",400,51.91,,
Kieran,Schindler,Larry Wieczorek Invitational,"Jan 23-24, 2026",200,23.73,,
Kieran,Schindler,Larry Wieczorek Invitational,"Jan 23-24, 2026",400,DNS,,
Kieran,Schindler,Tierney Classic,"Jan 18, 2026",200,23.33,,
Kieran,Schindler,Tierney Classic,"Jan 18, 2026",4x400,3:28.52,,
Kieran,Schindler,Minnesota Open,"Jan 10, 2026",200,DNS,,
Kieran,Schindler,Horizon League Championship,"May  9-11, 2025",400,51.09,,
Kieran,Schindler,Horizon League Championship,"May  9-11, 2025",4x400,3:23.73,,
Kieran,Schindler,Badger Challenge,"May  2, 2025",200,23.00,(0.6),
Kieran,Schindler,Badger Challenge,"May  2, 2025",400,50.93,,
Kieran,Schindler,Fighting Illini Twilight,"Apr 26, 2025",400,51.93,,
Kieran,Schindler,Gibson Invitational,"Apr 17-19, 2025",400,50.82,,
Kieran,Schindler,Gibson Invitational,"Apr 17-19, 2025",4x400,3:26.23,,
Kieran,Schindler,Marquette Invitational,"Apr 10-11, 2025",400,50.19,,
Kieran,Schindler,Marquette Invitational,"Apr 10-11, 2025",4x400,3:33.34,,
Kieran,Schindler,Redbird Challenge,"Mar 28-29, 2025",200,DNS,,
Kieran,Schindler,Redbird Challenge,"Mar 28-29, 2025",400,DNS,,
Kieran,Schindler,2025 Horizon League Indoor Track & Field Championship,"Mar  1- 2, 2025",400,52.10,,
Kieran,Schindler,2025 Horizon League Indoor Track & Field Championship,"Mar  1- 2, 2025",4x400,3:27.50,,
Kieran,Schindler,2025 Horizon League Indoor Track & Field Championship,"Mar  1- 2, 2025",DMR,10:21.17,,
Kieran,Schindler,Panther Tune-up,"Feb 22, 2025",200,DNS,,
Kieran,Schindler,Panther Tune-up,"Feb 22, 2025",400,51.98,,
Kieran,Schindler,GVSU Big Meet- Friday,"Feb 14, 2025",200,23.09,,
Kieran,Schindler,GVSU Big Meet- Friday,"Feb 14, 2025",400,50.89,,
Kieran,Schindler,UW-La Crosse Mark Guthrie Legacy Invitational,"Feb  8, 2025",200,22.90,,
Kieran,Schindler,UW-La Crosse Mark Guthrie Legacy Invitational,"Feb  8, 2025",400,51.41,,
Kieran,Schindler,UW-La Crosse Mark Guthrie Legacy Invitational,"Feb  8, 2025",4x400,3:30.58,,
Kieran,Schindler,John Tierney Classic,"Jan 25, 2025",200,DNS,,
Kieran,Schindler,John Tierney Classic,"Jan 25, 2025",400,52.84,,
Kieran,Schindler,John Tierney Classic,"Jan 25, 2025",4x400,DNF,,
Kieran,Schindler,Badgers Midwest Invite,"Jan 11, 2025",300,36.42,,
Ethan,Criter,Joyce Morton-Kief Invite,"Mar 27-28, 2026",400H,DNS,,
Ethan,Criter,2026 Horizon League Indoor Track & Field Championship,"Feb 28-Mar  1, 2026",60H,8.57,,
Ethan,Criter,Panther Tune-up,"Feb 21, 2026",60H,8.59,,
Ethan,Criter,Panther Tune-up,"Feb 21, 2026",60H,8.83,,
Ethan,Criter,GVSU Big Meet-Friday,"Feb 13, 2026",200,23.66,,
Ethan,Criter,GVSU Big Meet-Friday,"Feb 13, 2026",60H,8.89,,
Ethan,Criter,2026 Meyo Invitational (Notre Dame Indoor T&F),"Jan 30-31, 2026",400,52.49,,
Ethan,Criter,2026 Meyo Invitational (Notre Dame Indoor T&F),"Jan 30-31, 2026",60H,9.12,,
Ethan,Criter,Larry Wieczorek Invitational,"Jan 23-24, 2026",200,23.63,,
Ethan,Criter,Larry Wieczorek Invitational,"Jan 23-24, 2026",60H,8.68,,
Ethan,Criter,Tierney Classic,"Jan 18, 2026",60,7.33,,
Ethan,Criter,Tierney Classic,"Jan 18, 2026",60,7.25,,
Ethan,Criter,Tierney Classic,"Jan 18, 2026",60H,8.67,,
Ethan,Criter,Minnesota Open,"Jan 10, 2026",400,54.17,,
Ethan,Criter,Minnesota Open,"Jan 10, 2026",60H,DNS,,
Ethan,Criter,2025 Blue Demon Holiday Invite,"Dec 12, 2025",60H,8.71,,
Ethan,Criter,Horizon League Championship,"May  9-11, 2025",400H,DNF,,
Ethan,Criter,Badger Challenge,"May  2, 2025",110H,16.44,(-0.2),
Ethan,Criter,Fighting Illini Twilight,"Apr 26, 2025",400H,57.87,,
Ethan,Criter,Gibson Invitational,"Apr 17-19, 2025",400H,59.03,,
Ethan,Criter,Marquette Invitational,"Apr 10-11, 2025",400H,57.37,,
Ethan,Criter,Marquette Invitational,"Apr 10-11, 2025",4x400,3:33.34,,
Ethan,Criter,Redbird Challenge,"Mar 28-29, 2025",110H,DNS,,
Ethan,Criter,2025 Horizon League Indoor Track & Field Championship,"Mar  1- 2, 2025",60H,9.05,,
Ethan,Criter,2025 Horizon League Indoor Track & Field Championship,"Mar  1- 2, 2025",60H,8.79,,
Ethan,Criter,Panther Tune-up,"Feb 22, 2025",60H,8.98,,
Ethan,Criter,Panther Tune-up,"Feb 22, 2025",60H,8.87,,
Ethan,Criter,UW-La Crosse Mark Guthrie Legacy Invitational,"Feb  8, 2025",200,24.21,,
Ethan,Criter,UW-La Crosse Mark Guthrie Legacy Invitational,"Feb  8, 2025",60H,8.81,,
Ethan,Criter,UW-La Crosse Mark Guthrie Legacy Invitational,"Feb  8, 2025",4x400,3:30.58,,
Ethan,Criter,John Tierney Classic,"Jan 25, 2025",400,DNS,,
Ethan,Criter,John Tierney Classic,"Jan 25, 2025",60H,9.09,,
Ethan,Criter,John Tierney Classic,"Jan 25, 2025",60H,8.96,,
Ethan,Criter,John Tierney Classic,"Jan 25, 2025",4x400,DNF,,
Ethan,Criter,Badgers Midwest Invite,"Jan 11, 2025",300,37.52,,
Ethan,Criter,Badgers Midwest Invite,"Jan 11, 2025",60H,8.88,,
Ethan,Criter,2024 Blue Demon Holiday Invite,"Dec 13, 2024",60H,8.75,,
Ethan,Criter,2024 Horizon League Outdoor Track & Field Championship,"May  3- 5, 2024",400H,58.80,,
Ethan,Criter,2024 Horizon League Outdoor Track & Field Championship,"May  3- 5, 2024",400H,58.48,,
Ethan,Criter,Clark Wood Open 2024,"Apr 26-27, 2024",110H,16.97,(2.2),
Ethan,Criter,Clark Wood Open 2024,"Apr 26-27, 2024",400H,59.47,,
Ethan,Criter,Gibson Invitational,"Apr 18-20, 2024",110H,16.54,(-0.2),
Ethan,Criter,Gibson Invitational,"Apr 18-20, 2024",400H,58.48,,
Ethan,Criter,Marquette Invitational,"Apr 12, 2024",110H,17.24,(1.5),
Ethan,Criter,Golden Grizzly T&F Invite,"Apr  6, 2024",110H,16.47,(3.0),
Ethan,Criter,Golden Grizzly T&F Invite,"Apr  6, 2024",400H,58.75,,
Ethan,Criter,Golden Grizzly T&F Invite,"Apr  6, 2024",4x400,3:17.14,,
Ethan,Criter,Redbird Challenge,"Mar 29-30, 2024",110H,16.67,(0.8),
Ethan,Criter,Redbird Challenge,"Mar 29-30, 2024",110H,16.77,(0.1),
Ethan,Criter,Redbird Challenge,"Mar 29-30, 2024",400H,59.47,,
Ethan,Criter,Horizon League Indoor Track & Field Championship,"Feb 24-25, 2024",60H,8.91,,
Ethan,Criter,Horizon League Indoor Track & Field Championship,"Feb 24-25, 2024",60H,8.81,,
Ethan,Criter,PANTHER TUNE-UP,"Feb 17, 2024",60H,8.97,,
Ethan,Criter,Mark Guthrie Legacy Invite,"Feb  3, 2024",400,53.83,,
Ethan,Criter,Mark Guthrie Legacy Invite,"Feb  3, 2024",60H,8.88,,
Ethan,Criter,John Tierney Classic,"Jan 20, 2024",400,54.07,,
Ethan,Criter,John Tierney Classic,"Jan 20, 2024",60H,9.25,,
Ethan,Criter,John Tierney Classic,"Jan 20, 2024",60H,9.04,,
Ethan,Criter,Badgers Midwest Invite,"Jan 13, 2024",300,37.58,,
Ethan,Criter,Badgers Midwest Invite,"Jan 13, 2024",60H,8.97,,
Ethan,Criter,2023 Blue Demon Holiday Invite,"Dec  8, 2023",60H,9.05,,
Ethan,Criter,2023 Blue Demon Holiday Invite,"Dec  8, 2023",4x400,3:34.38,,
Alexander,Maggit,2026 Horizon League Indoor Track & Field Championship,"Feb 28-Mar  1, 2026",LJ,6.78m,,"22' 3"""
Alexander,Maggit,Panther Tune-up,"Feb 21, 2026",LJ,6.70m,,"21' 11.75"""
Alexander,Maggit,2026 Blue Demon Alumni Classic,"Feb 13, 2026",LJ,6.49m,,"21' 3.5"""
Alexander,Maggit,UW-La Crosse Mark Guthrie Legacy Invitational,"Feb  7, 2026",LJ,6.23m,,"20' 5.25"""
Alexander,Maggit,Tierney Classic,"Jan 18, 2026",LJ,6.46m,,"21' 2.5"""
Alexander,Maggit,2025 Blue Demon Holiday Invite,"Dec 12, 2025",LJ,6.26m,,"20' 6.5"""
Alexander,Maggit,Horizon League Championship,"May  9-11, 2025",LJ,6.74m,(1.6),"22' 1.5"""
Alexander,Maggit,Badger Challenge,"May  2, 2025",LJ,6.58m,(0.1),"21' 7.25"""
Alexander,Maggit,UW-Whitewater Drake Alternative,"Apr 24, 2025",LJ,6.35m,(0.9),"20' 10"""
Alexander,Maggit,Marquette Invitational,"Apr 10-11, 2025",LJ,6.45m,(-0.2),"21' 2"""
Alexander,Maggit,Ashton May Invitational,"Apr  5, 2025",LJ,6.50m,(3.0),"21' 4"""
Alexander,Maggit,Redbird Challenge,"Mar 28-29, 2025",LJ,6.32m,(3.3),"20' 9"""
Alexander,Maggit,2025 Horizon League Indoor Track & Field Championship,"Mar  1- 2, 2025",LJ,6.45m,,"21' 2"""
Alexander,Maggit,Panther Tune-up,"Feb 22, 2025",LJ,6.70m,,"21' 11.75"""
Alexander,Maggit,John Tierney Classic,"Jan 25, 2025",LJ,6.64m,,"21' 9.5"""
Alexander,Maggit,Badgers Midwest Invite,"Jan 11, 2025",LJ,6.29m,,"20' 7.75"""
Alexander,Maggit,2024 Horizon League Outdoor Track & Field Championship,"May  3- 5, 2024",LJ,6.92m,(1.5),"22' 8.5"""
Alexander,Maggit,UW-Whitewater Drake Alternative,"Apr 25, 2024",LJ,6.77m,(2.0),"22' 2.5"""
Alexander,Maggit,Gibson Invitational,"Apr 18-20, 2024",LJ,6.61m,(+0.0),"21' 8.25"""
Alexander,Maggit,Marquette Invitational,"Apr 12, 2024",LJ,6.41m,(3.0),"21' 0.5"""
Alexander,Maggit,Redbird Challenge,"Mar 29-30, 2024",LJ,6.37m,,"20' 10.75"""
Alexander,Maggit,Horizon League Indoor Track & Field Championship,"Feb 24-25, 2024",LJ,6.65m,,"21' 10"""
Alexander,Maggit,PANTHER TUNE-UP,"Feb 17, 2024",60,7.16,,
Alexander,Maggit,PANTHER TUNE-UP,"Feb 17, 2024",60,7.21,,
Alexander,Maggit,PANTHER TUNE-UP,"Feb 17, 2024",LJ,6.72m,,"22' 0.75"""
Alexander,Maggit,Mark Guthrie Legacy Invite,"Feb  3, 2024",LJ,6.70m,,"21' 11.75"""
Alexander,Maggit,Illini Challenge,"Jan 26-27, 2024",LJ,6.42m,,"21' 0.75"""
Alexander,Maggit,John Tierney Classic,"Jan 20, 2024",LJ,6.66m,,"21' 10.25"""
Alexander,Maggit,Illini Open,"Jan  6, 2024",60,7.28,,
Alexander,Maggit,Illini Open,"Jan  6, 2024",LJ,6.25m,,"20' 6.25"""
Alexander,Maggit,2023 Blue Demon Holiday Invite,"Dec  8, 2023",LJ,6.81m,,"22' 4.25"""
Liam,Richards,Horizon League Championship,"May  9-11, 2025",110H,14.81,(0.9),
Liam,Richards,Horizon League Championship,"May  9-11, 2025",110H,14.97,(1.7),
Liam,Richards,Horizon League Championship,"May  9-11, 2025",PV,4.41m,,"14' 5.5"""
Liam,Richards,Horizon League Championship,"May  9-11, 2025",JT,46.55m,,"152' 9"""
Liam,Richards,Horizon League Championship,"May  9-11, 2025",Dec,7038,,
Liam,Richards,Horizon League Championship,"May  9-11, 2025",1500,5:06.44,,
Liam,Richards,Horizon League Championship,"May  9-11, 2025",JT,46.70m,,"153' 2"""
Liam,Richards,Horizon League Championship,"May  9-11, 2025",PV,4.20m,,"13' 9.25"""
Liam,Richards,Horizon League Championship,"May  9-11, 2025",DT,42.59m,,"139' 9"""
Liam,Richards,Horizon League Championship,"May  9-11, 2025",110H,15.36,(0.9),
Liam,Richards,Horizon League Championship,"May  9-11, 2025",400,51.76,,
Liam,Richards,Horizon League Championship,"May  9-11, 2025",HJ,1.88m,,"6' 2"""
Liam,Richards,Horizon League Championship,"May  9-11, 2025",SP,12.97m,,"42' 6.75"""
Liam,Richards,Horizon League Championship,"May  9-11, 2025",LJ,6.86m,(2.5),"22' 6.25"""
Liam,Richards,Horizon League Championship,"May  9-11, 2025",100,10.82,(1.6),
Liam,Richards,Badger Challenge,"May  2, 2025",SP,12.52m,,"41' 1"""
Liam,Richards,Badger Challenge,"May  2, 2025",DT,36.35m,,"119' 3"""
Liam,Richards,Fighting Illini Twilight,"Apr 26, 2025",110H,15.02,(2.6),
Liam,Richards,Fighting Illini Twilight,"Apr 26, 2025",LJ,6.96m,(3.1),"22' 10"""
Liam,Richards,Fighting Illini Twilight,"Apr 26, 2025",JT,47.66m,,"156' 4"""
Liam,Richards,Duke Invitational,"Apr 10-12, 2025",Dec,6959,,
Liam,Richards,Duke Invitational,"Apr 10-12, 2025",100,10.93,(-0.1),
Liam,Richards,Duke Invitational,"Apr 10-12, 2025",LJ,6.96m,(0.3),"22' 10"""
Liam,Richards,Duke Invitational,"Apr 10-12, 2025",SP,12.13m,,"39' 9.75"""
Liam,Richards,Duke Invitational,"Apr 10-12, 2025",HJ,1.87m,,"6' 1.5"""
Liam,Richards,Duke Invitational,"Apr 10-12, 2025",400,50.30,,
Liam,Richards,Duke Invitational,"Apr 10-12, 2025",110H,14.75,(0.4),
Liam,Richards,Duke Invitational,"Apr 10-12, 2025",DT,35.99m,,"118' 1"""
Liam,Richards,Duke Invitational,"Apr 10-12, 2025",PV,4.00m,,"13' 1.5"""
Liam,Richards,Duke Invitational,"Apr 10-12, 2025",JT,45.95m,,"150' 9"""
Liam,Richards,Duke Invitational,"Apr 10-12, 2025",1500,4:58.66,,
Liam,Richards,Ashton May Invitational,"Apr  5, 2025",DT,37.16m,,"121' 11"""
Liam,Richards,Ashton May Invitational,"Apr  5, 2025",JT,44.27m,,"145' 3"""
Liam,Richards,Redbird Challenge,"Mar 28-29, 2025",400,DNS,,
Liam,Richards,Redbird Challenge,"Mar 28-29, 2025",110H,15.10,(1.9),
Liam,Richards,Redbird Challenge,"Mar 28-29, 2025",110H,DNS,,
Liam,Richards,Redbird Challenge,"Mar 28-29, 2025",LJ,6.50m,(2.8),"21' 4"""
Liam,Richards,Redbird Challenge,"Mar 28-29, 2025",DT,25.63m,,"84' 1"""
Liam,Richards,Redbird Challenge,"Mar 28-29, 2025",JT,45.89m,,"150' 7"""
Liam,Richards,2025 Horizon League Indoor Track & Field Championship,"Mar  1- 2, 2025",LJ,6.81m,,"22' 4.25"""
Liam,Richards,2025 Horizon League Indoor Track & Field Championship,"Mar  1- 2, 2025",Hep,5125,,
Liam,Richards,2025 Horizon League Indoor Track & Field Championship,"Mar  1- 2, 2025",60,7.10,,
Liam,Richards,2025 Horizon League Indoor Track & Field Championship,"Mar  1- 2, 2025",LJ,7.09m,,"23' 3.25"""
Liam,Richards,2025 Horizon League Indoor Track & Field Championship,"Mar  1- 2, 2025",SP,12.49m,,"40' 11.75"""
Liam,Richards,2025 Horizon League Indoor Track & Field Championship,"Mar  1- 2, 2025",HJ,1.88m,,"6' 2"""
Liam,Richards,2025 Horizon League Indoor Track & Field Championship,"Mar  1- 2, 2025",60H,8.42,,
Liam,Richards,2025 Horizon League Indoor Track & Field Championship,"Mar  1- 2, 2025",PV,4.20m,,"13' 9.25"""
Liam,Richards,2025 Horizon League Indoor Track & Field Championship,"Mar  1- 2, 2025",1000,3:11.13,,
Liam,Richards,Panther Tune-up,"Feb 22, 2025",60H,DNS,,
Liam,Richards,Panther Tune-up,"Feb 22, 2025",PV,4.55m,,"14' 11"""
Liam,Richards,Panther Tune-up,"Feb 22, 2025",LJ,6.94m,,"22' 9.25"""
Liam,Richards,Panther Tune-up,"Feb 22, 2025",SP,12.44m,,"40' 9.75"""
Liam,Richards,UW-La Crosse Mark Guthrie Legacy Invitational,"Feb  8, 2025",60H,8.21,,
Liam,Richards,UW-La Crosse Mark Guthrie Legacy Invitational,"Feb  8, 2025",60H,8.30,,
Liam,Richards,UW-La Crosse Mark Guthrie Legacy Invitational,"Feb  8, 2025",PV,4.10m,,"13' 5.25"""
Liam,Richards,UW-La Crosse Mark Guthrie Legacy Invitational,"Feb  8, 2025",LJ,6.84m,,"22' 5.25"""
Liam,Richards,UW-La Crosse Mark Guthrie Legacy Invitational,"Feb  8, 2025",SP,12.09m,,"39' 8"""
Liam,Richards,John Tierney Classic,"Jan 25, 2025",SP,11.89m,,"39' 0.25"""
Liam,Richards,Mastodon Invitational 2025,"Jan 17-18, 2025",Hep,4269,,
Liam,Richards,Mastodon Invitational 2025,"Jan 17-18, 2025",1000,3:02.15,,
Liam,Richards,Mastodon Invitational 2025,"Jan 17-18, 2025",PV,4.30m,,"14' 1.25"""
Liam,Richards,Mastodon Invitational 2025,"Jan 17-18, 2025",60H,DNF,,
Liam,Richards,Mastodon Invitational 2025,"Jan 17-18, 2025",HJ,1.90m,,"6' 2.75"""
Liam,Richards,Mastodon Invitational 2025,"Jan 17-18, 2025",SP,12.34m,,"40' 6"""
Liam,Richards,Mastodon Invitational 2025,"Jan 17-18, 2025",LJ,6.65m,,"21' 10"""
Liam,Richards,Mastodon Invitational 2025,"Jan 17-18, 2025",60,7.09,,
Liam,Richards,Badgers Midwest Invite,"Jan 11, 2025",60H,8.36,,
Liam,Richards,Badgers Midwest Invite,"Jan 11, 2025",60H,8.39,,
Liam,Richards,Badgers Midwest Invite,"Jan 11, 2025",LJ,6.76m,,"22' 2.25"""
Liam,Richards,Badgers Midwest Invite,"Jan 11, 2025",SP,11.88m,,"38' 11.75"""
Liam,Richards,2024 Horizon League Outdoor Track & Field Championship,"May  3- 5, 2024",110H,15.42,(1.4),
Liam,Richards,2024 Horizon League Outdoor Track & Field Championship,"May  3- 5, 2024",LJ,6.67m,(-1.6),"21' 10.75"""
Liam,Richards,2024 Horizon League Outdoor Track & Field Championship,"May  3- 5, 2024",JT,50.41m,,"165' 5"""
Liam,Richards,2024 Horizon League Outdoor Track & Field Championship,"May  3- 5, 2024",Dec,6332,,
Liam,Richards,2024 Horizon League Outdoor Track & Field Championship,"May  3- 5, 2024",100,11.15,(-1.0),
Liam,Richards,2024 Horizon League Outdoor Track & Field Championship,"May  3- 5, 2024",LJ,6.61m,(-1.8),"21' 8.25"""
Liam,Richards,2024 Horizon League Outdoor Track & Field Championship,"May  3- 5, 2024",SP,11.51m,,"37' 9.25"""
Liam,Richards,2024 Horizon League Outdoor Track & Field Championship,"May  3- 5, 2024",HJ,1.76m,,"5' 9.25"""
Liam,Richards,2024 Horizon League Outdoor Track & Field Championship,"May  3- 5, 2024",400,52.24,,
Liam,Richards,2024 Horizon League Outdoor Track & Field Championship,"May  3- 5, 2024",110H,15.60,(-0.1),
Liam,Richards,2024 Horizon League Outdoor Track & Field Championship,"May  3- 5, 2024",DT,33.58m,,"110' 2"""
Liam,Richards,2024 Horizon League Outdoor Track & Field Championship,"May  3- 5, 2024",PV,4.10m,,"13' 5.25"""
Liam,Richards,2024 Horizon League Outdoor Track & Field Championship,"May  3- 5, 2024",JT,45.67m,,"149' 10"""
Liam,Richards,2024 Horizon League Outdoor Track & Field Championship,"May  3- 5, 2024",1500,5:26.87,,
Liam,Richards,Gary Wieneke Memorial,"Apr 13, 2024",400,52.34,,
Liam,Richards,Gary Wieneke Memorial,"Apr 13, 2024",110H,32.38,(2.7),
Liam,Richards,Gary Wieneke Memorial,"Apr 13, 2024",LJ,7.18m,(3.3),"23' 6.75"""
Liam,Richards,Marquette Invitational,"Apr 12, 2024",DT,29.08m,,"95' 5"""
Liam,Richards,Golden Grizzly T&F Invite,"Apr  6, 2024",110H,15.03,(2.2),
Liam,Richards,Golden Grizzly T&F Invite,"Apr  6, 2024",110H,15.05,(2.5),
Liam,Richards,Golden Grizzly T&F Invite,"Apr  6, 2024",HJ,NH,,NH
Liam,Richards,Golden Grizzly T&F Invite,"Apr  6, 2024",PV,NH,,NH
Liam,Richards,Golden Grizzly T&F Invite,"Apr  6, 2024",DT,31.52m,,"103' 5"""
Liam,Richards,Redbird Challenge,"Mar 29-30, 2024",400,52.60,,
Liam,Richards,Redbird Challenge,"Mar 29-30, 2024",110H,15.15,(0.8),
Liam,Richards,Redbird Challenge,"Mar 29-30, 2024",110H,15.08,(0.1),
Liam,Richards,Redbird Challenge,"Mar 29-30, 2024",HJ,1.75m,,"5' 8.75"""
Liam,Richards,Redbird Challenge,"Mar 29-30, 2024",JT,48.32m,,"158' 6"""
Liam,Richards,Horizon League Indoor Track & Field Championship,"Feb 24-25, 2024",60H,8.32,,
Liam,Richards,Horizon League Indoor Track & Field Championship,"Feb 24-25, 2024",60H,8.45,,
Liam,Richards,Horizon League Indoor Track & Field Championship,"Feb 24-25, 2024",LJ,6.93m,,"22' 9"""
Liam,Richards,Horizon League Indoor Track & Field Championship,"Feb 24-25, 2024",Hep,4833,,
Liam,Richards,Horizon League Indoor Track & Field Championship,"Feb 24-25, 2024",60,7.09,,
Liam,Richards,Horizon League Indoor Track & Field Championship,"Feb 24-25, 2024",LJ,7.05m,,"23' 1.75"""
Liam,Richards,Horizon League Indoor Track & Field Championship,"Feb 24-25, 2024",SP,10.99m,,"36' 0.75"""
Liam,Richards,Horizon League Indoor Track & Field Championship,"Feb 24-25, 2024",HJ,1.76m,,"5' 9.25"""
Liam,Richards,Horizon League Indoor Track & Field Championship,"Feb 24-25, 2024",60H,8.47,,
Liam,Richards,Horizon League Indoor Track & Field Championship,"Feb 24-25, 2024",PV,3.70m,,"12' 1.5"""
Liam,Richards,Horizon League Indoor Track & Field Championship,"Feb 24-25, 2024",1000,3:05.03,,
Liam,Richards,PANTHER TUNE-UP,"Feb 17, 2024",60H,8.34,,
Liam,Richards,PANTHER TUNE-UP,"Feb 17, 2024",PV,3.50m,,"11' 5.75"""
Liam,Richards,PANTHER TUNE-UP,"Feb 17, 2024",SP,9.91m,,"32' 6.25"""
Liam,Richards,Mark Guthrie Legacy Invite,"Feb  3, 2024",60H,8.44,,
Liam,Richards,Mark Guthrie Legacy Invite,"Feb  3, 2024",60H,8.36,,
Liam,Richards,Mark Guthrie Legacy Invite,"Feb  3, 2024",LJ,6.79m,,"22' 3.5"""
Liam,Richards,Mark Guthrie Legacy Invite,"Feb  3, 2024",SP,10.81m,,"35' 5.75"""
Liam,Richards,John Tierney Classic,"Jan 20, 2024",60H,8.31,,
Liam,Richards,John Tierney Classic,"Jan 20, 2024",HJ,1.80m,,"5' 10.75"""
Liam,Richards,John Tierney Classic,"Jan 20, 2024",PV,3.80m,,"12' 5.5"""
Liam,Richards,Badgers Midwest Invite,"Jan 13, 2024",60H,8.49,,
Liam,Richards,Badgers Midwest Invite,"Jan 13, 2024",LJ,6.39m,,"20' 11.75"""
Liam,Richards,Badgers Midwest Invite,"Jan 13, 2024",SP,9.53m,,"31' 3.25"""
Liam,Richards,Illini Open,"Jan  6, 2024",60H,8.53,,
Liam,Richards,Illini Open,"Jan  6, 2024",60H,8.73,,
Liam,Richards,Illini Open,"Jan  6, 2024",LJ,6.62m,,"21' 8.75"""
Liam,Richards,Illini Open,"Jan  6, 2024",SP,9.75m,,"32' 0"""
Liam,Richards,2023 Blue Demon Holiday Invite,"Dec  8, 2023",60H,8.43,,
Liam,Richards,2023 Blue Demon Holiday Invite,"Dec  8, 2023",60H,8.54,,
Liam,Richards,2023 Blue Demon Holiday Invite,"Dec  8, 2023",LJ,FOUL,,NM
Mason,Weaver,Joyce Morton-Kief Invite,"Mar 27-28, 2026",200,DNS,,
Mason,Weaver,Joyce Morton-Kief Invite,"Mar 27-28, 2026",400,DNS,,
Mason,Weaver,2026 Horizon League Indoor Track & Field Championship,"Feb 28-Mar  1, 2026",60,7.25,,
Mason,Weaver,2026 Horizon League Indoor Track & Field Championship,"Feb 28-Mar  1, 2026",200,22.84,,
Mason,Weaver,Panther Tune-up,"Feb 21, 2026",60,FS,,
Mason,Weaver,Panther Tune-up,"Feb 21, 2026",200,23.28,,
Mason,Weaver,GVSU Big Meet-Friday,"Feb 13, 2026",200,22.87,,
Mason,Weaver,UW-La Crosse Mark Guthrie Legacy Invitational,"Feb  7, 2026",400,53.37,,
Mason,Weaver,Larry Wieczorek Invitational,"Jan 23-24, 2026",60,7.35,,
Mason,Weaver,Larry Wieczorek Invitational,"Jan 23-24, 2026",200,23.25,,
Mason,Weaver,Tierney Classic,"Jan 18, 2026",60,7.30,,
Mason,Weaver,Tierney Classic,"Jan 18, 2026",60,7.21,,
Mason,Weaver,Tierney Classic,"Jan 18, 2026",200,23.17,,
Mason,Weaver,Tierney Classic,"Jan 18, 2026",4x400,3:28.52,,
Mason,Weaver,Minnesota Open,"Jan 10, 2026",60,7.28,,
Mason,Weaver,Minnesota Open,"Jan 10, 2026",60,7.24,,
Mason,Weaver,Minnesota Open,"Jan 10, 2026",200,23.05,,
Mason,Weaver,Horizon League Championship,"May  9-11, 2025",200,22.44,(-0.2),
Mason,Weaver,Horizon League Championship,"May  9-11, 2025",4x100,52.64,,
Mason,Weaver,Badger Challenge,"May  2, 2025",100,11.10,(-1.3),
Mason,Weaver,Fighting Illini Twilight,"Apr 26, 2025",200,22.05,(-0.2),
Mason,Weaver,Fighting Illini Twilight,"Apr 26, 2025",4x100,41.33,,
Mason,Weaver,Gibson Invitational,"Apr 17-19, 2025",4x100,42.17,,
Mason,Weaver,Marquette Invitational,"Apr 10-11, 2025",100,DNS,(0.3),
Mason,Weaver,Marquette Invitational,"Apr 10-11, 2025",200,DNS,(-0.5),
Mason,Weaver,Marquette Invitational,"Apr 10-11, 2025",4x100,DNS,,
Mason,Weaver,Ashton May Invitational,"Apr  5, 2025",200,22.36,(2.6),
Mason,Weaver,Redbird Challenge,"Mar 28-29, 2025",100,11.27,(2.7),
Mason,Weaver,Redbird Challenge,"Mar 28-29, 2025",200,DNS,,
Mason,Weaver,Redbird Challenge,"Mar 28-29, 2025",LJ,5.85m,(2.7),"19' 2.5"""
Mason,Weaver,2025 Horizon League Indoor Track & Field Championship,"Mar  1- 2, 2025",LJ,6.50m,,"21' 4"""
Mason,Weaver,Panther Tune-up,"Feb 22, 2025",200,23.28,,
Mason,Weaver,Panther Tune-up,"Feb 22, 2025",LJ,6.65m,,"21' 10"""
Mason,Weaver,UW-La Crosse Mark Guthrie Legacy Invitational,"Feb  8, 2025",LJ,6.04m,,"19' 9.75"""
Mason,Weaver,John Tierney Classic,"Jan 25, 2025",LJ,6.51m,,"21' 4.25"""
Mason,Weaver,2023 Blue Demon Holiday Invite,"Dec  8, 2023",LJ,6.50m,,"21' 4"""
Ty,Bauschelt,Raleigh Relays,"Mar 26-28, 2026",400,47.89,,
Ty,Bauschelt,Raleigh Relays,"Mar 26-28, 2026",HJ,1.91m,,"6' 3.25"""
Ty,Bauschelt,2026 Horizon League Indoor Track & Field Championship,"Feb 28-Mar  1, 2026",200,21.88,,
Ty,Bauschelt,2026 Horizon League Indoor Track & Field Championship,"Feb 28-Mar  1, 2026",200,22.56,,
Ty,Bauschelt,2026 Horizon League Indoor Track & Field Championship,"Feb 28-Mar  1, 2026",400,48.40,,
Ty,Bauschelt,2026 Horizon League Indoor Track & Field Championship,"Feb 28-Mar  1, 2026",400,47.77,,
Ty,Bauschelt,2026 Horizon League Indoor Track & Field Championship,"Feb 28-Mar  1, 2026",4x400,3:15.65,,
Ty,Bauschelt,2026 Horizon League Indoor Track & Field Championship,"Feb 28-Mar  1, 2026",HJ,2.00m,,"6' 6.75"""
Ty,Bauschelt,Panther Tune-up,"Feb 21, 2026",HJ,2.00m,,"6' 6.75"""
Ty,Bauschelt,GVSU Big Meet-Friday,"Feb 13, 2026",400,48.49,,
Ty,Bauschelt,GVSU Big Meet-Friday,"Feb 13, 2026",4x400,3:18.19,,
Ty,Bauschelt,Iowa State Classic,"Feb  6, 2026",200,22.08,,
Ty,Bauschelt,Iowa State Classic,"Feb  6, 2026",4x400,DNS,,
Ty,Bauschelt,Iowa State Classic,"Feb  6, 2026",HJ,1.98m,,"6' 6"""
Ty,Bauschelt,2026 Meyo Invitational (Notre Dame Indoor T&F),"Jan 30-31, 2026",400,48.93,,
Ty,Bauschelt,2026 Meyo Invitational (Notre Dame Indoor T&F),"Jan 30-31, 2026",HJ,2.02m,,"6' 7.5"""
Ty,Bauschelt,Larry Wieczorek Invitational,"Jan 23-24, 2026",400,51.14,,
Ty,Bauschelt,Larry Wieczorek Invitational,"Jan 23-24, 2026",HJ,1.98m,,"6' 6"""
Ty,Bauschelt,Tierney Classic,"Jan 18, 2026",400,50.33,,
Ty,Bauschelt,Tierney Classic,"Jan 18, 2026",HJ,1.95m,,"6' 4.75"""
Ty,Bauschelt,Minnesota Open,"Jan 10, 2026",400,50.78,,
Ty,Bauschelt,Minnesota Open,"Jan 10, 2026",HJ,1.95m,,"6' 4.75"""
Ty,Bauschelt,2025 Blue Demon Holiday Invite,"Dec 12, 2025",400,50.48,,
Ty,Bauschelt,2025 Blue Demon Holiday Invite,"Dec 12, 2025",HJ,1.98m,,"6' 6"""
Trevor,Boyer,Joyce Morton-Kief Invite,"Mar 27-28, 2026",400,DNS,,
Trevor,Boyer,Joyce Morton-Kief Invite,"Mar 27-28, 2026",110H,15.43,(2.5),
Trevor,Boyer,Joyce Morton-Kief Invite,"Mar 27-28, 2026",PV,4.23m,,"13' 10.5"""
Trevor,Boyer,2026 Horizon League Indoor Track & Field Championship,"Feb 28-Mar  1, 2026",PV,NH,,NH
Trevor,Boyer,2026 Horizon League Indoor Track & Field Championship,"Feb 28-Mar  1, 2026",Hep,4326,,
Trevor,Boyer,2026 Horizon League Indoor Track & Field Championship,"Feb 28-Mar  1, 2026",1000,2:56.47,,
Trevor,Boyer,2026 Horizon League Indoor Track & Field Championship,"Feb 28-Mar  1, 2026",PV,4.25m,,"13' 11.25"""
Trevor,Boyer,2026 Horizon League Indoor Track & Field Championship,"Feb 28-Mar  1, 2026",60H,8.75,,
Trevor,Boyer,2026 Horizon League Indoor Track & Field Championship,"Feb 28-Mar  1, 2026",HJ,1.65m,,"5' 5"""
Trevor,Boyer,2026 Horizon League Indoor Track & Field Championship,"Feb 28-Mar  1, 2026",SP,9.14m,,"30' 0"""
Trevor,Boyer,2026 Horizon League Indoor Track & Field Championship,"Feb 28-Mar  1, 2026",LJ,5.81m,,"19' 0.75"""
Trevor,Boyer,2026 Horizon League Indoor Track & Field Championship,"Feb 28-Mar  1, 2026",60,7.69,,
Trevor,Boyer,Panther Tune-up,"Feb 21, 2026",60H,DNS,,
Trevor,Boyer,Panther Tune-up,"Feb 21, 2026",HJ,DNS,,NH
Trevor,Boyer,Panther Tune-up,"Feb 21, 2026",PV,4.30m,,"14' 1.25"""
Trevor,Boyer,Panther Tune-up,"Feb 21, 2026",SP,DNS,,NM
Trevor,Boyer,2026 Blue Demon Alumni Classic,"Feb 13, 2026",60H,8.70,,
Trevor,Boyer,2026 Blue Demon Alumni Classic,"Feb 13, 2026",PV,4.20m,,"13' 9.25"""
Trevor,Boyer,UW-La Crosse Mark Guthrie Legacy Invitational,"Feb  7, 2026",60H,8.78,,
Trevor,Boyer,UW-La Crosse Mark Guthrie Legacy Invitational,"Feb  7, 2026",PV,4.10m,,"13' 5.25"""
Trevor,Boyer,UW-La Crosse Mark Guthrie Legacy Invitational,"Feb  7, 2026",LJ,5.86m,,"19' 2.75"""
Trevor,Boyer,2026 Meyo Invitational (Notre Dame Indoor T&F),"Jan 30-31, 2026",400,DQ,,
Trevor,Boyer,2026 Meyo Invitational (Notre Dame Indoor T&F),"Jan 30-31, 2026",60H,8.70,,
Trevor,Boyer,Larry Wieczorek Invitational,"Jan 23-24, 2026",60H,8.72,,
Trevor,Boyer,Larry Wieczorek Invitational,"Jan 23-24, 2026",PV,4.10m,,"13' 5.25"""
Trevor,Boyer,Tierney Classic,"Jan 18, 2026",60H,8.88,,
Trevor,Boyer,Tierney Classic,"Jan 18, 2026",HJ,1.70m,,"5' 7"""
Trevor,Boyer,Tierney Classic,"Jan 18, 2026",PV,4.00m,,"13' 1.5"""
Trevor,Boyer,Minnesota Open,"Jan 10, 2026",60H,8.84,,
Trevor,Boyer,Minnesota Open,"Jan 10, 2026",PV,NH,,NH
Trevor,Boyer,Minnesota Open,"Jan 10, 2026",SP,8.54m,,"28' 0.25"""
Trevor,Boyer,2025 Blue Demon Holiday Invite,"Dec 12, 2025",300,37.80,,
Trevor,Boyer,2025 Blue Demon Holiday Invite,"Dec 12, 2025",60H,8.68,,
Tyler,Dahlie,Raleigh Relays,"Mar 26-28, 2026",HJ,1.91m,,"6' 3.25"""
Tyler,Dahlie,Raleigh Relays,"Mar 26-28, 2026",TJ,13.18m,(-0.1),"43' 3"""
Tyler,Dahlie,2026 Horizon League Indoor Track & Field Championship,"Feb 28-Mar  1, 2026",HJ,1.92m,,"6' 3.5"""
Tyler,Dahlie,2026 Horizon League Indoor Track & Field Championship,"Feb 28-Mar  1, 2026",TJ,13.89m,,"45' 7"""
Tyler,Dahlie,Panther Tune-up,"Feb 21, 2026",HJ,2.00m,,"6' 6.75"""
Tyler,Dahlie,Panther Tune-up,"Feb 21, 2026",TJ,14.05m,,"46' 1.25"""
Tyler,Dahlie,2026 Blue Demon Alumni Classic,"Feb 13, 2026",HJ,1.90m,,"6' 2.75"""
Tyler,Dahlie,UW-La Crosse Mark Guthrie Legacy Invitational,"Feb  7, 2026",TJ,13.30m,,"43' 7.75"""
Tyler,Dahlie,2026 Meyo Invitational (Notre Dame Indoor T&F),"Jan 30-31, 2026",HJ,1.92m,,"6' 3.5"""
Tyler,Dahlie,Larry Wieczorek Invitational,"Jan 23-24, 2026",HJ,1.93m,,"6' 4"""
Tyler,Dahlie,Larry Wieczorek Invitational,"Jan 23-24, 2026",TJ,13.57m,,"44' 6.25"""
Tyler,Dahlie,Tierney Classic,"Jan 18, 2026",HJ,1.90m,,"6' 2.75"""
Tyler,Dahlie,Tierney Classic,"Jan 18, 2026",TJ,13.39m,,"43' 11.25"""
Tyler,Dahlie,Minnesota Open,"Jan 10, 2026",400,52.51,,
Tyler,Dahlie,Minnesota Open,"Jan 10, 2026",HJ,DNS,,NH
Tyler,Dahlie,2025 Blue Demon Holiday Invite,"Dec 12, 2025",HJ,1.93m,,"6' 4"""
Tyler,Dahlie,2025 Blue Demon Holiday Invite,"Dec 12, 2025",TJ,13.04m,,"42' 9.5"""
Kyril,Griffin,Raleigh Relays,"Mar 26-28, 2026",LJ,6.58m,(2.3),"21' 7.25"""
Kyril,Griffin,Raleigh Relays,"Mar 26-28, 2026",TJ,14.15m,(1.2),"46' 5.25"""
Kyril,Griffin,2026 Horizon League Indoor Track & Field Championship,"Feb 28-Mar  1, 2026",LJ,6.73m,,"22' 1"""
Kyril,Griffin,2026 Horizon League Indoor Track & Field Championship,"Feb 28-Mar  1, 2026",TJ,14.56m,,"47' 9.25"""
Kyril,Griffin,Panther Tune-up,"Feb 21, 2026",TJ,14.46m,,"47' 5.25"""
Kyril,Griffin,2026 Blue Demon Alumni Classic,"Feb 13, 2026",LJ,6.57m,,"21' 6.75"""
Kyril,Griffin,UW-La Crosse Mark Guthrie Legacy Invitational,"Feb  7, 2026",TJ,14.06m,,"46' 1.5"""
Kyril,Griffin,Larry Wieczorek Invitational,"Jan 23-24, 2026",LJ,6.35m,,"20' 10"""
Kyril,Griffin,Larry Wieczorek Invitational,"Jan 23-24, 2026",TJ,13.68m,,"44' 10.75"""
Kyril,Griffin,Tierney Classic,"Jan 18, 2026",LJ,6.76m,,"22' 2.25"""
Kyril,Griffin,Tierney Classic,"Jan 18, 2026",TJ,14.31m,,"46' 11.5"""
Kyril,Griffin,Minnesota Open,"Jan 10, 2026",LJ,6.84m,,"22' 5.25"""
Kyril,Griffin,Minnesota Open,"Jan 10, 2026",TJ,14.24m,,"46' 8.75"""
Trent,Oiler,Joyce Morton-Kief Invite,"Mar 27-28, 2026",400,DNS,,
Trent,Oiler,Joyce Morton-Kief Invite,"Mar 27-28, 2026",LJ,6.17m,(1.7),"20' 3"""
Trent,Oiler,2026 Horizon League Indoor Track & Field Championship,"Feb 28-Mar  1, 2026",Hep,4325,,
Trent,Oiler,2026 Horizon League Indoor Track & Field Championship,"Feb 28-Mar  1, 2026",1000,2:54.29,,
Trent,Oiler,2026 Horizon League Indoor Track & Field Championship,"Feb 28-Mar  1, 2026",PV,3.05m,,"10' 0"""
Trent,Oiler,2026 Horizon League Indoor Track & Field Championship,"Feb 28-Mar  1, 2026",60H,9.83,,
Trent,Oiler,2026 Horizon League Indoor Track & Field Championship,"Feb 28-Mar  1, 2026",HJ,1.77m,,"5' 9.75"""
Trent,Oiler,2026 Horizon League Indoor Track & Field Championship,"Feb 28-Mar  1, 2026",SP,12.03m,,"39' 5.75"""
Trent,Oiler,2026 Horizon League Indoor Track & Field Championship,"Feb 28-Mar  1, 2026",LJ,6.30m,,"20' 8"""
Trent,Oiler,2026 Horizon League Indoor Track & Field Championship,"Feb 28-Mar  1, 2026",60,7.24,,
Trent,Oiler,Panther Tune-up,"Feb 21, 2026",60H,DNS,,
Trent,Oiler,Panther Tune-up,"Feb 21, 2026",HJ,1.75m,,"5' 8.75"""
Trent,Oiler,Panther Tune-up,"Feb 21, 2026",PV,2.95m,,"9' 8"""
Trent,Oiler,Panther Tune-up,"Feb 21, 2026",SP,11.97m,,"39' 3.25"""
Trent,Oiler,2026 Blue Demon Alumni Classic,"Feb 13, 2026",60H,9.79,,
Trent,Oiler,2026 Blue Demon Alumni Classic,"Feb 13, 2026",HJ,1.70m,,"5' 7"""
Trent,Oiler,UW-La Crosse Mark Guthrie Legacy Invitational,"Feb  7, 2026",60H,9.85,,
Trent,Oiler,UW-La Crosse Mark Guthrie Legacy Invitational,"Feb  7, 2026",LJ,6.26m,,"20' 6.5"""
Trent,Oiler,Tierney Classic,"Jan 18, 2026",SP,10.85m,,"35' 7.25"""
Trent,Oiler,Minnesota Open,"Jan 10, 2026",60,7.29,,
Trent,Oiler,Minnesota Open,"Jan 10, 2026",HJ,1.75m,,"5' 8.75"""
Trent,Oiler,Minnesota Open,"Jan 10, 2026",SP,10.16m,,"33' 4"""
Olu,Olu-Akintomide,Joyce Morton-Kief Invite,"Mar 27-28, 2026",TJ,12.65m,(0.8),"41' 6"""
Olu,Olu-Akintomide,2026 Horizon League Indoor Track & Field Championship,"Feb 28-Mar  1, 2026",TJ,13.20m,,"43' 3.75"""
Olu,Olu-Akintomide,Panther Tune-up,"Feb 21, 2026",LJ,5.49m,,"18' 0.25"""
Olu,Olu-Akintomide,Panther Tune-up,"Feb 21, 2026",TJ,ND,,NM
Olu,Olu-Akintomide,2026 Blue Demon Alumni Classic,"Feb 13, 2026",TJ,13.56m,,"44' 6"""
Olu,Olu-Akintomide,UW-La Crosse Mark Guthrie Legacy Invitational,"Feb  7, 2026",LJ,FOUL,,NM
Olu,Olu-Akintomide,UW-La Crosse Mark Guthrie Legacy Invitational,"Feb  7, 2026",TJ,FOUL,,NM
Olu,Olu-Akintomide,Tierney Classic,"Jan 18, 2026",LJ,FOUL,,NM
Olu,Olu-Akintomide,Tierney Classic,"Jan 18, 2026",TJ,FOUL,,NM
Olu,Olu-Akintomide,Minnesota Open,"Jan 10, 2026",LJ,5.94m,,"19' 6"""
Olu,Olu-Akintomide,Minnesota Open,"Jan 10, 2026",TJ,13.26m,,"43' 6"""
Olu,Olu-Akintomide,2025 Blue Demon Holiday Invite,"Dec 12, 2025",TJ,12.91m,,"42' 4.25"""
Matt,Scardina,Joyce Morton-Kief Invite,"Mar 27-28, 2026",100,11.15,(2.1),
Matt,Scardina,Joyce Morton-Kief Invite,"Mar 27-28, 2026",200,22.33,(2.9),
Matt,Scardina,2026 Horizon League Indoor Track & Field Championship,"Feb 28-Mar  1, 2026",60,7.09,,
Matt,Scardina,2026 Horizon League Indoor Track & Field Championship,"Feb 28-Mar  1, 2026",200,22.53,,
Matt,Scardina,2026 Horizon League Indoor Track & Field Championship,"Feb 28-Mar  1, 2026",200,22.76,,
Matt,Scardina,2026 Horizon League Indoor Track & Field Championship,"Feb 28-Mar  1, 2026",4x400,3:15.65,,
Matt,Scardina,2026 Horizon League Indoor Track & Field Championship,"Feb 28-Mar  1, 2026",DMR,10:22.36,,
Matt,Scardina,Panther Tune-up,"Feb 21, 2026",60,7.08,,
Matt,Scardina,Panther Tune-up,"Feb 21, 2026",60,7.05,,
Matt,Scardina,GVSU Big Meet-Friday,"Feb 13, 2026",60,7.04,,
Matt,Scardina,GVSU Big Meet-Friday,"Feb 13, 2026",200,22.68,,
Matt,Scardina,GVSU Big Meet-Friday,"Feb 13, 2026",4x400,3:18.19,,
Matt,Scardina,Iowa State Classic,"Feb  6, 2026",60,7.06,,
Matt,Scardina,Iowa State Classic,"Feb  6, 2026",200,DNS,,
Matt,Scardina,Iowa State Classic,"Feb  6, 2026",4x400,DNS,,
Matt,Scardina,2026 Meyo Invitational (Notre Dame Indoor T&F),"Jan 30-31, 2026",60,7.01,,
Matt,Scardina,2026 Meyo Invitational (Notre Dame Indoor T&F),"Jan 30-31, 2026",60,7.02,,
Matt,Scardina,2026 Meyo Invitational (Notre Dame Indoor T&F),"Jan 30-31, 2026",200,22.50,,
Matt,Scardina,Larry Wieczorek Invitational,"Jan 23-24, 2026",60,7.08,,
Matt,Scardina,Larry Wieczorek Invitational,"Jan 23-24, 2026",200,22.77,,
Matt,Scardina,Tierney Classic,"Jan 18, 2026",60,6.99,,
Matt,Scardina,Tierney Classic,"Jan 18, 2026",60,7.03,,
Matt,Scardina,Minnesota Open,"Jan 10, 2026",60,7.08,,
Matt,Scardina,Minnesota Open,"Jan 10, 2026",60,7.08,,
Matt,Scardina,Minnesota Open,"Jan 10, 2026",200,22.91,,
Matt,Scardina,2025 Blue Demon Holiday Invite,"Dec 12, 2025",60,7.05,,
Matt,Scardina,2025 Blue Demon Holiday Invite,"Dec 12, 2025",60,7.07,,
Matt,Scardina,2025 Blue Demon Holiday Invite,"Dec 12, 2025",200,22.67,,
Bradyn,Thomas,Joyce Morton-Kief Invite,"Mar 27-28, 2026",PV,4.38m,,"14' 4.5"""
Bradyn,Thomas,2026 Horizon League Indoor Track & Field Championship,"Feb 28-Mar  1, 2026",PV,4.55m,,"14' 11"""
Bradyn,Thomas,Panther Tune-up,"Feb 21, 2026",PV,NH,,NH
Bradyn,Thomas,2026 Meyo Invitational (Notre Dame Indoor T&F),"Jan 30-31, 2026",PV,4.35m,,"14' 3.25"""
Bradyn,Thomas,Larry Wieczorek Invitational,"Jan 23-24, 2026",PV,4.70m,,"15' 5"""
Bradyn,Thomas,Tierney Classic,"Jan 18, 2026",PV,4.45m,,"14' 7.25"""
Bradyn,Thomas,Minnesota Open,"Jan 10, 2026",PV,4.36m,,"14' 3.5"""
Brendan,Vlasak,Joyce Morton-Kief Invite,"Mar 27-28, 2026",110H,DNS,,
Brendan,Vlasak,Joyce Morton-Kief Invite,"Mar 27-28, 2026",400H,DNS,,
Brendan,Vlasak,2026 Horizon League Indoor Track & Field Championship,"Feb 28-Mar  1, 2026",60H,8.56,,
Brendan,Vlasak,GVSU Big Meet-Friday,"Feb 13, 2026",400,52.57,,
Brendan,Vlasak,GVSU Big Meet-Friday,"Feb 13, 2026",60H,8.51,,
Brendan,Vlasak,2026 Meyo Invitational (Notre Dame Indoor T&F),"Jan 30-31, 2026",60,7.32,,
Brendan,Vlasak,2026 Meyo Invitational (Notre Dame Indoor T&F),"Jan 30-31, 2026",400,DNS,,
Brendan,Vlasak,2026 Meyo Invitational (Notre Dame Indoor T&F),"Jan 30-31, 2026",60H,8.41,,
Brendan,Vlasak,2026 Meyo Invitational (Notre Dame Indoor T&F),"Jan 30-31, 2026",60H,8.42,,
Brendan,Vlasak,Larry Wieczorek Invitational,"Jan 23-24, 2026",200,23.59,,
Brendan,Vlasak,Larry Wieczorek Invitational,"Jan 23-24, 2026",60H,8.28,,
Brendan,Vlasak,Tierney Classic,"Jan 18, 2026",60,7.24,,
Brendan,Vlasak,Tierney Classic,"Jan 18, 2026",60,7.24,,
Brendan,Vlasak,Tierney Classic,"Jan 18, 2026",60H,8.49,,
Brendan,Vlasak,Minnesota Open,"Jan 10, 2026",200,23.82,,
Brendan,Vlasak,Minnesota Open,"Jan 10, 2026",60H,8.47,,
Brendan,Vlasak,2025 Blue Demon Holiday Invite,"Dec 12, 2025",60H,8.19,,
Frank,Wiedmeyer,Minnesota Open,"Jan 10, 2026",60,DNS,,
Frank,Wiedmeyer,Minnesota Open,"Jan 10, 2026",200,DNS,,
Frank,Wiedmeyer,Minnesota Open,"Jan 10, 2026",LJ,4.56m,,"14' 11.5"""
Frank,Wiedmeyer,2025 Blue Demon Holiday Invite,"Dec 12, 2025",60,7.14,,
Frank,Wiedmeyer,2025 Blue Demon Holiday Invite,"Dec 12, 2025",200,23.35,,
Frank,Wiedmeyer,2025 Blue Demon Holiday Invite,"Dec 12, 2025",LJ,6.34m,,"20' 9.75"""
Jaelyn,Reeves-Lile,The 43rd Victor Lopez Classic,"Mar 26-28, 2026",200,21.46,(0.8),
Jaelyn,Reeves-Lile,Kirk Baptiste Invitational,"Mar 19, 2026",200,21.11,(1.5),
Jaelyn,Reeves-Lile,Howie Ryan Invitational,"Feb 13, 2026",200,21.89,,
Jaelyn,Reeves-Lile,Charlie Thomas Invitational,"Feb  6- 7, 2026",200,21.54,,
Jaelyn,Reeves-Lile,Robert Platt Invitational,"Jan 30-31, 2026",200,21.89,,
Jaelyn,Reeves-Lile,Ted Nelson Invitational,"Jan 23-24, 2026",60,7.07,,
Jaelyn,Reeves-Lile,Leonard Hilton Memorial Invitational,"Jan 10, 2026",200,22.68,,
Jaelyn,Reeves-Lile,Leonard Hilton Memorial Invitational,"Jan 10, 2026",4x400,DNF,,
Jaelyn,Reeves-Lile,NCAA Division I West First Round,"May 28-31, 2025",100,10.57,(-0.7),
Jaelyn,Reeves-Lile,NCAA Division I West First Round,"May 28-31, 2025",200,21.28,(-0.7),
Jaelyn,Reeves-Lile,Horizon League Championship,"May  9-11, 2025",100,10.24,(3.2),
Jaelyn,Reeves-Lile,Horizon League Championship,"May  9-11, 2025",100,10.40,(0.4),
Jaelyn,Reeves-Lile,Horizon League Championship,"May  9-11, 2025",200,20.51,(1.7),
Jaelyn,Reeves-Lile,Horizon League Championship,"May  9-11, 2025",200,21.01,(-0.2),
Jaelyn,Reeves-Lile,Jim Green Invitational,"May  2- 3, 2025",100,10.53,(1.1),
Jaelyn,Reeves-Lile,Jim Green Invitational,"May  2- 3, 2025",200,20.94,(-0.6),
Jaelyn,Reeves-Lile,Fighting Illini Twilight,"Apr 26, 2025",100,10.35,(2.9),
Jaelyn,Reeves-Lile,Fighting Illini Twilight,"Apr 26, 2025",200,20.95,(0.8),
Jaelyn,Reeves-Lile,Gibson Invitational,"Apr 17-19, 2025",100,10.93,(-1.8),
Jaelyn,Reeves-Lile,Duke Invitational,"Apr 10-12, 2025",100,10.67,(0.2),
Jaelyn,Reeves-Lile,Duke Invitational,"Apr 10-12, 2025",200,21.69,(-0.2),
Jaelyn,Reeves-Lile,Raleigh Relays,"Mar 27-29, 2025",100,10.53,(0.2),
Jaelyn,Reeves-Lile,Raleigh Relays,"Mar 27-29, 2025",200,21.12,(3.6),
Jaelyn,Reeves-Lile,2025 Horizon League Indoor Track & Field Championship,"Mar  1- 2, 2025",60,6.78,,
Jaelyn,Reeves-Lile,2025 Horizon League Indoor Track & Field Championship,"Mar  1- 2, 2025",60,6.74,,
Jaelyn,Reeves-Lile,2025 Horizon League Indoor Track & Field Championship,"Mar  1- 2, 2025",200,21.82,,
Jaelyn,Reeves-Lile,2025 Horizon League Indoor Track & Field Championship,"Mar  1- 2, 2025",200,21.88,,
Jaelyn,Reeves-Lile,GVSU Big Meet- Friday,"Feb 14, 2025",60,6.70,,
Jaelyn,Reeves-Lile,GVSU Big Meet- Friday,"Feb 14, 2025",60,6.75,,
Jaelyn,Reeves-Lile,GVSU Big Meet- Friday,"Feb 14, 2025",200,21.30,,
Jaelyn,Reeves-Lile,UW-La Crosse Mark Guthrie Legacy Invitational,"Feb  8, 2025",60,6.83,,
Jaelyn,Reeves-Lile,UW-La Crosse Mark Guthrie Legacy Invitational,"Feb  8, 2025",60,6.72,,
Jaelyn,Reeves-Lile,Meyo Invitational (2025 Notre Dame Indoor Track & Field),"Jan 31-Feb  1, 2025",60,6.80,,
Jaelyn,Reeves-Lile,Meyo Invitational (2025 Notre Dame Indoor Track & Field),"Jan 31-Feb  1, 2025",60,6.87,,
Jaelyn,Reeves-Lile,Meyo Invitational (2025 Notre Dame Indoor Track & Field),"Jan 31-Feb  1, 2025",200,21.98,,
Jaelyn,Reeves-Lile,John Tierney Classic,"Jan 25, 2025",60,6.82,,
Jaelyn,Reeves-Lile,John Tierney Classic,"Jan 25, 2025",60,6.85,,
Jaelyn,Reeves-Lile,Badgers Midwest Invite,"Jan 11, 2025",60,6.83,,
Jaelyn,Reeves-Lile,Badgers Midwest Invite,"Jan 11, 2025",60,6.84,,
Jaelyn,Reeves-Lile,Badgers Midwest Invite,"Jan 11, 2025",300,34.10,,
Jaelyn,Reeves-Lile,2024 Blue Demon Holiday Invite,"Dec 13, 2024",60,6.76,,
Jaelyn,Reeves-Lile,2024 Blue Demon Holiday Invite,"Dec 13, 2024",60,6.79,,
Jaelyn,Reeves-Lile,2024 Blue Demon Holiday Invite,"Dec 13, 2024",200,21.61,,
Jaelyn,Reeves-Lile,2024 Horizon League Outdoor Track & Field Championship,"May  3- 5, 2024",100,10.83,(2.3),
Jaelyn,Reeves-Lile,2024 Horizon League Outdoor Track & Field Championship,"May  3- 5, 2024",100,10.83,(0.9),
Jaelyn,Reeves-Lile,2024 Horizon League Outdoor Track & Field Championship,"May  3- 5, 2024",200,22.09,(1.5),
Jaelyn,Reeves-Lile,2024 Horizon League Outdoor Track & Field Championship,"May  3- 5, 2024",4x100,41.18,,
Jaelyn,Reeves-Lile,Clark Wood Open 2024,"Apr 26-27, 2024",100,10.58,(2.4),
Jaelyn,Reeves-Lile,Clark Wood Open 2024,"Apr 26-27, 2024",200,22.42,(1.7),
Jaelyn,Reeves-Lile,Clark Wood Open 2024,"Apr 26-27, 2024",4x100,40.70,,
Jaelyn,Reeves-Lile,Gibson Invitational,"Apr 18-20, 2024",100,10.70,(1.5),
Jaelyn,Reeves-Lile,Gibson Invitational,"Apr 18-20, 2024",200,22.05,(1.7),
Jaelyn,Reeves-Lile,Gibson Invitational,"Apr 18-20, 2024",4x100,41.52,,
Jaelyn,Reeves-Lile,Gary Wieneke Memorial,"Apr 13, 2024",100,10.77,(1.6),
Jaelyn,Reeves-Lile,Gary Wieneke Memorial,"Apr 13, 2024",200,21.78,(2.5),
Jaelyn,Reeves-Lile,Gary Wieneke Memorial,"Apr 13, 2024",4x100,42.15,,
Jaelyn,Reeves-Lile,Golden Grizzly T&F Invite,"Apr  6, 2024",100,10.93,(1.0),
Jaelyn,Reeves-Lile,Golden Grizzly T&F Invite,"Apr  6, 2024",100,10.87,(2.0),
Jaelyn,Reeves-Lile,Golden Grizzly T&F Invite,"Apr  6, 2024",200,22.25,(1.6),
Jaelyn,Reeves-Lile,Golden Grizzly T&F Invite,"Apr  6, 2024",4x100,DNF,,
Jaelyn,Reeves-Lile,Raleigh Relays,"Mar 28-30, 2024",100,11.06,(3.5),
Jaelyn,Reeves-Lile,Raleigh Relays,"Mar 28-30, 2024",200,22.47,(0.1),
Jaelyn,Reeves-Lile,Mark Guthrie Legacy Invite,"Feb  3, 2024",60,7.08,,
Jaelyn,Reeves-Lile,Mark Guthrie Legacy Invite,"Feb  3, 2024",200,23.33,,
Jaelyn,Reeves-Lile,Illini Challenge,"Jan 26-27, 2024",60,7.07,,
Jaelyn,Reeves-Lile,Illini Challenge,"Jan 26-27, 2024",200,23.13,,
Jaelyn,Reeves-Lile,John Tierney Classic,"Jan 20, 2024",60,7.05,,
Jaelyn,Reeves-Lile,John Tierney Classic,"Jan 20, 2024",60,7.18,,
Jaelyn,Reeves-Lile,John Tierney Classic,"Jan 20, 2024",200,23.57,,
Jaelyn,Reeves-Lile,Badgers Midwest Invite,"Jan 13, 2024",60,7.05,,
Jaelyn,Reeves-Lile,Badgers Midwest Invite,"Jan 13, 2024",300,35.30,,
Nathan,Taylor,2025 Horizon League Indoor Track & Field Championship,"Mar  1- 2, 2025",200,22.72,,
Nathan,Taylor,2025 Horizon League Indoor Track & Field Championship,"Mar  1- 2, 2025",400,52.90,,
Nathan,Taylor,2025 Horizon League Indoor Track & Field Championship,"Mar  1- 2, 2025",400,51.47,,
Nathan,Taylor,2025 Horizon League Indoor Track & Field Championship,"Mar  1- 2, 2025",60H,8.58,,
Nathan,Taylor,2025 Horizon League Indoor Track & Field Championship,"Mar  1- 2, 2025",60H,8.45,,
Nathan,Taylor,2025 Horizon League Indoor Track & Field Championship,"Mar  1- 2, 2025",4x400,3:27.50,,
Nathan,Taylor,Panther Tune-up,"Feb 22, 2025",60H,DNS,,
Nathan,Taylor,Panther Tune-up,"Feb 22, 2025",60H,8.40,,
Nathan,Taylor,GVSU Big Meet- Friday,"Feb 14, 2025",200,22.07,,
Nathan,Taylor,GVSU Big Meet- Friday,"Feb 14, 2025",400,49.32,,
Nathan,Taylor,GVSU Big Meet- Friday,"Feb 14, 2025",60H,8.48,,
Nathan,Taylor,UW-La Crosse Mark Guthrie Legacy Invitational,"Feb  8, 2025",200,22.53,,
Nathan,Taylor,UW-La Crosse Mark Guthrie Legacy Invitational,"Feb  8, 2025",60H,8.60,,
Nathan,Taylor,Meyo Invitational (2025 Notre Dame Indoor Track & Field),"Jan 31-Feb  1, 2025",200,22.26,,
Nathan,Taylor,Meyo Invitational (2025 Notre Dame Indoor Track & Field),"Jan 31-Feb  1, 2025",400,50.24,,
Nathan,Taylor,Meyo Invitational (2025 Notre Dame Indoor Track & Field),"Jan 31-Feb  1, 2025",60H,DNS,,
Nathan,Taylor,Meyo Invitational (2025 Notre Dame Indoor Track & Field),"Jan 31-Feb  1, 2025",60H,8.61,,
Nathan,Taylor,John Tierney Classic,"Jan 25, 2025",200,DNS,,
Nathan,Taylor,John Tierney Classic,"Jan 25, 2025",400,51.73,,
Nathan,Taylor,Badgers Midwest Invite,"Jan 11, 2025",60,7.10,,
Nathan,Taylor,Badgers Midwest Invite,"Jan 11, 2025",60,7.08,,
Nathan,Taylor,Badgers Midwest Invite,"Jan 11, 2025",300,34.90,,
Nathan,Taylor,2024 Blue Demon Holiday Invite,"Dec 13, 2024",400,51.52,,
Nathan,Taylor,2024 Blue Demon Holiday Invite,"Dec 13, 2024",60H,8.56,,
Iyimi,Fagbamiye,Horizon League Championship,"May  9-11, 2025",110H,DNS,(0.9),
Iyimi,Fagbamiye,Horizon League Championship,"May  9-11, 2025",110H,14.35,(1.7),
Iyimi,Fagbamiye,Horizon League Championship,"May  9-11, 2025",4x100,52.64,,
Iyimi,Fagbamiye,Badger Challenge,"May  2, 2025",110H,14.66,(-0.2),
Iyimi,Fagbamiye,Fighting Illini Twilight,"Apr 26, 2025",110H,14.56,(2.6),
Iyimi,Fagbamiye,Fighting Illini Twilight,"Apr 26, 2025",4x100,41.33,,
Iyimi,Fagbamiye,Gibson Invitational,"Apr 17-19, 2025",110H,14.48,(-0.6),
Iyimi,Fagbamiye,Gibson Invitational,"Apr 17-19, 2025",4x100,42.17,,
Iyimi,Fagbamiye,Marquette Invitational,"Apr 10-11, 2025",110H,14.32,(2.2),
Iyimi,Fagbamiye,Redbird Challenge,"Mar 28-29, 2025",100,10.95,(3.1),
Iyimi,Fagbamiye,Redbird Challenge,"Mar 28-29, 2025",100,DNS,,
Iyimi,Fagbamiye,Redbird Challenge,"Mar 28-29, 2025",4x100,DNS,,
Iyimi,Fagbamiye,2025 Horizon League Indoor Track & Field Championship,"Mar  1- 2, 2025",60,6.95,,
Iyimi,Fagbamiye,2025 Horizon League Indoor Track & Field Championship,"Mar  1- 2, 2025",60,7.00,,
Iyimi,Fagbamiye,2025 Horizon League Indoor Track & Field Championship,"Mar  1- 2, 2025",60H,8.59,,
Iyimi,Fagbamiye,2025 Horizon League Indoor Track & Field Championship,"Mar  1- 2, 2025",60H,8.11,,
Iyimi,Fagbamiye,Panther Tune-up,"Feb 22, 2025",60,6.86,,
Iyimi,Fagbamiye,Panther Tune-up,"Feb 22, 2025",60,6.97,,
Iyimi,Fagbamiye,GVSU Big Meet- Friday,"Feb 14, 2025",60H,8.07,,
Iyimi,Fagbamiye,GVSU Big Meet- Friday,"Feb 14, 2025",60H,8.08,,
Iyimi,Fagbamiye,UW-La Crosse Mark Guthrie Legacy Invitational,"Feb  8, 2025",60H,8.11,,
Iyimi,Fagbamiye,UW-La Crosse Mark Guthrie Legacy Invitational,"Feb  8, 2025",60H,8.05,,
Iyimi,Fagbamiye,Meyo Invitational (2025 Notre Dame Indoor Track & Field),"Jan 31-Feb  1, 2025",200,22.87,,
Iyimi,Fagbamiye,Meyo Invitational (2025 Notre Dame Indoor Track & Field),"Jan 31-Feb  1, 2025",60H,8.05,,
Iyimi,Fagbamiye,Meyo Invitational (2025 Notre Dame Indoor Track & Field),"Jan 31-Feb  1, 2025",60H,8.15,,
Iyimi,Fagbamiye,John Tierney Classic,"Jan 25, 2025",60,6.94,,
Iyimi,Fagbamiye,John Tierney Classic,"Jan 25, 2025",60,7.01,,
Iyimi,Fagbamiye,John Tierney Classic,"Jan 25, 2025",200,DNS,,
Iyimi,Fagbamiye,Badgers Midwest Invite,"Jan 11, 2025",60,6.98,,
Iyimi,Fagbamiye,Badgers Midwest Invite,"Jan 11, 2025",60,6.96,,
Iyimi,Fagbamiye,Badgers Midwest Invite,"Jan 11, 2025",60H,8.14,,
Iyimi,Fagbamiye,2024 Blue Demon Holiday Invite,"Dec 13, 2024",60H,8.06,,
Iyimi,Fagbamiye,2024 Blue Demon Holiday Invite,"Dec 13, 2024",60H,8.12,,
Ethan,Mitchell,Horizon League Championship,"May  9-11, 2025",110H,15.24,(0.9),
Ethan,Mitchell,Horizon League Championship,"May  9-11, 2025",110H,15.12,(1.3),
Ethan,Mitchell,Horizon League Championship,"May  9-11, 2025",LJ,6.84m,(1.1),"22' 5.25"""
Ethan,Mitchell,Horizon League Championship,"May  9-11, 2025",TJ,13.32m,(+0.0),"43' 8.5"""
Ethan,Mitchell,Fighting Illini Twilight,"Apr 26, 2025",110H,15.22,(2.6),
Ethan,Mitchell,Fighting Illini Twilight,"Apr 26, 2025",LJ,6.55m,(2.3),"21' 6"""
Ethan,Mitchell,Gibson Invitational,"Apr 17-19, 2025",110H,15.34,(0.9),
Ethan,Mitchell,Gibson Invitational,"Apr 17-19, 2025",LJ,6.28m,(-1.0),"20' 7.25"""
Ethan,Mitchell,Ashton May Invitational,"Apr  5, 2025",LJ,6.95m,(4.9),"22' 9.75"""
Ethan,Mitchell,Ashton May Invitational,"Apr  5, 2025",TJ,13.54m,(2.4),"44' 5.25"""
Ethan,Mitchell,Redbird Challenge,"Mar 28-29, 2025",110H,15.08,(2.9),
Ethan,Mitchell,Redbird Challenge,"Mar 28-29, 2025",110H,DNS,,
Ethan,Mitchell,Redbird Challenge,"Mar 28-29, 2025",LJ,6.47m,(2.8),"21' 2.75"""
Ethan,Mitchell,2025 Horizon League Indoor Track & Field Championship,"Mar  1- 2, 2025",60H,8.54,,
Ethan,Mitchell,2025 Horizon League Indoor Track & Field Championship,"Mar  1- 2, 2025",60H,9.60,,
Ethan,Mitchell,2025 Horizon League Indoor Track & Field Championship,"Mar  1- 2, 2025",LJ,6.92m,,"22' 8.5"""
Ethan,Mitchell,2025 Horizon League Indoor Track & Field Championship,"Mar  1- 2, 2025",TJ,13.24m,,"43' 5.25"""
Ethan,Mitchell,Panther Tune-up,"Feb 22, 2025",60H,8.41,,
Ethan,Mitchell,Panther Tune-up,"Feb 22, 2025",60H,8.45,,
Ethan,Mitchell,Panther Tune-up,"Feb 22, 2025",TJ,13.72m,,"45' 0.25"""
Ethan,Mitchell,GVSU Big Meet- Friday,"Feb 14, 2025",60H,8.45,,
Ethan,Mitchell,GVSU Big Meet- Friday,"Feb 14, 2025",LJ,6.66m,,"21' 10.25"""
Ethan,Mitchell,UW-La Crosse Mark Guthrie Legacy Invitational,"Feb  8, 2025",400,52.01,,
Ethan,Mitchell,UW-La Crosse Mark Guthrie Legacy Invitational,"Feb  8, 2025",60H,8.52,,
Ethan,Mitchell,Meyo Invitational (2025 Notre Dame Indoor Track & Field),"Jan 31-Feb  1, 2025",60H,8.71,,
Ethan,Mitchell,Meyo Invitational (2025 Notre Dame Indoor Track & Field),"Jan 31-Feb  1, 2025",LJ,6.73m,(+0.0),"22' 1"""
Ethan,Mitchell,John Tierney Classic,"Jan 25, 2025",60H,8.44,,
Ethan,Mitchell,John Tierney Classic,"Jan 25, 2025",60H,8.52,,
Ethan,Mitchell,John Tierney Classic,"Jan 25, 2025",LJ,6.86m,,"22' 6.25"""
Ethan,Mitchell,Badgers Midwest Invite,"Jan 11, 2025",300,36.47,,
Ethan,Mitchell,Badgers Midwest Invite,"Jan 11, 2025",LJ,6.86m,,"22' 6.25"""
Ethan,Mitchell,2024 Blue Demon Holiday Invite,"Dec 13, 2024",LJ,6.91m,,"22' 8"""
Ethan,Mitchell,2024 Blue Demon Holiday Invite,"Dec 13, 2024",TJ,13.33m,,"43' 9"""
Divine,Aniamaka,NCAA Division I West First Round,"May 28-31, 2025",TJ,15.42m,(0.2),"50' 7.25"""
Divine,Aniamaka,Horizon League Championship,"May  9-11, 2025",TJ,15.39m,(1.1),"50' 6"""
Divine,Aniamaka,Fighting Illini Twilight,"Apr 26, 2025",TJ,14.97m,(1.5),"49' 1.5"""
Divine,Aniamaka,Gibson Invitational,"Apr 17-19, 2025",TJ,15.11m,(1.1),"49' 7"""
Divine,Aniamaka,Marquette Invitational,"Apr 10-11, 2025",TJ,15.01m,(0.3),"49' 3"""
Divine,Aniamaka,Ashton May Invitational,"Apr  5, 2025",TJ,15.58m,(5.2),"51' 1.5"""
Divine,Aniamaka,Raleigh Relays,"Mar 27-29, 2025",TJ,15.30m,(0.7),"50' 2.5"""
Divine,Aniamaka,Panther Tune-up,"Feb 22, 2025",60,DNS,,
Divine,Aniamaka,Panther Tune-up,"Feb 22, 2025",60,7.19,,
Divine,Aniamaka,Panther Tune-up,"Feb 22, 2025",TJ,16.50m,,"54' 1.75"""
Divine,Aniamaka,John Tierney Classic,"Jan 25, 2025",TJ,15.75m,,"51' 8.25"""
Divine,Aniamaka,2024 Horizon League Outdoor Track & Field Championship,"May  3- 5, 2024",TJ,14.44m,(0.4),"47' 4.5"""
Divine,Aniamaka,Clark Wood Open 2024,"Apr 26-27, 2024",TJ,13.96m,(2.9),"45' 9.75"""
Divine,Aniamaka,PANTHER TUNE-UP,"Feb 17, 2024",TJ,15.42m,,"50' 7.25"""
Divine,Aniamaka,Badgers Midwest Invite,"Jan 13, 2024",TJ,14.95m,,"49' 0.75"""
Divine,Aniamaka,2023 Blue Demon Holiday Invite,"Dec  8, 2023",TJ,14.73m,,"48' 4"""
Zach,Weitgenant,John Tierney Classic,"Jan 25, 2025",4x400,DNF,,
Zach,Weitgenant,UW-Whitewater Drake Alternative,"Apr 25, 2024",100,11.05,(1.1),
Zach,Weitgenant,UW-Whitewater Drake Alternative,"Apr 25, 2024",100,11.04,(1.2),
Zach,Weitgenant,UW-Whitewater Drake Alternative,"Apr 25, 2024",200,22.81,(+0.0),
Zach,Weitgenant,Gibson Invitational,"Apr 18-20, 2024",200,22.56,(-0.1),
Zach,Weitgenant,Gibson Invitational,"Apr 18-20, 2024",4x400,3:18.70,,
Zach,Weitgenant,Marquette Invitational,"Apr 12, 2024",200,22.25,(2.3),
Zach,Weitgenant,Marquette Invitational,"Apr 12, 2024",400,52.08,,
Zach,Weitgenant,Redbird Challenge,"Mar 29-30, 2024",400,50.94,,
Zach,Weitgenant,GVSU Big Meet- (Friday),"Feb  9, 2024",400,52.24,,
Zach,Weitgenant,Illini Challenge,"Jan 26-27, 2024",60,7.24,,
Zach,Weitgenant,Illini Challenge,"Jan 26-27, 2024",200,23.06,,
Zach,Weitgenant,Illini Challenge,"Jan 26-27, 2024",400,53.52,,
Zach,Weitgenant,Illini Challenge,"Jan 26-27, 2024",4x400,3:28.46,,
Zach,Weitgenant,John Tierney Classic,"Jan 20, 2024",200,23.27,,
Zach,Weitgenant,John Tierney Classic,"Jan 20, 2024",4x400,3:22.20,,
Zach,Weitgenant,Badgers Midwest Invite,"Jan 13, 2024",300,36.04,,
Collin,Schulz,Horizon League Championship,"May  9-11, 2025",HJ,1.92m,,"6' 3.5"""
Collin,Schulz,Badger Challenge,"May  2, 2025",HJ,NH,,NH
Collin,Schulz,Fighting Illini Twilight,"Apr 26, 2025",HJ,DNS,,NH
Collin,Schulz,Marquette Invitational,"Apr 10-11, 2025",HJ,1.95m,,"6' 4.75"""
Collin,Schulz,Ashton May Invitational,"Apr  5, 2025",HJ,1.91m,,"6' 3.25"""
Collin,Schulz,Redbird Challenge,"Mar 28-29, 2025",HJ,DNS,,NH
Collin,Schulz,2025 Horizon League Indoor Track & Field Championship,"Mar  1- 2, 2025",HJ,1.95m,,"6' 4.75"""
Collin,Schulz,Panther Tune-up,"Feb 22, 2025",HJ,1.98m,,"6' 6"""
Collin,Schulz,UW-La Crosse Mark Guthrie Legacy Invitational,"Feb  8, 2025",HJ,1.92m,,"6' 3.5"""
Collin,Schulz,John Tierney Classic,"Jan 25, 2025",HJ,NH,,NH
Collin,Schulz,2024 Horizon League Outdoor Track & Field Championship,"May  3- 5, 2024",HJ,1.93m,,"6' 4"""
Collin,Schulz,Gibson Invitational,"Apr 18-20, 2024",HJ,1.86m,,"6' 1.25"""
Collin,Schulz,Marquette Invitational,"Apr 12, 2024",HJ,NH,,NH
Collin,Schulz,Raleigh Relays,"Mar 28-30, 2024",HJ,NH,,NH
Collin,Schulz,Horizon League Indoor Track & Field Championship,"Feb 24-25, 2024",HJ,NH,,NH
Collin,Schulz,PANTHER TUNE-UP,"Feb 17, 2024",HJ,2.00m,,"6' 6.75"""
Collin,Schulz,Mark Guthrie Legacy Invite,"Feb  3, 2024",HJ,2.00m,,"6' 6.75"""
Collin,Schulz,Illini Challenge,"Jan 26-27, 2024",HJ,1.94m,,"6' 4.25"""
Collin,Schulz,John Tierney Classic,"Jan 20, 2024",HJ,1.95m,,"6' 4.75"""
Collin,Schulz,Badgers Midwest Invite,"Jan 13, 2024",HJ,1.91m,,"6' 3.25"""
Collin,Schulz,Illini Open,"Jan  6, 2024",HJ,NH,,NH
Collin,Schulz,2023 Blue Demon Holiday Invite,"Dec  8, 2023",HJ,1.98m,,"6' 6"""
Jack,Statz,Badger Challenge,"May  2, 2025",200,22.98,(1.5),
Jack,Statz,Badger Challenge,"May  2, 2025",400,51.45,,
Jack,Statz,Fighting Illini Twilight,"Apr 26, 2025",400,51.77,,
Jack,Statz,UW-Whitewater Drake Alternative,"Apr 24, 2025",200,22.25,(3.3),
Jack,Statz,Green & White Invite,"Apr 17, 2025",100,11.17,(3.5),
Jack,Statz,Green & White Invite,"Apr 17, 2025",200,22.54,(3.3),
Jack,Statz,Green & White Invite,"Apr 17, 2025",400,51.04,,
Jack,Statz,Marquette Invitational,"Apr 10-11, 2025",100,DNS,(0.3),
Jack,Statz,Marquette Invitational,"Apr 10-11, 2025",200,23.12,(-0.5),
Jack,Statz,Marquette Invitational,"Apr 10-11, 2025",400,51.25,,
Jack,Statz,Marquette Invitational,"Apr 10-11, 2025",4x100,DNS,,
Jack,Statz,Ashton May Invitational,"Apr  5, 2025",200,23.00,(0.4),
Jack,Statz,Ashton May Invitational,"Apr  5, 2025",400,52.10,,
Jack,Statz,Redbird Challenge,"Mar 28-29, 2025",100,11.47,(2.7),
Jack,Statz,Redbird Challenge,"Mar 28-29, 2025",200,23.02,(5.1),
Jack,Statz,Redbird Challenge,"Mar 28-29, 2025",4x100,DNS,,
Jack,Statz,Panther Tune-up,"Feb 22, 2025",60,7.28,,
Jack,Statz,UW-La Crosse Mark Guthrie Legacy Invitational,"Feb  8, 2025",60,7.30,,
Jack,Statz,UW-La Crosse Mark Guthrie Legacy Invitational,"Feb  8, 2025",200,23.08,,
Jack,Statz,UW-La Crosse Mark Guthrie Legacy Invitational,"Feb  8, 2025",4x400,3:30.58,,
Jack,Statz,John Tierney Classic,"Jan 25, 2025",60,7.26,,
Jack,Statz,John Tierney Classic,"Jan 25, 2025",200,23.09,,
Jack,Statz,John Tierney Classic,"Jan 25, 2025",4x400,DNF,,
Jack,Statz,Badgers Midwest Invite,"Jan 11, 2025",60,7.16,,
Jack,Statz,Badgers Midwest Invite,"Jan 11, 2025",60,7.20,,
Jack,Statz,Badgers Midwest Invite,"Jan 11, 2025",300,35.84,,
Jack,Statz,2024 Horizon League Outdoor Track & Field Championship,"May  3- 5, 2024",100,10.99,(1.0),
Jack,Statz,2024 Horizon League Outdoor Track & Field Championship,"May  3- 5, 2024",200,22.27,(3.1),
Jack,Statz,2024 Horizon League Outdoor Track & Field Championship,"May  3- 5, 2024",4x400,3:13.34,,
Jack,Statz,UW-Whitewater Drake Alternative,"Apr 25, 2024",100,10.98,(2.4),
Jack,Statz,UW-Whitewater Drake Alternative,"Apr 25, 2024",200,22.86,(+0.0),
Jack,Statz,Gibson Invitational,"Apr 18-20, 2024",400,50.86,,
Jack,Statz,Gibson Invitational,"Apr 18-20, 2024",4x400,3:18.70,,
Jack,Statz,Gary Wieneke Memorial,"Apr 13, 2024",4x100,42.15,,
Jack,Statz,Gary Wieneke Memorial,"Apr 13, 2024",4x400,DNS,,
Jack,Statz,Marquette Invitational,"Apr 12, 2024",100,11.17,(0.9),
Jack,Statz,Marquette Invitational,"Apr 12, 2024",200,22.29,(1.4),
Jack,Statz,Golden Grizzly T&F Invite,"Apr  6, 2024",100,11.13,(1.0),
Jack,Statz,Golden Grizzly T&F Invite,"Apr  6, 2024",100,11.10,(2.0),
Jack,Statz,Golden Grizzly T&F Invite,"Apr  6, 2024",200,22.54,(1.6),
Jack,Statz,Redbird Challenge,"Mar 29-30, 2024",100,11.04,(2.1),
Jack,Statz,Redbird Challenge,"Mar 29-30, 2024",200,22.83,(1.7),
Jack,Statz,Horizon League Indoor Track & Field Championship,"Feb 24-25, 2024",200,22.88,,
Jack,Statz,Horizon League Indoor Track & Field Championship,"Feb 24-25, 2024",4x400,3:15.85,,
Jack,Statz,GVSU Big Meet- (Friday),"Feb  9, 2024",60,7.17,,
Jack,Statz,GVSU Big Meet- (Friday),"Feb  9, 2024",200,22.33,,
Jack,Statz,Mark Guthrie Legacy Invite,"Feb  3, 2024",60,7.16,,
Jack,Statz,Mark Guthrie Legacy Invite,"Feb  3, 2024",200,22.80,,
Jack,Statz,Mark Guthrie Legacy Invite,"Feb  3, 2024",400,50.76,,
Jack,Statz,John Tierney Classic,"Jan 20, 2024",60,7.20,,
Jack,Statz,John Tierney Classic,"Jan 20, 2024",60,7.21,,
Jack,Statz,John Tierney Classic,"Jan 20, 2024",200,22.64,,
Jack,Statz,Badgers Midwest Invite,"Jan 13, 2024",60,7.19,,
Jack,Statz,Badgers Midwest Invite,"Jan 13, 2024",300,35.11,,
Jack,Statz,2023 Blue Demon Holiday Invite,"Dec  8, 2023",300,35.44,,
Austin,Villarreal,Redbird Challenge,"Mar 29-30, 2024",LJ,DNS,,NM
Austin,Villarreal,PANTHER TUNE-UP,"Feb 17, 2024",LJ,6.44m,,"21' 1.5"""
Austin,Villarreal,Mark Guthrie Legacy Invite,"Feb  3, 2024",LJ,6.34m,,"20' 9.75"""
Austin,Villarreal,John Tierney Classic,"Jan 20, 2024",LJ,6.59m,,"21' 7.5"""
Austin,Villarreal,Illini Open,"Jan  6, 2024",LJ,6.20m,,"20' 4.25"""
Austin,Villarreal,2023 Blue Demon Holiday Invite,"Dec  8, 2023",LJ,6.11m,,"20' 0.5"""
Anthony,Campbell,Jim Green Invitational,"May  2- 3, 2025",LJ,FOUL,,NM
Anthony,Campbell,Gibson Invitational,"Apr 17-19, 2025",LJ,6.88m,(+0.0),"22' 7"""
Anthony,Campbell,Marquette Invitational,"Apr 10-11, 2025",LJ,DNS,,NM
Anthony,Campbell,Raleigh Relays,"Mar 27-29, 2025",LJ,7.41m,(-0.2),"24' 3.75"""
Anthony,Campbell,Panther Tune-up,"Feb 22, 2025",LJ,7.43m,,"24' 4.5"""
Anthony,Campbell,NCAA West First Round,"May 22-25, 2024",LJ,7.14m,(0.7),"23' 5.25"""
Anthony,Campbell,2024 Horizon League Outdoor Track & Field Championship,"May  3- 5, 2024",HJ,2.01m,,"6' 7"""
Anthony,Campbell,2024 Horizon League Outdoor Track & Field Championship,"May  3- 5, 2024",LJ,7.66m,(2.2),"25' 1.75"""
Anthony,Campbell,Clark Wood Open 2024,"Apr 26-27, 2024",LJ,7.77m,(3.5),"25' 6"""
Anthony,Campbell,Gibson Invitational,"Apr 18-20, 2024",LJ,7.42m,(0.4),"24' 4.25"""
Anthony,Campbell,2024 Bryan Clay Invitational,"Apr 11-13, 2024",LJ,FOUL,,NM
Anthony,Campbell,Golden Grizzly T&F Invite,"Apr  6, 2024",HJ,2.00m,,"6' 6.75"""
Anthony,Campbell,Raleigh Relays,"Mar 28-30, 2024",LJ,7.40m,(-1.6),"24' 3.5"""
Anthony,Campbell,Horizon League Indoor Track & Field Championship,"Feb 24-25, 2024",HJ,2.08m,,"6' 9.75"""
Anthony,Campbell,Horizon League Indoor Track & Field Championship,"Feb 24-25, 2024",LJ,7.60m,,"24' 11.25"""
Anthony,Campbell,PANTHER TUNE-UP,"Feb 17, 2024",LJ,7.78m,,"25' 6.25"""
Anthony,Campbell,Illini Challenge,"Jan 26-27, 2024",LJ,7.21m,,"23' 8"""
Anthony,Campbell,John Tierney Classic,"Jan 20, 2024",LJ,7.43m,,"24' 4.5"""
Anthony,Campbell,Badgers Midwest Invite,"Jan 13, 2024",HJ,2.09m,,"6' 10.25"""
Anthony,Campbell,Illini Open,"Jan  6, 2024",LJ,7.40m,,"24' 3.5"""
Anthony,Campbell,2023 Blue Demon Holiday Invite,"Dec  8, 2023",HJ,2.08m,,"6' 9.75"""
Anthony,Campbell,NCAA West Preliminary Round,"May 24-27, 2023",LJ,7.28m,(0.5),"23' 10.75"""
Anthony,Campbell,Horizon League Championship,"May  5- 7, 2023",HJ,NH,,NH
Anthony,Campbell,Horizon League Championship,"May  5- 7, 2023",LJ,7.64m,(0.9),"25' 0.75"""
Anthony,Campbell,Clark Wood Open 2023,"Apr 28-29, 2023",LJ,7.28m,(1.1),"23' 10.75"""
Anthony,Campbell,Marquette Invitational,"Apr 22, 2023",HJ,1.95m,,"6' 4.75"""
Anthony,Campbell,Gibson Invitational & Multis,"Apr 13-15, 2023",LJ,7.35m,(0.7),"24' 1.5"""
Anthony,Campbell,Fighting Illini Challenge,"Apr  8, 2023",LJ,7.38m,(1.6),"24' 2.5"""
Anthony,Campbell,2023 Horizon League Indoor Track & Field Championship,"Feb 25-26, 2023",HJ,2.01m,,"6' 7"""
Anthony,Campbell,2023 Horizon League Indoor Track & Field Championship,"Feb 25-26, 2023",LJ,7.51m,,"24' 7.75"""
Anthony,Campbell,Panther Tune-Up,"Feb 18, 2023",HJ,2.05m,,"6' 8.75"""
Anthony,Campbell,Panther Tune-Up,"Feb 18, 2023",LJ,FOUL,,NM
Anthony,Campbell,Mark Guthrie Legacy Invitational,"Feb  4, 2023",HJ,1.95m,,"6' 4.75"""
Anthony,Campbell,Jack Johnson Classic,"Jan 27-28, 2023",HJ,2.02m,,"6' 7.5"""
Anthony,Campbell,John Tierney Classic,"Jan 21, 2023",LJ,7.04m,,"23' 1.25"""
Anthony,Campbell,Wisconsin Badgers Midwest Invite,"Jan 14, 2023",HJ,1.96m,,"6' 5"""
Anthony,Campbell,Wisconsin Badgers Midwest Invite,"Jan 14, 2023",LJ,6.60m,,"21' 8"""
Anthony,Campbell,Horizon League Indoor Track & Field Championships,"Feb 26-27, 2022",LJ,FOUL,,NM
Anthony,Campbell,St. Valentines Open,"Feb 18, 2022",HJ,1.98m,,"6' 6"""
Anthony,Campbell,2022 Hoosier Hills,"Feb 11, 2022",LJ,6.94m,,"22' 9.25"""
Anthony,Campbell,John Tierney Classic,"Jan 29, 2022",HJ,2.04m,,"6' 8.25"""
Anthony,Campbell,John Gartland Invitational,"Jan 21-22, 2022",LJ,7.13m,,"23' 4.75"""
Anthony,Campbell,Hawkeye Invite,"Jan 14-15, 2022",HJ,1.95m,,"6' 4.75"""
Evan,Bartelsen,UWL Final Qualifier,"May 14, 2025",PV,NH,,NH
Evan,Bartelsen,Horizon League Championship,"May  9-11, 2025",PV,NH,,
Evan,Bartelsen,Fighting Illini Twilight,"Apr 26, 2025",PV,4.88m,,"16' 0"""
Evan,Bartelsen,Gibson Invitational,"Apr 17-19, 2025",PV,NH,,NH
Evan,Bartelsen,Duke Invitational,"Apr 10-12, 2025",PV,4.65m,,"15' 3"""
Evan,Bartelsen,Ashton May Invitational,"Apr  5, 2025",PV,4.76m,,"15' 7.25"""
Evan,Bartelsen,Redbird Challenge,"Mar 28-29, 2025",PV,4.62m,,"15' 1.75"""
Evan,Bartelsen,2025 Horizon League Indoor Track & Field Championship,"Mar  1- 2, 2025",PV,4.70m,,"15' 5"""
Evan,Bartelsen,Panther Tune-up,"Feb 22, 2025",PV,5.00m,,"16' 4.75"""
Evan,Bartelsen,GVSU Big Meet- Friday,"Feb 14, 2025",PV,NH,,NH
Evan,Bartelsen,UW-La Crosse Mark Guthrie Legacy Invitational,"Feb  8, 2025",PV,4.70m,,"15' 5"""
Evan,Bartelsen,Meyo Invitational (2025 Notre Dame Indoor Track & Field),"Jan 31-Feb  1, 2025",PV,4.96m,,"16' 3.25"""
Evan,Bartelsen,John Tierney Classic,"Jan 25, 2025",PV,4.85m,,"15' 11"""
Evan,Bartelsen,Badgers Midwest Invite,"Jan 11, 2025",PV,4.60m,,"15' 1"""
Evan,Bartelsen,2024 Horizon League Outdoor Track & Field Championship,"May  3- 5, 2024",PV,4.90m,,"16' 0.75"""
Evan,Bartelsen,UW-Whitewater Drake Alternative,"Apr 25, 2024",PV,5.00m,,"16' 4.75"""
Evan,Bartelsen,Gibson Invitational,"Apr 18-20, 2024",PV,4.71m,,"15' 5.5"""
Evan,Bartelsen,2024 Bryan Clay Invitational,"Apr 11-13, 2024",PV,4.75m,,"15' 7"""
Evan,Bartelsen,Golden Grizzly T&F Invite,"Apr  6, 2024",PV,4.85m,,"15' 11"""
Evan,Bartelsen,Redbird Challenge,"Mar 29-30, 2024",PV,4.72m,,"15' 5.75"""
Evan,Bartelsen,Horizon League Indoor Track & Field Championship,"Feb 24-25, 2024",PV,4.63m,,"15' 2.25"""
Evan,Bartelsen,PANTHER TUNE-UP,"Feb 17, 2024",PV,4.70m,,"15' 5"""
Evan,Bartelsen,Mark Guthrie Legacy Invite,"Feb  3, 2024",PV,4.52m,,"14' 10"""
Evan,Bartelsen,Illini Challenge,"Jan 26-27, 2024",PV,4.86m,,"15' 11.25"""
Evan,Bartelsen,John Tierney Classic,"Jan 20, 2024",PV,4.85m,,"15' 11"""
Evan,Bartelsen,Badgers Midwest Invite,"Jan 13, 2024",PV,NH,,NH
Evan,Bartelsen,Illini Open,"Jan  6, 2024",PV,4.58m,,"15' 0.25"""
Evan,Bartelsen,Eagle Open,"May 12, 2023",PV,4.71m,,"15' 5.5"""
Evan,Bartelsen,Horizon League Championship,"May  5- 7, 2023",PV,4.80m,,"15' 9"""
Evan,Bartelsen,Clark Wood Open 2023,"Apr 28-29, 2023",PV,4.78m,,"15' 8.25"""
Evan,Bartelsen,Gary Wieneke Memorial,"Apr 21-22, 2023",PV,4.60m,,"15' 1"""
Evan,Bartelsen,Gibson Invitational & Multis,"Apr 13-15, 2023",PV,4.91m,,"16' 1.25"""
Evan,Bartelsen,Fighting Illini Challenge,"Apr  8, 2023",PV,NH,,NH
Evan,Bartelsen,2023 Horizon League Indoor Track & Field Championship,"Feb 25-26, 2023",PV,4.86m,,"15' 11.25"""
Evan,Bartelsen,Panther Tune-Up,"Feb 18, 2023",PV,4.60m,,"15' 1"""
Evan,Bartelsen,Mark Guthrie Legacy Invitational,"Feb  4, 2023",PV,4.58m,,"15' 0.25"""
Evan,Bartelsen,Jack Johnson Classic,"Jan 27-28, 2023",PV,4.63m,,"15' 2.25"""
Evan,Bartelsen,John Tierney Classic,"Jan 21, 2023",PV,4.60m,,"15' 1"""
Evan,Bartelsen,Wisconsin Badgers Midwest Invite,"Jan 14, 2023",PV,4.67m,,"15' 3.75"""
Evan,Bartelsen,Horizon League Outdoor Track & Field Championships,"May  6- 8, 2022",PV,4.10m,,"13' 5.25"""
Evan,Bartelsen,Valparaiso Beacan Invite,"Apr 30, 2022",PV,4.30m,,"14' 1.25"""
Evan,Bartelsen,Illini Invitational,"Apr 22-23, 2022",PV,4.43m,,"14' 6.25"""
Evan,Bartelsen,44 Farms Team Invitational,"Apr  8- 9, 2022",PV,4.62m,,"15' 1.75"""
Evan,Bartelsen,Redbird Invite,"Apr  1- 2, 2022",PV,4.60m,,"15' 1"""
Evan,Bartelsen,Horizon League Indoor Track & Field Championships,"Feb 26-27, 2022",PV,4.60m,,"15' 1"""
Evan,Bartelsen,St. Valentines Open,"Feb 18, 2022",PV,4.73m,,"15' 6.25"""
Evan,Bartelsen,2022 Hoosier Hills,"Feb 11, 2022",PV,4.46m,,"14' 7.5"""
Evan,Bartelsen,Red Hawk Invite,"Feb  5, 2022",PV,4.70m,,"15' 5"""
Evan,Bartelsen,John Tierney Classic,"Jan 29, 2022",PV,4.50m,,"14' 9"""
Evan,Bartelsen,John Gartland Invitational,"Jan 21-22, 2022",PV,4.31m,,"14' 1.75"""
Evan,Bartelsen,Hawkeye Invite,"Jan 14-15, 2022",PV,4.30m,,"14' 1.25"""
Chris,Dobbie,Horizon League Championship,"May  9-11, 2025",HJ,DNS,,
Chris,Dobbie,Horizon League Championship,"May  9-11, 2025",TJ,12.88m,(0.2),"42' 3.25"""
Chris,Dobbie,Badger Challenge,"May  2, 2025",HJ,1.72m,,"5' 7.75"""
Chris,Dobbie,Redbird Challenge,"Mar 28-29, 2025",HJ,DNS,,NH
Chris,Dobbie,Redbird Challenge,"Mar 28-29, 2025",TJ,12.58m,(3.9),"41' 3.25"""
Chris,Dobbie,2025 Horizon League Indoor Track & Field Championship,"Mar  1- 2, 2025",HJ,NH,,NH
Chris,Dobbie,2025 Horizon League Indoor Track & Field Championship,"Mar  1- 2, 2025",TJ,13.19m,,"43' 3.25"""
Chris,Dobbie,Panther Tune-up,"Feb 22, 2025",HJ,1.88m,,"6' 2"""
Chris,Dobbie,Panther Tune-up,"Feb 22, 2025",TJ,13.51m,,"44' 4"""
Chris,Dobbie,UW-La Crosse Mark Guthrie Legacy Invitational,"Feb  8, 2025",HJ,1.82m,,"5' 11.5"""
Chris,Dobbie,John Tierney Classic,"Jan 25, 2025",HJ,NH,,NH
Chris,Dobbie,Badgers Midwest Invite,"Jan 11, 2025",HJ,1.80m,,"5' 10.75"""
Chris,Dobbie,2024 Blue Demon Holiday Invite,"Dec 13, 2024",HJ,NH,,NH
Chris,Dobbie,2024 Blue Demon Holiday Invite,"Dec 13, 2024",TJ,12.40m,,"40' 8.25"""
Chris,Dobbie,2024 Horizon League Outdoor Track & Field Championship,"May  3- 5, 2024",HJ,1.88m,,"6' 2"""
Chris,Dobbie,2024 Horizon League Outdoor Track & Field Championship,"May  3- 5, 2024",TJ,12.75m,(0.8),"41' 10"""
Chris,Dobbie,UW-Whitewater Drake Alternative,"Apr 25, 2024",HJ,1.87m,,"6' 1.5"""
Chris,Dobbie,UW-Whitewater Drake Alternative,"Apr 25, 2024",TJ,13.07m,(2.2),"42' 10.75"""
Chris,Dobbie,Gibson Invitational,"Apr 18-20, 2024",HJ,1.81m,,"5' 11.25"""
Chris,Dobbie,Golden Grizzly T&F Invite,"Apr  6, 2024",HJ,1.85m,,"6' 0.75"""
Chris,Dobbie,Golden Grizzly T&F Invite,"Apr  6, 2024",TJ,12.57m,(3.3),"41' 3"""
Chris,Dobbie,Redbird Challenge,"Mar 29-30, 2024",HJ,1.85m,,"6' 0.75"""
Chris,Dobbie,Redbird Challenge,"Mar 29-30, 2024",TJ,12.29m,(2.8),"40' 4"""
Chris,Dobbie,Horizon League Indoor Track & Field Championship,"Feb 24-25, 2024",HJ,1.81m,,"5' 11.25"""
Chris,Dobbie,Horizon League Indoor Track & Field Championship,"Feb 24-25, 2024",TJ,12.69m,,"41' 7.75"""
Chris,Dobbie,PANTHER TUNE-UP,"Feb 17, 2024",HJ,1.85m,,"6' 0.75"""
Chris,Dobbie,Mark Guthrie Legacy Invite,"Feb  3, 2024",TJ,12.26m,,"40' 2.75"""
Chris,Dobbie,John Tierney Classic,"Jan 20, 2024",HJ,1.85m,,"6' 0.75"""
Chris,Dobbie,John Tierney Classic,"Jan 20, 2024",TJ,12.99m,,"42' 7.5"""
Chris,Dobbie,Badgers Midwest Invite,"Jan 13, 2024",HJ,NH,,NH
Chris,Dobbie,Illini Open,"Jan  6, 2024",HJ,NH,,NH
Chris,Dobbie,2023 Blue Demon Holiday Invite,"Dec  8, 2023",HJ,1.88m,,"6' 2"""
Chris,Dobbie,Horizon League Championship,"May  5- 7, 2023",HJ,1.84m,,"6' 0.5"""
Chris,Dobbie,Clark Wood Open 2023,"Apr 28-29, 2023",HJ,NH,,NH
Chris,Dobbie,Marquette Invitational,"Apr 22, 2023",HJ,NH,,NH
Chris,Dobbie,Green & White Invite,"Apr 15, 2023",HJ,1.86m,,"6' 1.25"""
Chris,Dobbie,2023 Horizon League Indoor Track & Field Championship,"Feb 25-26, 2023",HJ,1.91m,,"6' 3.25"""
Chris,Dobbie,2023 Horizon League Indoor Track & Field Championship,"Feb 25-26, 2023",TJ,13.33m,,"43' 9"""
Chris,Dobbie,Panther Tune-Up,"Feb 18, 2023",HJ,1.85m,,"6' 0.75"""
Chris,Dobbie,Panther Tune-Up,"Feb 18, 2023",TJ,13.06m,,"42' 10.25"""
Chris,Dobbie,GVSU Big Meet (Friday),"Feb 10, 2023",HJ,1.86m,,"6' 1.25"""
Chris,Dobbie,Mark Guthrie Legacy Invitational,"Feb  4, 2023",HJ,1.85m,,"6' 0.75"""
Chris,Dobbie,John Tierney Classic,"Jan 21, 2023",HJ,1.95m,,"6' 4.75"""
Chris,Dobbie,John Tierney Classic,"Jan 21, 2023",TJ,13.03m,,"42' 9"""
Chris,Dobbie,Wisconsin Badgers Midwest Invite,"Jan 14, 2023",HJ,1.91m,,"6' 3.25"""
Chris,Dobbie,2022 Blue Demon Holiday Invite,"Dec  9, 2022",HJ,1.80m,,"5' 10.75"""
Chris,Dobbie,Valparaiso Beacan Invite,"Apr 30, 2022",HJ,1.85m,,"6' 0.75"""
Chris,Dobbie,Illini Invitational,"Apr 22-23, 2022",HJ,1.75m,,"5' 8.75"""
Chris,Dobbie,Horizon League Indoor Track & Field Championships,"Feb 26-27, 2022",HJ,1.89m,,"6' 2.25"""
Chris,Dobbie,St. Valentines Open,"Feb 18, 2022",HJ,1.88m,,"6' 2"""
Chris,Dobbie,Red Hawk Invite,"Feb  5, 2022",HJ,1.77m,,"5' 9.75"""
Chris,Dobbie,John Tierney Classic,"Jan 29, 2022",HJ,1.79m,,"5' 10.5"""
EJ,Kruse,UWL Final Qualifier,"May 14, 2025",100,11.16,(+0.0),
EJ,Kruse,UWL Final Qualifier,"May 14, 2025",200,22.31,(0.7),
EJ,Kruse,Horizon League Championship,"May  9-11, 2025",100,10.93,(2.1),
EJ,Kruse,Horizon League Championship,"May  9-11, 2025",200,22.44,(0.8),
EJ,Kruse,Horizon League Championship,"May  9-11, 2025",4x100,52.64,,
EJ,Kruse,Badger Challenge,"May  2, 2025",100,11.22,(-0.5),
EJ,Kruse,Fighting Illini Twilight,"Apr 26, 2025",100,11.17,(2.9),
EJ,Kruse,Fighting Illini Twilight,"Apr 26, 2025",200,22.37,(-0.2),
EJ,Kruse,Fighting Illini Twilight,"Apr 26, 2025",4x100,41.33,,
EJ,Kruse,Gibson Invitational,"Apr 17-19, 2025",100,11.58,(-2.6),
EJ,Kruse,Gibson Invitational,"Apr 17-19, 2025",200,22.83,(-0.5),
EJ,Kruse,Gibson Invitational,"Apr 17-19, 2025",4x100,42.17,,
EJ,Kruse,Gibson Invitational,"Apr 17-19, 2025",4x400,3:26.23,,
EJ,Kruse,Marquette Invitational,"Apr 10-11, 2025",100,11.13,(0.3),
EJ,Kruse,Marquette Invitational,"Apr 10-11, 2025",200,23.02,(-0.5),
EJ,Kruse,Marquette Invitational,"Apr 10-11, 2025",4x100,DNS,,
EJ,Kruse,Ashton May Invitational,"Apr  5, 2025",200,22.86,(0.4),
EJ,Kruse,Ashton May Invitational,"Apr  5, 2025",400,53.13,,
EJ,Kruse,Redbird Challenge,"Mar 28-29, 2025",100,11.18,(4.7),
EJ,Kruse,Redbird Challenge,"Mar 28-29, 2025",200,22.30,(5.1),
EJ,Kruse,Redbird Challenge,"Mar 28-29, 2025",4x100,DNS,,
EJ,Kruse,2025 Horizon League Indoor Track & Field Championship,"Mar  1- 2, 2025",60,7.20,,
EJ,Kruse,2025 Horizon League Indoor Track & Field Championship,"Mar  1- 2, 2025",200,23.09,,
EJ,Kruse,Panther Tune-up,"Feb 22, 2025",60,7.16,,
EJ,Kruse,Panther Tune-up,"Feb 22, 2025",60,7.16,,
EJ,Kruse,Panther Tune-up,"Feb 22, 2025",200,23.05,,
EJ,Kruse,Dick Hendricks Invite,"Feb 15, 2025",60,DNS,,
EJ,Kruse,Dick Hendricks Invite,"Feb 15, 2025",200,DNS,,
EJ,Kruse,UW-La Crosse Mark Guthrie Legacy Invitational,"Feb  8, 2025",60,7.10,,
EJ,Kruse,UW-La Crosse Mark Guthrie Legacy Invitational,"Feb  8, 2025",200,22.90,,
EJ,Kruse,UW-La Crosse Mark Guthrie Legacy Invitational,"Feb  8, 2025",4x400,3:30.58,,
EJ,Kruse,"Leonard ""Squig"" Converse Invitational & Multi","Jan 31-Feb  1, 2025",60,7.08,,
EJ,Kruse,"Leonard ""Squig"" Converse Invitational & Multi","Jan 31-Feb  1, 2025",200,22.88,,
EJ,Kruse,John Tierney Classic,"Jan 25, 2025",60,7.10,,
EJ,Kruse,John Tierney Classic,"Jan 25, 2025",60,7.12,,
EJ,Kruse,John Tierney Classic,"Jan 25, 2025",200,23.02,,
EJ,Kruse,Badgers Midwest Invite,"Jan 11, 2025",60,7.14,,
EJ,Kruse,Badgers Midwest Invite,"Jan 11, 2025",60,7.13,,
EJ,Kruse,Badgers Midwest Invite,"Jan 11, 2025",300,36.68,,
EJ,Kruse,2024 Horizon League Outdoor Track & Field Championship,"May  3- 5, 2024",100,10.87,(2.3),
EJ,Kruse,2024 Horizon League Outdoor Track & Field Championship,"May  3- 5, 2024",100,10.93,(0.4),
EJ,Kruse,2024 Horizon League Outdoor Track & Field Championship,"May  3- 5, 2024",200,22.28,(1.5),
EJ,Kruse,UW-Whitewater Drake Alternative,"Apr 25, 2024",100,10.90,(2.4),
EJ,Kruse,UW-Whitewater Drake Alternative,"Apr 25, 2024",100,11.10,(-0.9),
EJ,Kruse,UW-Whitewater Drake Alternative,"Apr 25, 2024",200,22.63,(2.7),
EJ,Kruse,Gibson Invitational,"Apr 18-20, 2024",100,10.91,(1.5),
EJ,Kruse,Gibson Invitational,"Apr 18-20, 2024",4x100,41.52,,
EJ,Kruse,Gary Wieneke Memorial,"Apr 13, 2024",100,10.92,(1.6),
EJ,Kruse,Gary Wieneke Memorial,"Apr 13, 2024",200,22.58,(2.5),
EJ,Kruse,Gary Wieneke Memorial,"Apr 13, 2024",4x100,42.15,,
EJ,Kruse,Golden Grizzly T&F Invite,"Apr  6, 2024",100,11.13,(1.5),
EJ,Kruse,Golden Grizzly T&F Invite,"Apr  6, 2024",200,22.65,(1.6),
EJ,Kruse,Golden Grizzly T&F Invite,"Apr  6, 2024",4x100,DNF,,
EJ,Kruse,Redbird Challenge,"Mar 29-30, 2024",100,10.98,(1.5),
EJ,Kruse,Redbird Challenge,"Mar 29-30, 2024",100,11.00,(0.6),
EJ,Kruse,Redbird Challenge,"Mar 29-30, 2024",200,22.47,(1.7),
EJ,Kruse,Horizon League Indoor Track & Field Championship,"Feb 24-25, 2024",60,7.06,,
EJ,Kruse,Horizon League Indoor Track & Field Championship,"Feb 24-25, 2024",60,7.06,,
EJ,Kruse,Horizon League Indoor Track & Field Championship,"Feb 24-25, 2024",200,22.96,,
EJ,Kruse,GVSU Big Meet- (Friday),"Feb  9, 2024",60,7.14,,
EJ,Kruse,GVSU Big Meet- (Friday),"Feb  9, 2024",200,22.31,,
EJ,Kruse,Mark Guthrie Legacy Invite,"Feb  3, 2024",60,7.06,,
EJ,Kruse,Mark Guthrie Legacy Invite,"Feb  3, 2024",200,23.01,,
EJ,Kruse,Illini Challenge,"Jan 26-27, 2024",60,7.15,,
EJ,Kruse,Illini Challenge,"Jan 26-27, 2024",200,22.83,,
EJ,Kruse,Illini Challenge,"Jan 26-27, 2024",4x400,3:28.46,,
EJ,Kruse,John Tierney Classic,"Jan 20, 2024",60,7.07,,
EJ,Kruse,John Tierney Classic,"Jan 20, 2024",60,7.10,,
EJ,Kruse,Badgers Midwest Invite,"Jan 13, 2024",60,7.13,,
EJ,Kruse,Badgers Midwest Invite,"Jan 13, 2024",300,37.02,,
EJ,Kruse,2023 Blue Demon Holiday Invite,"Dec  8, 2023",60,7.92,,
EJ,Kruse,2023 Blue Demon Holiday Invite,"Dec  8, 2023",60,6.99,,
EJ,Kruse,Horizon League Championship,"May  5- 7, 2023",100,10.83,(1.6),
EJ,Kruse,Horizon League Championship,"May  5- 7, 2023",100,10.75,(1.1),
EJ,Kruse,Horizon League Championship,"May  5- 7, 2023",4x100,41.31,,
EJ,Kruse,Gary Wieneke Memorial,"Apr 21-22, 2023",4x100,41.17,,
EJ,Kruse,Green & White Invite,"Apr 15, 2023",100,10.81,(2.7),
EJ,Kruse,Green & White Invite,"Apr 15, 2023",400,51.36,,
EJ,Kruse,Fighting Illini Challenge,"Apr  8, 2023",400,50.80,,
EJ,Kruse,2023 Horizon League Indoor Track & Field Championship,"Feb 25-26, 2023",60,7.10,,
EJ,Kruse,Panther Tune-Up,"Feb 18, 2023",60,7.03,,
EJ,Kruse,Panther Tune-Up,"Feb 18, 2023",60,7.07,,
EJ,Kruse,Panther Tune-Up,"Feb 18, 2023",200,22.36,,
EJ,Kruse,Dick Hendricks Invite,"Feb 11, 2023",60,7.05,,
EJ,Kruse,Dick Hendricks Invite,"Feb 11, 2023",60,7.11,,
EJ,Kruse,Dick Hendricks Invite,"Feb 11, 2023",200,22.52,,
EJ,Kruse,Mark Guthrie Legacy Invitational,"Feb  4, 2023",60,7.16,,
EJ,Kruse,Wisconsin Badgers Midwest Invite,"Jan 14, 2023",60,7.06,,
EJ,Kruse,2022 Warrior Invitational,"Apr 14, 2022",200,22.51,(3.6),
EJ,Kruse,GVSU Big Meet-FRIDAY,"Feb 11, 2022",60,10.05,,
Bryant,McLaughlin,UWL Final Qualifier,"May 14, 2025",HJ,1.99m,,"6' 6.25"""
Bryant,McLaughlin,Horizon League Championship,"May  9-11, 2025",HJ,1.97m,,"6' 5.5"""
Bryant,McLaughlin,Horizon League Championship,"May  9-11, 2025",TJ,13.71m,(0.6),"44' 11.75"""
Bryant,McLaughlin,Jim Green Invitational,"May  2- 3, 2025",HJ,NH,,NH
Bryant,McLaughlin,Fighting Illini Twilight,"Apr 26, 2025",HJ,DNS,,NH
Bryant,McLaughlin,Ashton May Invitational,"Apr  5, 2025",HJ,2.09m,,"6' 10.25"""
Bryant,McLaughlin,Redbird Challenge,"Mar 28-29, 2025",TJ,13.53m,(2.3),"44' 4.75"""
Bryant,McLaughlin,2025 Horizon League Indoor Track & Field Championship,"Mar  1- 2, 2025",HJ,2.01m,,"6' 7"""
Bryant,McLaughlin,2025 Horizon League Indoor Track & Field Championship,"Mar  1- 2, 2025",TJ,13.58m,,"44' 6.75"""
Bryant,McLaughlin,Panther Tune-up,"Feb 22, 2025",HJ,1.93m,,"6' 4"""
Bryant,McLaughlin,UW-La Crosse Mark Guthrie Legacy Invitational,"Feb  8, 2025",HJ,1.97m,,"6' 5.5"""
Bryant,McLaughlin,UW-La Crosse Mark Guthrie Legacy Invitational,"Feb  8, 2025",TJ,13.43m,,"44' 0.75"""
Bryant,McLaughlin,Meyo Invitational (2025 Notre Dame Indoor Track & Field),"Jan 31-Feb  1, 2025",HJ,NH,,
Bryant,McLaughlin,John Tierney Classic,"Jan 25, 2025",HJ,1.90m,,"6' 2.75"""
Bryant,McLaughlin,2024 Blue Demon Holiday Invite,"Dec 13, 2024",HJ,1.93m,,"6' 4"""
Bryant,McLaughlin,2024 Horizon League Outdoor Track & Field Championship,"May  3- 5, 2024",HJ,1.93m,,"6' 4"""
Bryant,McLaughlin,2024 Horizon League Outdoor Track & Field Championship,"May  3- 5, 2024",TJ,12.97m,(0.6),"42' 6.75"""
Bryant,McLaughlin,Green & White Invite,"Apr 20, 2024",TJ,13.14m,(0.5),"43' 1.5"""
Bryant,McLaughlin,Gary Wieneke Memorial,"Apr 13, 2024",HJ,1.96m,,"6' 5"""
Bryant,McLaughlin,Redbird Challenge,"Mar 29-30, 2024",HJ,2.04m,,"6' 8.25"""
Bryant,McLaughlin,Horizon League Indoor Track & Field Championship,"Feb 24-25, 2024",HJ,1.96m,,"6' 5"""
Bryant,McLaughlin,Horizon League Indoor Track & Field Championship,"Feb 24-25, 2024",TJ,13.61m,,"44' 8"""
Bryant,McLaughlin,Mark Guthrie Legacy Invite,"Feb  3, 2024",TJ,12.88m,,"42' 3.25"""
Bryant,McLaughlin,John Tierney Classic,"Jan 20, 2024",HJ,NH,,NH
Bryant,McLaughlin,Badgers Midwest Invite,"Jan 13, 2024",HJ,1.91m,,"6' 3.25"""
Bryant,McLaughlin,Illini Open,"Jan  6, 2024",HJ,NH,,NH
Bryant,McLaughlin,2023 Blue Demon Holiday Invite,"Dec  8, 2023",HJ,NH,,NH
Bryant,McLaughlin,Horizon League Championship,"May  5- 7, 2023",HJ,1.89m,,"6' 2.25"""
Bryant,McLaughlin,Marquette Invitational,"Apr 22, 2023",HJ,1.90m,,"6' 2.75"""
Bryant,McLaughlin,Green & White Invite,"Apr 15, 2023",TJ,12.89m,(1.3),"42' 3.5"""
Bryant,McLaughlin,Fighting Illini Challenge,"Apr  8, 2023",HJ,NH,,NH
Bryant,McLaughlin,2023 Horizon League Indoor Track & Field Championship,"Feb 25-26, 2023",HJ,2.01m,,"6' 7"""
Bryant,McLaughlin,2023 Horizon League Indoor Track & Field Championship,"Feb 25-26, 2023",TJ,13.38m,,"43' 10.75"""
Bryant,McLaughlin,GVSU Big Meet (Friday),"Feb 10, 2023",HJ,NH,,NH
Bryant,McLaughlin,Mark Guthrie Legacy Invitational,"Feb  4, 2023",TJ,13.07m,,"42' 10.75"""
Bryant,McLaughlin,Jack Johnson Classic,"Jan 27-28, 2023",HJ,1.92m,,"6' 3.5"""
Bryant,McLaughlin,John Tierney Classic,"Jan 21, 2023",HJ,1.95m,,"6' 4.75"""
Bryant,McLaughlin,Wisconsin Badgers Midwest Invite,"Jan 14, 2023",HJ,1.86m,,"6' 1.25"""
Bryant,McLaughlin,2022 Blue Demon Holiday Invite,"Dec  9, 2022",HJ,1.90m,,"6' 2.75"""
Bryant,McLaughlin,Horizon League Outdoor Track & Field Championships,"May  6- 8, 2022",HJ,1.95m,,"6' 4.75"""
Bryant,McLaughlin,Valparaiso Beacan Invite,"Apr 30, 2022",HJ,NH,,NH
Bryant,McLaughlin,Illini Invitational,"Apr 22-23, 2022",HJ,1.90m,,"6' 2.75"""
Bryant,McLaughlin,Redbird Invite,"Apr  1- 2, 2022",HJ,1.85m,,"6' 0.75"""
Bryant,McLaughlin,Redbird Invite,"Apr  1- 2, 2022",TJ,12.66m,,"41' 6.5"""
Bryant,McLaughlin,Horizon League Indoor Track & Field Championships,"Feb 26-27, 2022",HJ,1.89m,,"6' 2.25"""
Bryant,McLaughlin,Horizon League Indoor Track & Field Championships,"Feb 26-27, 2022",TJ,13.00m,,"42' 8"""
Bryant,McLaughlin,John Tierney Classic,"Jan 29, 2022",TJ,13.05m,,"42' 9.75"""
Bryant,McLaughlin,John Gartland Invitational,"Jan 21-22, 2022",HJ,1.91m,,"6' 3.25"""
Bryant,McLaughlin,Hawkeye Invite,"Jan 14-15, 2022",HJ,1.90m,,"6' 2.75"""
Jack,Misky,Horizon League Championship,"May  9-11, 2025",SP,14.11m,,"46' 3.5"""
Jack,Misky,Horizon League Championship,"May  9-11, 2025",DT,48.70m,,"159' 9"""
Jack,Misky,Horizon League Championship,"May  9-11, 2025",HT,42.90m,,"140' 9"""
Jack,Misky,Horizon League Championship,"May  9-11, 2025",JT,47.65m,,"156' 4"""
Jack,Misky,Badger Challenge,"May  2, 2025",DT,49.45m,,"162' 3"""
Jack,Misky,Badger Challenge,"May  2, 2025",HT,38.48m,,"126' 3"""
Jack,Misky,Badger Challenge,"May  2, 2025",JT,42.06m,,"138' 0"""
Jack,Misky,Fighting Illini Twilight,"Apr 26, 2025",SP,13.30m,,"43' 7.75"""
Jack,Misky,Fighting Illini Twilight,"Apr 26, 2025",DT,46.02m,,"151' 0"""
Jack,Misky,Fighting Illini Twilight,"Apr 26, 2025",HT,32.23m,,"105' 9"""
Jack,Misky,Marquette Invitational,"Apr 10-11, 2025",SP,13.52m,,"44' 4.25"""
Jack,Misky,Marquette Invitational,"Apr 10-11, 2025",DT,46.84m,,"153' 8"""
Jack,Misky,Marquette Invitational,"Apr 10-11, 2025",JT,40.64m,,"133' 4"""
Jack,Misky,Ashton May Invitational,"Apr  5, 2025",SP,13.74m,,"45' 1"""
Jack,Misky,Ashton May Invitational,"Apr  5, 2025",DT,47.10m,,"154' 6"""
Jack,Misky,Redbird Challenge,"Mar 28-29, 2025",SP,13.35m,,"43' 9.75"""
Jack,Misky,Redbird Challenge,"Mar 28-29, 2025",DT,49.27m,,"161' 8"""
Jack,Misky,2025 Horizon League Indoor Track & Field Championship,"Mar  1- 2, 2025",SP,13.59m,,"44' 7"""
Jack,Misky,2025 Horizon League Indoor Track & Field Championship,"Mar  1- 2, 2025",WT,14.07m,,"46' 2"""
Jack,Misky,2025 Horizon League Indoor Track & Field Championship,"Mar  1- 2, 2025",Hep,4025,,
Jack,Misky,2025 Horizon League Indoor Track & Field Championship,"Mar  1- 2, 2025",60,7.54,,
Jack,Misky,2025 Horizon League Indoor Track & Field Championship,"Mar  1- 2, 2025",LJ,5.93m,,"19' 5.5"""
Jack,Misky,2025 Horizon League Indoor Track & Field Championship,"Mar  1- 2, 2025",SP,13.89m,,"45' 7"""
Jack,Misky,2025 Horizon League Indoor Track & Field Championship,"Mar  1- 2, 2025",HJ,1.76m,,"5' 9.25"""
Jack,Misky,2025 Horizon League Indoor Track & Field Championship,"Mar  1- 2, 2025",60H,9.48,,
Jack,Misky,2025 Horizon League Indoor Track & Field Championship,"Mar  1- 2, 2025",PV,3.40m,,"11' 1.75"""
Jack,Misky,2025 Horizon League Indoor Track & Field Championship,"Mar  1- 2, 2025",1000,3:38.37,,
Jack,Misky,Panther Tune-up,"Feb 22, 2025",60H,DNS,,
Jack,Misky,Panther Tune-up,"Feb 22, 2025",60H,9.11,,
Jack,Misky,Panther Tune-up,"Feb 22, 2025",SP,13.36m,,"43' 10"""
Jack,Misky,Panther Tune-up,"Feb 22, 2025",WT,15.02m,,"49' 3.5"""
Jack,Misky,UW-La Crosse Mark Guthrie Legacy Invitational,"Feb  8, 2025",SP,12.45m,,"40' 10.25"""
Jack,Misky,UW-La Crosse Mark Guthrie Legacy Invitational,"Feb  8, 2025",WT,13.22m,,"43' 4.5"""
Jack,Misky,John Tierney Classic,"Jan 25, 2025",60H,DNS,,
Jack,Misky,John Tierney Classic,"Jan 25, 2025",60H,9.08,,
Jack,Misky,John Tierney Classic,"Jan 25, 2025",SP,13.48m,,"44' 2.75"""
Jack,Misky,John Tierney Classic,"Jan 25, 2025",WT,14.19m,,"46' 6.75"""
Jack,Misky,Badgers Midwest Invite,"Jan 11, 2025",SP,13.02m,,"42' 8.75"""
Jack,Misky,2024 Horizon League Outdoor Track & Field Championship,"May  3- 5, 2024",DT,46.15m,,"151' 5"""
Jack,Misky,2024 Horizon League Outdoor Track & Field Championship,"May  3- 5, 2024",JT,46.16m,,"151' 5"""
Jack,Misky,2024 Horizon League Outdoor Track & Field Championship,"May  3- 5, 2024",Dec,5807,,
Jack,Misky,2024 Horizon League Outdoor Track & Field Championship,"May  3- 5, 2024",100,11.96,(-1.0),
Jack,Misky,2024 Horizon League Outdoor Track & Field Championship,"May  3- 5, 2024",LJ,5.71m,(-2.1),"18' 9"""
Jack,Misky,2024 Horizon League Outdoor Track & Field Championship,"May  3- 5, 2024",SP,14.17m,,"46' 6"""
Jack,Misky,2024 Horizon League Outdoor Track & Field Championship,"May  3- 5, 2024",HJ,1.79m,,"5' 10.5"""
Jack,Misky,2024 Horizon League Outdoor Track & Field Championship,"May  3- 5, 2024",400,55.86,,
Jack,Misky,2024 Horizon League Outdoor Track & Field Championship,"May  3- 5, 2024",110H,17.27,(-0.1),
Jack,Misky,2024 Horizon League Outdoor Track & Field Championship,"May  3- 5, 2024",DT,44.17m,,"144' 11"""
Jack,Misky,2024 Horizon League Outdoor Track & Field Championship,"May  3- 5, 2024",PV,3.80m,,"12' 5.5"""
Jack,Misky,2024 Horizon League Outdoor Track & Field Championship,"May  3- 5, 2024",JT,42.39m,,"139' 1"""
Jack,Misky,2024 Horizon League Outdoor Track & Field Championship,"May  3- 5, 2024",1500,5:47.94,,
Jack,Misky,UW-Whitewater Drake Alternative,"Apr 25, 2024",SP,12.42m,,"40' 9"""
Jack,Misky,UW-Whitewater Drake Alternative,"Apr 25, 2024",DT,49.15m,,"161' 3"""
Jack,Misky,Gary Wieneke Memorial,"Apr 13, 2024",SP,12.65m,,"41' 6"""
Jack,Misky,Gary Wieneke Memorial,"Apr 13, 2024",DT,47.16m,,"154' 9"""
Jack,Misky,Marquette Invitational,"Apr 12, 2024",110H,16.77,(1.5),
Jack,Misky,Golden Grizzly T&F Invite,"Apr  6, 2024",110H,16.77,(3.0),
Jack,Misky,Golden Grizzly T&F Invite,"Apr  6, 2024",HJ,1.80m,,"5' 10.75"""
Jack,Misky,Golden Grizzly T&F Invite,"Apr  6, 2024",DT,42.52m,,"139' 6"""
Jack,Misky,Golden Grizzly T&F Invite,"Apr  6, 2024",JT,43.35m,,"142' 3"""
Jack,Misky,Redbird Challenge,"Mar 29-30, 2024",110H,16.87,(0.8),
Jack,Misky,Redbird Challenge,"Mar 29-30, 2024",110H,19.50,(0.1),
Jack,Misky,Redbird Challenge,"Mar 29-30, 2024",LJ,6.05m,,"19' 10.25"""
Jack,Misky,Redbird Challenge,"Mar 29-30, 2024",DT,43.66m,,"143' 3"""
Jack,Misky,2024 Warrior Invitational,"Mar 28, 2024",JT,42.48m,,"139' 4"""
Jack,Misky,Horizon League Indoor Track & Field Championship,"Feb 24-25, 2024",Hep,4393,,
Jack,Misky,Horizon League Indoor Track & Field Championship,"Feb 24-25, 2024",60,7.58,,
Jack,Misky,Horizon League Indoor Track & Field Championship,"Feb 24-25, 2024",LJ,6.04m,,"19' 9.75"""
Jack,Misky,Horizon League Indoor Track & Field Championship,"Feb 24-25, 2024",SP,14.33m,,"47' 0.25"""
Jack,Misky,Horizon League Indoor Track & Field Championship,"Feb 24-25, 2024",HJ,1.88m,,"6' 2"""
Jack,Misky,Horizon League Indoor Track & Field Championship,"Feb 24-25, 2024",60H,9.25,,
Jack,Misky,Horizon League Indoor Track & Field Championship,"Feb 24-25, 2024",PV,3.50m,,"11' 5.75"""
Jack,Misky,Horizon League Indoor Track & Field Championship,"Feb 24-25, 2024",1000,3:18.81,,
Jack,Misky,PANTHER TUNE-UP,"Feb 17, 2024",60H,9.10,,
Jack,Misky,PANTHER TUNE-UP,"Feb 17, 2024",PV,3.50m,,"11' 5.75"""
Jack,Misky,GVSU Big Meet- (Friday),"Feb  9, 2024",60H,9.15,,
Jack,Misky,GVSU Big Meet- (Friday),"Feb  9, 2024",HJ,NH,,NH
Jack,Misky,GVSU Big Meet- (Friday),"Feb  9, 2024",SP,13.33m,,"43' 9"""
Jack,Misky,Mark Guthrie Legacy Invite,"Feb  3, 2024",60H,9.15,,
Jack,Misky,Mark Guthrie Legacy Invite,"Feb  3, 2024",LJ,5.93m,,"19' 5.5"""
Jack,Misky,Mark Guthrie Legacy Invite,"Feb  3, 2024",SP,12.74m,,"41' 9.75"""
Jack,Misky,John Tierney Classic,"Jan 20, 2024",60H,9.25,,
Jack,Misky,John Tierney Classic,"Jan 20, 2024",HJ,1.85m,,"6' 0.75"""
Jack,Misky,John Tierney Classic,"Jan 20, 2024",PV,3.20m,,"10' 6"""
Jack,Misky,Badgers Midwest Invite,"Jan 13, 2024",60H,9.26,,
Jack,Misky,Badgers Midwest Invite,"Jan 13, 2024",LJ,5.88m,,"19' 3.5"""
Jack,Misky,Badgers Midwest Invite,"Jan 13, 2024",SP,FOUL,,NM
Jack,Misky,2023 Blue Demon Holiday Invite,"Dec  8, 2023",60H,9.21,,
Jack,Misky,2023 Blue Demon Holiday Invite,"Dec  8, 2023",SP,12.28m,,"40' 3.5"""
Jack,Misky,Horizon League Championship,"May  5- 7, 2023",DT,46.60m,,"152' 11"""
Jack,Misky,Horizon League Championship,"May  5- 7, 2023",JT,44.23m,,"145' 1"""
Jack,Misky,Horizon League Championship,"May  5- 7, 2023",Dec,5776,,
Jack,Misky,Horizon League Championship,"May  5- 7, 2023",100,11.66,(0.8),
Jack,Misky,Horizon League Championship,"May  5- 7, 2023",LJ,5.90m,(0.5),"19' 4.25"""
Jack,Misky,Horizon League Championship,"May  5- 7, 2023",SP,12.28m,,"40' 3.5"""
Jack,Misky,Horizon League Championship,"May  5- 7, 2023",HJ,1.79m,,"5' 10.5"""
Jack,Misky,Horizon League Championship,"May  5- 7, 2023",400,55.55,,
Jack,Misky,Horizon League Championship,"May  5- 7, 2023",110H,17.33,(-0.7),
Jack,Misky,Horizon League Championship,"May  5- 7, 2023",DT,46.90m,,"153' 10"""
Jack,Misky,Horizon League Championship,"May  5- 7, 2023",PV,3.40m,,"11' 1.75"""
Jack,Misky,Horizon League Championship,"May  5- 7, 2023",JT,45.97m,,"150' 10"""
Jack,Misky,Horizon League Championship,"May  5- 7, 2023",1500,5:53.58,,
Jack,Misky,Clark Wood Open 2023,"Apr 28-29, 2023",110H,16.17,(2.5),
Jack,Misky,Clark Wood Open 2023,"Apr 28-29, 2023",LJ,6.00m,(0.5),"19' 8.25"""
Jack,Misky,Clark Wood Open 2023,"Apr 28-29, 2023",SP,11.71m,,"38' 5"""
Jack,Misky,Clark Wood Open 2023,"Apr 28-29, 2023",DT,45.38m,,"148' 11"""
Jack,Misky,Marquette Invitational,"Apr 22, 2023",DT,44.60m,,"146' 4"""
Jack,Misky,Gary Wieneke Memorial,"Apr 21-22, 2023",110H,16.90,(1.9),
Jack,Misky,Gary Wieneke Memorial,"Apr 21-22, 2023",LJ,5.98m,(2.2),"19' 7.5"""
Jack,Misky,Gibson Invitational & Multis,"Apr 13-15, 2023",110H,16.53,(2.6),
Jack,Misky,Gibson Invitational & Multis,"Apr 13-15, 2023",HJ,1.75m,,"5' 8.75"""
Jack,Misky,Gibson Invitational & Multis,"Apr 13-15, 2023",JT,43.63m,,"143' 2"""
Jack,Misky,Fighting Illini Challenge,"Apr  8, 2023",110H,17.70,(-0.3),
Jack,Misky,Fighting Illini Challenge,"Apr  8, 2023",LJ,5.86m,(2.6),"19' 2.75"""
Jack,Misky,Fighting Illini Challenge,"Apr  8, 2023",JT,42.27m,,"138' 8"""
Jack,Misky,Warrior Invitational,"Apr  6, 2023",SP,11.79m,,"38' 8.25"""
Jack,Misky,Warrior Invitational,"Apr  6, 2023",DT,42.63m,,"139' 10"""
Jack,Misky,2023 Horizon League Indoor Track & Field Championship,"Feb 25-26, 2023",Hep,4126,,
Jack,Misky,2023 Horizon League Indoor Track & Field Championship,"Feb 25-26, 2023",60,7.66,,
Jack,Misky,2023 Horizon League Indoor Track & Field Championship,"Feb 25-26, 2023",LJ,5.82m,,"19' 1.25"""
Jack,Misky,2023 Horizon League Indoor Track & Field Championship,"Feb 25-26, 2023",SP,13.41m,,"44' 0"""
Jack,Misky,2023 Horizon League Indoor Track & Field Championship,"Feb 25-26, 2023",HJ,1.79m,,"5' 10.5"""
Jack,Misky,2023 Horizon League Indoor Track & Field Championship,"Feb 25-26, 2023",60H,9.15,,
Jack,Misky,2023 Horizon League Indoor Track & Field Championship,"Feb 25-26, 2023",PV,3.30m,,"10' 10"""
Jack,Misky,2023 Horizon League Indoor Track & Field Championship,"Feb 25-26, 2023",1000,3:22.52,,
Jack,Misky,John Tierney Classic,"Jan 21, 2023",60H,9.47,,
Jack,Misky,John Tierney Classic,"Jan 21, 2023",60H,9.33,,
Jack,Misky,John Tierney Classic,"Jan 21, 2023",PV,3.15m,,"10' 4"""
Jack,Misky,John Tierney Classic,"Jan 21, 2023",LJ,5.95m,,"19' 6.25"""
Jack,Misky,Wisconsin Badgers Midwest Invite,"Jan 14, 2023",60H,9.23,,
Jack,Misky,Wisconsin Badgers Midwest Invite,"Jan 14, 2023",HJ,NH,,NH
Jack,Misky,Wisconsin Badgers Midwest Invite,"Jan 14, 2023",SP,11.59m,,"38' 0.25"""
Jack,Misky,Horizon League Outdoor Track & Field Championships,"May  6- 8, 2022",DT,43.36m,,"142' 3"""
Jack,Misky,Horizon League Outdoor Track & Field Championships,"May  6- 8, 2022",Dec,5133,,
Jack,Misky,Horizon League Outdoor Track & Field Championships,"May  6- 8, 2022",100,12.17,(-0.1),
Jack,Misky,Horizon League Outdoor Track & Field Championships,"May  6- 8, 2022",LJ,5.59m,,"18' 4.25"""
Jack,Misky,Horizon League Outdoor Track & Field Championships,"May  6- 8, 2022",SP,12.08m,,"39' 7.75"""
Jack,Misky,Horizon League Outdoor Track & Field Championships,"May  6- 8, 2022",HJ,1.72m,,"5' 7.75"""
Jack,Misky,Horizon League Outdoor Track & Field Championships,"May  6- 8, 2022",400,1:00.02,,
Jack,Misky,Horizon League Outdoor Track & Field Championships,"May  6- 8, 2022",110H,17.33,(2.8),
Jack,Misky,Horizon League Outdoor Track & Field Championships,"May  6- 8, 2022",DT,41.58m,,"136' 5"""
Jack,Misky,Horizon League Outdoor Track & Field Championships,"May  6- 8, 2022",PV,3.30m,,"10' 10"""
Jack,Misky,Horizon League Outdoor Track & Field Championships,"May  6- 8, 2022",JT,39.66m,,"130' 1"""
Jack,Misky,Horizon League Outdoor Track & Field Championships,"May  6- 8, 2022",1500,5:57.22,,
Jack,Misky,Valparaiso Beacan Invite,"Apr 30, 2022",110H,17.40,(1.0),
Jack,Misky,Valparaiso Beacan Invite,"Apr 30, 2022",LJ,5.60m,(2.0),"18' 4.5"""
Jack,Misky,Valparaiso Beacan Invite,"Apr 30, 2022",DT,41.04m,,"134' 8"""
Jack,Misky,Valparaiso Beacan Invite,"Apr 30, 2022",JT,40.72m,,"133' 7"""
Jack,Misky,Illini Invitational,"Apr 22-23, 2022",110H,17.38,(5.9),
Jack,Misky,Illini Invitational,"Apr 22-23, 2022",HJ,1.75m,,"5' 8.75"""
Jack,Misky,Illini Invitational,"Apr 22-23, 2022",DT,39.62m,,"130' 0"""
Jack,Misky,Illini Invitational,"Apr 22-23, 2022",JT,39.19m,,"128' 7"""
Jack,Misky,2022 Warrior Invitational,"Apr 14, 2022",LJ,5.65m,(3.3),"18' 6.5"""
Jack,Misky,Redbird Invite,"Apr  1- 2, 2022",110H,18.37,(0.1),
Jack,Misky,Redbird Invite,"Apr  1- 2, 2022",110H,19.68,(2.1),
Jack,Misky,Redbird Invite,"Apr  1- 2, 2022",DT,40.05m,,"131' 5"""
Jack,Misky,Redbird Invite,"Apr  1- 2, 2022",JT,41.09m,,"134' 10"""
Jack,Misky,Horizon League Indoor Track & Field Championships,"Feb 26-27, 2022",Hep,3847,,
Jack,Misky,Horizon League Indoor Track & Field Championships,"Feb 26-27, 2022",60,7.69,,
Jack,Misky,Horizon League Indoor Track & Field Championships,"Feb 26-27, 2022",LJ,5.40m,,"17' 8.75"""
Jack,Misky,Horizon League Indoor Track & Field Championships,"Feb 26-27, 2022",SP,11.45m,,"37' 6.75"""
Jack,Misky,Horizon League Indoor Track & Field Championships,"Feb 26-27, 2022",HJ,1.78m,,"5' 10"""
Jack,Misky,Horizon League Indoor Track & Field Championships,"Feb 26-27, 2022",60H,9.61,,
Jack,Misky,Horizon League Indoor Track & Field Championships,"Feb 26-27, 2022",PV,3.24m,,"10' 7.5"""
Jack,Misky,Horizon League Indoor Track & Field Championships,"Feb 26-27, 2022",1000,3:15.92,,
Jack,Misky,St. Valentines Open,"Feb 18, 2022",60H,9.47,,
Jack,Misky,St. Valentines Open,"Feb 18, 2022",LJ,5.63m,,"18' 5.75"""
Jack,Misky,St. Valentines Open,"Feb 18, 2022",SP,12.32m,,"40' 5"""
Jack,Misky,Red Hawk Invite,"Feb  5, 2022",60H,9.51,,
Jack,Misky,Red Hawk Invite,"Feb  5, 2022",LJ,5.69m,,"18' 8"""
Jack,Misky,Red Hawk Invite,"Feb  5, 2022",SP,10.34m,,"33' 11.25"""
Jack,Misky,John Tierney Classic,"Jan 29, 2022",60H,9.64,,
Jack,Misky,John Tierney Classic,"Jan 29, 2022",60H,9.62,,
Jack,Misky,John Tierney Classic,"Jan 29, 2022",HJ,1.74m,,"5' 8.5"""
Jack,Misky,John Tierney Classic,"Jan 29, 2022",SP,11.24m,,"36' 10.5"""
Jack,Misky,John Gartland Invitational,"Jan 21-22, 2022",Hep,3345,,
Jack,Misky,John Gartland Invitational,"Jan 21-22, 2022",60,7.61,,
Jack,Misky,John Gartland Invitational,"Jan 21-22, 2022",LJ,5.96m,,"19' 6.75"""
Jack,Misky,John Gartland Invitational,"Jan 21-22, 2022",SP,12.06m,,"39' 7"""
Jack,Misky,John Gartland Invitational,"Jan 21-22, 2022",HJ,NH,,NH
Jack,Misky,John Gartland Invitational,"Jan 21-22, 2022",60H,9.64,,
Jack,Misky,John Gartland Invitational,"Jan 21-22, 2022",PV,3.35m,,"10' 11.75"""
Jack,Misky,John Gartland Invitational,"Jan 21-22, 2022",1000,3:26.97,,
Jack,Misky,Hawkeye Invite,"Jan 14-15, 2022",HJ,1.80m,,"5' 10.75"""
Caleb,Anderson,Horizon League Championship,"May  5- 7, 2023",100,10.99,(1.6),
Caleb,Anderson,Horizon League Championship,"May  5- 7, 2023",100,10.92,(1.1),
Caleb,Anderson,Horizon League Championship,"May  5- 7, 2023",4x400,3:18.75,,
Caleb,Anderson,Clark Wood Open 2023,"Apr 28-29, 2023",200,22.57,(-1.3),
Caleb,Anderson,Clark Wood Open 2023,"Apr 28-29, 2023",4x100,41.03,,
Caleb,Anderson,Gibson Invitational & Multis,"Apr 13-15, 2023",100,10.88,(1.1),
Caleb,Anderson,Gibson Invitational & Multis,"Apr 13-15, 2023",4x400,3:22.23,,
Caleb,Anderson,Fighting Illini Challenge,"Apr  8, 2023",100,10.78,(2.3),
Caleb,Anderson,Fighting Illini Challenge,"Apr  8, 2023",200,22.68,(-0.4),
Caleb,Anderson,Fighting Illini Challenge,"Apr  8, 2023",4x100,42.74,,
Caleb,Anderson,2023 Horizon League Indoor Track & Field Championship,"Feb 25-26, 2023",400,50.95,,
Caleb,Anderson,2023 Horizon League Indoor Track & Field Championship,"Feb 25-26, 2023",400,50.32,,
Caleb,Anderson,2023 Horizon League Indoor Track & Field Championship,"Feb 25-26, 2023",4x400,3:21.77,,
Caleb,Anderson,GVSU Big Meet (Friday),"Feb 10, 2023",400,49.72,,
Caleb,Anderson,GVSU Big Meet (Friday),"Feb 10, 2023",4x400,3:22.00,,
Caleb,Anderson,Mark Guthrie Legacy Invitational,"Feb  4, 2023",200,23.41,,
Caleb,Anderson,Mark Guthrie Legacy Invitational,"Feb  4, 2023",400,DNF,,
Caleb,Anderson,Mark Guthrie Legacy Invitational,"Feb  4, 2023",4x400,DNF,,
Caleb,Anderson,Jack Johnson Classic,"Jan 27-28, 2023",400,50.56,,
Caleb,Anderson,Jack Johnson Classic,"Jan 27-28, 2023",4x400,3:28.74,,
Caleb,Anderson,Wisconsin Badgers Midwest Invite,"Jan 14, 2023",60,7.06,,
Caleb,Anderson,Wisconsin Badgers Midwest Invite,"Jan 14, 2023",4x400,3:20.69,,
Caleb,Anderson,2022 Blue Demon Holiday Invite,"Dec  9, 2022",400,49.90,,
Caleb,Anderson,2022 Blue Demon Holiday Invite,"Dec  9, 2022",4x400,DNF,,
Caleb,Anderson,Horizon League Outdoor Track & Field Championships,"May  6- 8, 2022",400,50.40,,
Caleb,Anderson,Horizon League Outdoor Track & Field Championships,"May  6- 8, 2022",4x400,3:16.87,,
Caleb,Anderson,Illini Invitational,"Apr 22-23, 2022",400,49.54,,
Caleb,Anderson,2022 Warrior Invitational,"Apr 14, 2022",4x100,42.34,,
Caleb,Anderson,Marquette Invitational,"Apr 10, 2022",400,51.60,,
Caleb,Anderson,Horizon League Indoor Track & Field Championships,"Feb 26-27, 2022",400,49.29,,
Caleb,Anderson,Horizon League Indoor Track & Field Championships,"Feb 26-27, 2022",400,49.19,,
Caleb,Anderson,Horizon League Indoor Track & Field Championships,"Feb 26-27, 2022",4x400,3:18.74,,
Caleb,Anderson,St. Valentines Open,"Feb 18, 2022",60,7.17,,
Caleb,Anderson,St. Valentines Open,"Feb 18, 2022",200,23.01,,
Caleb,Anderson,GVSU Big Meet-FRIDAY,"Feb 11, 2022",400,50.66,,
Caleb,Anderson,GVSU Big Meet-FRIDAY,"Feb 11, 2022",4x400,3:22.56,,
Caleb,Anderson,Red Hawk Invite,"Feb  5, 2022",400,51.09,,
Caleb,Anderson,Red Hawk Invite,"Feb  5, 2022",4x400,3:24.83,,
Caleb,Anderson,John Tierney Classic,"Jan 29, 2022",200,23.53,,
Caleb,Anderson,John Tierney Classic,"Jan 29, 2022",4x400,3:28.86,,
Caleb,Anderson,John Gartland Invitational,"Jan 21-22, 2022",400,51.25,,
Caleb,Anderson,Hawkeye Invite,"Jan 14-15, 2022",200,22.89,,
Caleb,Anderson,Hawkeye Invite,"Jan 14-15, 2022",400,51.50,,
Tony,Bretall,2024 Horizon League Outdoor Track & Field Championship,"May  3- 5, 2024",PV,3.80m,,"12' 5.5"""
Tony,Bretall,2024 Horizon League Outdoor Track & Field Championship,"May  3- 5, 2024",JT,49.15m,,"161' 3"""
Tony,Bretall,2024 Horizon League Outdoor Track & Field Championship,"May  3- 5, 2024",Dec,5955,,
Tony,Bretall,2024 Horizon League Outdoor Track & Field Championship,"May  3- 5, 2024",100,11.97,(-1.0),
Tony,Bretall,2024 Horizon League Outdoor Track & Field Championship,"May  3- 5, 2024",LJ,5.72m,(-0.2),"18' 9.25"""
Tony,Bretall,2024 Horizon League Outdoor Track & Field Championship,"May  3- 5, 2024",SP,12.27m,,"40' 3.25"""
Tony,Bretall,2024 Horizon League Outdoor Track & Field Championship,"May  3- 5, 2024",HJ,1.82m,,"5' 11.5"""
Tony,Bretall,2024 Horizon League Outdoor Track & Field Championship,"May  3- 5, 2024",400,54.40,,
Tony,Bretall,2024 Horizon League Outdoor Track & Field Championship,"May  3- 5, 2024",110H,16.38,(-0.1),
Tony,Bretall,2024 Horizon League Outdoor Track & Field Championship,"May  3- 5, 2024",DT,33.11m,,"108' 7"""
Tony,Bretall,2024 Horizon League Outdoor Track & Field Championship,"May  3- 5, 2024",PV,4.00m,,"13' 1.5"""
Tony,Bretall,2024 Horizon League Outdoor Track & Field Championship,"May  3- 5, 2024",JT,47.63m,,"156' 3"""
Tony,Bretall,2024 Horizon League Outdoor Track & Field Championship,"May  3- 5, 2024",1500,5:11.85,,
Tony,Bretall,Gibson Invitational,"Apr 18-20, 2024",Dec,5963,,
Tony,Bretall,Gibson Invitational,"Apr 18-20, 2024",100,11.90,(-0.6),
Tony,Bretall,Gibson Invitational,"Apr 18-20, 2024",LJ,5.92m,(+0.0),"19' 5.25"""
Tony,Bretall,Gibson Invitational,"Apr 18-20, 2024",SP,12.02m,,"39' 5.25"""
Tony,Bretall,Gibson Invitational,"Apr 18-20, 2024",HJ,1.82m,,"5' 11.5"""
Tony,Bretall,Gibson Invitational,"Apr 18-20, 2024",400,55.74,,
Tony,Bretall,Gibson Invitational,"Apr 18-20, 2024",110H,15.80,(3.5),
Tony,Bretall,Gibson Invitational,"Apr 18-20, 2024",DT,33.38m,,"109' 6"""
Tony,Bretall,Gibson Invitational,"Apr 18-20, 2024",PV,4.25m,,"13' 11.25"""
Tony,Bretall,Gibson Invitational,"Apr 18-20, 2024",JT,46.69m,,"153' 2"""
Tony,Bretall,Gibson Invitational,"Apr 18-20, 2024",1500,5:32.25,,
Tony,Bretall,Gary Wieneke Memorial,"Apr 13, 2024",JT,50.81m,,"166' 8"""
Tony,Bretall,Marquette Invitational,"Apr 12, 2024",DT,37.46m,,"122' 11"""
Tony,Bretall,Golden Grizzly T&F Invite,"Apr  6, 2024",110H,15.73,(2.5),
Tony,Bretall,Golden Grizzly T&F Invite,"Apr  6, 2024",DT,24.48m,,"80' 4"""
Tony,Bretall,Golden Grizzly T&F Invite,"Apr  6, 2024",JT,50.20m,,"164' 8"""
Tony,Bretall,Redbird Challenge,"Mar 29-30, 2024",110H,15.97,(1.3),
Tony,Bretall,Redbird Challenge,"Mar 29-30, 2024",110H,DNS,,
Tony,Bretall,Redbird Challenge,"Mar 29-30, 2024",JT,54.34m,,"178' 3"""
Tony,Bretall,2024 Warrior Invitational,"Mar 28, 2024",SP,11.04m,,"36' 2.75"""
Tony,Bretall,Horizon League Indoor Track & Field Championship,"Feb 24-25, 2024",Hep,4577,,
Tony,Bretall,Horizon League Indoor Track & Field Championship,"Feb 24-25, 2024",60,7.58,,
Tony,Bretall,Horizon League Indoor Track & Field Championship,"Feb 24-25, 2024",LJ,5.94m,,"19' 6"""
Tony,Bretall,Horizon League Indoor Track & Field Championship,"Feb 24-25, 2024",SP,12.29m,,"40' 4"""
Tony,Bretall,Horizon League Indoor Track & Field Championship,"Feb 24-25, 2024",HJ,1.85m,,"6' 0.75"""
Tony,Bretall,Horizon League Indoor Track & Field Championship,"Feb 24-25, 2024",60H,8.94,,
Tony,Bretall,Horizon League Indoor Track & Field Championship,"Feb 24-25, 2024",PV,4.20m,,"13' 9.25"""
Tony,Bretall,Horizon League Indoor Track & Field Championship,"Feb 24-25, 2024",1000,3:07.82,,
Tony,Bretall,PANTHER TUNE-UP,"Feb 17, 2024",60H,8.83,,
Tony,Bretall,PANTHER TUNE-UP,"Feb 17, 2024",PV,3.95m,,"12' 11.5"""
Tony,Bretall,PANTHER TUNE-UP,"Feb 17, 2024",SP,12.03m,,"39' 5.75"""
Tony,Bretall,Mark Guthrie Legacy Invite,"Feb  3, 2024",60H,8.84,,
Tony,Bretall,Mark Guthrie Legacy Invite,"Feb  3, 2024",HJ,1.85m,,"6' 0.75"""
Tony,Bretall,Illini Challenge,"Jan 26-27, 2024",Hep,4474,,
Tony,Bretall,Illini Challenge,"Jan 26-27, 2024",60,7.56,,
Tony,Bretall,Illini Challenge,"Jan 26-27, 2024",LJ,6.06m,,"19' 10.75"""
Tony,Bretall,Illini Challenge,"Jan 26-27, 2024",SP,12.08m,,"39' 7.75"""
Tony,Bretall,Illini Challenge,"Jan 26-27, 2024",HJ,1.75m,,"5' 8.75"""
Tony,Bretall,Illini Challenge,"Jan 26-27, 2024",60H,8.97,,
Tony,Bretall,Illini Challenge,"Jan 26-27, 2024",PV,4.15m,,"13' 7.25"""
Tony,Bretall,Illini Challenge,"Jan 26-27, 2024",1000,3:09.68,,
Tony,Bretall,John Tierney Classic,"Jan 20, 2024",60H,8.93,,
Tony,Bretall,John Tierney Classic,"Jan 20, 2024",HJ,1.80m,,"5' 10.75"""
Tony,Bretall,John Tierney Classic,"Jan 20, 2024",PV,3.95m,,"12' 11.5"""
Tony,Bretall,Badgers Midwest Invite,"Jan 13, 2024",60H,8.95,,
Tony,Bretall,Badgers Midwest Invite,"Jan 13, 2024",LJ,5.90m,,"19' 4.25"""
Tony,Bretall,Illini Open,"Jan  6, 2024",60H,9.04,,
Tony,Bretall,Illini Open,"Jan  6, 2024",HJ,NH,,NH
Tony,Bretall,Illini Open,"Jan  6, 2024",SP,11.90m,,"39' 0.5"""
Tony,Bretall,2023 Blue Demon Holiday Invite,"Dec  8, 2023",60H,9.05,,
Tony,Bretall,2023 Blue Demon Holiday Invite,"Dec  8, 2023",SP,12.22m,,"40' 1.25"""
Tony,Bretall,Horizon League Championship,"May  5- 7, 2023",JT,50.31m,,"165' 1"""
Tony,Bretall,Horizon League Championship,"May  5- 7, 2023",Dec,6051,,
Tony,Bretall,Horizon League Championship,"May  5- 7, 2023",100,11.52,(1.1),
Tony,Bretall,Horizon League Championship,"May  5- 7, 2023",LJ,5.73m,(+0.0),"18' 9.75"""
Tony,Bretall,Horizon League Championship,"May  5- 7, 2023",SP,11.65m,,"38' 2.75"""
Tony,Bretall,Horizon League Championship,"May  5- 7, 2023",HJ,1.82m,,"5' 11.5"""
Tony,Bretall,Horizon League Championship,"May  5- 7, 2023",400,55.07,,
Tony,Bretall,Horizon League Championship,"May  5- 7, 2023",110H,16.57,(-0.9),
Tony,Bretall,Horizon League Championship,"May  5- 7, 2023",DT,37.97m,,"124' 7"""
Tony,Bretall,Horizon League Championship,"May  5- 7, 2023",PV,4.20m,,"13' 9.25"""
Tony,Bretall,Horizon League Championship,"May  5- 7, 2023",JT,47.46m,,"155' 8"""
Tony,Bretall,Horizon League Championship,"May  5- 7, 2023",1500,5:23.43,,
Tony,Bretall,Marquette Invitational,"Apr 22, 2023",DT,37.95m,,"124' 6"""
Tony,Bretall,Gary Wieneke Memorial,"Apr 21-22, 2023",LJ,6.12m,(2.0),"20' 1"""
Tony,Bretall,Gary Wieneke Memorial,"Apr 21-22, 2023",JT,47.87m,,"157' 1"""
Tony,Bretall,Gibson Invitational & Multis,"Apr 13-15, 2023",HJ,1.75m,,"5' 8.75"""
Tony,Bretall,Gibson Invitational & Multis,"Apr 13-15, 2023",JT,49.86m,,"163' 7"""
Tony,Bretall,Warrior Invitational,"Apr  6, 2023",SP,12.09m,,"39' 8"""
Tony,Bretall,Warrior Invitational,"Apr  6, 2023",DT,36.84m,,"120' 10"""
Tony,Bretall,Warrior Invitational,"Apr  6, 2023",JT,52.46m,,"172' 1"""
Tony,Bretall,2023 Horizon League Indoor Track & Field Championship,"Feb 25-26, 2023",PV,NH,,NH
Tony,Bretall,John Tierney Classic,"Jan 21, 2023",60H,9.13,,
Tony,Bretall,John Tierney Classic,"Jan 21, 2023",60H,8.99,,
Tony,Bretall,John Tierney Classic,"Jan 21, 2023",PV,3.90m,,"12' 9.5"""
Tony,Bretall,John Tierney Classic,"Jan 21, 2023",LJ,6.17m,,"20' 3"""
Tony,Bretall,Wisconsin Badgers Midwest Invite,"Jan 14, 2023",60H,8.86,,
Tony,Bretall,Wisconsin Badgers Midwest Invite,"Jan 14, 2023",HJ,NH,,NH
Tony,Bretall,Wisconsin Badgers Midwest Invite,"Jan 14, 2023",SP,11.75m,,"38' 6.75"""
Tony,Bretall,2022 Blue Demon Holiday Invite,"Dec  9, 2022",60H,8.95,,
Tony,Bretall,2022 Blue Demon Holiday Invite,"Dec  9, 2022",LJ,6.12m,,"20' 1"""
Tony,Bretall,2022 Blue Demon Holiday Invite,"Dec  9, 2022",SP,11.46m,,"37' 7.25"""
Tony,Bretall,Horizon League Outdoor Track & Field Championships,"May  6- 8, 2022",110H,16.51,(+0.0),
Tony,Bretall,Horizon League Outdoor Track & Field Championships,"May  6- 8, 2022",110H,16.05,(3.0),
Tony,Bretall,Horizon League Outdoor Track & Field Championships,"May  6- 8, 2022",HJ,NH,,NH
Tony,Bretall,Horizon League Outdoor Track & Field Championships,"May  6- 8, 2022",PV,4.10m,,"13' 5.25"""
Tony,Bretall,Horizon League Outdoor Track & Field Championships,"May  6- 8, 2022",JT,45.62m,,"149' 8"""
Tony,Bretall,Horizon League Outdoor Track & Field Championships,"May  6- 8, 2022",Dec,6133,,
Tony,Bretall,Horizon League Outdoor Track & Field Championships,"May  6- 8, 2022",100,11.69,,
Tony,Bretall,Horizon League Outdoor Track & Field Championships,"May  6- 8, 2022",LJ,5.95m,,"19' 6.25"""
Tony,Bretall,Horizon League Outdoor Track & Field Championships,"May  6- 8, 2022",SP,10.64m,,"34' 11"""
Tony,Bretall,Horizon League Outdoor Track & Field Championships,"May  6- 8, 2022",HJ,1.84m,,"6' 0.5"""
Tony,Bretall,Horizon League Outdoor Track & Field Championships,"May  6- 8, 2022",400,55.50,,
Tony,Bretall,Horizon League Outdoor Track & Field Championships,"May  6- 8, 2022",110H,15.77,(1.9),
Tony,Bretall,Horizon League Outdoor Track & Field Championships,"May  6- 8, 2022",DT,38.11m,,"125' 0"""
Tony,Bretall,Horizon League Outdoor Track & Field Championships,"May  6- 8, 2022",PV,4.20m,,"13' 9.25"""
Tony,Bretall,Horizon League Outdoor Track & Field Championships,"May  6- 8, 2022",JT,52.04m,,"170' 9"""
Tony,Bretall,Horizon League Outdoor Track & Field Championships,"May  6- 8, 2022",1500,5:29.17,,
Tony,Bretall,Valparaiso Beacan Invite,"Apr 30, 2022",110H,16.12,(1.0),
Tony,Bretall,Valparaiso Beacan Invite,"Apr 30, 2022",PV,4.00m,,"13' 1.5"""
Tony,Bretall,Valparaiso Beacan Invite,"Apr 30, 2022",DT,35.69m,,"117' 1"""
Tony,Bretall,Valparaiso Beacan Invite,"Apr 30, 2022",JT,39.37m,,"129' 2"""
Tony,Bretall,Illini Invitational,"Apr 22-23, 2022",110H,15.93,(5.9),
Tony,Bretall,Illini Invitational,"Apr 22-23, 2022",LJ,5.77m,(6.4),"18' 11.25"""
Tony,Bretall,Illini Invitational,"Apr 22-23, 2022",DT,35.04m,,"114' 11"""
Tony,Bretall,Illini Invitational,"Apr 22-23, 2022",JT,43.92m,,"144' 1"""
Tony,Bretall,2022 Warrior Invitational,"Apr 14, 2022",DT,35.25m,,"115' 8"""
Tony,Bretall,44 Farms Team Invitational,"Apr  8- 9, 2022",Dec,6122,,
Tony,Bretall,44 Farms Team Invitational,"Apr  8- 9, 2022",100,11.33,(4.2),
Tony,Bretall,44 Farms Team Invitational,"Apr  8- 9, 2022",LJ,6.06m,(3.3),"19' 10.75"""
Tony,Bretall,44 Farms Team Invitational,"Apr  8- 9, 2022",SP,10.91m,,"35' 9.5"""
Tony,Bretall,44 Farms Team Invitational,"Apr  8- 9, 2022",HJ,1.87m,,"6' 1.5"""
Tony,Bretall,44 Farms Team Invitational,"Apr  8- 9, 2022",400,56.17,,
Tony,Bretall,44 Farms Team Invitational,"Apr  8- 9, 2022",110H,15.88,(1.7),
Tony,Bretall,44 Farms Team Invitational,"Apr  8- 9, 2022",DT,36.30m,,"119' 1"""
Tony,Bretall,44 Farms Team Invitational,"Apr  8- 9, 2022",PV,4.10m,,"13' 5.25"""
Tony,Bretall,44 Farms Team Invitational,"Apr  8- 9, 2022",JT,48.06m,,"157' 8"""
Tony,Bretall,44 Farms Team Invitational,"Apr  8- 9, 2022",1500,5:27.43,,
Tony,Bretall,Redbird Invite,"Apr  1- 2, 2022",110H,16.67,(0.1),
Tony,Bretall,Redbird Invite,"Apr  1- 2, 2022",110H,16.37,(2.1),
Tony,Bretall,Redbird Invite,"Apr  1- 2, 2022",LJ,5.52m,,"18' 1.5"""
Tony,Bretall,Redbird Invite,"Apr  1- 2, 2022",DT,35.60m,,"116' 9"""
Tony,Bretall,Redbird Invite,"Apr  1- 2, 2022",JT,42.67m,,"140' 0"""
Tony,Bretall,Horizon League Indoor Track & Field Championships,"Feb 26-27, 2022",HJ,1.84m,,"6' 0.5"""
Tony,Bretall,Horizon League Indoor Track & Field Championships,"Feb 26-27, 2022",PV,4.15m,,"13' 7.25"""
Tony,Bretall,Horizon League Indoor Track & Field Championships,"Feb 26-27, 2022",Hep,4629,,
Tony,Bretall,Horizon League Indoor Track & Field Championships,"Feb 26-27, 2022",60,7.50,,
Tony,Bretall,Horizon League Indoor Track & Field Championships,"Feb 26-27, 2022",LJ,5.99m,,"19' 8"""
Tony,Bretall,Horizon League Indoor Track & Field Championships,"Feb 26-27, 2022",SP,11.37m,,"37' 3.75"""
Tony,Bretall,Horizon League Indoor Track & Field Championships,"Feb 26-27, 2022",HJ,1.87m,,"6' 1.5"""
Tony,Bretall,Horizon League Indoor Track & Field Championships,"Feb 26-27, 2022",60H,8.85,,
Tony,Bretall,Horizon League Indoor Track & Field Championships,"Feb 26-27, 2022",PV,4.24m,,"13' 11"""
Tony,Bretall,Horizon League Indoor Track & Field Championships,"Feb 26-27, 2022",1000,3:05.37,,
Tony,Bretall,St. Valentines Open,"Feb 18, 2022",60H,8.96,,
Tony,Bretall,St. Valentines Open,"Feb 18, 2022",LJ,6.03m,,"19' 9.5"""
Tony,Bretall,St. Valentines Open,"Feb 18, 2022",SP,12.00m,,"39' 4.5"""
Tony,Bretall,2022 Hoosier Hills,"Feb 11, 2022",60H,8.96,,
Tony,Bretall,2022 Hoosier Hills,"Feb 11, 2022",HJ,NH,,NH
Tony,Bretall,Red Hawk Invite,"Feb  5, 2022",60H,8.81,,
Tony,Bretall,Red Hawk Invite,"Feb  5, 2022",60H,8.96,,
Tony,Bretall,Red Hawk Invite,"Feb  5, 2022",PV,3.95m,,"12' 11.5"""
Tony,Bretall,Red Hawk Invite,"Feb  5, 2022",LJ,5.74m,,"18' 10"""
Tony,Bretall,John Tierney Classic,"Jan 29, 2022",60H,8.83,,
Tony,Bretall,John Tierney Classic,"Jan 29, 2022",60H,8.84,,
Tony,Bretall,John Tierney Classic,"Jan 29, 2022",HJ,1.84m,,"6' 0.5"""
Tony,Bretall,John Tierney Classic,"Jan 29, 2022",SP,11.06m,,"36' 3.5"""
Tony,Bretall,Horizon League Outdoor Track & Field Championships,"May  7- 9, 2021",HJ,1.89m,,"6' 2.25"""
Tony,Bretall,Horizon League Outdoor Track & Field Championships,"May  7- 9, 2021",PV,3.92m,,"12' 10.25"""
Tony,Bretall,Horizon League Outdoor Track & Field Championships,"May  7- 9, 2021",Dec,5724,,
Tony,Bretall,Horizon League Outdoor Track & Field Championships,"May  7- 9, 2021",100,11.61,(2.2),
Tony,Bretall,Horizon League Outdoor Track & Field Championships,"May  7- 9, 2021",LJ,5.71m,(1.4),"18' 9"""
Tony,Bretall,Horizon League Outdoor Track & Field Championships,"May  7- 9, 2021",SP,10.48m,,"34' 4.75"""
Tony,Bretall,Horizon League Outdoor Track & Field Championships,"May  7- 9, 2021",HJ,1.82m,,"5' 11.5"""
Tony,Bretall,Horizon League Outdoor Track & Field Championships,"May  7- 9, 2021",400,53.43,,
Tony,Bretall,Horizon League Outdoor Track & Field Championships,"May  7- 9, 2021",110H,15.88,(2.7),
Tony,Bretall,Horizon League Outdoor Track & Field Championships,"May  7- 9, 2021",DT,29.31m,,"96' 2"""
Tony,Bretall,Horizon League Outdoor Track & Field Championships,"May  7- 9, 2021",PV,4.20m,,"13' 9.25"""
Tony,Bretall,Horizon League Outdoor Track & Field Championships,"May  7- 9, 2021",JT,44.38m,,"145' 7"""
Tony,Bretall,Horizon League Outdoor Track & Field Championships,"May  7- 9, 2021",1500,5:58.23,,
Tony,Bretall,Valpo Invitational,"May  1, 2021",110H,16.22,(1.2),
Tony,Bretall,Valpo Invitational,"May  1, 2021",HJ,1.90m,,"6' 2.75"""
Tony,Bretall,Valpo Invitational,"May  1, 2021",PV,3.70m,,"12' 1.5"""
Tony,Bretall,Valpo Invitational,"May  1, 2021",JT,43.20m,,"141' 9"""
Tony,Bretall,2021 Green & White Invite,"Apr 24, 2021",110H,16.27,(0.6),
Tony,Bretall,2021 Green & White Invite,"Apr 24, 2021",LJ,5.66m,(+0.0),"18' 7"""
Tony,Bretall,2021 Green & White Invite,"Apr 24, 2021",SP,11.26m,,"36' 11.5"""
Tony,Bretall,2021 Green & White Invite,"Apr 24, 2021",DT,34.64m,,"113' 8"""
Tony,Bretall,Gibson Invitational Heptathlon & Decathlon,"Apr 15-16, 2021",Dec,5911,,
Tony,Bretall,Gibson Invitational Heptathlon & Decathlon,"Apr 15-16, 2021",100,11.68,(3.4),
Tony,Bretall,Gibson Invitational Heptathlon & Decathlon,"Apr 15-16, 2021",LJ,5.63m,(-1.2),"18' 5.75"""
Tony,Bretall,Gibson Invitational Heptathlon & Decathlon,"Apr 15-16, 2021",SP,11.92m,,"39' 1.25"""
Tony,Bretall,Gibson Invitational Heptathlon & Decathlon,"Apr 15-16, 2021",HJ,1.87m,,"6' 1.5"""
Tony,Bretall,Gibson Invitational Heptathlon & Decathlon,"Apr 15-16, 2021",400,54.01,,
Tony,Bretall,Gibson Invitational Heptathlon & Decathlon,"Apr 15-16, 2021",110H,16.33,(0.1),
Tony,Bretall,Gibson Invitational Heptathlon & Decathlon,"Apr 15-16, 2021",DT,33.39m,,"109' 6"""
Tony,Bretall,Gibson Invitational Heptathlon & Decathlon,"Apr 15-16, 2021",PV,3.92m,,"12' 10.25"""
Tony,Bretall,Gibson Invitational Heptathlon & Decathlon,"Apr 15-16, 2021",JT,43.21m,,"141' 9"""
Tony,Bretall,Gibson Invitational Heptathlon & Decathlon,"Apr 15-16, 2021",1500,5:20.32,,
Tony,Bretall,Big Blue Classic,"Apr  9-10, 2021",110H,16.52,(2.6),
Tony,Bretall,Big Blue Classic,"Apr  9-10, 2021",LJ,6.02m,(3.2),"19' 9"""
Tony,Bretall,Big Blue Classic,"Apr  9-10, 2021",JT,NM,,NM
Tony,Bretall,Illinois State Redbird Invitational,"Apr  2, 2021",110H,16.49,(2.2),
Tony,Bretall,Illinois State Redbird Invitational,"Apr  2, 2021",HJ,1.82m,,"5' 11.5"""
Tony,Bretall,Illinois State Redbird Invitational,"Apr  2, 2021",JT,45.65m,,"149' 9"""
Tony,Bretall,Horizon League Indoor Track & Field Championships,"Feb 26-Mar  1, 2021",HJ,1.86m,,"6' 1.25"""
Tony,Bretall,Horizon League Indoor Track & Field Championships,"Feb 26-Mar  1, 2021",PV,4.05m,,"13' 3.5"""
Tony,Bretall,Horizon League Indoor Track & Field Championships,"Feb 26-Mar  1, 2021",Hep,4320,,
Tony,Bretall,Horizon League Indoor Track & Field Championships,"Feb 26-Mar  1, 2021",60,7.53,,
Tony,Bretall,Horizon League Indoor Track & Field Championships,"Feb 26-Mar  1, 2021",LJ,5.66m,,"18' 7"""
Tony,Bretall,Horizon League Indoor Track & Field Championships,"Feb 26-Mar  1, 2021",SP,11.20m,,"36' 9"""
Tony,Bretall,Horizon League Indoor Track & Field Championships,"Feb 26-Mar  1, 2021",HJ,1.92m,,"6' 3.5"""
Tony,Bretall,Horizon League Indoor Track & Field Championships,"Feb 26-Mar  1, 2021",60H,9.11,,
Tony,Bretall,Horizon League Indoor Track & Field Championships,"Feb 26-Mar  1, 2021",PV,3.85m,,"12' 7.5"""
Tony,Bretall,Horizon League Indoor Track & Field Championships,"Feb 26-Mar  1, 2021",1000,3:15.96,,
Tony,Bretall,UW-Parkside Triangular,"Feb 19-20, 2021",55H,8.20,,
Tony,Bretall,UW-Parkside Triangular,"Feb 19-20, 2021",HJ,1.90m,,"6' 2.75"""
Tony,Bretall,Panther Tune-Up,"Feb 14, 2021",60H,9.14,,
Tony,Bretall,Panther Tune-Up,"Feb 14, 2021",HJ,NH,,NH
Tony,Bretall,Panther Tune-Up,"Feb 14, 2021",SP,10.47m,,"34' 4.25"""
Tony,Bretall,UW-Parkside Triangular,"Feb  5- 6, 2021",Hep,4333,,
Tony,Bretall,UW-Parkside Triangular,"Feb  5- 6, 2021",55,7.14,,
Tony,Bretall,UW-Parkside Triangular,"Feb  5- 6, 2021",LJ,6.08m,,"19' 11.5"""
Tony,Bretall,UW-Parkside Triangular,"Feb  5- 6, 2021",SP,10.65m,,"34' 11.25"""
Tony,Bretall,UW-Parkside Triangular,"Feb  5- 6, 2021",HJ,1.81m,,"5' 11.25"""
Tony,Bretall,UW-Parkside Triangular,"Feb  5- 6, 2021",55H,8.53,,
Tony,Bretall,UW-Parkside Triangular,"Feb  5- 6, 2021",PV,4.00m,,"13' 1.5"""
Tony,Bretall,UW-Parkside Triangular,"Feb  5- 6, 2021",1000,3:07.98,,
Tony,Bretall,Horizon League Indoor Track & Field Championships,"Feb 29-Mar  1, 2020",HJ,1.88m,,"6' 2"""
Tony,Bretall,Horizon League Indoor Track & Field Championships,"Feb 29-Mar  1, 2020",PV,NH,,NH
Tony,Bretall,Horizon League Indoor Track & Field Championships,"Feb 29-Mar  1, 2020",Hep,4667,,
Tony,Bretall,Horizon League Indoor Track & Field Championships,"Feb 29-Mar  1, 2020",60,7.56,,
Tony,Bretall,Horizon League Indoor Track & Field Championships,"Feb 29-Mar  1, 2020",LJ,6.25m,,"20' 6.25"""
Tony,Bretall,Horizon League Indoor Track & Field Championships,"Feb 29-Mar  1, 2020",SP,11.44m,,"37' 6.5"""
Tony,Bretall,Horizon League Indoor Track & Field Championships,"Feb 29-Mar  1, 2020",HJ,1.89m,,"6' 2.25"""
Tony,Bretall,Horizon League Indoor Track & Field Championships,"Feb 29-Mar  1, 2020",60H,8.98,,
Tony,Bretall,Horizon League Indoor Track & Field Championships,"Feb 29-Mar  1, 2020",PV,4.05m,,"13' 3.5"""
Tony,Bretall,Horizon League Indoor Track & Field Championships,"Feb 29-Mar  1, 2020",1000,2:58.97,,
Tony,Bretall,Panther Tune-Up,"Feb 22, 2020",60H,9.01,,
Tony,Bretall,Panther Tune-Up,"Feb 22, 2020",PV,3.83m,,"12' 6.75"""
Tony,Bretall,GVSU Big Meet (Saturday),"Feb 15, 2020",60H,9.11,,
Tony,Bretall,GVSU Big Meet (Saturday),"Feb 15, 2020",HJ,1.86m,,"6' 1.25"""
Tony,Bretall,GVSU Big Meet (Saturday),"Feb 15, 2020",SP,11.33m,,"37' 2.25"""
Tony,Bretall,2020 ONU Invitational,"Feb  1, 2020",60H,9.11,,
Tony,Bretall,2020 ONU Invitational,"Feb  1, 2020",PV,3.45m,,"11' 3.75"""
Tony,Bretall,2020 ONU Invitational,"Feb  1, 2020",LJ,5.30m,,"17' 4.75"""
Tony,Bretall,Illini Invitational,"Jan 24-25, 2020",Hep,3772,,
Tony,Bretall,Illini Invitational,"Jan 24-25, 2020",60,7.67,,
Tony,Bretall,Illini Invitational,"Jan 24-25, 2020",LJ,5.63m,,"18' 5.75"""
Tony,Bretall,Illini Invitational,"Jan 24-25, 2020",SP,10.90m,,"35' 9.25"""
Tony,Bretall,Illini Invitational,"Jan 24-25, 2020",HJ,1.93m,,"6' 4"""
Tony,Bretall,Illini Invitational,"Jan 24-25, 2020",60H,9.07,,
Tony,Bretall,Illini Invitational,"Jan 24-25, 2020",PV,NH,,NH
Tony,Bretall,Illini Invitational,"Jan 24-25, 2020",1000,3:07.24,,
Tony,Bretall,John Tierney Classic,"Jan 18, 2020",60H,8.97,,
Tony,Bretall,John Tierney Classic,"Jan 18, 2020",HJ,1.92m,,"6' 3.5"""
Tony,Bretall,John Tierney Classic,"Jan 18, 2020",PV,3.83m,,"12' 6.75"""
Tony,Bretall,Gene Edmonds Memorial,"Jan 10-11, 2020",60H,9.06,,
Tony,Bretall,Gene Edmonds Memorial,"Jan 10-11, 2020",HJ,1.90m,,"6' 2.75"""
Tony,Bretall,Gene Edmonds Memorial,"Jan 10-11, 2020",PV,3.80m,,"12' 5.5"""
Jack,Browne,2024 Horizon League Outdoor Track & Field Championship,"May  3- 5, 2024",PV,4.40m,,"14' 5.25"""
Jack,Browne,UW-Whitewater Drake Alternative,"Apr 25, 2024",PV,4.43m,,"14' 6.25"""
Jack,Browne,Gibson Invitational,"Apr 18-20, 2024",PV,4.41m,,"14' 5.5"""
Jack,Browne,Golden Grizzly T&F Invite,"Apr  6, 2024",PV,4.55m,,"14' 11"""
Jack,Browne,Redbird Challenge,"Mar 29-30, 2024",PV,NH,,NH
Jack,Browne,Horizon League Indoor Track & Field Championship,"Feb 24-25, 2024",PV,4.28m,,"14' 0.5"""
Jack,Browne,PANTHER TUNE-UP,"Feb 17, 2024",PV,4.55m,,"14' 11"""
Jack,Browne,Mark Guthrie Legacy Invite,"Feb  3, 2024",PV,4.22m,,"13' 10"""
Jack,Browne,Illini Challenge,"Jan 26-27, 2024",PV,4.41m,,"14' 5.5"""
Jack,Browne,John Tierney Classic,"Jan 20, 2024",PV,4.25m,,"13' 11.25"""
Jack,Browne,Badgers Midwest Invite,"Jan 13, 2024",PV,NH,,NH
Jack,Browne,Illini Open,"Jan  6, 2024",PV,NH,,NH
Jack,Browne,Horizon League Outdoor Track & Field Championships,"May  6- 8, 2022",PV,4.25m,,"13' 11.25"""
Jack,Browne,Valparaiso Beacan Invite,"Apr 30, 2022",PV,NH,,NH
Jack,Browne,Illini Invitational,"Apr 22-23, 2022",PV,4.43m,,"14' 6.25"""
Jack,Browne,44 Farms Team Invitational,"Apr  8- 9, 2022",PV,4.32m,,"14' 2"""
Jack,Browne,Redbird Invite,"Apr  1- 2, 2022",PV,NH,,NH
Jack,Browne,Horizon League Indoor Track & Field Championships,"Feb 26-27, 2022",PV,4.60m,,"15' 1"""
Jack,Browne,St. Valentines Open,"Feb 18, 2022",PV,4.58m,,"15' 0.25"""
Jack,Browne,2022 Hoosier Hills,"Feb 11, 2022",PV,NH,,NH
Jack,Browne,Red Hawk Invite,"Feb  5, 2022",PV,4.40m,,"14' 5.25"""
Jack,Browne,John Tierney Classic,"Jan 29, 2022",PV,4.20m,,"13' 9.25"""
Jack,Browne,Horizon League Outdoor Track & Field Championships,"May  7- 9, 2021",PV,NH,,NH
Jack,Browne,Valpo Invitational,"May  1, 2021",PV,4.30m,,"14' 1.25"""
Jack,Browne,Clark Wood Invitational,"Apr 23-24, 2021",PV,4.41m,,"14' 5.5"""
Jack,Browne,Gibson Invitational sponsored by the Terre Haute CVB,"Apr 16-17, 2021",PV,4.30m,,"14' 1.25"""
Jack,Browne,Big Blue Classic,"Apr  9-10, 2021",PV,4.29m,,"14' 0.75"""
Jack,Browne,Horizon League Indoor Track & Field Championships,"Feb 26-Mar  1, 2021",PV,4.50m,,"14' 9"""
Jack,Browne,UW-Parkside Triangular,"Feb 19-20, 2021",PV,4.57m,,"15' 0"""
Jack,Browne,Panther Tune-Up,"Feb 14, 2021",PV,4.50m,,"14' 9"""
Jack,Browne,UW-Parkside Triangular,"Feb  5- 6, 2021",PV,4.47m,,"14' 8"""
Jack,Browne,John Tierney Classic,"Jan 23, 2021",PV,4.60m,,"15' 1"""
Jack,Browne,The Panther Invite,"Jan  9, 2021",PV,4.20m,,"13' 9.25"""
Golden,Cotton,NCAA West First Round,"May 22-25, 2024",100,10.58,(-0.1),
Golden,Cotton,2024 Horizon League Outdoor Track & Field Championship,"May  3- 5, 2024",100,10.37,(2.3),
Golden,Cotton,2024 Horizon League Outdoor Track & Field Championship,"May  3- 5, 2024",100,10.50,(1.0),
Golden,Cotton,2024 Horizon League Outdoor Track & Field Championship,"May  3- 5, 2024",200,21.41,(1.3),
Golden,Cotton,2024 Horizon League Outdoor Track & Field Championship,"May  3- 5, 2024",200,21.79,(3.1),
Golden,Cotton,2024 Horizon League Outdoor Track & Field Championship,"May  3- 5, 2024",4x100,41.18,,
Golden,Cotton,Clark Wood Open 2024,"Apr 26-27, 2024",100,10.29,(3.2),
Golden,Cotton,Clark Wood Open 2024,"Apr 26-27, 2024",100,10.40,(2.5),
Golden,Cotton,Clark Wood Open 2024,"Apr 26-27, 2024",200,21.15,(2.5),
Golden,Cotton,Clark Wood Open 2024,"Apr 26-27, 2024",4x100,40.70,,
Golden,Cotton,Gibson Invitational,"Apr 18-20, 2024",100,10.50,(0.7),
Golden,Cotton,Gibson Invitational,"Apr 18-20, 2024",200,22.01,(+0.0),
Golden,Cotton,Gibson Invitational,"Apr 18-20, 2024",4x100,41.52,,
Golden,Cotton,2024 Bryan Clay Invitational,"Apr 11-13, 2024",100,10.87,(-1.6),
Golden,Cotton,2024 Bryan Clay Invitational,"Apr 11-13, 2024",200,21.43,(0.5),
Golden,Cotton,Golden Grizzly T&F Invite,"Apr  6, 2024",100,10.52,(1.0),
Golden,Cotton,Golden Grizzly T&F Invite,"Apr  6, 2024",100,10.47,(3.7),
Golden,Cotton,Golden Grizzly T&F Invite,"Apr  6, 2024",4x100,DNF,,
Golden,Cotton,Raleigh Relays,"Mar 28-30, 2024",100,10.59,(4.1),
Golden,Cotton,Raleigh Relays,"Mar 28-30, 2024",200,22.10,(-0.4),
Golden,Cotton,Horizon League Indoor Track & Field Championship,"Feb 24-25, 2024",60,6.80,,
Golden,Cotton,Horizon League Indoor Track & Field Championship,"Feb 24-25, 2024",60,6.83,,
Golden,Cotton,Horizon League Indoor Track & Field Championship,"Feb 24-25, 2024",200,21.75,,
Golden,Cotton,Horizon League Indoor Track & Field Championship,"Feb 24-25, 2024",200,21.54,,
Golden,Cotton,GVSU Big Meet- (Friday),"Feb  9, 2024",60,6.82,,
Golden,Cotton,GVSU Big Meet- (Friday),"Feb  9, 2024",60,6.89,,
Golden,Cotton,GVSU Big Meet- (Friday),"Feb  9, 2024",200,21.66,,
Golden,Cotton,Mark Guthrie Legacy Invite,"Feb  3, 2024",60,6.88,,
Golden,Cotton,Mark Guthrie Legacy Invite,"Feb  3, 2024",60,6.82,,
Golden,Cotton,Mark Guthrie Legacy Invite,"Feb  3, 2024",200,22.21,,
Golden,Cotton,Illini Challenge,"Jan 26-27, 2024",60,6.80,,
Golden,Cotton,Illini Challenge,"Jan 26-27, 2024",60,6.86,,
Golden,Cotton,Illini Challenge,"Jan 26-27, 2024",200,22.23,,
Golden,Cotton,John Tierney Classic,"Jan 20, 2024",60,6.80,,
Golden,Cotton,John Tierney Classic,"Jan 20, 2024",60,6.83,,
Golden,Cotton,John Tierney Classic,"Jan 20, 2024",200,22.33,,
Golden,Cotton,Badgers Midwest Invite,"Jan 13, 2024",60,6.85,,
Golden,Cotton,Badgers Midwest Invite,"Jan 13, 2024",60,6.84,,
Golden,Cotton,Badgers Midwest Invite,"Jan 13, 2024",300,35.11,,
Golden,Cotton,2023 Blue Demon Holiday Invite,"Dec  8, 2023",60,6.81,,
Golden,Cotton,2023 Blue Demon Holiday Invite,"Dec  8, 2023",60,6.87,,
Golden,Cotton,2023 Blue Demon Holiday Invite,"Dec  8, 2023",200,21.80,,
Golden,Cotton,NCAA West Preliminary Round,"May 24-27, 2023",200,21.51,(1.3),
Golden,Cotton,Horizon League Championship,"May  5- 7, 2023",100,10.43,(1.6),
Golden,Cotton,Horizon League Championship,"May  5- 7, 2023",100,10.60,(-0.2),
Golden,Cotton,Horizon League Championship,"May  5- 7, 2023",200,21.13,(1.5),
Golden,Cotton,Horizon League Championship,"May  5- 7, 2023",200,21.43,(0.1),
Golden,Cotton,Horizon League Championship,"May  5- 7, 2023",4x100,41.31,,
Golden,Cotton,Clark Wood Open 2023,"Apr 28-29, 2023",100,10.44,(2.5),
Golden,Cotton,Clark Wood Open 2023,"Apr 28-29, 2023",100,10.54,(3.0),
Golden,Cotton,Clark Wood Open 2023,"Apr 28-29, 2023",200,21.45,(-1.7),
Golden,Cotton,Clark Wood Open 2023,"Apr 28-29, 2023",4x100,41.03,,
Golden,Cotton,Gary Wieneke Memorial,"Apr 21-22, 2023",200,21.15,(-2.0),
Golden,Cotton,Gary Wieneke Memorial,"Apr 21-22, 2023",4x100,41.17,,
Golden,Cotton,Gibson Invitational & Multis,"Apr 13-15, 2023",100,10.45,(1.2),
Golden,Cotton,Gibson Invitational & Multis,"Apr 13-15, 2023",100,10.49,(1.6),
Golden,Cotton,Gibson Invitational & Multis,"Apr 13-15, 2023",200,20.82,(2.1),
Golden,Cotton,Fighting Illini Challenge,"Apr  8, 2023",100,10.57,(0.8),
Golden,Cotton,Fighting Illini Challenge,"Apr  8, 2023",200,21.88,(0.5),
Golden,Cotton,Fighting Illini Challenge,"Apr  8, 2023",4x100,42.74,,
Golden,Cotton,2023 Horizon League Indoor Track & Field Championship,"Feb 25-26, 2023",60,6.88,,
Golden,Cotton,2023 Horizon League Indoor Track & Field Championship,"Feb 25-26, 2023",60,6.84,,
Golden,Cotton,2023 Horizon League Indoor Track & Field Championship,"Feb 25-26, 2023",200,22.18,,
Golden,Cotton,2023 Horizon League Indoor Track & Field Championship,"Feb 25-26, 2023",200,22.19,,
Golden,Cotton,GVSU Big Meet (Friday),"Feb 10, 2023",60,6.79,,
Golden,Cotton,GVSU Big Meet (Friday),"Feb 10, 2023",60,6.92,,
Golden,Cotton,GVSU Big Meet (Friday),"Feb 10, 2023",200,21.84,,
Golden,Cotton,GVSU Big Meet (Friday),"Feb 10, 2023",4x400,3:22.00,,
Golden,Cotton,Mark Guthrie Legacy Invitational,"Feb  4, 2023",200,22.34,,
Golden,Cotton,Jack Johnson Classic,"Jan 27-28, 2023",60,6.90,,
Golden,Cotton,Jack Johnson Classic,"Jan 27-28, 2023",60,6.93,,
Golden,Cotton,Jack Johnson Classic,"Jan 27-28, 2023",200,22.31,,
Golden,Cotton,John Tierney Classic,"Jan 21, 2023",60,6.88,,
Golden,Cotton,John Tierney Classic,"Jan 21, 2023",60,6.91,,
Golden,Cotton,John Tierney Classic,"Jan 21, 2023",200,22.42,,
Golden,Cotton,Wisconsin Badgers Midwest Invite,"Jan 14, 2023",60,6.86,,
Golden,Cotton,Wisconsin Badgers Midwest Invite,"Jan 14, 2023",60,6.89,,
Golden,Cotton,2022 Blue Demon Holiday Invite,"Dec  9, 2022",60,6.91,,
Golden,Cotton,Carius/Gregory Invitational 2022,"May 12-13, 2022",200,21.92,(0.6),
Golden,Cotton,Horizon League Outdoor Track & Field Championships,"May  6- 8, 2022",100,10.63,(0.3),
Golden,Cotton,Horizon League Outdoor Track & Field Championships,"May  6- 8, 2022",100,10.74,(2.0),
Golden,Cotton,Horizon League Outdoor Track & Field Championships,"May  6- 8, 2022",200,21.77,(-0.2),
Golden,Cotton,Horizon League Outdoor Track & Field Championships,"May  6- 8, 2022",200,21.24,(4.2),
Golden,Cotton,Horizon League Outdoor Track & Field Championships,"May  6- 8, 2022",4x100,42.29,,
Golden,Cotton,Valparaiso Beacan Invite,"Apr 30, 2022",100,10.70,(1.8),
Golden,Cotton,2022 Warrior Invitational,"Apr 14, 2022",4x100,42.34,,
Golden,Cotton,44 Farms Team Invitational,"Apr  8- 9, 2022",100,10.72,(2.6),
Golden,Cotton,44 Farms Team Invitational,"Apr  8- 9, 2022",200,21.84,(1.2),
Golden,Cotton,Redbird Invite,"Apr  1- 2, 2022",100,10.87,(-0.3),
Golden,Cotton,Redbird Invite,"Apr  1- 2, 2022",100,10.83,(4.2),
Golden,Cotton,Horizon League Indoor Track & Field Championships,"Feb 26-27, 2022",60,6.86,,
Golden,Cotton,Horizon League Indoor Track & Field Championships,"Feb 26-27, 2022",60,6.93,,
Golden,Cotton,Horizon League Indoor Track & Field Championships,"Feb 26-27, 2022",200,21.69,,
Golden,Cotton,Horizon League Indoor Track & Field Championships,"Feb 26-27, 2022",200,21.75,,
Golden,Cotton,St. Valentines Open,"Feb 18, 2022",60,6.94,,
Golden,Cotton,GVSU Big Meet-FRIDAY,"Feb 11, 2022",60,7.02,,
Golden,Cotton,GVSU Big Meet-FRIDAY,"Feb 11, 2022",200,22.15,,
Golden,Cotton,Red Hawk Invite,"Feb  5, 2022",60,6.89,,
Golden,Cotton,Red Hawk Invite,"Feb  5, 2022",60,6.99,,
Golden,Cotton,John Tierney Classic,"Jan 29, 2022",60,6.88,,
Golden,Cotton,John Tierney Classic,"Jan 29, 2022",60,6.94,,
Golden,Cotton,John Gartland Invitational,"Jan 21-22, 2022",60,6.98,,
Golden,Cotton,John Gartland Invitational,"Jan 21-22, 2022",60,7.07,,
Golden,Cotton,Hawkeye Invite,"Jan 14-15, 2022",60,6.93,,
Golden,Cotton,Hawkeye Invite,"Jan 14-15, 2022",200,22.28,,
Golden,Cotton,Horizon League Outdoor Track & Field Championships,"May  7- 9, 2021",100,10.90,(2.3),
Golden,Cotton,Horizon League Outdoor Track & Field Championships,"May  7- 9, 2021",200,22.14,(1.6),
Golden,Cotton,Horizon League Outdoor Track & Field Championships,"May  7- 9, 2021",4x100,42.27,,
Golden,Cotton,Valpo Invitational,"May  1, 2021",100,10.78,(1.2),
Golden,Cotton,Valpo Invitational,"May  1, 2021",4x100,42.77,,
Golden,Cotton,Clark Wood Invitational,"Apr 23-24, 2021",100,11.06,(1.2),
Golden,Cotton,Clark Wood Invitational,"Apr 23-24, 2021",100,10.97,(0.6),
Golden,Cotton,Clark Wood Invitational,"Apr 23-24, 2021",200,21.80,(1.9),
Golden,Cotton,Gibson Invitational sponsored by the Terre Haute CVB,"Apr 16-17, 2021",100,10.76,(2.6),
Golden,Cotton,Gibson Invitational sponsored by the Terre Haute CVB,"Apr 16-17, 2021",100,10.87,(0.9),
Golden,Cotton,Gibson Invitational sponsored by the Terre Haute CVB,"Apr 16-17, 2021",200,21.88,(0.3),
Golden,Cotton,Gibson Invitational sponsored by the Terre Haute CVB,"Apr 16-17, 2021",4x100,DNF,,
Golden,Cotton,Illinois State Redbird Invitational,"Apr  2, 2021",100,10.79,(2.8),
Golden,Cotton,Illinois State Redbird Invitational,"Apr  2, 2021",200,22.06,(6.0),
Golden,Cotton,Horizon League Indoor Track & Field Championships,"Feb 26-Mar  1, 2021",60,6.90,,
Golden,Cotton,Horizon League Indoor Track & Field Championships,"Feb 26-Mar  1, 2021",60,6.98,,
Golden,Cotton,Horizon League Indoor Track & Field Championships,"Feb 26-Mar  1, 2021",200,22.44,,
Golden,Cotton,Horizon League Indoor Track & Field Championships,"Feb 26-Mar  1, 2021",200,22.51,,
Golden,Cotton,UW-Parkside Triangular,"Feb 19-20, 2021",55,6.44,,
Golden,Cotton,Panther Tune-Up,"Feb 14, 2021",60,6.90,,
Golden,Cotton,Panther Tune-Up,"Feb 14, 2021",60,7.05,,
Golden,Cotton,Panther Tune-Up,"Feb 14, 2021",200,22.64,,
Golden,Cotton,UW-Parkside Triangular,"Feb  5- 6, 2021",55,6.47,,
Golden,Cotton,UW-Parkside Triangular,"Feb  5- 6, 2021",200,22.74,,
Golden,Cotton,John Tierney Classic,"Jan 23, 2021",60,6.89,,
Golden,Cotton,John Tierney Classic,"Jan 23, 2021",200,22.34,,
Golden,Cotton,The Panther Invite,"Jan  9, 2021",60,7.00,,
Golden,Cotton,The Panther Invite,"Jan  9, 2021",60,7.00,,
Golden,Cotton,The Panther Invite,"Jan  9, 2021",200,22.75,,
Isaac,Dauffenbach,2024 Horizon League Outdoor Track & Field Championship,"May  3- 5, 2024",100,10.99,(0.4),
Isaac,Dauffenbach,UW-Whitewater Drake Alternative,"Apr 25, 2024",100,10.95,(2.4),
Isaac,Dauffenbach,UW-Whitewater Drake Alternative,"Apr 25, 2024",100,11.24,(-0.9),
Isaac,Dauffenbach,Green & White Invite,"Apr 20, 2024",100,11.24,(-0.2),
Isaac,Dauffenbach,Marquette Invitational,"Apr 12, 2024",100,11.15,(1.4),
Isaac,Dauffenbach,Marquette Invitational,"Apr 12, 2024",200,22.57,(1.4),
Isaac,Dauffenbach,Golden Grizzly T&F Invite,"Apr  6, 2024",100,11.16,(1.5),
Isaac,Dauffenbach,Redbird Challenge,"Mar 29-30, 2024",100,11.22,(-0.2),
Isaac,Dauffenbach,Redbird Challenge,"Mar 29-30, 2024",200,23.10,(1.7),
Isaac,Dauffenbach,PANTHER TUNE-UP,"Feb 17, 2024",60,7.27,,
Isaac,Dauffenbach,PANTHER TUNE-UP,"Feb 17, 2024",60,7.29,,
Isaac,Dauffenbach,Mark Guthrie Legacy Invite,"Feb  3, 2024",60,7.33,,
Isaac,Dauffenbach,Mark Guthrie Legacy Invite,"Feb  3, 2024",200,23.77,,
Isaac,Dauffenbach,John Tierney Classic,"Jan 20, 2024",60,7.30,,
Isaac,Dauffenbach,2023 Blue Demon Holiday Invite,"Dec  8, 2023",60,7.47,,
Isaac,Dauffenbach,Horizon League Championship,"May  5- 7, 2023",100,11.00,(-0.2),
Isaac,Dauffenbach,Horizon League Championship,"May  5- 7, 2023",200,22.14,(+0.0),
Isaac,Dauffenbach,Horizon League Championship,"May  5- 7, 2023",4x100,41.31,,
Isaac,Dauffenbach,Clark Wood Open 2023,"Apr 28-29, 2023",100,10.88,(2.6),
Isaac,Dauffenbach,Clark Wood Open 2023,"Apr 28-29, 2023",4x100,41.03,,
Isaac,Dauffenbach,Gary Wieneke Memorial,"Apr 21-22, 2023",200,22.30,(-0.2),
Isaac,Dauffenbach,Gary Wieneke Memorial,"Apr 21-22, 2023",4x100,41.17,,
Isaac,Dauffenbach,Green & White Invite,"Apr 15, 2023",100,10.84,(1.4),
Isaac,Dauffenbach,Green & White Invite,"Apr 15, 2023",100,10.84,(2.7),
Isaac,Dauffenbach,Fighting Illini Challenge,"Apr  8, 2023",100,11.12,(2.3),
Isaac,Dauffenbach,2023 Horizon League Indoor Track & Field Championship,"Feb 25-26, 2023",60,7.13,,
Isaac,Dauffenbach,2023 Horizon League Indoor Track & Field Championship,"Feb 25-26, 2023",200,23.11,,
Isaac,Dauffenbach,Panther Tune-Up,"Feb 18, 2023",60,7.05,,
Isaac,Dauffenbach,Panther Tune-Up,"Feb 18, 2023",60,7.10,,
Isaac,Dauffenbach,Dick Hendricks Invite,"Feb 11, 2023",60,7.08,,
Isaac,Dauffenbach,Dick Hendricks Invite,"Feb 11, 2023",60,7.09,,
Isaac,Dauffenbach,Mark Guthrie Legacy Invitational,"Feb  4, 2023",200,22.90,,
Isaac,Dauffenbach,Jack Johnson Classic,"Jan 27-28, 2023",60,7.20,,
Isaac,Dauffenbach,Jack Johnson Classic,"Jan 27-28, 2023",200,23.06,,
Isaac,Dauffenbach,Jack Johnson Classic,"Jan 27-28, 2023",4x400,3:28.74,,
Isaac,Dauffenbach,John Tierney Classic,"Jan 21, 2023",60,7.09,,
Isaac,Dauffenbach,John Tierney Classic,"Jan 21, 2023",60,7.15,,
Isaac,Dauffenbach,John Tierney Classic,"Jan 21, 2023",200,23.04,,
Isaac,Dauffenbach,Wisconsin Badgers Midwest Invite,"Jan 14, 2023",60,7.13,,
Isaac,Dauffenbach,Wisconsin Badgers Midwest Invite,"Jan 14, 2023",300,36.92,,
Isaac,Dauffenbach,2022 Blue Demon Holiday Invite,"Dec  9, 2022",60,7.27,,
Isaac,Dauffenbach,2022 Blue Demon Holiday Invite,"Dec  9, 2022",200,23.12,,
Brady,Gotto,John Tierney Classic,"Jan 20, 2024",60,7.62,,
Caleb,Henry,UW-La Crosse Eagle Open,"May 10, 2024",400,47.78,,
Caleb,Henry,2024 Horizon League Outdoor Track & Field Championship,"May  3- 5, 2024",400,46.92,,
Caleb,Henry,2024 Horizon League Outdoor Track & Field Championship,"May  3- 5, 2024",400,47.35,,
Caleb,Henry,2024 Horizon League Outdoor Track & Field Championship,"May  3- 5, 2024",4x400,3:13.34,,
Caleb,Henry,Clark Wood Open 2024,"Apr 26-27, 2024",400,48.22,,
Caleb,Henry,Gibson Invitational,"Apr 18-20, 2024",400,47.51,,
Caleb,Henry,Gibson Invitational,"Apr 18-20, 2024",4x400,3:18.70,,
Caleb,Henry,Gary Wieneke Memorial,"Apr 13, 2024",400,49.75,,
Caleb,Henry,Gary Wieneke Memorial,"Apr 13, 2024",4x400,DNS,,
Caleb,Henry,Golden Grizzly T&F Invite,"Apr  6, 2024",400,51.47,,
Caleb,Henry,Golden Grizzly T&F Invite,"Apr  6, 2024",4x400,3:17.14,,
Caleb,Henry,Raleigh Relays,"Mar 28-30, 2024",400,49.68,,
Caleb,Henry,Horizon League Indoor Track & Field Championship,"Feb 24-25, 2024",400,48.86,,
Caleb,Henry,Horizon League Indoor Track & Field Championship,"Feb 24-25, 2024",400,48.94,,
Caleb,Henry,Horizon League Indoor Track & Field Championship,"Feb 24-25, 2024",4x400,3:15.85,,
Caleb,Henry,PANTHER TUNE-UP,"Feb 17, 2024",400,50.12,,
Caleb,Henry,Mark Guthrie Legacy Invite,"Feb  3, 2024",400,53.90,,
Caleb,Henry,Illini Challenge,"Jan 26-27, 2024",400,55.49,,
Caleb,Henry,Illini Challenge,"Jan 26-27, 2024",4x400,3:28.46,,
Caleb,Henry,John Tierney Classic,"Jan 20, 2024",4x400,3:22.20,,
Caleb,Henry,Badgers Midwest Invite,"Jan 13, 2024",300,35.24,,
Caleb,Henry,2023 Blue Demon Holiday Invite,"Dec  8, 2023",400,49.44,,
Caleb,Henry,2023 Blue Demon Holiday Invite,"Dec  8, 2023",4x400,3:34.38,,
Caleb,Henry,Horizon League Championship,"May  5- 7, 2023",400,47.98,,
Caleb,Henry,Horizon League Championship,"May  5- 7, 2023",400,47.53,,
Caleb,Henry,Horizon League Championship,"May  5- 7, 2023",4x400,3:18.75,,
Caleb,Henry,Clark Wood Open 2023,"Apr 28-29, 2023",400,48.53,,
Caleb,Henry,Clark Wood Open 2023,"Apr 28-29, 2023",4x400,3:23.45,,
Caleb,Henry,Marquette Invitational,"Apr 22, 2023",200,22.58,(-0.6),
Caleb,Henry,Marquette Invitational,"Apr 22, 2023",400,48.91,,
Caleb,Henry,Gibson Invitational & Multis,"Apr 13-15, 2023",400,50.80,,
Caleb,Henry,Gibson Invitational & Multis,"Apr 13-15, 2023",4x400,3:22.23,,
Caleb,Henry,Fighting Illini Challenge,"Apr  8, 2023",400,48.10,,
Caleb,Henry,Fighting Illini Challenge,"Apr  8, 2023",4x400,3:29.95,,
Caleb,Henry,2023 Horizon League Indoor Track & Field Championship,"Feb 25-26, 2023",400,49.80,,
Caleb,Henry,2023 Horizon League Indoor Track & Field Championship,"Feb 25-26, 2023",400,49.44,,
Caleb,Henry,2023 Horizon League Indoor Track & Field Championship,"Feb 25-26, 2023",4x400,3:21.77,,
Caleb,Henry,GVSU Big Meet (Friday),"Feb 10, 2023",400,48.90,,
Caleb,Henry,GVSU Big Meet (Friday),"Feb 10, 2023",4x400,3:22.00,,
Caleb,Henry,Mark Guthrie Legacy Invitational,"Feb  4, 2023",200,22.88,,
Caleb,Henry,Mark Guthrie Legacy Invitational,"Feb  4, 2023",4x400,DNF,,
Caleb,Henry,Jack Johnson Classic,"Jan 27-28, 2023",400,DQ,,
Caleb,Henry,Jack Johnson Classic,"Jan 27-28, 2023",4x400,3:28.74,,
Caleb,Henry,John Tierney Classic,"Jan 21, 2023",400,50.69,,
Caleb,Henry,Wisconsin Badgers Midwest Invite,"Jan 14, 2023",600,1:32.71,,
Caleb,Henry,Wisconsin Badgers Midwest Invite,"Jan 14, 2023",4x400,3:20.69,,
Caleb,Henry,2022 Blue Demon Holiday Invite,"Dec  9, 2022",400,49.76,,
Caleb,Henry,2022 Blue Demon Holiday Invite,"Dec  9, 2022",4x400,DNF,,
Caleb,Henry,Horizon League Outdoor Track & Field Championships,"May  6- 8, 2022",400,53.52,,
Caleb,Henry,Valparaiso Beacan Invite,"Apr 30, 2022",400,55.59,,
Caleb,Henry,Illini Invitational,"Apr 22-23, 2022",400,50.54,,
Caleb,Henry,2022 Warrior Invitational,"Apr 14, 2022",400,51.83,,
Caleb,Henry,Marquette Invitational,"Apr 10, 2022",400,52.91,,
Caleb,Henry,Marquette Invitational,"Apr 10, 2022",4x400,3:37.99,,
Caleb,Henry,Redbird Invite,"Apr  1- 2, 2022",400,54.20,,
Caleb,Henry,Horizon League Indoor Track & Field Championships,"Feb 26-27, 2022",400,49.25,,
Caleb,Henry,Horizon League Indoor Track & Field Championships,"Feb 26-27, 2022",400,48.56,,
Caleb,Henry,Horizon League Indoor Track & Field Championships,"Feb 26-27, 2022",4x400,3:18.74,,
Caleb,Henry,GVSU Big Meet-FRIDAY,"Feb 11, 2022",400,49.98,,
Caleb,Henry,GVSU Big Meet-FRIDAY,"Feb 11, 2022",4x400,3:22.56,,
Caleb,Henry,Red Hawk Invite,"Feb  5, 2022",400,54.29,,
Caleb,Henry,Red Hawk Invite,"Feb  5, 2022",4x400,3:24.83,,
Caleb,Henry,John Tierney Classic,"Jan 29, 2022",400,50.87,,
Caleb,Henry,John Tierney Classic,"Jan 29, 2022",4x400,3:28.86,,
Caleb,Henry,John Gartland Invitational,"Jan 21-22, 2022",200,23.45,,
Caleb,Henry,John Gartland Invitational,"Jan 21-22, 2022",400,52.29,,
Caleb,Henry,Horizon League Outdoor Track & Field Championships,"May  7- 9, 2021",400,51.25,,
Caleb,Henry,Horizon League Outdoor Track & Field Championships,"May  7- 9, 2021",400,49.83,,
Caleb,Henry,Horizon League Outdoor Track & Field Championships,"May  7- 9, 2021",4x400,3:33.95,,
Caleb,Henry,Valpo Invitational,"May  1, 2021",400,54.36,,
Caleb,Henry,Clark Wood Invitational,"Apr 23-24, 2021",400,50.79,,
Caleb,Henry,Gibson Invitational sponsored by the Terre Haute CVB,"Apr 16-17, 2021",400,49.65,,
Caleb,Henry,Big Blue Classic,"Apr  9-10, 2021",400,52.94,,
Caleb,Henry,Big Blue Classic,"Apr  9-10, 2021",4x400,3:25.93,,
Caleb,Henry,Illinois State Redbird Invitational,"Apr  2, 2021",4x400,DNF,,
Caleb,Henry,Horizon League Indoor Track & Field Championships,"Feb 26-Mar  1, 2021",400,51.82,,
Caleb,Henry,UW-Parkside Triangular,"Feb 19-20, 2021",400,54.20,,
Caleb,Henry,Panther Tune-Up,"Feb 14, 2021",400,51.22,,
Caleb,Henry,Panther Tune-Up,"Feb 14, 2021",4x400,3:31.48,,
Caleb,Henry,UW-Parkside Triangular,"Feb  5- 6, 2021",400,51.66,,
Caleb,Henry,John Tierney Classic,"Jan 23, 2021",4x400,3:30.83,,
Caleb,Henry,The Panther Invite,"Jan  9, 2021",400,50.77,,
Caleb,Henry,The Panther Invite,"Jan  9, 2021",4x400,3:36.24,,
Caleb,Henry,Panther Tune-Up,"Feb 22, 2020",400,58.61,,
Caleb,Henry,GVSU Big Meet (Saturday),"Feb 15, 2020",400,56.18,,
Caleb,Henry,GVSU Big Meet (Saturday),"Feb 15, 2020",4x400,3:23.42,,
Caleb,Henry,2020 ONU Invitational,"Feb  1, 2020",200,24.92,,
Caleb,Henry,2020 ONU Invitational,"Feb  1, 2020",400,52.81,,
Caleb,Henry,John Tierney Classic,"Jan 18, 2020",400,59.42,,
Caleb,Henry,Gene Edmonds Memorial,"Jan 10-11, 2020",200,24.08,,
Caleb,Henry,Gene Edmonds Memorial,"Jan 10-11, 2020",4x400,3:27.42,,
Chris,Hudnall,UW-La Crosse Eagle Open,"May 10, 2024",110H,14.52,(1.0),
Chris,Hudnall,UW-La Crosse Eagle Open,"May 10, 2024",110H,14.47,(2.1),
Chris,Hudnall,2024 Horizon League Outdoor Track & Field Championship,"May  3- 5, 2024",110H,14.63,(3.2),
Chris,Hudnall,2024 Horizon League Outdoor Track & Field Championship,"May  3- 5, 2024",110H,14.51,(0.7),
Chris,Hudnall,Clark Wood Open 2024,"Apr 26-27, 2024",110H,14.37,(2.9),
Chris,Hudnall,Clark Wood Open 2024,"Apr 26-27, 2024",110H,14.68,(2.2),
Chris,Hudnall,Gibson Invitational,"Apr 18-20, 2024",110H,14.89,(1.9),
Chris,Hudnall,Marquette Invitational,"Apr 12, 2024",100,11.26,(0.9),
Chris,Hudnall,Marquette Invitational,"Apr 12, 2024",110H,14.76,(1.5),
Chris,Hudnall,Golden Grizzly T&F Invite,"Apr  6, 2024",100,11.27,(3.7),
Chris,Hudnall,Golden Grizzly T&F Invite,"Apr  6, 2024",200,23.15,(3.0),
Chris,Hudnall,Golden Grizzly T&F Invite,"Apr  6, 2024",110H,14.93,(2.2),
Chris,Hudnall,Golden Grizzly T&F Invite,"Apr  6, 2024",110H,15.00,(2.2),
Chris,Hudnall,Raleigh Relays,"Mar 28-30, 2024",110H,15.38,(-1.0),
Chris,Hudnall,Horizon League Indoor Track & Field Championship,"Feb 24-25, 2024",60H,8.12,,
Chris,Hudnall,Horizon League Indoor Track & Field Championship,"Feb 24-25, 2024",60H,8.21,,
Chris,Hudnall,GVSU Big Meet- (Friday),"Feb  9, 2024",60,7.19,,
Chris,Hudnall,GVSU Big Meet- (Friday),"Feb  9, 2024",60H,8.19,,
Chris,Hudnall,Mark Guthrie Legacy Invite,"Feb  3, 2024",60H,8.40,,
Chris,Hudnall,Mark Guthrie Legacy Invite,"Feb  3, 2024",60H,8.48,,
Chris,Hudnall,Illini Challenge,"Jan 26-27, 2024",200,23.92,,
Chris,Hudnall,Illini Challenge,"Jan 26-27, 2024",60H,8.30,,
Chris,Hudnall,Illini Challenge,"Jan 26-27, 2024",60H,8.32,,
Chris,Hudnall,John Tierney Classic,"Jan 20, 2024",60,7.26,,
Chris,Hudnall,John Tierney Classic,"Jan 20, 2024",200,23.44,,
Chris,Hudnall,John Tierney Classic,"Jan 20, 2024",60H,8.20,,
Chris,Hudnall,John Tierney Classic,"Jan 20, 2024",60H,8.62,,
Chris,Hudnall,Badgers Midwest Invite,"Jan 13, 2024",60H,8.45,,
Chris,Hudnall,Badgers Midwest Invite,"Jan 13, 2024",60H,8.41,,
Chris,Hudnall,2023 Blue Demon Holiday Invite,"Dec  8, 2023",60H,8.44,,
Chris,Hudnall,2023 Blue Demon Holiday Invite,"Dec  8, 2023",60H,8.21,,
Chris,Hudnall,Horizon League Championship,"May  5- 7, 2023",110H,14.86,(0.8),
Chris,Hudnall,Horizon League Championship,"May  5- 7, 2023",110H,14.90,(0.6),
Chris,Hudnall,Clark Wood Open 2023,"Apr 28-29, 2023",110H,14.66,(3.0),
Chris,Hudnall,Clark Wood Open 2023,"Apr 28-29, 2023",110H,14.98,(1.3),
Chris,Hudnall,Gary Wieneke Memorial,"Apr 21-22, 2023",110H,15.02,(1.9),
Chris,Hudnall,Gibson Invitational & Multis,"Apr 13-15, 2023",110H,14.73,(2.1),
Chris,Hudnall,Fighting Illini Challenge,"Apr  8, 2023",110H,14.93,(1.0),
Chris,Hudnall,Fighting Illini Challenge,"Apr  8, 2023",4x100,42.74,,
Chris,Hudnall,Warrior Invitational,"Apr  6, 2023",100,11.48,(2.0),
Chris,Hudnall,Warrior Invitational,"Apr  6, 2023",100,11.53,(-0.7),
Chris,Hudnall,2023 Horizon League Indoor Track & Field Championship,"Feb 25-26, 2023",60H,8.16,,
Chris,Hudnall,2023 Horizon League Indoor Track & Field Championship,"Feb 25-26, 2023",60H,8.17,,
Chris,Hudnall,GVSU Big Meet (Friday),"Feb 10, 2023",60H,8.33,,
Chris,Hudnall,Mark Guthrie Legacy Invitational,"Feb  4, 2023",60H,8.23,,
Chris,Hudnall,Mark Guthrie Legacy Invitational,"Feb  4, 2023",60H,8.24,,
Chris,Hudnall,Jack Johnson Classic,"Jan 27-28, 2023",200,23.61,,
Chris,Hudnall,Jack Johnson Classic,"Jan 27-28, 2023",60H,8.14,,
Chris,Hudnall,Jack Johnson Classic,"Jan 27-28, 2023",60H,8.07,,
Chris,Hudnall,John Tierney Classic,"Jan 21, 2023",60,7.22,,
Chris,Hudnall,John Tierney Classic,"Jan 21, 2023",60,7.17,,
Chris,Hudnall,John Tierney Classic,"Jan 21, 2023",60H,8.17,,
Chris,Hudnall,John Tierney Classic,"Jan 21, 2023",60H,8.40,,
Chris,Hudnall,Wisconsin Badgers Midwest Invite,"Jan 14, 2023",300,36.69,,
Chris,Hudnall,Wisconsin Badgers Midwest Invite,"Jan 14, 2023",60H,8.24,,
Chris,Hudnall,Wisconsin Badgers Midwest Invite,"Jan 14, 2023",60H,8.27,,
Will,Mortimer,UW-La Crosse Eagle Open,"May 10, 2024",LJ,7.12m,(1.1),"23' 4.5"""
Will,Mortimer,2024 Horizon League Outdoor Track & Field Championship,"May  3- 5, 2024",LJ,7.12m,(+0.0),"23' 4.5"""
Will,Mortimer,2024 Horizon League Outdoor Track & Field Championship,"May  3- 5, 2024",TJ,14.30m,(+0.0),"46' 11"""
Will,Mortimer,Clark Wood Open 2024,"Apr 26-27, 2024",TJ,14.04m,(2.6),"46' 0.75"""
Will,Mortimer,Gibson Invitational,"Apr 18-20, 2024",TJ,14.28m,(1.7),"46' 10.25"""
Will,Mortimer,Gary Wieneke Memorial,"Apr 13, 2024",LJ,7.23m,(4.0),"23' 8.75"""
Will,Mortimer,Gary Wieneke Memorial,"Apr 13, 2024",TJ,14.74m,(2.3),"48' 4.5"""
Will,Mortimer,Golden Grizzly T&F Invite,"Apr  6, 2024",LJ,7.03m,(2.2),"23' 0.75"""
Will,Mortimer,Redbird Challenge,"Mar 29-30, 2024",TJ,14.77m,(3.8),"48' 5.5"""
Will,Mortimer,Horizon League Indoor Track & Field Championship,"Feb 24-25, 2024",LJ,6.98m,,"22' 11"""
Will,Mortimer,Horizon League Indoor Track & Field Championship,"Feb 24-25, 2024",TJ,14.63m,,"48' 0"""
Will,Mortimer,PANTHER TUNE-UP,"Feb 17, 2024",60,7.29,,
Will,Mortimer,PANTHER TUNE-UP,"Feb 17, 2024",60,7.28,,
Will,Mortimer,PANTHER TUNE-UP,"Feb 17, 2024",LJ,6.98m,,"22' 11"""
Will,Mortimer,Mark Guthrie Legacy Invite,"Feb  3, 2024",TJ,14.19m,,"46' 6.75"""
Will,Mortimer,Illini Challenge,"Jan 26-27, 2024",LJ,6.55m,,"21' 6"""
Will,Mortimer,John Tierney Classic,"Jan 20, 2024",LJ,6.84m,,"22' 5.25"""
Will,Mortimer,John Tierney Classic,"Jan 20, 2024",TJ,14.46m,,"47' 5.25"""
Will,Mortimer,Badgers Midwest Invite,"Jan 13, 2024",LJ,6.70m,,"21' 11.75"""
Will,Mortimer,Illini Open,"Jan  6, 2024",TJ,14.04m,,"46' 0.75"""
Will,Mortimer,Horizon League Championship,"May  5- 7, 2023",LJ,6.72m,(-0.5),"22' 0.75"""
Will,Mortimer,Horizon League Championship,"May  5- 7, 2023",TJ,14.19m,(+0.0),"46' 6.75"""
Will,Mortimer,Gary Wieneke Memorial,"Apr 21-22, 2023",LJ,6.48m,(1.8),"21' 3.25"""
Will,Mortimer,Gibson Invitational & Multis,"Apr 13-15, 2023",LJ,6.66m,(0.8),"21' 10.25"""
Will,Mortimer,Gibson Invitational & Multis,"Apr 13-15, 2023",TJ,14.06m,(1.3),"46' 1.5"""
Will,Mortimer,Fighting Illini Challenge,"Apr  8, 2023",TJ,13.75m,(1.3),"45' 1.5"""
Will,Mortimer,2023 Horizon League Indoor Track & Field Championship,"Feb 25-26, 2023",LJ,6.70m,,"21' 11.75"""
Will,Mortimer,2023 Horizon League Indoor Track & Field Championship,"Feb 25-26, 2023",TJ,14.04m,,"46' 0.75"""
Will,Mortimer,Panther Tune-Up,"Feb 18, 2023",LJ,FOUL,,NM
Will,Mortimer,GVSU Big Meet (Friday),"Feb 10, 2023",LJ,6.44m,,"21' 1.5"""
Will,Mortimer,GVSU Big Meet (Friday),"Feb 10, 2023",TJ,13.17m,,"43' 2.5"""
Will,Mortimer,Mark Guthrie Legacy Invitational,"Feb  4, 2023",LJ,6.67m,,"21' 10.75"""
Will,Mortimer,Jack Johnson Classic,"Jan 27-28, 2023",TJ,13.38m,,"43' 10.75"""
Will,Mortimer,John Tierney Classic,"Jan 21, 2023",60,7.23,,
Will,Mortimer,John Tierney Classic,"Jan 21, 2023",60,7.20,,
Will,Mortimer,John Tierney Classic,"Jan 21, 2023",TJ,14.35m,,"47' 1"""
Will,Mortimer,Wisconsin Badgers Midwest Invite,"Jan 14, 2023",LJ,6.72m,,"22' 0.75"""
Will,Mortimer,Horizon League Outdoor Track & Field Championships,"May  6- 8, 2022",LJ,6.08m,(+0.0),"19' 11.5"""
Will,Mortimer,Horizon League Outdoor Track & Field Championships,"May  6- 8, 2022",TJ,14.03m,(+0.0),"46' 0.5"""
Will,Mortimer,Valparaiso Beacan Invite,"Apr 30, 2022",LJ,6.92m,(3.2),"22' 8.5"""
Will,Mortimer,Illini Invitational,"Apr 22-23, 2022",LJ,6.69m,(5.5),"21' 11.5"""
Will,Mortimer,Illini Invitational,"Apr 22-23, 2022",TJ,13.66m,(4.9),"44' 9.75"""
Will,Mortimer,2022 Warrior Invitational,"Apr 14, 2022",TJ,13.39m,(3.2),"43' 11.25"""
Will,Mortimer,Marquette Invitational,"Apr 10, 2022",LJ,6.61m,(5.0),"21' 8.25"""
Will,Mortimer,Marquette Invitational,"Apr 10, 2022",TJ,13.38m,(2.6),"43' 10.75"""
Will,Mortimer,Redbird Invite,"Apr  1- 2, 2022",LJ,6.51m,,"21' 4.25"""
Will,Mortimer,Horizon League Indoor Track & Field Championships,"Feb 26-27, 2022",TJ,14.02m,,"46' 0"""
Will,Mortimer,St. Valentines Open,"Feb 18, 2022",TJ,13.48m,,"44' 2.75"""
Will,Mortimer,John Gartland Invitational,"Jan 21-22, 2022",LJ,6.19m,,"20' 3.75"""
Will,Mortimer,Hawkeye Invite,"Jan 14-15, 2022",LJ,6.49m,,"21' 3.5"""
Will,Mortimer,Hawkeye Invite,"Jan 14-15, 2022",TJ,13.33m,,"43' 9"""
Will,Mortimer,2021 Green & White Invite,"Apr 24, 2021",LJ,6.56m,(-0.1),"21' 6.25"""
Will,Mortimer,2021 Green & White Invite,"Apr 24, 2021",TJ,13.60m,(1.0),"44' 7.5"""
Will,Mortimer,UW-Parkside Triangular,"Feb 19-20, 2021",LJ,6.44m,,"21' 1.5"""
Will,Mortimer,UW-Parkside Triangular,"Feb 19-20, 2021",TJ,12.60m,,"41' 4.25"""
Will,Mortimer,Panther Tune-Up,"Feb 14, 2021",60,7.33,,
Will,Mortimer,Panther Tune-Up,"Feb 14, 2021",60,7.39,,
Will,Mortimer,Panther Tune-Up,"Feb 14, 2021",TJ,12.83m,,"42' 1.25"""
Will,Mortimer,UW-Parkside Triangular,"Feb  5- 6, 2021",55,6.92,,
Will,Mortimer,UW-Parkside Triangular,"Feb  5- 6, 2021",LJ,6.12m,,"20' 1"""
Will,Mortimer,The Panther Invite,"Jan  9, 2021",LJ,6.32m,,"20' 9"""
Will,Mortimer,The Panther Invite,"Jan  9, 2021",TJ,12.93m,,"42' 5.25"""
Will,Mortimer,GVSU Big Meet (Saturday),"Feb 15, 2020",LJ,6.25m,,"20' 6.25"""
Will,Mortimer,GVSU Big Meet (Saturday),"Feb 15, 2020",TJ,12.74m,,"41' 9.75"""
Will,Mortimer,2020 ONU Invitational,"Feb  1, 2020",LJ,6.24m,,"20' 5.75"""
Will,Mortimer,Illini Invitational,"Jan 24-25, 2020",TJ,13.03m,,"42' 9"""
Will,Mortimer,John Tierney Classic,"Jan 18, 2020",LJ,6.34m,,"20' 9.75"""
Will,Mortimer,John Tierney Classic,"Jan 18, 2020",TJ,13.57m,,"44' 6.25"""
Will,Mortimer,Gene Edmonds Memorial,"Jan 10-11, 2020",LJ,6.19m,,"20' 3.75"""
Will,Mortimer,Gene Edmonds Memorial,"Jan 10-11, 2020",TJ,13.08m,,"42' 11"""
Dane,Nelson,2024 Horizon League Outdoor Track & Field Championship,"May  3- 5, 2024",110H,14.14,(3.2),
Dane,Nelson,2024 Horizon League Outdoor Track & Field Championship,"May  3- 5, 2024",110H,14.48,(0.7),
Dane,Nelson,2024 Horizon League Outdoor Track & Field Championship,"May  3- 5, 2024",400H,53.25,,
Dane,Nelson,2024 Horizon League Outdoor Track & Field Championship,"May  3- 5, 2024",400H,57.61,,
Dane,Nelson,2024 Horizon League Outdoor Track & Field Championship,"May  3- 5, 2024",4x400,3:13.34,,
Dane,Nelson,Clark Wood Open 2024,"Apr 26-27, 2024",110H,14.19,(2.9),
Dane,Nelson,Clark Wood Open 2024,"Apr 26-27, 2024",110H,14.47,(2.3),
Dane,Nelson,Clark Wood Open 2024,"Apr 26-27, 2024",400H,53.96,,
Dane,Nelson,Gary Wieneke Memorial,"Apr 13, 2024",110H,14.42,(2.7),
Dane,Nelson,Gary Wieneke Memorial,"Apr 13, 2024",400H,54.55,,
Dane,Nelson,Gary Wieneke Memorial,"Apr 13, 2024",4x400,DNS,,
Dane,Nelson,Golden Grizzly T&F Invite,"Apr  6, 2024",110H,14.55,(2.2),
Dane,Nelson,Golden Grizzly T&F Invite,"Apr  6, 2024",110H,14.69,(2.2),
Dane,Nelson,Golden Grizzly T&F Invite,"Apr  6, 2024",400H,54.65,,
Dane,Nelson,Golden Grizzly T&F Invite,"Apr  6, 2024",4x400,3:17.14,,
Dane,Nelson,Raleigh Relays,"Mar 28-30, 2024",110H,14.58,(1.8),
Dane,Nelson,Raleigh Relays,"Mar 28-30, 2024",400H,54.34,,
Dane,Nelson,Horizon League Indoor Track & Field Championship,"Feb 24-25, 2024",200,22.58,,
Dane,Nelson,Horizon League Indoor Track & Field Championship,"Feb 24-25, 2024",200,22.18,,
Dane,Nelson,Horizon League Indoor Track & Field Championship,"Feb 24-25, 2024",60H,8.17,,
Dane,Nelson,Horizon League Indoor Track & Field Championship,"Feb 24-25, 2024",60H,8.24,,
Dane,Nelson,Horizon League Indoor Track & Field Championship,"Feb 24-25, 2024",4x400,3:15.85,,
Dane,Nelson,GVSU Big Meet- (Friday),"Feb  9, 2024",200,22.12,,
Dane,Nelson,GVSU Big Meet- (Friday),"Feb  9, 2024",60H,8.10,,
Dane,Nelson,GVSU Big Meet- (Friday),"Feb  9, 2024",60H,8.17,,
Dane,Nelson,Illini Challenge,"Jan 26-27, 2024",200,22.64,,
Dane,Nelson,Illini Challenge,"Jan 26-27, 2024",60H,8.20,,
Dane,Nelson,Illini Challenge,"Jan 26-27, 2024",60H,8.36,,
Dane,Nelson,John Tierney Classic,"Jan 20, 2024",60,7.14,,
Dane,Nelson,John Tierney Classic,"Jan 20, 2024",60,7.16,,
Dane,Nelson,John Tierney Classic,"Jan 20, 2024",60H,8.19,,
Dane,Nelson,John Tierney Classic,"Jan 20, 2024",60H,8.21,,
Dane,Nelson,John Tierney Classic,"Jan 20, 2024",4x400,3:22.20,,
Dane,Nelson,Badgers Midwest Invite,"Jan 13, 2024",300,35.05,,
Dane,Nelson,Badgers Midwest Invite,"Jan 13, 2024",60H,8.13,,
Dane,Nelson,Badgers Midwest Invite,"Jan 13, 2024",60H,8.21,,
Dane,Nelson,2023 Blue Demon Holiday Invite,"Dec  8, 2023",200,22.19,,
Dane,Nelson,2023 Blue Demon Holiday Invite,"Dec  8, 2023",60H,8.16,,
Dane,Nelson,2023 Blue Demon Holiday Invite,"Dec  8, 2023",60H,8.17,,
Dane,Nelson,Horizon League Championship,"May  5- 7, 2023",110H,14.51,(0.8),
Dane,Nelson,Horizon League Championship,"May  5- 7, 2023",110H,14.55,(0.6),
Dane,Nelson,Horizon League Championship,"May  5- 7, 2023",400H,54.10,,
Dane,Nelson,Horizon League Championship,"May  5- 7, 2023",4x400,3:18.75,,
Dane,Nelson,Clark Wood Open 2023,"Apr 28-29, 2023",110H,14.43,(3.0),
Dane,Nelson,Clark Wood Open 2023,"Apr 28-29, 2023",110H,14.61,(2.5),
Dane,Nelson,Clark Wood Open 2023,"Apr 28-29, 2023",400H,53.83,,
Dane,Nelson,Clark Wood Open 2023,"Apr 28-29, 2023",4x400,3:23.45,,
Dane,Nelson,Gary Wieneke Memorial,"Apr 21-22, 2023",110H,14.63,(1.9),
Dane,Nelson,Gary Wieneke Memorial,"Apr 21-22, 2023",400H,54.62,,
Dane,Nelson,Gibson Invitational & Multis,"Apr 13-15, 2023",110H,14.81,(0.1),
Dane,Nelson,Gibson Invitational & Multis,"Apr 13-15, 2023",110H,14.64,(2.2),
Dane,Nelson,Gibson Invitational & Multis,"Apr 13-15, 2023",400H,55.63,,
Dane,Nelson,Gibson Invitational & Multis,"Apr 13-15, 2023",4x400,3:22.23,,
Dane,Nelson,Fighting Illini Challenge,"Apr  8, 2023",110H,14.67,(1.0),
Dane,Nelson,Fighting Illini Challenge,"Apr  8, 2023",400H,54.52,,
Dane,Nelson,2023 Horizon League Indoor Track & Field Championship,"Feb 25-26, 2023",200,22.70,,
Dane,Nelson,2023 Horizon League Indoor Track & Field Championship,"Feb 25-26, 2023",200,22.51,,
Dane,Nelson,2023 Horizon League Indoor Track & Field Championship,"Feb 25-26, 2023",60H,8.28,,
Dane,Nelson,2023 Horizon League Indoor Track & Field Championship,"Feb 25-26, 2023",60H,8.26,,
Dane,Nelson,2023 Horizon League Indoor Track & Field Championship,"Feb 25-26, 2023",4x400,3:21.77,,
Dane,Nelson,GVSU Big Meet (Friday),"Feb 10, 2023",200,22.75,,
Dane,Nelson,GVSU Big Meet (Friday),"Feb 10, 2023",60H,8.47,,
Dane,Nelson,GVSU Big Meet (Friday),"Feb 10, 2023",4x400,3:22.00,,
Dane,Nelson,Mark Guthrie Legacy Invitational,"Feb  4, 2023",200,22.45,,
Dane,Nelson,Mark Guthrie Legacy Invitational,"Feb  4, 2023",60H,8.39,,
Dane,Nelson,Mark Guthrie Legacy Invitational,"Feb  4, 2023",60H,8.42,,
Dane,Nelson,Mark Guthrie Legacy Invitational,"Feb  4, 2023",4x400,DNF,,
Dane,Nelson,Jack Johnson Classic,"Jan 27-28, 2023",60H,8.24,,
Dane,Nelson,Jack Johnson Classic,"Jan 27-28, 2023",60H,8.31,,
Dane,Nelson,Jack Johnson Classic,"Jan 27-28, 2023",4x400,3:28.74,,
Dane,Nelson,John Tierney Classic,"Jan 21, 2023",60H,8.28,,
Dane,Nelson,John Tierney Classic,"Jan 21, 2023",60H,8.40,,
Dane,Nelson,Wisconsin Badgers Midwest Invite,"Jan 14, 2023",60H,8.35,,
Dane,Nelson,Wisconsin Badgers Midwest Invite,"Jan 14, 2023",60H,8.30,,
Dane,Nelson,Wisconsin Badgers Midwest Invite,"Jan 14, 2023",4x400,3:20.69,,
Dane,Nelson,Horizon League Outdoor Track & Field Championships,"May  6- 8, 2022",110H,14.45,(+0.0),
Dane,Nelson,Horizon League Outdoor Track & Field Championships,"May  6- 8, 2022",110H,14.63,(2.9),
Dane,Nelson,Horizon League Outdoor Track & Field Championships,"May  6- 8, 2022",400H,53.35,,
Dane,Nelson,Horizon League Outdoor Track & Field Championships,"May  6- 8, 2022",400H,56.56,,
Dane,Nelson,Horizon League Outdoor Track & Field Championships,"May  6- 8, 2022",4x400,3:16.87,,
Dane,Nelson,Valparaiso Beacan Invite,"Apr 30, 2022",110H,14.99,(1.0),
Dane,Nelson,Illini Invitational,"Apr 22-23, 2022",110H,14.57,(5.2),
Dane,Nelson,Illini Invitational,"Apr 22-23, 2022",400H,54.15,,
Dane,Nelson,2022 Warrior Invitational,"Apr 14, 2022",110H,14.73,(3.3),
Dane,Nelson,44 Farms Team Invitational,"Apr  8- 9, 2022",110H,14.64,(4.0),
Dane,Nelson,44 Farms Team Invitational,"Apr  8- 9, 2022",400H,54.55,,
Dane,Nelson,Redbird Invite,"Apr  1- 2, 2022",110H,14.50,(0.1),
Dane,Nelson,Redbird Invite,"Apr  1- 2, 2022",110H,14.86,(2.1),
Dane,Nelson,Redbird Invite,"Apr  1- 2, 2022",400H,54.81,,
Dane,Nelson,Horizon League Indoor Track & Field Championships,"Feb 26-27, 2022",400,50.03,,
Dane,Nelson,Horizon League Indoor Track & Field Championships,"Feb 26-27, 2022",60H,8.27,,
Dane,Nelson,Horizon League Indoor Track & Field Championships,"Feb 26-27, 2022",60H,8.25,,
Dane,Nelson,St. Valentines Open,"Feb 18, 2022",60H,8.19,,
Dane,Nelson,St. Valentines Open,"Feb 18, 2022",60H,8.23,,
Dane,Nelson,GVSU Big Meet-FRIDAY,"Feb 11, 2022",400,50.90,,
Dane,Nelson,GVSU Big Meet-FRIDAY,"Feb 11, 2022",60H,8.48,,
Dane,Nelson,Red Hawk Invite,"Feb  5, 2022",60H,8.41,,
Dane,Nelson,Red Hawk Invite,"Feb  5, 2022",60H,8.34,,
Dane,Nelson,Red Hawk Invite,"Feb  5, 2022",4x400,3:24.83,,
Dane,Nelson,Horizon League Outdoor Track & Field Championships,"May  7- 9, 2021",110H,15.20,(0.2),
Dane,Nelson,Horizon League Outdoor Track & Field Championships,"May  7- 9, 2021",400H,56.33,,
Dane,Nelson,Valpo Invitational,"May  1, 2021",110H,15.52,(1.2),
Dane,Nelson,Gibson Invitational sponsored by the Terre Haute CVB,"Apr 16-17, 2021",110H,15.05,(3.3),
Dane,Nelson,Gibson Invitational sponsored by the Terre Haute CVB,"Apr 16-17, 2021",110H,15.43,(-0.3),
Dane,Nelson,Gibson Invitational sponsored by the Terre Haute CVB,"Apr 16-17, 2021",400H,1:00.76,,
Dane,Nelson,Big Blue Classic,"Apr  9-10, 2021",110H,15.49,(2.3),
Dane,Nelson,Big Blue Classic,"Apr  9-10, 2021",400H,57.48,,
Dane,Nelson,Big Blue Classic,"Apr  9-10, 2021",4x400,3:35.50,,
Dane,Nelson,Illinois State Redbird Invitational,"Apr  2, 2021",110H,15.50,(2.2),
Dane,Nelson,Illinois State Redbird Invitational,"Apr  2, 2021",400H,57.59,,
Dane,Nelson,Horizon League Indoor Track & Field Championships,"Feb 26-Mar  1, 2021",60H,8.57,,
Dane,Nelson,Horizon League Indoor Track & Field Championships,"Feb 26-Mar  1, 2021",60H,8.56,,
Dane,Nelson,UW-Parkside Triangular,"Feb 19-20, 2021",55H,8.14,,
Dane,Nelson,Panther Tune-Up,"Feb 14, 2021",60H,8.64,,
Dane,Nelson,UW-Parkside Triangular,"Feb  5- 6, 2021",55H,8.14,,
Dane,Nelson,The Panther Invite,"Jan  9, 2021",4x400,3:36.24,,
Finnegan,Shields,2024 Horizon League Outdoor Track & Field Championship,"May  3- 5, 2024",SP,15.81m,,"51' 10.5"""
Finnegan,Shields,2024 Horizon League Outdoor Track & Field Championship,"May  3- 5, 2024",DT,44.36m,,"145' 6"""
Finnegan,Shields,2024 Horizon League Outdoor Track & Field Championship,"May  3- 5, 2024",HT,48.07m,,"157' 8"""
Finnegan,Shields,UW-Whitewater Drake Alternative,"Apr 25, 2024",SP,15.91m,,"52' 2.5"""
Finnegan,Shields,UW-Whitewater Drake Alternative,"Apr 25, 2024",DT,45.79m,,"150' 3"""
Finnegan,Shields,UW-Whitewater Drake Alternative,"Apr 25, 2024",HT,51.33m,,"168' 5"""
Finnegan,Shields,Gibson Invitational,"Apr 18-20, 2024",SP,15.31m,,"50' 2.75"""
Finnegan,Shields,Gibson Invitational,"Apr 18-20, 2024",DT,47.57m,,"156' 1"""
Finnegan,Shields,Gibson Invitational,"Apr 18-20, 2024",HT,49.49m,,"162' 4"""
Finnegan,Shields,Gary Wieneke Memorial,"Apr 13, 2024",SP,15.39m,,"50' 6"""
Finnegan,Shields,Gary Wieneke Memorial,"Apr 13, 2024",DT,47.52m,,"155' 11"""
Finnegan,Shields,Gary Wieneke Memorial,"Apr 13, 2024",HT,50.26m,,"164' 11"""
Finnegan,Shields,Golden Grizzly T&F Invite,"Apr  6, 2024",SP,14.75m,,"48' 4.75"""
Finnegan,Shields,Golden Grizzly T&F Invite,"Apr  6, 2024",DT,38.99m,,"127' 11"""
Finnegan,Shields,Golden Grizzly T&F Invite,"Apr  6, 2024",HT,43.96m,,"144' 3"""
Finnegan,Shields,Redbird Challenge,"Mar 29-30, 2024",SP,14.44m,,"47' 4.5"""
Finnegan,Shields,Redbird Challenge,"Mar 29-30, 2024",DT,45.47m,,"149' 2"""
Finnegan,Shields,Redbird Challenge,"Mar 29-30, 2024",HT,45.61m,,"149' 8"""
Finnegan,Shields,Horizon League Indoor Track & Field Championship,"Feb 24-25, 2024",SP,16.07m,,"52' 8.75"""
Finnegan,Shields,Horizon League Indoor Track & Field Championship,"Feb 24-25, 2024",WT,FOUL,,NM
Finnegan,Shields,PANTHER TUNE-UP,"Feb 17, 2024",SP,16.32m,,"53' 6.5"""
Finnegan,Shields,PANTHER TUNE-UP,"Feb 17, 2024",WT,15.58m,,"51' 1.5"""
Finnegan,Shields,Mark Guthrie Legacy Invite,"Feb  3, 2024",SP,14.49m,,"47' 6.5"""
Finnegan,Shields,Mark Guthrie Legacy Invite,"Feb  3, 2024",WT,15.67m,,"51' 5"""
Finnegan,Shields,Illini Challenge,"Jan 26-27, 2024",SP,15.71m,,"51' 6.5"""
Finnegan,Shields,Illini Challenge,"Jan 26-27, 2024",WT,14.48m,,"47' 6.25"""
Finnegan,Shields,Badgers Midwest Invite,"Jan 13, 2024",SP,15.04m,,"49' 4.25"""
Finnegan,Shields,Badgers Midwest Invite,"Jan 13, 2024",WT,15.69m,,"51' 5.75"""
Finnegan,Shields,Illini Open,"Jan  6, 2024",SP,14.76m,,"48' 5.25"""
Finnegan,Shields,Illini Open,"Jan  6, 2024",WT,14.81m,,"48' 7.25"""
Finnegan,Shields,Horizon League Championship,"May  5- 7, 2023",SP,14.05m,,"46' 1.25"""
Finnegan,Shields,Horizon League Championship,"May  5- 7, 2023",DT,43.35m,,"142' 3"""
Finnegan,Shields,Horizon League Championship,"May  5- 7, 2023",HT,48.86m,,"160' 4"""
Finnegan,Shields,UW-Whitewater Drake Alternative,"Apr 28, 2023",SP,12.55m,,"41' 2.25"""
Finnegan,Shields,UW-Whitewater Drake Alternative,"Apr 28, 2023",DT,46.45m,,"152' 5"""
Finnegan,Shields,UW-Whitewater Drake Alternative,"Apr 28, 2023",HT,46.28m,,"151' 10"""
Finnegan,Shields,Gary Wieneke Memorial,"Apr 21-22, 2023",SP,FOUL,,NM
Finnegan,Shields,Gary Wieneke Memorial,"Apr 21-22, 2023",DT,46.69m,,"153' 2"""
Finnegan,Shields,Gary Wieneke Memorial,"Apr 21-22, 2023",HT,FOUL,,NM
Finnegan,Shields,Gibson Invitational & Multis,"Apr 13-15, 2023",SP,14.85m,,"48' 8.75"""
Finnegan,Shields,Gibson Invitational & Multis,"Apr 13-15, 2023",DT,44.87m,,"147' 2"""
Finnegan,Shields,Gibson Invitational & Multis,"Apr 13-15, 2023",HT,FOUL,,NM
Finnegan,Shields,Fighting Illini Challenge,"Apr  8, 2023",SP,14.55m,,"47' 9"""
Finnegan,Shields,Fighting Illini Challenge,"Apr  8, 2023",DT,42.91m,,"140' 9"""
Finnegan,Shields,Fighting Illini Challenge,"Apr  8, 2023",HT,48.46m,,"159' 0"""
Finnegan,Shields,Warrior Invitational,"Apr  6, 2023",DT,46.15m,,"151' 5"""
Finnegan,Shields,Warrior Invitational,"Apr  6, 2023",HT,45.90m,,"150' 7"""
Finnegan,Shields,2023 Horizon League Indoor Track & Field Championship,"Feb 25-26, 2023",SP,13.93m,,"45' 8.5"""
Finnegan,Shields,2023 Horizon League Indoor Track & Field Championship,"Feb 25-26, 2023",WT,15.36m,,"50' 4.75"""
Finnegan,Shields,Panther Tune-Up,"Feb 18, 2023",SP,14.20m,,"46' 7.25"""
Finnegan,Shields,Panther Tune-Up,"Feb 18, 2023",WT,12.87m,,"42' 2.75"""
Finnegan,Shields,Mark Guthrie Legacy Invitational,"Feb  4, 2023",SP,FOUL,,NM
Finnegan,Shields,Mark Guthrie Legacy Invitational,"Feb  4, 2023",WT,14.60m,,"47' 11"""
Finnegan,Shields,Jack Johnson Classic,"Jan 27-28, 2023",SP,14.69m,,"48' 2.5"""
Finnegan,Shields,Jack Johnson Classic,"Jan 27-28, 2023",WT,14.95m,,"49' 0.75"""
Finnegan,Shields,John Tierney Classic,"Jan 21, 2023",SP,14.90m,,"48' 10.75"""
Finnegan,Shields,John Tierney Classic,"Jan 21, 2023",WT,14.86m,,"48' 9"""
Finnegan,Shields,Wisconsin Badgers Midwest Invite,"Jan 14, 2023",SP,14.58m,,"47' 10"""
Finnegan,Shields,Wisconsin Badgers Midwest Invite,"Jan 14, 2023",WT,14.46m,,"47' 5.25"""
Finnegan,Shields,2022 Blue Demon Holiday Invite,"Dec  9, 2022",SP,14.11m,,"46' 3.5"""
Finnegan,Shields,2022 Blue Demon Holiday Invite,"Dec  9, 2022",WT,14.02m,,"46' 0"""
Finnegan,Shields,Horizon League Outdoor Track & Field Championships,"May  6- 8, 2022",SP,15.00m,,"49' 2.5"""
Finnegan,Shields,Horizon League Outdoor Track & Field Championships,"May  6- 8, 2022",DT,44.45m,,"145' 10"""
Finnegan,Shields,Horizon League Outdoor Track & Field Championships,"May  6- 8, 2022",HT,44.04m,,"144' 6"""
Finnegan,Shields,Valparaiso Beacan Invite,"Apr 30, 2022",SP,14.45m,,"47' 5"""
Finnegan,Shields,Valparaiso Beacan Invite,"Apr 30, 2022",DT,42.47m,,"139' 4"""
Finnegan,Shields,Valparaiso Beacan Invite,"Apr 30, 2022",HT,FOUL,,NM
Finnegan,Shields,Illini Invitational,"Apr 22-23, 2022",SP,14.92m,,"48' 11.5"""
Finnegan,Shields,Illini Invitational,"Apr 22-23, 2022",DT,43.60m,,"143' 0"""
Finnegan,Shields,Illini Invitational,"Apr 22-23, 2022",HT,42.21m,,"138' 6"""
Finnegan,Shields,2022 Warrior Invitational,"Apr 14, 2022",DT,42.64m,,"139' 11"""
Finnegan,Shields,2022 Warrior Invitational,"Apr 14, 2022",HT,41.95m,,"137' 7"""
Finnegan,Shields,44 Farms Team Invitational,"Apr  8- 9, 2022",SP,15.21m,,"49' 11"""
Finnegan,Shields,44 Farms Team Invitational,"Apr  8- 9, 2022",DT,39.05m,,"128' 1"""
Finnegan,Shields,44 Farms Team Invitational,"Apr  8- 9, 2022",HT,42.53m,,"139' 6"""
Finnegan,Shields,Redbird Invite,"Apr  1- 2, 2022",SP,14.78m,,"48' 6"""
Finnegan,Shields,Redbird Invite,"Apr  1- 2, 2022",DT,41.94m,,"137' 7"""
Finnegan,Shields,Redbird Invite,"Apr  1- 2, 2022",HT,41.84m,,"137' 3"""
Finnegan,Shields,Horizon League Indoor Track & Field Championships,"Feb 26-27, 2022",SP,15.10m,,"49' 6.5"""
Finnegan,Shields,Horizon League Indoor Track & Field Championships,"Feb 26-27, 2022",WT,14.39m,,"47' 2.5"""
Finnegan,Shields,St. Valentines Open,"Feb 18, 2022",SP,14.86m,,"48' 9"""
Finnegan,Shields,St. Valentines Open,"Feb 18, 2022",WT,14.76m,,"48' 5.25"""
Finnegan,Shields,2022 Hoosier Hills,"Feb 11, 2022",SP,14.17m,,"46' 6"""
Finnegan,Shields,Red Hawk Invite,"Feb  5, 2022",SP,14.46m,,"47' 5.25"""
Finnegan,Shields,Red Hawk Invite,"Feb  5, 2022",WT,FOUL,,NM
Finnegan,Shields,John Tierney Classic,"Jan 29, 2022",SP,15.07m,,"49' 5.5"""
Finnegan,Shields,John Tierney Classic,"Jan 29, 2022",WT,14.40m,,"47' 3"""
Finnegan,Shields,John Gartland Invitational,"Jan 21-22, 2022",SP,14.29m,,"46' 10.75"""
Finnegan,Shields,John Gartland Invitational,"Jan 21-22, 2022",WT,14.23m,,"46' 8.25"""
Finnegan,Shields,Hawkeye Invite,"Jan 14-15, 2022",SP,14.16m,,"46' 5.5"""
Finnegan,Shields,Hawkeye Invite,"Jan 14-15, 2022",WT,13.80m,,"45' 3.5"""
Finnegan,Shields,Horizon League Outdoor Track & Field Championships,"May  7- 9, 2021",SP,14.83m,,"48' 8"""
Finnegan,Shields,Horizon League Outdoor Track & Field Championships,"May  7- 9, 2021",DT,45.99m,,"150' 11"""
Finnegan,Shields,Horizon League Outdoor Track & Field Championships,"May  7- 9, 2021",HT,FOUL,,NM
Finnegan,Shields,Valpo Invitational,"May  1, 2021",SP,14.17m,,"46' 6"""
Finnegan,Shields,Valpo Invitational,"May  1, 2021",DT,38.74m,,"127' 1"""
Finnegan,Shields,Valpo Invitational,"May  1, 2021",HT,34.44m,,"113' 0"""
Finnegan,Shields,2021 Green & White Invite,"Apr 24, 2021",SP,14.57m,,"47' 9.75"""
Finnegan,Shields,2021 Green & White Invite,"Apr 24, 2021",DT,45.61m,,"149' 8"""
Finnegan,Shields,2021 Green & White Invite,"Apr 24, 2021",HT,41.59m,,"136' 5"""
Finnegan,Shields,Gibson Invitational sponsored by the Terre Haute CVB,"Apr 16-17, 2021",SP,14.50m,,"47' 7"""
Finnegan,Shields,Gibson Invitational sponsored by the Terre Haute CVB,"Apr 16-17, 2021",DT,46.20m,,"151' 7"""
Finnegan,Shields,Gibson Invitational sponsored by the Terre Haute CVB,"Apr 16-17, 2021",HT,36.28m,,"119' 0"""
Finnegan,Shields,Big Blue Classic,"Apr  9-10, 2021",SP,12.91m,,"42' 4.25"""
Finnegan,Shields,Big Blue Classic,"Apr  9-10, 2021",DT,48.79m,,"160' 1"""
Finnegan,Shields,Big Blue Classic,"Apr  9-10, 2021",HT,37.81m,,"124' 0"""
Finnegan,Shields,Illinois State Redbird Invitational,"Apr  2, 2021",SP,12.90m,,"42' 4"""
Finnegan,Shields,Illinois State Redbird Invitational,"Apr  2, 2021",DT,46.07m,,"151' 2"""
Finnegan,Shields,Illinois State Redbird Invitational,"Apr  2, 2021",HT,37.30m,,"122' 4"""
Finnegan,Shields,Horizon League Indoor Track & Field Championships,"Feb 26-Mar  1, 2021",SP,13.64m,,"44' 9"""
Finnegan,Shields,Horizon League Indoor Track & Field Championships,"Feb 26-Mar  1, 2021",WT,15.55m,,"51' 0.25"""
Finnegan,Shields,UW-Parkside Triangular,"Feb 19-20, 2021",SP,14.47m,,"47' 5.75"""
Finnegan,Shields,UW-Parkside Triangular,"Feb 19-20, 2021",WT,14.05m,,"46' 1.25"""
Finnegan,Shields,Panther Tune-Up,"Feb 14, 2021",SP,14.28m,,"46' 10.25"""
Finnegan,Shields,Panther Tune-Up,"Feb 14, 2021",WT,14.34m,,"47' 0.75"""
Finnegan,Shields,UW-Parkside Triangular,"Feb  5- 6, 2021",SP,14.09m,,"46' 2.75"""
Finnegan,Shields,UW-Parkside Triangular,"Feb  5- 6, 2021",WT,13.55m,,"44' 5.5"""
Finnegan,Shields,John Tierney Classic,"Jan 23, 2021",SP,14.49m,,"47' 6.5"""
Finnegan,Shields,John Tierney Classic,"Jan 23, 2021",WT,13.00m,,"42' 8"""
Finnegan,Shields,The Panther Invite,"Jan  9, 2021",SP,13.29m,,"43' 7.25"""
Finnegan,Shields,The Panther Invite,"Jan  9, 2021",WT,13.92m,,"45' 8"""
Chandler,Ellis,2022 Green & White Invite,"Apr 23, 2022",400H,59.29,,
Chandler,Ellis,Marquette Invitational,"Apr 10, 2022",400H,59.01,,
Chandler,Ellis,Marquette Invitational,"Apr 10, 2022",4x400,3:37.99,,
Chandler,Ellis,Horizon League Indoor Track & Field Championships,"Feb 26-27, 2022",200,22.93,,
Chandler,Ellis,St. Valentines Open,"Feb 18, 2022",200,23.00,,
Chandler,Ellis,Red Hawk Invite,"Feb  5, 2022",400,53.36,,
Chandler,Ellis,John Tierney Classic,"Jan 29, 2022",400,53.20,,
Chandler,Ellis,Hawkeye Invite,"Jan 14-15, 2022",200,23.11,,
Chandler,Ellis,Valpo Invitational,"May  1, 2021",400H,1:00.22,,
Chandler,Ellis,2021 Warrior Invitational,"Apr 17, 2021",400H,58.64,,
Chandler,Ellis,Big Blue Classic,"Apr  9-10, 2021",200,DNS,(1.2),
Chandler,Ellis,Big Blue Classic,"Apr  9-10, 2021",400H,59.52,,
Chandler,Ellis,Big Blue Classic,"Apr  9-10, 2021",4x400,3:35.50,,
Chandler,Ellis,Illinois State Redbird Invitational,"Apr  2, 2021",400H,DNS,,
Chandler,Ellis,Illinois State Redbird Invitational,"Apr  2, 2021",4x400,DNF,,
Chandler,Ellis,UW-Parkside Triangular,"Feb 19-20, 2021",400,53.90,,
Chandler,Ellis,Panther Tune-Up,"Feb 14, 2021",60,7.46,,
Chandler,Ellis,Panther Tune-Up,"Feb 14, 2021",4x400,3:31.48,,
Chandler,Ellis,UW-Parkside Triangular,"Feb  5- 6, 2021",200,24.01,,
Chandler,Ellis,John Tierney Classic,"Jan 23, 2021",200,23.74,,
Chandler,Ellis,John Tierney Classic,"Jan 23, 2021",4x400,3:30.83,,
Nick,Hottinger,UW-Whitewater Drake Alternative,"Apr 28, 2023",110H,16.15,(+0.0),
Nick,Hottinger,Green & White Invite,"Apr 15, 2023",110H,15.52,(3.0),
Nick,Hottinger,Green & White Invite,"Apr 15, 2023",400H,58.30,,
Nick,Hottinger,Warrior Invitational,"Apr  6, 2023",110H,16.14,(-1.0),
Nick,Hottinger,Warrior Invitational,"Apr  6, 2023",400H,58.97,,
Nick,Hottinger,Panther Tune-Up,"Feb 18, 2023",200,24.76,,
Nick,Hottinger,Panther Tune-Up,"Feb 18, 2023",60H,9.10,,
Nick,Hottinger,John Tierney Classic,"Jan 21, 2023",200,24.35,,
Nick,Hottinger,John Tierney Classic,"Jan 21, 2023",60H,8.66,,
Nick,Hottinger,John Tierney Classic,"Jan 21, 2023",60H,8.61,,
Nick,Hottinger,Wisconsin Badgers Midwest Invite,"Jan 14, 2023",300,38.03,,
Nick,Hottinger,Wisconsin Badgers Midwest Invite,"Jan 14, 2023",60H,8.79,,
Nick,Hottinger,2022 Blue Demon Holiday Invite,"Dec  9, 2022",300,37.99,,
Nick,Hottinger,2022 Blue Demon Holiday Invite,"Dec  9, 2022",60H,10.16,,
Nick,Hottinger,2022 Blue Demon Holiday Invite,"Dec  9, 2022",4x400,DNF,,
Gracien,Jules,Fighting Illini Challenge,"Apr  8, 2023",DT,44.94m,,"147' 5"""
Gracien,Jules,Fighting Illini Challenge,"Apr  8, 2023",HT,53.22m,,"174' 7"""
Gracien,Jules,2023 Horizon League Indoor Track & Field Championship,"Feb 25-26, 2023",SP,16.56m,,"54' 4"""
Gracien,Jules,2023 Horizon League Indoor Track & Field Championship,"Feb 25-26, 2023",WT,16.01m,,"52' 6.5"""
Gracien,Jules,Panther Tune-Up,"Feb 18, 2023",SP,16.00m,,"52' 6"""
Gracien,Jules,Mark Guthrie Legacy Invitational,"Feb  4, 2023",SP,16.10m,,"52' 10"""
Gracien,Jules,Wisconsin Badgers Midwest Invite,"Jan 14, 2023",SP,16.70m,,"54' 9.5"""
Gracien,Jules,Wisconsin Badgers Midwest Invite,"Jan 14, 2023",WT,17.10m,,"56' 1.25"""
Gracien,Jules,2022 Blue Demon Holiday Invite,"Dec  9, 2022",WT,16.92m,,"55' 6.25"""
Gracien,Jules,Horizon League Outdoor Track & Field Championships,"May  6- 8, 2022",SP,15.26m,,"50' 0.75"""
Gracien,Jules,Horizon League Outdoor Track & Field Championships,"May  6- 8, 2022",DT,49.67m,,"162' 11"""
Gracien,Jules,Horizon League Outdoor Track & Field Championships,"May  6- 8, 2022",HT,52.04m,,"170' 9"""
Gracien,Jules,Valparaiso Beacan Invite,"Apr 30, 2022",SP,15.82m,,"51' 11"""
Gracien,Jules,Valparaiso Beacan Invite,"Apr 30, 2022",DT,50.47m,,"165' 7"""
Gracien,Jules,Valparaiso Beacan Invite,"Apr 30, 2022",HT,54.63m,,"179' 3"""
Gracien,Jules,Illini Invitational,"Apr 22-23, 2022",SP,17.56m,,"57' 7.5"""
Gracien,Jules,Illini Invitational,"Apr 22-23, 2022",DT,49.81m,,"163' 5"""
Gracien,Jules,Illini Invitational,"Apr 22-23, 2022",HT,56.12m,,"184' 1"""
Gracien,Jules,2022 Warrior Invitational,"Apr 14, 2022",DT,48.66m,,"159' 8"""
Gracien,Jules,2022 Warrior Invitational,"Apr 14, 2022",HT,50.96m,,"167' 2"""
Gracien,Jules,44 Farms Team Invitational,"Apr  8- 9, 2022",SP,16.91m,,"55' 5.75"""
Gracien,Jules,44 Farms Team Invitational,"Apr  8- 9, 2022",DT,53.21m,,"174' 7"""
Gracien,Jules,44 Farms Team Invitational,"Apr  8- 9, 2022",HT,55.13m,,"180' 10"""
Gracien,Jules,Redbird Invite,"Apr  1- 2, 2022",SP,16.82m,,"55' 2.25"""
Gracien,Jules,Redbird Invite,"Apr  1- 2, 2022",DT,48.84m,,"160' 3"""
Gracien,Jules,Redbird Invite,"Apr  1- 2, 2022",HT,54.14m,,"177' 7"""
Gracien,Jules,Horizon League Indoor Track & Field Championships,"Feb 26-27, 2022",SP,17.60m,,"57' 9"""
Gracien,Jules,Horizon League Indoor Track & Field Championships,"Feb 26-27, 2022",WT,17.14m,,"56' 3"""
Gracien,Jules,St. Valentines Open,"Feb 18, 2022",SP,16.56m,,"54' 4"""
Gracien,Jules,St. Valentines Open,"Feb 18, 2022",WT,17.20m,,"56' 5.25"""
Gracien,Jules,2022 Hoosier Hills,"Feb 11, 2022",SP,17.12m,,"56' 2"""
Gracien,Jules,2022 Hoosier Hills,"Feb 11, 2022",WT,17.20m,,"56' 5.25"""
Gracien,Jules,Red Hawk Invite,"Feb  5, 2022",SP,17.12m,,"56' 2"""
Gracien,Jules,Red Hawk Invite,"Feb  5, 2022",WT,16.95m,,"55' 7.5"""
Gracien,Jules,John Tierney Classic,"Jan 29, 2022",SP,17.35m,,"56' 11.25"""
Gracien,Jules,John Tierney Classic,"Jan 29, 2022",WT,16.63m,,"54' 6.75"""
Gracien,Jules,John Gartland Invitational,"Jan 21-22, 2022",SP,17.46m,,"57' 3.5"""
Gracien,Jules,John Gartland Invitational,"Jan 21-22, 2022",WT,15.83m,,"51' 11.25"""
Gracien,Jules,Hawkeye Invite,"Jan 14-15, 2022",SP,16.91m,,"55' 5.75"""
Gracien,Jules,Horizon League Outdoor Track & Field Championships,"May  7- 9, 2021",SP,15.80m,,"51' 10"""
Gracien,Jules,Horizon League Outdoor Track & Field Championships,"May  7- 9, 2021",DT,47.91m,,"157' 2"""
Gracien,Jules,Horizon League Outdoor Track & Field Championships,"May  7- 9, 2021",HT,50.12m,,"164' 5"""
Gracien,Jules,Valpo Invitational,"May  1, 2021",SP,16.50m,,"54' 1.75"""
Gracien,Jules,Valpo Invitational,"May  1, 2021",DT,FOUL,,NM
Gracien,Jules,Valpo Invitational,"May  1, 2021",HT,48.66m,,"159' 8"""
Gracien,Jules,2021 Green & White Invite,"Apr 24, 2021",SP,16.26m,,"53' 4.25"""
Gracien,Jules,2021 Green & White Invite,"Apr 24, 2021",DT,46.93m,,"154' 0"""
Gracien,Jules,2021 Green & White Invite,"Apr 24, 2021",HT,47.75m,,"156' 8"""
Gracien,Jules,Horizon League Indoor Track & Field Championships,"Feb 26-Mar  1, 2021",SP,16.23m,,"53' 3"""
Gracien,Jules,Horizon League Indoor Track & Field Championships,"Feb 26-Mar  1, 2021",WT,16.75m,,"54' 11.5"""
Gracien,Jules,Panther Tune-Up,"Feb 14, 2021",SP,16.28m,,"53' 5"""
Gracien,Jules,Panther Tune-Up,"Feb 14, 2021",WT,17.26m,,"56' 7.5"""
Gracien,Jules,UW-Parkside Triangular,"Feb  5- 6, 2021",SP,16.55m,,"54' 3.75"""
Gracien,Jules,UW-Parkside Triangular,"Feb  5- 6, 2021",WT,17.43m,,"57' 2.25"""
Gracien,Jules,John Tierney Classic,"Jan 23, 2021",SP,16.01m,,"52' 6.5"""
Gracien,Jules,Horizon League Indoor Track & Field Championships,"Feb 29-Mar  1, 2020",SP,15.96m,,"52' 4.5"""
Gracien,Jules,Horizon League Indoor Track & Field Championships,"Feb 29-Mar  1, 2020",WT,15.98m,,"52' 5.25"""
Gracien,Jules,Panther Tune-Up,"Feb 22, 2020",SP,16.04m,,"52' 7.5"""
Gracien,Jules,Panther Tune-Up,"Feb 22, 2020",WT,14.53m,,"47' 8"""
Gracien,Jules,GVSU Big Meet (Saturday),"Feb 15, 2020",SP,15.92m,,"52' 2.75"""
Gracien,Jules,GVSU Big Meet (Saturday),"Feb 15, 2020",WT,13.82m,,"45' 4.25"""
Gracien,Jules,2020 Meyo Invitational,"Feb  7- 8, 2020",SP,15.47m,,"50' 9.25"""
Gracien,Jules,Illini Invitational,"Jan 24-25, 2020",SP,14.39m,,"47' 2.5"""
Gracien,Jules,John Tierney Classic,"Jan 18, 2020",SP,15.08m,,"49' 5.75"""
Gracien,Jules,Gene Edmonds Memorial,"Jan 10-11, 2020",SP,14.90m,,"48' 10.75"""
Gracien,Jules,Gene Edmonds Memorial,"Jan 10-11, 2020",WT,14.17m,,"46' 6"""
Caleb,Rogalski,Eagle Open,"May 12, 2023",DT,44.73m,,"146' 9"""
Caleb,Rogalski,Horizon League Championship,"May  5- 7, 2023",SP,15.68m,,"51' 5.5"""
Caleb,Rogalski,Horizon League Championship,"May  5- 7, 2023",DT,52.90m,,"173' 7"""
Caleb,Rogalski,Horizon League Championship,"May  5- 7, 2023",HT,56.47m,,"185' 3"""
Caleb,Rogalski,UW-Whitewater Drake Alternative,"Apr 28, 2023",SP,17.02m,,"55' 10.25"""
Caleb,Rogalski,UW-Whitewater Drake Alternative,"Apr 28, 2023",DT,52.49m,,"172' 2"""
Caleb,Rogalski,UW-Whitewater Drake Alternative,"Apr 28, 2023",HT,54.59m,,"179' 1"""
Caleb,Rogalski,Gary Wieneke Memorial,"Apr 21-22, 2023",SP,15.97m,,"52' 4.75"""
Caleb,Rogalski,Gary Wieneke Memorial,"Apr 21-22, 2023",DT,48.39m,,"158' 9"""
Caleb,Rogalski,Gary Wieneke Memorial,"Apr 21-22, 2023",HT,55.25m,,"181' 3"""
Caleb,Rogalski,Gibson Invitational & Multis,"Apr 13-15, 2023",SP,16.23m,,"53' 3"""
Caleb,Rogalski,Gibson Invitational & Multis,"Apr 13-15, 2023",DT,52.89m,,"173' 6"""
Caleb,Rogalski,Gibson Invitational & Multis,"Apr 13-15, 2023",HT,54.91m,,"180' 2"""
Caleb,Rogalski,Fighting Illini Challenge,"Apr  8, 2023",DT,51.35m,,"168' 6"""
Caleb,Rogalski,Fighting Illini Challenge,"Apr  8, 2023",HT,55.95m,,"183' 7"""
Caleb,Rogalski,2023 Horizon League Indoor Track & Field Championship,"Feb 25-26, 2023",SP,16.76m,,"55' 0"""
Caleb,Rogalski,2023 Horizon League Indoor Track & Field Championship,"Feb 25-26, 2023",WT,19.22m,,"63' 0.75"""
Caleb,Rogalski,Panther Tune-Up,"Feb 18, 2023",SP,16.14m,,"52' 11.5"""
Caleb,Rogalski,Panther Tune-Up,"Feb 18, 2023",WT,17.62m,,"57' 9.75"""
Caleb,Rogalski,Mark Guthrie Legacy Invitational,"Feb  4, 2023",SP,16.44m,,"53' 11.25"""
Caleb,Rogalski,Mark Guthrie Legacy Invitational,"Feb  4, 2023",WT,18.14m,,"59' 6.25"""
Caleb,Rogalski,Jack Johnson Classic,"Jan 27-28, 2023",SP,16.48m,,"54' 1"""
Caleb,Rogalski,Jack Johnson Classic,"Jan 27-28, 2023",WT,17.65m,,"57' 11"""
Caleb,Rogalski,John Tierney Classic,"Jan 21, 2023",SP,17.03m,,"55' 10.5"""
Caleb,Rogalski,John Tierney Classic,"Jan 21, 2023",WT,18.29m,,"60' 0.25"""
Caleb,Rogalski,Wisconsin Badgers Midwest Invite,"Jan 14, 2023",SP,15.68m,,"51' 5.5"""
Caleb,Rogalski,Wisconsin Badgers Midwest Invite,"Jan 14, 2023",WT,17.76m,,"58' 3.25"""
Caleb,Rogalski,2022 Blue Demon Holiday Invite,"Dec  9, 2022",WT,17.51m,,"57' 5.5"""
Caleb,Rogalski,Horizon League Outdoor Track & Field Championships,"May  6- 8, 2022",SP,16.89m,,"55' 5"""
Caleb,Rogalski,Horizon League Outdoor Track & Field Championships,"May  6- 8, 2022",DT,50.30m,,"165' 0"""
Caleb,Rogalski,Horizon League Outdoor Track & Field Championships,"May  6- 8, 2022",HT,56.28m,,"184' 8"""
Caleb,Rogalski,Valparaiso Beacan Invite,"Apr 30, 2022",SP,15.36m,,"50' 4.75"""
Caleb,Rogalski,Valparaiso Beacan Invite,"Apr 30, 2022",DT,42.81m,,"140' 5"""
Caleb,Rogalski,Valparaiso Beacan Invite,"Apr 30, 2022",HT,53.75m,,"176' 4"""
Caleb,Rogalski,Illini Invitational,"Apr 22-23, 2022",SP,15.62m,,"51' 3"""
Caleb,Rogalski,Illini Invitational,"Apr 22-23, 2022",DT,45.98m,,"150' 10"""
Caleb,Rogalski,Illini Invitational,"Apr 22-23, 2022",HT,55.00m,,"180' 5"""
Caleb,Rogalski,2022 Warrior Invitational,"Apr 14, 2022",DT,48.04m,,"157' 7"""
Caleb,Rogalski,2022 Warrior Invitational,"Apr 14, 2022",HT,53.85m,,"176' 8"""
Caleb,Rogalski,44 Farms Team Invitational,"Apr  8- 9, 2022",SP,14.36m,,"47' 1.5"""
Caleb,Rogalski,44 Farms Team Invitational,"Apr  8- 9, 2022",DT,48.06m,,"157' 8"""
Caleb,Rogalski,44 Farms Team Invitational,"Apr  8- 9, 2022",HT,50.89m,,"166' 11"""
Caleb,Rogalski,Redbird Invite,"Apr  1- 2, 2022",DT,46.73m,,"153' 4"""
Caleb,Rogalski,Redbird Invite,"Apr  1- 2, 2022",HT,50.96m,,"167' 2"""
Caleb,Rogalski,Horizon League Indoor Track & Field Championships,"Feb 26-27, 2022",SP,16.36m,,"53' 8.25"""
Caleb,Rogalski,Horizon League Indoor Track & Field Championships,"Feb 26-27, 2022",WT,18.05m,,"59' 2.75"""
Caleb,Rogalski,St. Valentines Open,"Feb 18, 2022",SP,16.82m,,"55' 2.25"""
Caleb,Rogalski,St. Valentines Open,"Feb 18, 2022",WT,FOUL,,NM
Caleb,Rogalski,2022 Hoosier Hills,"Feb 11, 2022",SP,14.61m,,"47' 11.25"""
Caleb,Rogalski,2022 Hoosier Hills,"Feb 11, 2022",WT,18.16m,,"59' 7"""
Caleb,Rogalski,Red Hawk Invite,"Feb  5, 2022",SP,16.39m,,"53' 9.25"""
Caleb,Rogalski,Red Hawk Invite,"Feb  5, 2022",WT,17.58m,,"57' 8.25"""
Caleb,Rogalski,John Tierney Classic,"Jan 29, 2022",SP,15.39m,,"50' 6"""
Caleb,Rogalski,John Tierney Classic,"Jan 29, 2022",WT,18.03m,,"59' 2"""
Caleb,Rogalski,John Gartland Invitational,"Jan 21-22, 2022",SP,17.07m,,"56' 0"""
Caleb,Rogalski,John Gartland Invitational,"Jan 21-22, 2022",WT,17.63m,,"57' 10.25"""
Caleb,Rogalski,Horizon League Outdoor Track & Field Championships,"May  7- 9, 2021",SP,15.11m,,"49' 7"""
Caleb,Rogalski,Horizon League Outdoor Track & Field Championships,"May  7- 9, 2021",DT,45.61m,,"149' 8"""
Caleb,Rogalski,Horizon League Outdoor Track & Field Championships,"May  7- 9, 2021",HT,55.11m,,"180' 10"""
Caleb,Rogalski,Valpo Invitational,"May  1, 2021",SP,15.61m,,"51' 2.75"""
Caleb,Rogalski,Valpo Invitational,"May  1, 2021",DT,45.96m,,"150' 9"""
Caleb,Rogalski,Valpo Invitational,"May  1, 2021",HT,51.23m,,"168' 1"""
Caleb,Rogalski,2021 Green & White Invite,"Apr 24, 2021",SP,15.26m,,"50' 0.75"""
Caleb,Rogalski,2021 Green & White Invite,"Apr 24, 2021",DT,49.99m,,"164' 0"""
Caleb,Rogalski,2021 Green & White Invite,"Apr 24, 2021",HT,52.47m,,"172' 2"""
Caleb,Rogalski,Gibson Invitational sponsored by the Terre Haute CVB,"Apr 16-17, 2021",SP,14.53m,,"47' 8"""
Caleb,Rogalski,Gibson Invitational sponsored by the Terre Haute CVB,"Apr 16-17, 2021",DT,49.46m,,"162' 3"""
Caleb,Rogalski,Gibson Invitational sponsored by the Terre Haute CVB,"Apr 16-17, 2021",HT,48.91m,,"160' 5"""
Caleb,Rogalski,Big Blue Classic,"Apr  9-10, 2021",SP,14.26m,,"46' 9.5"""
Caleb,Rogalski,Big Blue Classic,"Apr  9-10, 2021",DT,53.25m,,"174' 8"""
Caleb,Rogalski,Big Blue Classic,"Apr  9-10, 2021",HT,53.91m,,"176' 10"""
Caleb,Rogalski,Illinois State Redbird Invitational,"Apr  2, 2021",SP,14.67m,,"48' 1.75"""
Caleb,Rogalski,Illinois State Redbird Invitational,"Apr  2, 2021",DT,50.45m,,"165' 6"""
Caleb,Rogalski,Illinois State Redbird Invitational,"Apr  2, 2021",HT,54.21m,,"177' 10"""
Caleb,Rogalski,Horizon League Indoor Track & Field Championships,"Feb 26-Mar  1, 2021",SP,16.08m,,"52' 9.25"""
Caleb,Rogalski,Horizon League Indoor Track & Field Championships,"Feb 26-Mar  1, 2021",WT,17.40m,,"57' 1"""
Caleb,Rogalski,Panther Tune-Up,"Feb 14, 2021",SP,15.24m,,"50' 0"""
Caleb,Rogalski,Panther Tune-Up,"Feb 14, 2021",WT,17.07m,,"56' 0"""
Caleb,Rogalski,UW-Parkside Triangular,"Feb  5- 6, 2021",SP,15.92m,,"52' 2.75"""
Caleb,Rogalski,UW-Parkside Triangular,"Feb  5- 6, 2021",WT,16.91m,,"55' 5.75"""
Caleb,Rogalski,John Tierney Classic,"Jan 23, 2021",SP,16.17m,,"53' 0.75"""
Caleb,Rogalski,John Tierney Classic,"Jan 23, 2021",WT,17.38m,,"57' 0.25"""
Caleb,Rogalski,The Panther Invite,"Jan  9, 2021",SP,16.74m,,"54' 11.25"""
Caleb,Rogalski,The Panther Invite,"Jan  9, 2021",WT,18.26m,,"59' 11"""
Caleb,Rogalski,Horizon League Indoor Track & Field Championships,"Feb 29-Mar  1, 2020",SP,16.57m,,"54' 4.5"""
Caleb,Rogalski,Horizon League Indoor Track & Field Championships,"Feb 29-Mar  1, 2020",WT,17.22m,,"56' 6"""
Caleb,Rogalski,Panther Tune-Up,"Feb 22, 2020",SP,16.02m,,"52' 6.75"""
Caleb,Rogalski,Panther Tune-Up,"Feb 22, 2020",WT,16.41m,,"53' 10.25"""
Caleb,Rogalski,GVSU Big Meet (Saturday),"Feb 15, 2020",SP,FOUL,,NM
Caleb,Rogalski,GVSU Big Meet (Saturday),"Feb 15, 2020",WT,15.79m,,"51' 9.75"""
Caleb,Rogalski,2020 Meyo Invitational,"Feb  7- 8, 2020",SP,16.07m,,"52' 8.75"""
Caleb,Rogalski,2020 Meyo Invitational,"Feb  7- 8, 2020",WT,17.01m,,"55' 9.75"""
Caleb,Rogalski,Illini Invitational,"Jan 24-25, 2020",SP,FOUL,,NM
Caleb,Rogalski,Illini Invitational,"Jan 24-25, 2020",WT,16.03m,,"52' 7.25"""
Caleb,Rogalski,John Tierney Classic,"Jan 18, 2020",SP,15.50m,,"50' 10.25"""
Caleb,Rogalski,John Tierney Classic,"Jan 18, 2020",WT,16.61m,,"54' 6"""
Caleb,Rogalski,Gene Edmonds Memorial,"Jan 10-11, 2020",SP,14.68m,,"48' 2"""
Caleb,Rogalski,Gene Edmonds Memorial,"Jan 10-11, 2020",WT,15.77m,,"51' 9"""
Caleb,Rogalski,Horizon League Outdoor Track & Field Championships,"May  3- 5, 2019",SP,14.14m,,"46' 4.75"""
Caleb,Rogalski,Horizon League Outdoor Track & Field Championships,"May  3- 5, 2019",DT,44.45m,,"145' 10"""
Caleb,Rogalski,Horizon League Outdoor Track & Field Championships,"May  3- 5, 2019",HT,35.52m,,"116' 6"""
Caleb,Rogalski,Marquette Mid-Week Challenge,"Apr 24, 2019",SP,13.28m,,"43' 7"""
Caleb,Rogalski,Marquette Mid-Week Challenge,"Apr 24, 2019",DT,46.48m,,"152' 6"""
Caleb,Rogalski,Marquette Mid-Week Challenge,"Apr 24, 2019",HT,43.76m,,"143' 7"""
Caleb,Rogalski,Illinois Twilight,"Apr 13, 2019",SP,13.33m,,"43' 9"""
Caleb,Rogalski,Illinois Twilight,"Apr 13, 2019",DT,FOUL,,NM
Caleb,Rogalski,Illinois Twilight,"Apr 13, 2019",HT,35.94m,,"117' 11"""
Caleb,Rogalski,Jack Shaw Classic,"Apr  5, 2019",SP,13.73m,,"45' 0.5"""
Caleb,Rogalski,Jack Shaw Classic,"Apr  5, 2019",DT,45.74m,,"150' 1"""
Caleb,Rogalski,Jack Shaw Classic,"Apr  5, 2019",HT,40.03m,,"131' 4"""
Caleb,Rogalski,Horizon League Indoor Track & Field Championships,"Feb 23-24, 2019",SP,14.51m,,"47' 7.25"""
Caleb,Rogalski,Horizon League Indoor Track & Field Championships,"Feb 23-24, 2019",WT,14.98m,,"49' 1.75"""
Caleb,Rogalski,Panther TuneUp,"Feb 16, 2019",SP,12.83m,,"42' 1.25"""
Caleb,Rogalski,Panther TuneUp,"Feb 16, 2019",WT,14.39m,,"47' 2.5"""
Caleb,Rogalski,GVSU Big Meet (Saturday),"Feb  9, 2019",SP,FOUL,,NM
Caleb,Rogalski,GVSU Big Meet (Saturday),"Feb  9, 2019",WT,14.73m,,"48' 4"""
Caleb,Rogalski,2019 Meyo Invitational,"Feb  1- 2, 2019",SP,13.67m,,"44' 10.25"""
Caleb,Rogalski,2019 Meyo Invitational,"Feb  1- 2, 2019",WT,12.57m,,"41' 3"""
Caleb,Rogalski,2019 Illini Invitational,"Jan 25-26, 2019",SP,12.43m,,"40' 9.5"""
Caleb,Rogalski,2019 Illini Invitational,"Jan 25-26, 2019",WT,13.88m,,"45' 6.5"""
Caleb,Rogalski,John Tierney Classic,"Jan 19, 2019",SP,13.28m,,"43' 7"""
Caleb,Rogalski,John Tierney Classic,"Jan 19, 2019",WT,15.39m,,"50' 6"""
Dylan,Sieloff,Eagle Open,"May 12, 2023",PV,4.91m,,"16' 1.25"""
Dylan,Sieloff,Horizon League Championship,"May  5- 7, 2023",PV,4.80m,,"15' 9"""
Dylan,Sieloff,Clark Wood Open 2023,"Apr 28-29, 2023",PV,4.78m,,"15' 8.25"""
Dylan,Sieloff,Gary Wieneke Memorial,"Apr 21-22, 2023",PV,NH,,NH
Dylan,Sieloff,Gibson Invitational & Multis,"Apr 13-15, 2023",PV,4.91m,,"16' 1.25"""
Dylan,Sieloff,Fighting Illini Challenge,"Apr  8, 2023",PV,4.60m,,"15' 1"""
Dylan,Sieloff,2023 Horizon League Indoor Track & Field Championship,"Feb 25-26, 2023",PV,4.96m,,"16' 3.25"""
Dylan,Sieloff,Panther Tune-Up,"Feb 18, 2023",PV,4.75m,,"15' 7"""
Dylan,Sieloff,Mark Guthrie Legacy Invitational,"Feb  4, 2023",PV,4.73m,,"15' 6.25"""
Dylan,Sieloff,Jack Johnson Classic,"Jan 27-28, 2023",PV,4.78m,,"15' 8.25"""
Dylan,Sieloff,John Tierney Classic,"Jan 21, 2023",PV,4.80m,,"15' 9"""
Dylan,Sieloff,Wisconsin Badgers Midwest Invite,"Jan 14, 2023",PV,4.77m,,"15' 7.75"""
Dylan,Sieloff,Horizon League Outdoor Track & Field Championships,"May  6- 8, 2022",PV,4.25m,,"13' 11.25"""
Dylan,Sieloff,Valparaiso Beacan Invite,"Apr 30, 2022",PV,4.45m,,"14' 7.25"""
Dylan,Sieloff,Illini Invitational,"Apr 22-23, 2022",PV,NH,,NH
Dylan,Sieloff,44 Farms Team Invitational,"Apr  8- 9, 2022",PV,4.32m,,"14' 2"""
Dylan,Sieloff,Redbird Invite,"Apr  1- 2, 2022",PV,NH,,NH
Dylan,Sieloff,Horizon League Indoor Track & Field Championships,"Feb 26-27, 2022",PV,4.60m,,"15' 1"""
Dylan,Sieloff,St. Valentines Open,"Feb 18, 2022",PV,NH,,NH
Dylan,Sieloff,Red Hawk Invite,"Feb  5, 2022",PV,4.55m,,"14' 11"""
Dylan,Sieloff,John Tierney Classic,"Jan 29, 2022",PV,4.50m,,"14' 9"""
Dylan,Sieloff,John Gartland Invitational,"Jan 21-22, 2022",PV,4.61m,,"15' 1.5"""
Dylan,Sieloff,Hawkeye Invite,"Jan 14-15, 2022",PV,4.75m,,"15' 7"""
Dylan,Sieloff,2021 Green & White Invite,"Apr 24, 2021",PV,NH,,NH
Dylan,Sieloff,2021 Green & White Invite,"Apr 24, 2021",LJ,6.37m,(+0.0),"20' 10.75"""
Dylan,Sieloff,2021 Green & White Invite,"Apr 24, 2021",TJ,12.68m,(1.9),"41' 7.25"""
Dylan,Sieloff,Horizon League Indoor Track & Field Championships,"Feb 26-Mar  1, 2021",PV,4.40m,,"14' 5.25"""
Dylan,Sieloff,Horizon League Indoor Track & Field Championships,"Feb 26-Mar  1, 2021",TJ,12.71m,,"41' 8.5"""
Dylan,Sieloff,UW-Parkside Triangular,"Feb 19-20, 2021",PV,4.27m,,"14' 0"""
Dylan,Sieloff,Panther Tune-Up,"Feb 14, 2021",PV,4.50m,,"14' 9"""
Dylan,Sieloff,UW-Parkside Triangular,"Feb  5- 6, 2021",PV,4.47m,,"14' 8"""
Dylan,Sieloff,John Tierney Classic,"Jan 23, 2021",PV,NH,,NH
Lucas,Thibert,Panther Tune-Up,"Feb 18, 2023",PV,NH,,NH
Edgardo,Valdes Gonzalez,Horizon League Championship,"May  5- 7, 2023",800,DQ,,
Edgardo,Valdes Gonzalez,Horizon League Championship,"May  5- 7, 2023",800,1:53.81,,
Edgardo,Valdes Gonzalez,Clark Wood Open 2023,"Apr 28-29, 2023",800,1:56.23,,
Edgardo,Valdes Gonzalez,Clark Wood Open 2023,"Apr 28-29, 2023",4x400,3:23.45,,
Edgardo,Valdes Gonzalez,Marquette Invitational,"Apr 22, 2023",800,1:55.82,,
Edgardo,Valdes Gonzalez,Fighting Illini Challenge,"Apr  8, 2023",800,1:55.44,,
Edgardo,Valdes Gonzalez,Fighting Illini Challenge,"Apr  8, 2023",4x400,3:29.95,,
Edgardo,Valdes Gonzalez,Mark Guthrie Legacy Invitational,"Feb  4, 2023",4x400,DNF,,
Edgardo,Valdes Gonzalez,John Tierney Classic,"Jan 21, 2023",400,51.64,,
Edgardo,Valdes Gonzalez,Wisconsin Badgers Midwest Invite,"Jan 14, 2023",600,1:22.99,,
Edgardo,Valdes Gonzalez,NIU Huskie Classic,"Sep  6, 2019",8k,DNF,,
Austin,Wallace,NCAA West Preliminary Round,"May 24-27, 2023",LJ,7.30m,(1.1),"23' 11.5"""
Austin,Wallace,Horizon League Championship,"May  5- 7, 2023",LJ,7.60m,(1.8),"24' 11.25"""
Austin,Wallace,Horizon League Championship,"May  5- 7, 2023",Dec,7509,,
Austin,Wallace,Horizon League Championship,"May  5- 7, 2023",100,10.97,(0.8),
Austin,Wallace,Horizon League Championship,"May  5- 7, 2023",LJ,7.33m,(+0.0),"24' 0.75"""
Austin,Wallace,Horizon League Championship,"May  5- 7, 2023",SP,14.25m,,"46' 9"""
Austin,Wallace,Horizon League Championship,"May  5- 7, 2023",HJ,2.00m,,"6' 6.75"""
Austin,Wallace,Horizon League Championship,"May  5- 7, 2023",400,50.91,,
Austin,Wallace,Horizon League Championship,"May  5- 7, 2023",110H,14.72,(-1.4),
Austin,Wallace,Horizon League Championship,"May  5- 7, 2023",DT,40.96m,,"134' 4"""
Austin,Wallace,Horizon League Championship,"May  5- 7, 2023",PV,4.30m,,"14' 1.25"""
Austin,Wallace,Horizon League Championship,"May  5- 7, 2023",JT,49.20m,,"161' 5"""
Austin,Wallace,Horizon League Championship,"May  5- 7, 2023",1500,4:56.11,,
Austin,Wallace,Marquette Invitational,"Apr 22, 2023",LJ,3.80m,(+0.0),"12' 5.75"""
Austin,Wallace,Marquette Invitational,"Apr 22, 2023",DT,41.24m,,"135' 4"""
Austin,Wallace,Warrior Invitational,"Apr  6, 2023",SP,13.52m,,"44' 4.25"""
Austin,Wallace,Warrior Invitational,"Apr  6, 2023",DT,40.07m,,"131' 5"""
Austin,Wallace,Warrior Invitational,"Apr  6, 2023",JT,50.10m,,"164' 4"""
Austin,Wallace,2023 Horizon League Indoor Track & Field Championship,"Feb 25-26, 2023",LJ,7.52m,,"24' 8.25"""
Austin,Wallace,Panther Tune-Up,"Feb 18, 2023",LJ,7.80m,,"25' 7.25"""
Austin,Wallace,GVSU Big Meet (Friday),"Feb 10, 2023",60H,7.96,,
Austin,Wallace,GVSU Big Meet (Friday),"Feb 10, 2023",60H,8.12,,
Austin,Wallace,Mark Guthrie Legacy Invitational,"Feb  4, 2023",LJ,7.57m,,"24' 10"""
Austin,Wallace,Jack Johnson Classic,"Jan 27-28, 2023",Hep,5736,,
Austin,Wallace,Jack Johnson Classic,"Jan 27-28, 2023",60,7.02,,
Austin,Wallace,Jack Johnson Classic,"Jan 27-28, 2023",LJ,7.46m,,"24' 5.75"""
Austin,Wallace,Jack Johnson Classic,"Jan 27-28, 2023",SP,14.10m,,"46' 3.25"""
Austin,Wallace,Jack Johnson Classic,"Jan 27-28, 2023",HJ,1.92m,,"6' 3.5"""
Austin,Wallace,Jack Johnson Classic,"Jan 27-28, 2023",60H,8.08,,
Austin,Wallace,Jack Johnson Classic,"Jan 27-28, 2023",PV,4.40m,,"14' 5.25"""
Austin,Wallace,Jack Johnson Classic,"Jan 27-28, 2023",1000,2:48.82,,
Austin,Wallace,John Tierney Classic,"Jan 21, 2023",60H,8.03,,
Austin,Wallace,John Tierney Classic,"Jan 21, 2023",60H,8.18,,
Austin,Wallace,John Tierney Classic,"Jan 21, 2023",PV,NH,,NH
Austin,Wallace,John Tierney Classic,"Jan 21, 2023",SP,13.83m,,"45' 4.5"""
Austin,Wallace,Wisconsin Badgers Midwest Invite,"Jan 14, 2023",LJ,7.60m,,"24' 11.25"""
Austin,Wallace,Illini Invitational,"Apr 22-23, 2022",LJ,7.59m,(5.8),"24' 11"""
Austin,Wallace,44 Farms Team Invitational,"Apr  8- 9, 2022",Dec,7355,,
Austin,Wallace,44 Farms Team Invitational,"Apr  8- 9, 2022",100,10.69,(4.2),
Austin,Wallace,44 Farms Team Invitational,"Apr  8- 9, 2022",LJ,7.74m,(5.5),"25' 4.75"""
Austin,Wallace,44 Farms Team Invitational,"Apr  8- 9, 2022",SP,13.25m,,"43' 5.75"""
Austin,Wallace,44 Farms Team Invitational,"Apr  8- 9, 2022",HJ,1.87m,,"6' 1.5"""
Austin,Wallace,44 Farms Team Invitational,"Apr  8- 9, 2022",400,51.45,,
Austin,Wallace,44 Farms Team Invitational,"Apr  8- 9, 2022",110H,14.38,(-1.4),
Austin,Wallace,44 Farms Team Invitational,"Apr  8- 9, 2022",DT,35.39m,,"116' 1"""
Austin,Wallace,44 Farms Team Invitational,"Apr  8- 9, 2022",PV,4.10m,,"13' 5.25"""
Austin,Wallace,44 Farms Team Invitational,"Apr  8- 9, 2022",JT,53.70m,,"176' 2"""
Austin,Wallace,44 Farms Team Invitational,"Apr  8- 9, 2022",1500,5:06.37,,
Austin,Wallace,Horizon League Indoor Track & Field Championships,"Feb 26-27, 2022",60H,8.09,,
Austin,Wallace,Horizon League Indoor Track & Field Championships,"Feb 26-27, 2022",60H,8.16,,
Austin,Wallace,Horizon League Indoor Track & Field Championships,"Feb 26-27, 2022",PV,NH,,NH
Austin,Wallace,Horizon League Indoor Track & Field Championships,"Feb 26-27, 2022",LJ,7.81m,,"25' 7.5"""
Austin,Wallace,Horizon League Indoor Track & Field Championships,"Feb 26-27, 2022",Hep,4977,,
Austin,Wallace,Horizon League Indoor Track & Field Championships,"Feb 26-27, 2022",60,7.11,,
Austin,Wallace,Horizon League Indoor Track & Field Championships,"Feb 26-27, 2022",LJ,7.73m,,"25' 4.5"""
Austin,Wallace,Horizon League Indoor Track & Field Championships,"Feb 26-27, 2022",SP,13.52m,,"44' 4.25"""
Austin,Wallace,Horizon League Indoor Track & Field Championships,"Feb 26-27, 2022",HJ,1.96m,,"6' 5"""
Austin,Wallace,Horizon League Indoor Track & Field Championships,"Feb 26-27, 2022",60H,8.42,,
Austin,Wallace,Horizon League Indoor Track & Field Championships,"Feb 26-27, 2022",PV,3.04m,,"9' 11.75"""
Austin,Wallace,Horizon League Indoor Track & Field Championships,"Feb 26-27, 2022",1000,3:26.34,,
Austin,Wallace,St. Valentines Open,"Feb 18, 2022",60H,8.13,,
Austin,Wallace,St. Valentines Open,"Feb 18, 2022",LJ,7.53m,,"24' 8.5"""
Austin,Wallace,Red Hawk Invite,"Feb  5, 2022",60H,8.09,,
Austin,Wallace,Red Hawk Invite,"Feb  5, 2022",60H,8.13,,
Austin,Wallace,Red Hawk Invite,"Feb  5, 2022",PV,3.95m,,"12' 11.5"""
Austin,Wallace,John Tierney Classic,"Jan 29, 2022",60H,8.05,,
Austin,Wallace,John Tierney Classic,"Jan 29, 2022",60H,8.49,,
Austin,Wallace,John Tierney Classic,"Jan 29, 2022",LJ,7.52m,,"24' 8.25"""
Austin,Wallace,John Gartland Invitational,"Jan 21-22, 2022",Hep,5557,,
Austin,Wallace,John Gartland Invitational,"Jan 21-22, 2022",60,7.09,,
Austin,Wallace,John Gartland Invitational,"Jan 21-22, 2022",LJ,7.45m,,"24' 5.5"""
Austin,Wallace,John Gartland Invitational,"Jan 21-22, 2022",SP,13.82m,,"45' 4.25"""
Austin,Wallace,John Gartland Invitational,"Jan 21-22, 2022",HJ,1.92m,,"6' 3.5"""
Austin,Wallace,John Gartland Invitational,"Jan 21-22, 2022",60H,8.21,,
Austin,Wallace,John Gartland Invitational,"Jan 21-22, 2022",PV,4.05m,,"13' 3.5"""
Austin,Wallace,John Gartland Invitational,"Jan 21-22, 2022",1000,2:49.07,,
Austin,Wallace,Hawkeye Invite,"Jan 14-15, 2022",60H,8.22,,
Austin,Wallace,Hawkeye Invite,"Jan 14-15, 2022",LJ,7.52m,,"24' 8.25"""
Austin,Wallace,Horizon League Outdoor Track & Field Championships,"May  7- 9, 2021",110H,14.54,(3.0),
Austin,Wallace,Horizon League Outdoor Track & Field Championships,"May  7- 9, 2021",PV,3.77m,,"12' 4.5"""
Austin,Wallace,Horizon League Outdoor Track & Field Championships,"May  7- 9, 2021",LJ,7.07m,(3.9),"23' 2.5"""
Austin,Wallace,Horizon League Outdoor Track & Field Championships,"May  7- 9, 2021",Dec,6352,,
Austin,Wallace,Horizon League Outdoor Track & Field Championships,"May  7- 9, 2021",100,11.18,(2.2),
Austin,Wallace,Horizon League Outdoor Track & Field Championships,"May  7- 9, 2021",LJ,6.95m,(2.4),"22' 9.75"""
Austin,Wallace,Horizon League Outdoor Track & Field Championships,"May  7- 9, 2021",SP,13.37m,,"43' 10.5"""
Austin,Wallace,Horizon League Outdoor Track & Field Championships,"May  7- 9, 2021",HJ,1.82m,,"5' 11.5"""
Austin,Wallace,Horizon League Outdoor Track & Field Championships,"May  7- 9, 2021",400,51.93,,
Austin,Wallace,Horizon League Outdoor Track & Field Championships,"May  7- 9, 2021",110H,14.66,(2.7),
Austin,Wallace,Horizon League Outdoor Track & Field Championships,"May  7- 9, 2021",DT,35.81m,,"117' 6"""
Austin,Wallace,Horizon League Outdoor Track & Field Championships,"May  7- 9, 2021",PV,4.00m,,"13' 1.5"""
Austin,Wallace,Horizon League Outdoor Track & Field Championships,"May  7- 9, 2021",JT,49.38m,,"162' 0"""
Austin,Wallace,Horizon League Outdoor Track & Field Championships,"May  7- 9, 2021",1500,DNF,,
Austin,Wallace,Valpo Invitational,"May  1, 2021",SP,13.41m,,"44' 0"""
Austin,Wallace,Valpo Invitational,"May  1, 2021",DT,36.72m,,"120' 6"""
Austin,Wallace,Clark Wood Invitational,"Apr 23-24, 2021",110H,14.49,(0.6),
Austin,Wallace,Clark Wood Invitational,"Apr 23-24, 2021",110H,14.94,(0.4),
Austin,Wallace,Clark Wood Invitational,"Apr 23-24, 2021",LJ,7.28m,(2.5),"23' 10.75"""
Austin,Wallace,Gibson Invitational Heptathlon & Decathlon,"Apr 15-16, 2021",Dec,6853,,
Austin,Wallace,Gibson Invitational Heptathlon & Decathlon,"Apr 15-16, 2021",100,11.21,(2.2),
Austin,Wallace,Gibson Invitational Heptathlon & Decathlon,"Apr 15-16, 2021",LJ,7.33m,(1.5),"24' 0.75"""
Austin,Wallace,Gibson Invitational Heptathlon & Decathlon,"Apr 15-16, 2021",SP,12.22m,,"40' 1.25"""
Austin,Wallace,Gibson Invitational Heptathlon & Decathlon,"Apr 15-16, 2021",HJ,1.90m,,"6' 2.75"""
Austin,Wallace,Gibson Invitational Heptathlon & Decathlon,"Apr 15-16, 2021",400,52.46,,
Austin,Wallace,Gibson Invitational Heptathlon & Decathlon,"Apr 15-16, 2021",110H,14.95,(0.2),
Austin,Wallace,Gibson Invitational Heptathlon & Decathlon,"Apr 15-16, 2021",DT,36.20m,,"118' 9"""
Austin,Wallace,Gibson Invitational Heptathlon & Decathlon,"Apr 15-16, 2021",PV,4.02m,,"13' 2.25"""
Austin,Wallace,Gibson Invitational Heptathlon & Decathlon,"Apr 15-16, 2021",JT,44.13m,,"144' 9"""
Austin,Wallace,Gibson Invitational Heptathlon & Decathlon,"Apr 15-16, 2021",1500,5:03.76,,
Austin,Wallace,Big Blue Classic,"Apr  9-10, 2021",110H,15.03,(2.6),
Austin,Wallace,Big Blue Classic,"Apr  9-10, 2021",LJ,7.22m,(1.9),"23' 8.25"""
Austin,Wallace,Big Blue Classic,"Apr  9-10, 2021",JT,45.47m,,"149' 2"""
Austin,Wallace,Horizon League Indoor Track & Field Championships,"Feb 26-Mar  1, 2021",60H,8.37,,
Austin,Wallace,Horizon League Indoor Track & Field Championships,"Feb 26-Mar  1, 2021",60H,8.30,,
Austin,Wallace,Horizon League Indoor Track & Field Championships,"Feb 26-Mar  1, 2021",PV,3.90m,,"12' 9.5"""
Austin,Wallace,Horizon League Indoor Track & Field Championships,"Feb 26-Mar  1, 2021",LJ,6.97m,,"22' 10.5"""
Austin,Wallace,Horizon League Indoor Track & Field Championships,"Feb 26-Mar  1, 2021",TJ,NM,,NM
Austin,Wallace,Horizon League Indoor Track & Field Championships,"Feb 26-Mar  1, 2021",Hep,4879,,
Austin,Wallace,Horizon League Indoor Track & Field Championships,"Feb 26-Mar  1, 2021",60,7.26,,
Austin,Wallace,Horizon League Indoor Track & Field Championships,"Feb 26-Mar  1, 2021",LJ,7.00m,,"22' 11.75"""
Austin,Wallace,Horizon League Indoor Track & Field Championships,"Feb 26-Mar  1, 2021",SP,13.03m,,"42' 9"""
Austin,Wallace,Horizon League Indoor Track & Field Championships,"Feb 26-Mar  1, 2021",HJ,1.89m,,"6' 2.25"""
Austin,Wallace,Horizon League Indoor Track & Field Championships,"Feb 26-Mar  1, 2021",60H,8.25,,
Austin,Wallace,Horizon League Indoor Track & Field Championships,"Feb 26-Mar  1, 2021",PV,3.85m,,"12' 7.5"""
Austin,Wallace,Horizon League Indoor Track & Field Championships,"Feb 26-Mar  1, 2021",1000,3:29.72,,
Austin,Wallace,Panther Tune-Up,"Feb 14, 2021",SP,11.92m,,"39' 1.25"""
Austin,Wallace,The Panther Invite,"Jan  9, 2021",60H,8.52,,
Austin,Wallace,The Panther Invite,"Jan  9, 2021",LJ,7.26m,,"23' 10"""
Austin,Wallace,The Panther Invite,"Jan  9, 2021",SP,11.20m,,"36' 9"""
Austin,Wallace,Horizon League Indoor Track & Field Championships,"Feb 29-Mar  1, 2020",60H,8.33,,
Austin,Wallace,Horizon League Indoor Track & Field Championships,"Feb 29-Mar  1, 2020",60H,8.34,,
Austin,Wallace,Horizon League Indoor Track & Field Championships,"Feb 29-Mar  1, 2020",LJ,7.52m,,"24' 8.25"""
Austin,Wallace,Horizon League Indoor Track & Field Championships,"Feb 29-Mar  1, 2020",Hep,5320,,
Austin,Wallace,Horizon League Indoor Track & Field Championships,"Feb 29-Mar  1, 2020",60,7.24,,
Austin,Wallace,Horizon League Indoor Track & Field Championships,"Feb 29-Mar  1, 2020",LJ,7.26m,,"23' 10"""
Austin,Wallace,Horizon League Indoor Track & Field Championships,"Feb 29-Mar  1, 2020",SP,11.47m,,"37' 7.75"""
Austin,Wallace,Horizon League Indoor Track & Field Championships,"Feb 29-Mar  1, 2020",HJ,2.04m,,"6' 8.25"""
Austin,Wallace,Horizon League Indoor Track & Field Championships,"Feb 29-Mar  1, 2020",60H,8.28,,
Austin,Wallace,Horizon League Indoor Track & Field Championships,"Feb 29-Mar  1, 2020",PV,3.65m,,"11' 11.75"""
Austin,Wallace,Horizon League Indoor Track & Field Championships,"Feb 29-Mar  1, 2020",1000,2:47.07,,
Austin,Wallace,Panther Tune-Up,"Feb 22, 2020",60,7.31,,
Austin,Wallace,Panther Tune-Up,"Feb 22, 2020",HJ,1.90m,,"6' 2.75"""
Austin,Wallace,Panther Tune-Up,"Feb 22, 2020",PV,3.53m,,"11' 7"""
Austin,Wallace,Panther Tune-Up,"Feb 22, 2020",SP,11.20m,,"36' 9"""
Austin,Wallace,GVSU Big Meet (Saturday),"Feb 15, 2020",60,7.32,,
Austin,Wallace,GVSU Big Meet (Saturday),"Feb 15, 2020",HJ,1.86m,,"6' 1.25"""
Austin,Wallace,GVSU Big Meet Invite (Friday),"Feb 14, 2020",60H,8.28,,
Austin,Wallace,GVSU Big Meet Invite (Friday),"Feb 14, 2020",LJ,7.12m,,"23' 4.5"""
Austin,Wallace,2020 Meyo Invitational,"Feb  7- 8, 2020",60H,8.39,,
Austin,Wallace,2020 Meyo Invitational,"Feb  7- 8, 2020",60H,8.33,,
Austin,Wallace,2020 Meyo Invitational,"Feb  7- 8, 2020",LJ,6.84m,(+0.0),"22' 5.25"""
Austin,Wallace,Illini Invitational,"Jan 24-25, 2020",60H,8.17,,
Austin,Wallace,Illini Invitational,"Jan 24-25, 2020",60H,8.32,,
Austin,Wallace,John Tierney Classic,"Jan 18, 2020",60H,8.33,,
Austin,Wallace,Gene Edmonds Memorial,"Jan 10-11, 2020",60H,8.39,,
Austin,Wallace,Gene Edmonds Memorial,"Jan 10-11, 2020",60H,8.46,,
Austin,Wallace,Gene Edmonds Memorial,"Jan 10-11, 2020",HJ,1.85m,,"6' 0.75"""
Austin,Wallace,Gene Edmonds Memorial,"Jan 10-11, 2020",LJ,7.23m,,"23' 8.75"""
Austin,Wallace,Marquette Mid-Week Challenge,"Apr 24, 2019",JT,36.99m,,"121' 4"""
Austin,Wallace,Panther TuneUp,"Feb 16, 2019",60H,8.52,,
Austin,Wallace,Panther TuneUp,"Feb 16, 2019",HJ,1.92m,,"6' 3.5"""
Austin,Wallace,John Tierney Classic,"Jan 19, 2019",60H,8.44,,
Austin,Wallace,John Tierney Classic,"Jan 19, 2019",LJ,6.75m,,"22' 1.75"""
Matthew,Bye,Horizon League Outdoor Track & Field Championships,"May  6- 8, 2022",110H,15.63,(+0.0),
Matthew,Bye,Horizon League Outdoor Track & Field Championships,"May  6- 8, 2022",110H,15.76,(3.0),
Matthew,Bye,Horizon League Outdoor Track & Field Championships,"May  6- 8, 2022",PV,4.10m,,"13' 5.25"""
Matthew,Bye,Horizon League Outdoor Track & Field Championships,"May  6- 8, 2022",JT,47.85m,,"157' 0"""
Matthew,Bye,Horizon League Outdoor Track & Field Championships,"May  6- 8, 2022",Dec,6190,,
Matthew,Bye,Horizon League Outdoor Track & Field Championships,"May  6- 8, 2022",100,11.73,(-0.1),
Matthew,Bye,Horizon League Outdoor Track & Field Championships,"May  6- 8, 2022",LJ,6.29m,,"20' 7.75"""
Matthew,Bye,Horizon League Outdoor Track & Field Championships,"May  6- 8, 2022",SP,13.00m,,"42' 8"""
Matthew,Bye,Horizon League Outdoor Track & Field Championships,"May  6- 8, 2022",HJ,1.75m,,"5' 8.75"""
Matthew,Bye,Horizon League Outdoor Track & Field Championships,"May  6- 8, 2022",400,55.84,,
Matthew,Bye,Horizon League Outdoor Track & Field Championships,"May  6- 8, 2022",110H,15.51,(1.9),
Matthew,Bye,Horizon League Outdoor Track & Field Championships,"May  6- 8, 2022",DT,35.16m,,"115' 4"""
Matthew,Bye,Horizon League Outdoor Track & Field Championships,"May  6- 8, 2022",PV,4.30m,,"14' 1.25"""
Matthew,Bye,Horizon League Outdoor Track & Field Championships,"May  6- 8, 2022",JT,45.42m,,"149' 0"""
Matthew,Bye,Horizon League Outdoor Track & Field Championships,"May  6- 8, 2022",1500,5:22.10,,
Matthew,Bye,Valparaiso Beacan Invite,"Apr 30, 2022",110H,14.94,(1.0),
Matthew,Bye,Valparaiso Beacan Invite,"Apr 30, 2022",PV,4.00m,,"13' 1.5"""
Matthew,Bye,Valparaiso Beacan Invite,"Apr 30, 2022",DT,36.91m,,"121' 1"""
Matthew,Bye,Valparaiso Beacan Invite,"Apr 30, 2022",JT,46.22m,,"151' 8"""
Matthew,Bye,Illini Invitational,"Apr 22-23, 2022",110H,15.19,(7.8),
Matthew,Bye,Illini Invitational,"Apr 22-23, 2022",PV,NH,,NH
Matthew,Bye,Illini Invitational,"Apr 22-23, 2022",DT,36.10m,,"118' 5"""
Matthew,Bye,Illini Invitational,"Apr 22-23, 2022",JT,45.79m,,"150' 3"""
Matthew,Bye,2022 Warrior Invitational,"Apr 14, 2022",400,53.98,,
Matthew,Bye,2022 Warrior Invitational,"Apr 14, 2022",LJ,6.30m,(5.9),"20' 8"""
Matthew,Bye,2022 Warrior Invitational,"Apr 14, 2022",JT,46.22m,,"151' 8"""
Matthew,Bye,Marquette Invitational,"Apr 10, 2022",110H,15.01,(6.2),
Matthew,Bye,Marquette Invitational,"Apr 10, 2022",HJ,1.80m,,"5' 10.75"""
Matthew,Bye,Marquette Invitational,"Apr 10, 2022",DT,36.62m,,"120' 2"""
Matthew,Bye,Redbird Invite,"Apr  1- 2, 2022",SP,12.42m,,"40' 9"""
Matthew,Bye,Redbird Invite,"Apr  1- 2, 2022",DT,36.15m,,"118' 7"""
Matthew,Bye,Redbird Invite,"Apr  1- 2, 2022",JT,44.27m,,"145' 3"""
Matthew,Bye,John Tierney Classic,"Jan 29, 2022",HJ,NH,,NH
Matthew,Bye,John Tierney Classic,"Jan 29, 2022",SP,12.24m,,"40' 2"""
Brett,Clevidence,Carius/Gregory Invitational 2022,"May 12-13, 2022",JT,50.09m,,"164' 4"""
Brett,Clevidence,Horizon League Outdoor Track & Field Championships,"May  6- 8, 2022",JT,52.43m,,"172' 0"""
Brett,Clevidence,Valparaiso Beacan Invite,"Apr 30, 2022",JT,48.84m,,"160' 3"""
Brett,Clevidence,Illini Invitational,"Apr 22-23, 2022",JT,50.96m,,"167' 2"""
Brett,Clevidence,2022 Warrior Invitational,"Apr 14, 2022",JT,46.91m,,"153' 11"""
Brett,Clevidence,Marquette Invitational,"Apr 10, 2022",JT,48.35m,,"158' 7"""
Brett,Clevidence,Redbird Invite,"Apr  1- 2, 2022",JT,48.50m,,"159' 1"""
Brett,Clevidence,Horizon League Outdoor Track & Field Championships,"May  7- 9, 2021",JT,49.67m,,"162' 11"""
Brett,Clevidence,Valpo Invitational,"May  1, 2021",JT,51.93m,,"170' 4"""
Brett,Clevidence,2021 Green & White Invite,"Apr 24, 2021",JT,48.80m,,"160' 1"""
Brett,Clevidence,Gibson Invitational sponsored by the Terre Haute CVB,"Apr 16-17, 2021",JT,47.85m,,"157' 0"""
Brett,Clevidence,Big Blue Classic,"Apr  9-10, 2021",JT,49.70m,,"163' 1"""
Brett,Clevidence,Illinois State Redbird Invitational,"Apr  2, 2021",JT,45.88m,,"150' 6"""
Brett,Clevidence,Panther Tune-Up,"Feb 22, 2020",60H,8.74,,
Brett,Clevidence,GVSU Big Meet (Saturday),"Feb 15, 2020",60H,8.78,,
Brett,Clevidence,2020 ONU Invitational,"Feb  1, 2020",60H,8.93,,
Brett,Clevidence,2020 ONU Invitational,"Feb  1, 2020",60H,8.98,,
Brett,Clevidence,Illini Invitational,"Jan 24-25, 2020",60H,8.81,,
Brett,Clevidence,John Tierney Classic,"Jan 18, 2020",60H,8.89,,
Brett,Clevidence,Gene Edmonds Memorial,"Jan 10-11, 2020",60H,8.97,,
Brett,Clevidence,Horizon League Outdoor Track & Field Championships,"May  3- 5, 2019",JT,47.78m,,"156' 9"""
Brett,Clevidence,2019 Lenny Lyles-Clark Wood Invitational,"Apr 26-27, 2019",JT,44.70m,,"146' 8"""
Brett,Clevidence,Kentucky Track & Field Invitational,"Apr 20, 2019",JT,46.70m,,"153' 2"""
Brett,Clevidence,Illinois Twilight,"Apr 13, 2019",110H,DNS,(1.5),
Brett,Clevidence,Illinois Twilight,"Apr 13, 2019",JT,46.32m,,"152' 0"""
Brett,Clevidence,Jack Shaw Classic,"Apr  5, 2019",110H,16.52,(0.2),
Brett,Clevidence,Jack Shaw Classic,"Apr  5, 2019",JT,50.72m,,"166' 5"""
Brett,Clevidence,Horizon League Indoor Track & Field Championships,"Feb 23-24, 2019",60H,8.55,,
Brett,Clevidence,Panther TuneUp,"Feb 16, 2019",60H,8.76,,
Brett,Clevidence,GVSU Big Meet (Saturday),"Feb  9, 2019",60H,8.75,,
Brett,Clevidence,GVSU Big Meet (Friday),"Feb  8, 2019",60H,8.64,,
Brett,Clevidence,2019 Meyo Invitational,"Feb  1- 2, 2019",60H,8.53,,
Brett,Clevidence,2019 Illini Invitational,"Jan 25-26, 2019",60H,8.64,,
Brett,Clevidence,John Tierney Classic,"Jan 19, 2019",60H,8.57,,
Brett,Clevidence,Badger Icebreaker,"Jan 12, 2019",300,40.31,,
Brett,Clevidence,Badger Icebreaker,"Jan 12, 2019",60H,8.62,,
Brett,Clevidence,Badger Icebreaker,"Jan 12, 2019",60H,8.59,,
Sam,Conger,NCAA West Preliminary Round,"May 25-28, 2022",110H,14.12,(1.2),
Sam,Conger,Illini Invitational,"Apr 22-23, 2022",400H,DNF,,
Sam,Conger,44 Farms Team Invitational,"Apr  8- 9, 2022",110H,14.05,(4.0),
Sam,Conger,44 Farms Team Invitational,"Apr  8- 9, 2022",400H,54.52,,
Sam,Conger,Redbird Invite,"Apr  1- 2, 2022",110H,14.25,(0.1),
Sam,Conger,Redbird Invite,"Apr  1- 2, 2022",110H,14.49,(2.4),
Sam,Conger,Redbird Invite,"Apr  1- 2, 2022",400H,57.97,,
Sam,Conger,Horizon League Indoor Track & Field Championships,"Feb 26-27, 2022",60H,7.92,,
Sam,Conger,Horizon League Indoor Track & Field Championships,"Feb 26-27, 2022",60H,7.99,,
Sam,Conger,St. Valentines Open,"Feb 18, 2022",60H,8.00,,
Sam,Conger,St. Valentines Open,"Feb 18, 2022",60H,8.02,,
Sam,Conger,GVSU Big Meet-FRIDAY,"Feb 11, 2022",60H,7.94,,
Sam,Conger,GVSU Big Meet-FRIDAY,"Feb 11, 2022",60H,8.04,,
Sam,Conger,Red Hawk Invite,"Feb  5, 2022",200,23.04,,
Sam,Conger,Red Hawk Invite,"Feb  5, 2022",60H,8.00,,
Sam,Conger,Red Hawk Invite,"Feb  5, 2022",60H,8.14,,
Sam,Conger,John Tierney Classic,"Jan 29, 2022",60H,8.01,,
Sam,Conger,John Tierney Classic,"Jan 29, 2022",60H,8.10,,
Sam,Conger,John Tierney Classic,"Jan 29, 2022",4x400,3:28.86,,
Sam,Conger,Hawkeye Invite,"Jan 14-15, 2022",60H,8.03,,
Sam,Conger,Hawkeye Invite,"Jan 14-15, 2022",60H,8.05,,
Sam,Conger,John Kruchoski Open,"May 15, 2021",110H,14.17,(2.8),
Sam,Conger,John Kruchoski Open,"May 15, 2021",110H,14.16,(3.1),
Sam,Conger,Horizon League Outdoor Track & Field Championships,"May  7- 9, 2021",110H,14.37,(3.0),
Sam,Conger,Horizon League Outdoor Track & Field Championships,"May  7- 9, 2021",400H,55.35,,
Sam,Conger,Horizon League Outdoor Track & Field Championships,"May  7- 9, 2021",4x100,42.27,,
Sam,Conger,Horizon League Outdoor Track & Field Championships,"May  7- 9, 2021",4x400,3:33.95,,
Sam,Conger,Valpo Invitational,"May  1, 2021",110H,14.55,(1.2),
Sam,Conger,Clark Wood Invitational,"Apr 23-24, 2021",110H,14.24,(0.6),
Sam,Conger,Clark Wood Invitational,"Apr 23-24, 2021",110H,14.59,(-0.9),
Sam,Conger,Clark Wood Invitational,"Apr 23-24, 2021",400H,56.77,,
Sam,Conger,Gibson Invitational sponsored by the Terre Haute CVB,"Apr 16-17, 2021",110H,14.11,(3.3),
Sam,Conger,Gibson Invitational sponsored by the Terre Haute CVB,"Apr 16-17, 2021",110H,14.71,(-0.7),
Sam,Conger,Gibson Invitational sponsored by the Terre Haute CVB,"Apr 16-17, 2021",400H,57.29,,
Sam,Conger,Big Blue Classic,"Apr  9-10, 2021",110H,14.31,(2.3),
Sam,Conger,Big Blue Classic,"Apr  9-10, 2021",400H,57.22,,
Sam,Conger,Big Blue Classic,"Apr  9-10, 2021",4x400,3:35.50,,
Sam,Conger,Illinois State Redbird Invitational,"Apr  2, 2021",110H,14.30,(3.8),
Sam,Conger,Illinois State Redbird Invitational,"Apr  2, 2021",400H,56.26,,
Sam,Conger,Horizon League Indoor Track & Field Championships,"Feb 26-Mar  1, 2021",60H,8.05,,
Sam,Conger,Horizon League Indoor Track & Field Championships,"Feb 26-Mar  1, 2021",60H,8.07,,
Sam,Conger,UW-Parkside Triangular,"Feb 19-20, 2021",200,23.94,,
Sam,Conger,UW-Parkside Triangular,"Feb 19-20, 2021",55H,7.54,,
Sam,Conger,Panther Tune-Up,"Feb 14, 2021",60H,8.20,,
Sam,Conger,UW-Parkside Triangular,"Feb  5- 6, 2021",200,23.50,,
Sam,Conger,UW-Parkside Triangular,"Feb  5- 6, 2021",55H,7.69,,
Sam,Conger,John Tierney Classic,"Jan 23, 2021",60H,8.16,,
Sam,Conger,John Tierney Classic,"Jan 23, 2021",4x400,3:30.83,,
Sam,Conger,Horizon League Indoor Track & Field Championships,"Feb 29-Mar  1, 2020",60H,8.09,,
Sam,Conger,Horizon League Indoor Track & Field Championships,"Feb 29-Mar  1, 2020",60H,8.12,,
Sam,Conger,Horizon League Indoor Track & Field Championships,"Feb 29-Mar  1, 2020",4x400,3:21.62,,
Sam,Conger,Panther Tune-Up,"Feb 22, 2020",200,23.03,,
Sam,Conger,Panther Tune-Up,"Feb 22, 2020",60H,8.22,,
Sam,Conger,GVSU Big Meet (Saturday),"Feb 15, 2020",4x400,3:23.42,,
Sam,Conger,GVSU Big Meet Invite (Friday),"Feb 14, 2020",60H,8.11,,
Sam,Conger,GVSU Big Meet Invite (Friday),"Feb 14, 2020",60H,8.22,,
Sam,Conger,2020 Meyo Invitational,"Feb  7- 8, 2020",60H,8.31,,
Sam,Conger,2020 Meyo Invitational,"Feb  7- 8, 2020",60H,8.28,,
Sam,Conger,Illini Invitational,"Jan 24-25, 2020",60H,8.18,,
Sam,Conger,Illini Invitational,"Jan 24-25, 2020",60H,8.22,,
Sam,Conger,John Tierney Classic,"Jan 18, 2020",200,23.40,,
Sam,Conger,John Tierney Classic,"Jan 18, 2020",60H,8.90,,
Sam,Conger,Gene Edmonds Memorial,"Jan 10-11, 2020",60H,8.31,,
Sam,Conger,Gene Edmonds Memorial,"Jan 10-11, 2020",60H,8.32,,
Sam,Conger,Gene Edmonds Memorial,"Jan 10-11, 2020",4x400,3:27.42,,
Sam,Conger,Eagle Open at UW-La Crosse,"May 10, 2019",110H,14.62,(1.1),
Sam,Conger,Eagle Open at UW-La Crosse,"May 10, 2019",110H,14.57,(-0.1),
Sam,Conger,Horizon League Outdoor Track & Field Championships,"May  3- 5, 2019",110H,14.32,(1.7),
Sam,Conger,Horizon League Outdoor Track & Field Championships,"May  3- 5, 2019",110H,14.56,(1.5),
Sam,Conger,Horizon League Outdoor Track & Field Championships,"May  3- 5, 2019",4x100,42.41,,
Sam,Conger,2019 Lenny Lyles-Clark Wood Invitational,"Apr 26-27, 2019",200,22.23,(0.6),
Sam,Conger,2019 Lenny Lyles-Clark Wood Invitational,"Apr 26-27, 2019",110H,14.47,(1.3),
Sam,Conger,2019 Lenny Lyles-Clark Wood Invitational,"Apr 26-27, 2019",110H,14.65,(-2.1),
Sam,Conger,Kentucky Track & Field Invitational,"Apr 20, 2019",200,22.45,(1.1),
Sam,Conger,Kentucky Track & Field Invitational,"Apr 20, 2019",110H,14.98,(0.3),
Sam,Conger,Illinois Twilight,"Apr 13, 2019",200,22.27,(3.2),
Sam,Conger,Illinois Twilight,"Apr 13, 2019",110H,14.65,(1.4),
Sam,Conger,Jack Shaw Classic,"Apr  5, 2019",200,22.46,(0.7),
Sam,Conger,Jack Shaw Classic,"Apr  5, 2019",110H,14.69,(0.2),
Sam,Conger,Jack Shaw Classic,"Apr  5, 2019",4x100,50.53,,
Sam,Conger,2019 Drury Hotels Joey Haines Invite,"Mar 29-30, 2019",110H,14.43,(2.8),
Sam,Conger,2019 Drury Hotels Joey Haines Invite,"Mar 29-30, 2019",4x100,DNF,,
Sam,Conger,Horizon League Indoor Track & Field Championships,"Feb 23-24, 2019",200,22.86,,
Sam,Conger,Horizon League Indoor Track & Field Championships,"Feb 23-24, 2019",60H,8.28,,
Sam,Conger,Horizon League Indoor Track & Field Championships,"Feb 23-24, 2019",60H,8.23,,
Sam,Conger,Panther TuneUp,"Feb 16, 2019",200,22.98,,
Sam,Conger,Panther TuneUp,"Feb 16, 2019",60H,8.27,,
Sam,Conger,GVSU Big Meet (Saturday),"Feb  9, 2019",60H,8.28,,
Sam,Conger,GVSU Big Meet (Saturday),"Feb  9, 2019",60H,8.31,,
Sam,Conger,GVSU Big Meet (Friday),"Feb  8, 2019",60H,8.22,,
Sam,Conger,2019 Meyo Invitational,"Feb  1- 2, 2019",60H,8.51,,
Sam,Conger,2019 Meyo Invitational,"Feb  1- 2, 2019",60H,8.37,,
Sam,Conger,2019 Illini Invitational,"Jan 25-26, 2019",60H,8.24,,
Sam,Conger,2019 Illini Invitational,"Jan 25-26, 2019",60H,8.31,,
Sam,Conger,John Tierney Classic,"Jan 19, 2019",200,23.01,,
Sam,Conger,John Tierney Classic,"Jan 19, 2019",60H,8.24,,
Sam,Conger,Badger Icebreaker,"Jan 12, 2019",300,36.48,,
Sam,Conger,Badger Icebreaker,"Jan 12, 2019",60H,8.20,,
Sam,Conger,Badger Icebreaker,"Jan 12, 2019",60H,8.28,,
Michael,Gorman,Carius/Gregory Invitational 2022,"May 12-13, 2022",100,10.79,(0.6),
Michael,Gorman,Carius/Gregory Invitational 2022,"May 12-13, 2022",100,10.74,(1.2),
Michael,Gorman,Horizon League Outdoor Track & Field Championships,"May  6- 8, 2022",100,10.73,(0.3),
Michael,Gorman,Horizon League Outdoor Track & Field Championships,"May  6- 8, 2022",100,10.65,(0.1),
Michael,Gorman,Horizon League Outdoor Track & Field Championships,"May  6- 8, 2022",200,22.07,(-0.2),
Michael,Gorman,Horizon League Outdoor Track & Field Championships,"May  6- 8, 2022",200,21.44,(4.2),
Michael,Gorman,Horizon League Outdoor Track & Field Championships,"May  6- 8, 2022",4x100,42.29,,
Michael,Gorman,Valparaiso Beacan Invite,"Apr 30, 2022",100,10.68,(1.8),
Michael,Gorman,Illini Invitational,"Apr 22-23, 2022",100,10.45,(5.9),
Michael,Gorman,Illini Invitational,"Apr 22-23, 2022",200,21.39,(5.6),
Michael,Gorman,2022 Warrior Invitational,"Apr 14, 2022",4x100,42.34,,
Michael,Gorman,44 Farms Team Invitational,"Apr  8- 9, 2022",100,10.75,(2.6),
Michael,Gorman,44 Farms Team Invitational,"Apr  8- 9, 2022",200,22.16,(1.2),
Michael,Gorman,Redbird Invite,"Apr  1- 2, 2022",100,10.98,(-0.3),
Michael,Gorman,Redbird Invite,"Apr  1- 2, 2022",100,10.72,(3.4),
Michael,Gorman,Horizon League Indoor Track & Field Championships,"Feb 26-27, 2022",60,6.96,,
Michael,Gorman,Horizon League Indoor Track & Field Championships,"Feb 26-27, 2022",60,6.90,,
Michael,Gorman,Horizon League Indoor Track & Field Championships,"Feb 26-27, 2022",200,21.96,,
Michael,Gorman,Horizon League Indoor Track & Field Championships,"Feb 26-27, 2022",200,21.89,,
Michael,Gorman,St. Valentines Open,"Feb 18, 2022",200,22.47,,
Michael,Gorman,John Tierney Classic,"Jan 29, 2022",60,6.99,,
Michael,Gorman,John Gartland Invitational,"Jan 21-22, 2022",60,6.91,,
Michael,Gorman,John Gartland Invitational,"Jan 21-22, 2022",60,6.94,,
Michael,Gorman,Horizon League Outdoor Track & Field Championships,"May  7- 9, 2021",100,10.72,(2.3),
Michael,Gorman,Horizon League Outdoor Track & Field Championships,"May  7- 9, 2021",200,22.11,,
Michael,Gorman,Horizon League Outdoor Track & Field Championships,"May  7- 9, 2021",200,21.83,(1.6),
Michael,Gorman,Horizon League Outdoor Track & Field Championships,"May  7- 9, 2021",4x100,42.27,,
Michael,Gorman,Horizon League Outdoor Track & Field Championships,"May  7- 9, 2021",4x400,3:33.95,,
Michael,Gorman,Valpo Invitational,"May  1, 2021",100,10.80,(1.2),
Michael,Gorman,Valpo Invitational,"May  1, 2021",4x100,42.77,,
Michael,Gorman,Clark Wood Invitational,"Apr 23-24, 2021",100,10.94,(1.1),
Michael,Gorman,Clark Wood Invitational,"Apr 23-24, 2021",200,21.88,(1.9),
Michael,Gorman,Gibson Invitational sponsored by the Terre Haute CVB,"Apr 16-17, 2021",100,DQ,(1.0),
Michael,Gorman,Gibson Invitational sponsored by the Terre Haute CVB,"Apr 16-17, 2021",200,22.04,(0.3),
Michael,Gorman,Gibson Invitational sponsored by the Terre Haute CVB,"Apr 16-17, 2021",4x100,DNF,,
Michael,Gorman,Big Blue Classic,"Apr  9-10, 2021",100,10.66,(2.5),
Michael,Gorman,Big Blue Classic,"Apr  9-10, 2021",200,DNS,(0.5),
Michael,Gorman,Big Blue Classic,"Apr  9-10, 2021",4x100,42.54,,
Michael,Gorman,Big Blue Classic,"Apr  9-10, 2021",4x400,3:25.93,,
Michael,Gorman,Illinois State Redbird Invitational,"Apr  2, 2021",100,10.68,(2.8),
Michael,Gorman,Illinois State Redbird Invitational,"Apr  2, 2021",200,DNS,(6.1),
Michael,Gorman,Horizon League Indoor Track & Field Championships,"Feb 26-Mar  1, 2021",60,6.85,,
Michael,Gorman,Horizon League Indoor Track & Field Championships,"Feb 26-Mar  1, 2021",60,6.85,,
Michael,Gorman,Horizon League Indoor Track & Field Championships,"Feb 26-Mar  1, 2021",200,22.14,,
Michael,Gorman,Horizon League Indoor Track & Field Championships,"Feb 26-Mar  1, 2021",200,22.32,,
Michael,Gorman,Horizon League Indoor Track & Field Championships,"Feb 26-Mar  1, 2021",4x400,3:24.93,,
Michael,Gorman,UW-Parkside Triangular,"Feb 19-20, 2021",55,6.34,,
Michael,Gorman,Panther Tune-Up,"Feb 14, 2021",60,6.89,,
Michael,Gorman,Panther Tune-Up,"Feb 14, 2021",60,6.93,,
Michael,Gorman,Panther Tune-Up,"Feb 14, 2021",200,22.27,,
Michael,Gorman,UW-Parkside Triangular,"Feb  5- 6, 2021",55,6.48,,
Michael,Gorman,UW-Parkside Triangular,"Feb  5- 6, 2021",200,22.34,,
Michael,Gorman,John Tierney Classic,"Jan 23, 2021",60,6.85,,
Michael,Gorman,John Tierney Classic,"Jan 23, 2021",200,22.29,,
Michael,Gorman,The Panther Invite,"Jan  9, 2021",60,6.86,,
Michael,Gorman,The Panther Invite,"Jan  9, 2021",60,6.86,,
Michael,Gorman,The Panther Invite,"Jan  9, 2021",200,22.17,,
Michael,Gorman,Horizon League Indoor Track & Field Championships,"Feb 29-Mar  1, 2020",60,6.92,,
Michael,Gorman,Horizon League Indoor Track & Field Championships,"Feb 29-Mar  1, 2020",60,6.91,,
Michael,Gorman,Horizon League Indoor Track & Field Championships,"Feb 29-Mar  1, 2020",200,22.17,,
Michael,Gorman,Horizon League Indoor Track & Field Championships,"Feb 29-Mar  1, 2020",200,22.18,,
Michael,Gorman,Panther Tune-Up,"Feb 22, 2020",60,6.88,,
Michael,Gorman,GVSU Big Meet Invite (Friday),"Feb 14, 2020",60,6.91,,
Michael,Gorman,GVSU Big Meet Invite (Friday),"Feb 14, 2020",60,6.93,,
Michael,Gorman,2020 Meyo Invitational,"Feb  7- 8, 2020",60,6.97,,
Michael,Gorman,2020 Meyo Invitational,"Feb  7- 8, 2020",60,6.90,,
Michael,Gorman,2020 ONU Invitational,"Feb  1, 2020",200,23.18,,
Michael,Gorman,Illini Invitational,"Jan 24-25, 2020",60,6.96,,
Michael,Gorman,Illini Invitational,"Jan 24-25, 2020",60,6.98,,
Michael,Gorman,John Tierney Classic,"Jan 18, 2020",60,6.94,,
Michael,Gorman,John Tierney Classic,"Jan 18, 2020",200,22.82,,
Michael,Gorman,Gene Edmonds Memorial,"Jan 10-11, 2020",60,7.05,,
Michael,Gorman,Gene Edmonds Memorial,"Jan 10-11, 2020",60,7.02,,
Michael,Gorman,Gene Edmonds Memorial,"Jan 10-11, 2020",200,23.07,,
Obi,Iwuagwu,Horizon League Outdoor Track & Field Championships,"May  6- 8, 2022",LJ,7.07m,(+0.0),"23' 2.5"""
Obi,Iwuagwu,Horizon League Outdoor Track & Field Championships,"May  6- 8, 2022",TJ,14.53m,(+0.0),"47' 8"""
Obi,Iwuagwu,Illini Invitational,"Apr 22-23, 2022",LJ,7.23m,(4.1),"23' 8.75"""
Obi,Iwuagwu,Illini Invitational,"Apr 22-23, 2022",TJ,14.72m,(5.3),"48' 3.5"""
Obi,Iwuagwu,44 Farms Team Invitational,"Apr  8- 9, 2022",LJ,6.89m,(4.5),"22' 7.25"""
Obi,Iwuagwu,44 Farms Team Invitational,"Apr  8- 9, 2022",TJ,14.42m,(1.8),"47' 3.75"""
Obi,Iwuagwu,Redbird Invite,"Apr  1- 2, 2022",TJ,14.50m,,"47' 7"""
Obi,Iwuagwu,Horizon League Indoor Track & Field Championships,"Feb 26-27, 2022",LJ,7.32m,,"24' 0.25"""
Obi,Iwuagwu,Horizon League Indoor Track & Field Championships,"Feb 26-27, 2022",TJ,14.95m,,"49' 0.75"""
Obi,Iwuagwu,2022 Hoosier Hills,"Feb 11, 2022",LJ,6.40m,,"21' 0"""
Obi,Iwuagwu,2022 Hoosier Hills,"Feb 11, 2022",TJ,14.48m,,"47' 6.25"""
Obi,Iwuagwu,John Tierney Classic,"Jan 29, 2022",LJ,7.25m,,"23' 9.5"""
Obi,Iwuagwu,John Tierney Classic,"Jan 29, 2022",TJ,14.66m,,"48' 1.25"""
Obi,Iwuagwu,John Gartland Invitational,"Jan 21-22, 2022",TJ,13.82m,,"45' 4.25"""
Obi,Iwuagwu,Hawkeye Invite,"Jan 14-15, 2022",LJ,7.24m,,"23' 9"""
Obi,Iwuagwu,Hawkeye Invite,"Jan 14-15, 2022",TJ,FOUL,,NM
Obi,Iwuagwu,John Kruchoski Open,"May 15, 2021",TJ,14.28m,(3.4),"46' 10.25"""
Obi,Iwuagwu,Horizon League Outdoor Track & Field Championships,"May  7- 9, 2021",LJ,7.17m,(2.0),"23' 6.25"""
Obi,Iwuagwu,Horizon League Outdoor Track & Field Championships,"May  7- 9, 2021",TJ,15.02m,,"49' 3.5"""
Obi,Iwuagwu,Gibson Invitational sponsored by the Terre Haute CVB,"Apr 16-17, 2021",LJ,6.76m,(+0.0),"22' 2.25"""
Obi,Iwuagwu,Gibson Invitational sponsored by the Terre Haute CVB,"Apr 16-17, 2021",TJ,14.84m,(1.0),"48' 8.25"""
Obi,Iwuagwu,Big Blue Classic,"Apr  9-10, 2021",TJ,14.97m,(2.0),"49' 1.5"""
Obi,Iwuagwu,Horizon League Indoor Track & Field Championships,"Feb 26-Mar  1, 2021",LJ,6.84m,,"22' 5.25"""
Obi,Iwuagwu,Horizon League Indoor Track & Field Championships,"Feb 26-Mar  1, 2021",TJ,14.34m,,"47' 0.75"""
Obi,Iwuagwu,Panther Tune-Up,"Feb 14, 2021",TJ,14.85m,,"48' 8.75"""
Obi,Iwuagwu,John Tierney Classic,"Jan 23, 2021",LJ,7.09m,,"23' 3.25"""
Obi,Iwuagwu,John Tierney Classic,"Jan 23, 2021",TJ,14.66m,,"48' 1.25"""
Obi,Iwuagwu,The Panther Invite,"Jan  9, 2021",TJ,14.57m,,"47' 9.75"""
Obi,Iwuagwu,Horizon League Indoor Track & Field Championships,"Feb 29-Mar  1, 2020",TJ,14.11m,,"46' 3.5"""
Obi,Iwuagwu,Panther Tune-Up,"Feb 22, 2020",TJ,13.91m,,"45' 7.75"""
Obi,Iwuagwu,John Tierney Classic,"Jan 18, 2020",LJ,6.71m,,"22' 0.25"""
Jack,Johnson,John Gartland Invitational,"Jan 21-22, 2022",PV,NH,,NH
Jack,Johnson,Horizon League Outdoor Track & Field Championships,"May  7- 9, 2021",PV,4.67m,,"15' 3.75"""
Jack,Johnson,Valpo Invitational,"May  1, 2021",PV,4.50m,,"14' 9"""
Jack,Johnson,Clark Wood Invitational,"Apr 23-24, 2021",PV,4.41m,,"14' 5.5"""
Jack,Johnson,Gibson Invitational sponsored by the Terre Haute CVB,"Apr 16-17, 2021",PV,4.30m,,"14' 1.25"""
Jack,Johnson,Big Blue Classic,"Apr  9-10, 2021",PV,NH,,NH
Jack,Johnson,Horizon League Indoor Track & Field Championships,"Feb 26-Mar  1, 2021",PV,4.40m,,"14' 5.25"""
Jack,Johnson,John Tierney Classic,"Jan 23, 2021",PV,4.60m,,"15' 1"""
Jack,Johnson,Horizon League Indoor Track & Field Championships,"Feb 29-Mar  1, 2020",PV,4.70m,,"15' 5"""
Jack,Johnson,Panther Tune-Up,"Feb 22, 2020",PV,4.73m,,"15' 6.25"""
Jack,Johnson,GVSU Big Meet (Saturday),"Feb 15, 2020",PV,4.52m,,"14' 10"""
Jack,Johnson,Gene Edmonds Memorial,"Jan 10-11, 2020",PV,NH,,NH
Jack,Johnson,Horizon League Outdoor Track & Field Championships,"May  3- 5, 2019",PV,4.65m,,"15' 3"""
Jack,Johnson,2019 Lenny Lyles-Clark Wood Invitational,"Apr 26-27, 2019",PV,NH,,NH
Jack,Johnson,Kentucky Track & Field Invitational,"Apr 20, 2019",PV,4.50m,,"14' 9"""
Jack,Johnson,Illinois Twilight,"Apr 13, 2019",PV,4.40m,,"14' 5.25"""
Jack,Johnson,Jack Shaw Classic,"Apr  5, 2019",PV,NH,,NH
Jack,Johnson,Horizon League Indoor Track & Field Championships,"Feb 23-24, 2019",PV,4.55m,,"14' 11"""
Jack,Johnson,Panther TuneUp,"Feb 16, 2019",PV,4.82m,,"15' 9.75"""
Jack,Johnson,GVSU Big Meet (Saturday),"Feb  9, 2019",PV,4.41m,,"14' 5.5"""
Jack,Johnson,2019 Meyo Invitational,"Feb  1- 2, 2019",PV,4.60m,,"15' 1"""
Jack,Johnson,2019 Illini Invitational,"Jan 25-26, 2019",PV,4.62m,,"15' 1.75"""
Jack,Johnson,John Tierney Classic,"Jan 19, 2019",PV,4.50m,,"14' 9"""
Jack,Johnson,Badger Icebreaker,"Jan 12, 2019",PV,4.30m,,"14' 1.25"""
Jack,Johnson,Horizon League Outdoor Track & Field Championships,"May  4- 6, 2018",PV,4.11m,,"13' 5.75"""
Jack,Johnson,DePaul Invitational,"Apr 21, 2018",PV,4.35m,,"14' 3.25"""
Jack,Johnson,Benedictine Relays and Invitational,"Apr 13-14, 2018",PV,4.00m,,"13' 1.5"""
Jack,Johnson,Gibson Invitational,"Apr  6- 7, 2018",PV,4.25m,,"13' 11.25"""
Jack,Johnson,2018 EIU Big Blue Classic,"Mar 30-31, 2018",PV,4.30m,,"14' 1.25"""
Jack,Johnson,SIU Bill Cornell Spring Classic,"Mar 23-24, 2018",PV,3.96m,,"12' 11.75"""
Jack,Johnson,Horizon League Indoor Track & Field Championships,"Feb 23-24, 2018",PV,4.25m,,"13' 11.25"""
Jack,Johnson,Panther TuneUp,"Feb 17, 2018",PV,4.27m,,"14' 0"""
Jack,Johnson,GVSU Big Meet- Saturday,"Feb 10, 2018",PV,4.12m,,"13' 6.25"""
Jack,Johnson,UW Parkside Classic,"Feb  3, 2018",PV,4.30m,,"14' 1.25"""
Jack,Johnson,2018 Mark Messersmith Invitational,"Jan 27, 2018",PV,3.90m,,"12' 9.5"""
Jack,Johnson,Karl Schlender Invitational,"Jan 13, 2018",PV,4.26m,,"13' 11.75"""
Ethan,Krueger,Horizon League Indoor Track & Field Championships,"Feb 29-Mar  1, 2020",400,49.60,,
Ethan,Krueger,Horizon League Indoor Track & Field Championships,"Feb 29-Mar  1, 2020",400,49.98,,
Ethan,Krueger,Horizon League Indoor Track & Field Championships,"Feb 29-Mar  1, 2020",4x400,3:21.62,,
Ethan,Krueger,Panther Tune-Up,"Feb 22, 2020",200,23.35,,
Ethan,Krueger,GVSU Big Meet (Saturday),"Feb 15, 2020",200,22.85,,
Ethan,Krueger,GVSU Big Meet (Saturday),"Feb 15, 2020",400,50.08,,
Ethan,Krueger,2020 ONU Invitational,"Feb  1, 2020",400,50.74,,
Ethan,Krueger,Illini Invitational,"Jan 24-25, 2020",400,51.97,,
Ethan,Krueger,John Tierney Classic,"Jan 18, 2020",400,52.59,,
Ethan,Krueger,Gene Edmonds Memorial,"Jan 10-11, 2020",200,23.41,,
Ethan,Krueger,Gene Edmonds Memorial,"Jan 10-11, 2020",4x400,3:27.42,,
Ben,Marano,Horizon League Outdoor Track & Field Championships,"May  6- 8, 2022",400H,53.62,,
Ben,Marano,Horizon League Outdoor Track & Field Championships,"May  6- 8, 2022",400H,55.49,,
Ben,Marano,Horizon League Outdoor Track & Field Championships,"May  6- 8, 2022",4x400,3:16.87,,
Ben,Marano,Illini Invitational,"Apr 22-23, 2022",400H,53.97,,
Ben,Marano,Marquette Invitational,"Apr 10, 2022",400H,57.15,,
Ben,Marano,Marquette Invitational,"Apr 10, 2022",4x400,3:37.99,,
Ben,Marano,Redbird Invite,"Apr  1- 2, 2022",400H,57.26,,
Ben,Marano,Horizon League Indoor Track & Field Championships,"Feb 26-27, 2022",400,DQ,,
Ben,Marano,Horizon League Indoor Track & Field Championships,"Feb 26-27, 2022",4x400,3:18.74,,
Ben,Marano,GVSU Big Meet-FRIDAY,"Feb 11, 2022",400,50.10,,
Ben,Marano,GVSU Big Meet-FRIDAY,"Feb 11, 2022",4x400,3:22.56,,
Ben,Marano,Red Hawk Invite,"Feb  5, 2022",400,51.61,,
Ben,Marano,John Tierney Classic,"Jan 29, 2022",4x400,3:28.86,,
Ben,Marano,Horizon League Outdoor Track & Field Championships,"May  7- 9, 2021",400H,57.45,,
Ben,Marano,Big Blue Classic,"Apr  9-10, 2021",200,DNS,(1.0),
Ben,Marano,Big Blue Classic,"Apr  9-10, 2021",400H,56.18,,
Ben,Marano,Big Blue Classic,"Apr  9-10, 2021",4x400,3:25.93,,
Ben,Marano,Illinois State Redbird Invitational,"Apr  2, 2021",400H,56.51,,
Ben,Marano,Illinois State Redbird Invitational,"Apr  2, 2021",4x400,DNF,,
Ben,Marano,Horizon League Indoor Track & Field Championships,"Feb 26-Mar  1, 2021",400,51.20,,
Ben,Marano,Horizon League Indoor Track & Field Championships,"Feb 26-Mar  1, 2021",400,51.80,,
Ben,Marano,Horizon League Indoor Track & Field Championships,"Feb 26-Mar  1, 2021",4x400,3:24.93,,
Ben,Marano,UW-Parkside Triangular,"Feb 19-20, 2021",400,52.74,,
Ben,Marano,Panther Tune-Up,"Feb 14, 2021",4x400,3:31.48,,
Luke,Rapisarda,Horizon League Outdoor Track & Field Championships,"May  6- 8, 2022",400,50.33,,
Luke,Rapisarda,Horizon League Outdoor Track & Field Championships,"May  6- 8, 2022",400,50.20,,
Luke,Rapisarda,Horizon League Outdoor Track & Field Championships,"May  6- 8, 2022",4x100,42.29,,
Luke,Rapisarda,Horizon League Outdoor Track & Field Championships,"May  6- 8, 2022",4x400,3:16.87,,
Luke,Rapisarda,Valparaiso Beacan Invite,"Apr 30, 2022",200,22.33,(2.0),
Luke,Rapisarda,Valparaiso Beacan Invite,"Apr 30, 2022",400,50.77,,
Luke,Rapisarda,Illini Invitational,"Apr 22-23, 2022",400,50.41,,
Luke,Rapisarda,2022 Warrior Invitational,"Apr 14, 2022",200,22.51,(3.6),
Luke,Rapisarda,Marquette Invitational,"Apr 10, 2022",200,22.68,(2.7),
Luke,Rapisarda,Marquette Invitational,"Apr 10, 2022",4x400,3:37.99,,
Luke,Rapisarda,Redbird Invite,"Apr  1- 2, 2022",400,51.52,,
Luke,Rapisarda,Horizon League Indoor Track & Field Championships,"Feb 26-27, 2022",400,49.79,,
Luke,Rapisarda,Horizon League Indoor Track & Field Championships,"Feb 26-27, 2022",4x400,3:18.74,,
Luke,Rapisarda,Horizon League Indoor Track & Field Championships,"Feb 26-27, 2022",DMR,10:35.93,,
Luke,Rapisarda,GVSU Big Meet-FRIDAY,"Feb 11, 2022",400,50.15,,
Luke,Rapisarda,GVSU Big Meet-FRIDAY,"Feb 11, 2022",4x400,3:22.56,,
Luke,Rapisarda,Red Hawk Invite,"Feb  5, 2022",4x400,3:24.83,,
Luke,Rapisarda,John Gartland Invitational,"Jan 21-22, 2022",400,51.17,,
Luke,Rapisarda,Hawkeye Invite,"Jan 14-15, 2022",400,51.49,,
Luke,Rapisarda,Horizon League Outdoor Track & Field Championships,"May  7- 9, 2021",400,51.73,,
Luke,Rapisarda,Valpo Invitational,"May  1, 2021",4x100,42.77,,
Luke,Rapisarda,Clark Wood Invitational,"Apr 23-24, 2021",400,50.85,,
Luke,Rapisarda,Gibson Invitational sponsored by the Terre Haute CVB,"Apr 16-17, 2021",200,22.91,(-2.0),
Luke,Rapisarda,Gibson Invitational sponsored by the Terre Haute CVB,"Apr 16-17, 2021",400,50.31,,
Luke,Rapisarda,Gibson Invitational sponsored by the Terre Haute CVB,"Apr 16-17, 2021",4x100,DNF,,
Luke,Rapisarda,Big Blue Classic,"Apr  9-10, 2021",100,11.36,(1.1),
Luke,Rapisarda,Big Blue Classic,"Apr  9-10, 2021",400,50.52,,
Luke,Rapisarda,Big Blue Classic,"Apr  9-10, 2021",4x400,3:25.93,,
Luke,Rapisarda,Illinois State Redbird Invitational,"Apr  2, 2021",200,22.73,(6.0),
Luke,Rapisarda,Illinois State Redbird Invitational,"Apr  2, 2021",4x400,DNF,,
Luke,Rapisarda,Horizon League Indoor Track & Field Championships,"Feb 26-Mar  1, 2021",400,52.43,,
Luke,Rapisarda,Horizon League Indoor Track & Field Championships,"Feb 26-Mar  1, 2021",4x400,3:24.93,,
Luke,Rapisarda,Panther Tune-Up,"Feb 14, 2021",400,52.29,,
Luke,Rapisarda,Panther Tune-Up,"Feb 14, 2021",4x400,3:31.48,,
Luke,Rapisarda,UW-Parkside Triangular,"Feb  5- 6, 2021",400,51.63,,
Luke,Rapisarda,John Tierney Classic,"Jan 23, 2021",4x400,3:30.83,,
Luke,Rapisarda,The Panther Invite,"Jan  9, 2021",4x400,3:36.24,,
Luke,Rapisarda,Horizon League Indoor Track & Field Championships,"Feb 29-Mar  1, 2020",200,22.43,,
Luke,Rapisarda,Horizon League Indoor Track & Field Championships,"Feb 29-Mar  1, 2020",400,49.48,,
Luke,Rapisarda,Horizon League Indoor Track & Field Championships,"Feb 29-Mar  1, 2020",400,49.67,,
Luke,Rapisarda,Horizon League Indoor Track & Field Championships,"Feb 29-Mar  1, 2020",4x400,3:21.62,,
Luke,Rapisarda,Panther Tune-Up,"Feb 22, 2020",60,7.05,,
Luke,Rapisarda,Panther Tune-Up,"Feb 22, 2020",200,22.80,,
Luke,Rapisarda,GVSU Big Meet (Saturday),"Feb 15, 2020",200,22.58,,
Luke,Rapisarda,GVSU Big Meet Invite (Friday),"Feb 14, 2020",400,50.31,,
Luke,Rapisarda,2020 ONU Invitational,"Feb  1, 2020",400,50.53,,
Luke,Rapisarda,Gene Edmonds Memorial,"Jan 10-11, 2020",200,23.14,,
Luke,Rapisarda,Gene Edmonds Memorial,"Jan 10-11, 2020",4x400,3:27.42,,
Luke,Rapisarda,Jack Shaw Classic,"Apr  5, 2019",400,DNS,,
Luke,Rapisarda,Jack Shaw Classic,"Apr  5, 2019",4x100,50.53,,
Luke,Rapisarda,Jack Shaw Classic,"Apr  5, 2019",4x400,3:29.91,,
Luke,Rapisarda,2019 Drury Hotels Joey Haines Invite,"Mar 29-30, 2019",400,53.12,,
Luke,Rapisarda,2019 Drury Hotels Joey Haines Invite,"Mar 29-30, 2019",4x100,DNF,,
Luke,Rapisarda,Horizon League Indoor Track & Field Championships,"Feb 23-24, 2019",400,50.79,,
Luke,Rapisarda,Horizon League Indoor Track & Field Championships,"Feb 23-24, 2019",4x400,3:20.34,,
Luke,Rapisarda,Panther TuneUp,"Feb 16, 2019",60,7.19,,
Luke,Rapisarda,GVSU Big Meet (Saturday),"Feb  9, 2019",200,22.96,,
Luke,Rapisarda,GVSU Big Meet (Friday),"Feb  8, 2019",400,50.07,,
Luke,Rapisarda,2019 Meyo Invitational,"Feb  1- 2, 2019",200,22.81,,
Luke,Rapisarda,2019 Meyo Invitational,"Feb  1- 2, 2019",400,49.71,,
Luke,Rapisarda,2019 Illini Invitational,"Jan 25-26, 2019",200,23.07,,
Luke,Rapisarda,2019 Illini Invitational,"Jan 25-26, 2019",400,51.34,,
Luke,Rapisarda,John Tierney Classic,"Jan 19, 2019",400,50.84,,
Luke,Rapisarda,John Tierney Classic,"Jan 19, 2019",4x400,3:26.77,,
Joe,Salamone,Horizon League Indoor Track & Field Championships,"Feb 26-27, 2022",60H,8.35,,
Joe,Salamone,Horizon League Indoor Track & Field Championships,"Feb 26-27, 2022",60H,8.32,,
Joe,Salamone,St. Valentines Open,"Feb 18, 2022",60H,8.42,,
Joe,Salamone,St. Valentines Open,"Feb 18, 2022",60H,8.46,,
Joe,Salamone,GVSU Big Meet-FRIDAY,"Feb 11, 2022",60H,8.68,,
Joe,Salamone,Red Hawk Invite,"Feb  5, 2022",60H,8.69,,
Joe,Salamone,Red Hawk Invite,"Feb  5, 2022",60H,8.43,,
Joe,Salamone,John Tierney Classic,"Jan 29, 2022",60H,8.48,,
Joe,Salamone,John Tierney Classic,"Jan 29, 2022",60H,8.57,,
Joe,Salamone,Horizon League Outdoor Track & Field Championships,"May  7- 9, 2021",110H,15.17,(3.0),
Joe,Salamone,Horizon League Outdoor Track & Field Championships,"May  7- 9, 2021",400H,56.14,,
Joe,Salamone,Valpo Invitational,"May  1, 2021",110H,15.11,(1.2),
Joe,Salamone,Clark Wood Invitational,"Apr 23-24, 2021",110H,15.43,(0.6),
Joe,Salamone,Clark Wood Invitational,"Apr 23-24, 2021",110H,15.48,(-0.9),
Joe,Salamone,Clark Wood Invitational,"Apr 23-24, 2021",400H,58.25,,
Joe,Salamone,Gibson Invitational sponsored by the Terre Haute CVB,"Apr 16-17, 2021",110H,14.91,(3.3),
Joe,Salamone,Gibson Invitational sponsored by the Terre Haute CVB,"Apr 16-17, 2021",110H,15.16,(-0.7),
Joe,Salamone,Big Blue Classic,"Apr  9-10, 2021",110H,14.98,(2.3),
Joe,Salamone,Big Blue Classic,"Apr  9-10, 2021",400H,57.01,,
Joe,Salamone,Big Blue Classic,"Apr  9-10, 2021",4x400,3:35.50,,
Joe,Salamone,Illinois State Redbird Invitational,"Apr  2, 2021",110H,14.70,(3.8),
Joe,Salamone,Illinois State Redbird Invitational,"Apr  2, 2021",400H,DNS,,
Joe,Salamone,Horizon League Indoor Track & Field Championships,"Feb 26-Mar  1, 2021",60H,8.83,,
Joe,Salamone,UW-Parkside Triangular,"Feb 19-20, 2021",55H,7.64,,
Joe,Salamone,Panther Tune-Up,"Feb 14, 2021",60H,8.33,,
Joe,Salamone,UW-Parkside Triangular,"Feb  5- 6, 2021",55H,7.72,,
Joe,Salamone,John Tierney Classic,"Jan 23, 2021",200,23.84,,
Joe,Salamone,John Tierney Classic,"Jan 23, 2021",60H,8.32,,
Joe,Salamone,The Panther Invite,"Jan  9, 2021",60H,8.91,,
Joe,Salamone,The Panther Invite,"Jan  9, 2021",4x400,3:36.24,,
Parker,Carlson,Panther Tune-Up,"Feb 22, 2020",200,23.06,,
Parker,Carlson,Panther Tune-Up,"Feb 22, 2020",400,53.16,,
Parker,Carlson,GVSU Big Meet (Saturday),"Feb 15, 2020",400,51.62,,
Parker,Carlson,GVSU Big Meet (Saturday),"Feb 15, 2020",4x400,3:23.42,,
Parker,Carlson,Horizon League Outdoor Track & Field Championships,"May  3- 5, 2019",200,22.80,(2.0),
Parker,Carlson,Horizon League Outdoor Track & Field Championships,"May  3- 5, 2019",4x100,42.41,,
Parker,Carlson,Horizon League Outdoor Track & Field Championships,"May  3- 5, 2019",4x400,3:22.03,,
Parker,Carlson,2019 Lenny Lyles-Clark Wood Invitational,"Apr 26-27, 2019",200,22.74,(0.5),
Parker,Carlson,2019 Lenny Lyles-Clark Wood Invitational,"Apr 26-27, 2019",400,52.47,,
Parker,Carlson,Marquette Mid-Week Challenge,"Apr 24, 2019",100,11.25,(2.5),
Parker,Carlson,Kentucky Track & Field Invitational,"Apr 20, 2019",200,23.16,(0.7),
Parker,Carlson,Kentucky Track & Field Invitational,"Apr 20, 2019",400,51.61,,
Parker,Carlson,Illinois Twilight,"Apr 13, 2019",200,22.44,(3.2),
Parker,Carlson,Illinois Twilight,"Apr 13, 2019",400,52.18,,
Parker,Carlson,Jack Shaw Classic,"Apr  5, 2019",200,22.57,(0.7),
Parker,Carlson,Jack Shaw Classic,"Apr  5, 2019",4x400,3:29.91,,
Parker,Carlson,2019 Drury Hotels Joey Haines Invite,"Mar 29-30, 2019",400,54.13,,
Parker,Carlson,Horizon League Indoor Track & Field Championships,"Feb 23-24, 2019",400,50.92,,
Parker,Carlson,Horizon League Indoor Track & Field Championships,"Feb 23-24, 2019",4x400,3:20.34,,
Parker,Carlson,Horizon League Indoor Track & Field Championships,"Feb 23-24, 2019",DMR,10:30.91,,
Parker,Carlson,Panther TuneUp,"Feb 16, 2019",400,52.16,,
Parker,Carlson,GVSU Big Meet (Saturday),"Feb  9, 2019",200,23.03,,
Parker,Carlson,GVSU Big Meet (Saturday),"Feb  9, 2019",400,51.44,,
Parker,Carlson,2019 Illini Invitational,"Jan 25-26, 2019",200,23.34,,
Parker,Carlson,2019 Illini Invitational,"Jan 25-26, 2019",400,53.25,,
Parker,Carlson,John Tierney Classic,"Jan 19, 2019",200,23.47,,
Parker,Carlson,John Tierney Classic,"Jan 19, 2019",400,52.16,,
Parker,Carlson,Badger Icebreaker,"Jan 12, 2019",60,7.23,,
Parker,Carlson,Badger Icebreaker,"Jan 12, 2019",60,7.28,,
Parker,Carlson,Badger Icebreaker,"Jan 12, 2019",300,36.83,,
Trevor,Coenen,Horizon League Outdoor Track & Field Championships,"May  7- 9, 2021",HJ,1.89m,,"6' 2.25"""
Trevor,Coenen,Horizon League Outdoor Track & Field Championships,"May  7- 9, 2021",JT,47.76m,,"156' 8"""
Trevor,Coenen,Horizon League Outdoor Track & Field Championships,"May  7- 9, 2021",Dec,5513,,
Trevor,Coenen,Horizon League Outdoor Track & Field Championships,"May  7- 9, 2021",100,12.07,(2.2),
Trevor,Coenen,Horizon League Outdoor Track & Field Championships,"May  7- 9, 2021",LJ,6.02m,(1.9),"19' 9"""
Trevor,Coenen,Horizon League Outdoor Track & Field Championships,"May  7- 9, 2021",SP,10.92m,,"35' 10"""
Trevor,Coenen,Horizon League Outdoor Track & Field Championships,"May  7- 9, 2021",HJ,1.88m,,"6' 2"""
Trevor,Coenen,Horizon League Outdoor Track & Field Championships,"May  7- 9, 2021",400,54.54,,
Trevor,Coenen,Horizon League Outdoor Track & Field Championships,"May  7- 9, 2021",110H,16.30,(2.7),
Trevor,Coenen,Horizon League Outdoor Track & Field Championships,"May  7- 9, 2021",DT,34.51m,,"113' 3"""
Trevor,Coenen,Horizon League Outdoor Track & Field Championships,"May  7- 9, 2021",PV,3.00m,,"9' 10"""
Trevor,Coenen,Horizon League Outdoor Track & Field Championships,"May  7- 9, 2021",JT,47.36m,,"155' 4"""
Trevor,Coenen,Horizon League Outdoor Track & Field Championships,"May  7- 9, 2021",1500,5:58.25,,
Trevor,Coenen,Valpo Invitational,"May  1, 2021",110H,16.51,(1.2),
Trevor,Coenen,Valpo Invitational,"May  1, 2021",LJ,5.85m,(0.2),"19' 2.5"""
Trevor,Coenen,Valpo Invitational,"May  1, 2021",JT,45.52m,,"149' 4"""
Trevor,Coenen,Clark Wood Invitational,"Apr 23-24, 2021",HJ,1.89m,,"6' 2.25"""
Trevor,Coenen,Clark Wood Invitational,"Apr 23-24, 2021",DT,29.86m,,"97' 11"""
Trevor,Coenen,Clark Wood Invitational,"Apr 23-24, 2021",JT,46.70m,,"153' 2"""
Trevor,Coenen,Gibson Invitational Heptathlon & Decathlon,"Apr 15-16, 2021",Dec,5656,,
Trevor,Coenen,Gibson Invitational Heptathlon & Decathlon,"Apr 15-16, 2021",100,11.96,(3.4),
Trevor,Coenen,Gibson Invitational Heptathlon & Decathlon,"Apr 15-16, 2021",LJ,5.77m,(+0.0),"18' 11.25"""
Trevor,Coenen,Gibson Invitational Heptathlon & Decathlon,"Apr 15-16, 2021",SP,11.95m,,"39' 2.5"""
Trevor,Coenen,Gibson Invitational Heptathlon & Decathlon,"Apr 15-16, 2021",HJ,1.84m,,"6' 0.5"""
Trevor,Coenen,Gibson Invitational Heptathlon & Decathlon,"Apr 15-16, 2021",400,53.63,,
Trevor,Coenen,Gibson Invitational Heptathlon & Decathlon,"Apr 15-16, 2021",110H,16.38,(0.2),
Trevor,Coenen,Gibson Invitational Heptathlon & Decathlon,"Apr 15-16, 2021",DT,34.16m,,"112' 1"""
Trevor,Coenen,Gibson Invitational Heptathlon & Decathlon,"Apr 15-16, 2021",PV,2.92m,,"9' 7"""
Trevor,Coenen,Gibson Invitational Heptathlon & Decathlon,"Apr 15-16, 2021",JT,48.29m,,"158' 5"""
Trevor,Coenen,Gibson Invitational Heptathlon & Decathlon,"Apr 15-16, 2021",1500,5:29.56,,
Trevor,Coenen,Big Blue Classic,"Apr  9-10, 2021",110H,DNS,(2.6),
Trevor,Coenen,Big Blue Classic,"Apr  9-10, 2021",HJ,NH,,NH
Trevor,Coenen,Big Blue Classic,"Apr  9-10, 2021",JT,NM,,NM
Trevor,Coenen,Illinois State Redbird Invitational,"Apr  2, 2021",110H,18.75,(2.2),
Trevor,Coenen,Illinois State Redbird Invitational,"Apr  2, 2021",LJ,5.63m,(2.1),"18' 5.75"""
Trevor,Coenen,Illinois State Redbird Invitational,"Apr  2, 2021",JT,44.10m,,"144' 8"""
Trevor,Coenen,Horizon League Indoor Track & Field Championships,"Feb 26-Mar  1, 2021",HJ,1.86m,,"6' 1.25"""
Trevor,Coenen,Horizon League Indoor Track & Field Championships,"Feb 26-Mar  1, 2021",Hep,4071,,
Trevor,Coenen,Horizon League Indoor Track & Field Championships,"Feb 26-Mar  1, 2021",60,7.75,,
Trevor,Coenen,Horizon League Indoor Track & Field Championships,"Feb 26-Mar  1, 2021",LJ,6.07m,,"19' 11"""
Trevor,Coenen,Horizon League Indoor Track & Field Championships,"Feb 26-Mar  1, 2021",SP,11.32m,,"37' 1.75"""
Trevor,Coenen,Horizon League Indoor Track & Field Championships,"Feb 26-Mar  1, 2021",HJ,1.83m,,"6' 0"""
Trevor,Coenen,Horizon League Indoor Track & Field Championships,"Feb 26-Mar  1, 2021",60H,9.10,,
Trevor,Coenen,Horizon League Indoor Track & Field Championships,"Feb 26-Mar  1, 2021",PV,2.75m,,"9' 0.25"""
Trevor,Coenen,Horizon League Indoor Track & Field Championships,"Feb 26-Mar  1, 2021",1000,3:07.29,,
Trevor,Coenen,UW-Parkside Triangular,"Feb 19-20, 2021",55H,8.44,,
Trevor,Coenen,UW-Parkside Triangular,"Feb 19-20, 2021",HJ,1.80m,,"5' 10.75"""
Trevor,Coenen,UW-Parkside Triangular,"Feb 19-20, 2021",PV,NH,,NH
Trevor,Coenen,UW-Parkside Triangular,"Feb 19-20, 2021",SP,10.43m,,"34' 2.75"""
Trevor,Coenen,Panther Tune-Up,"Feb 14, 2021",60H,9.05,,
Trevor,Coenen,Panther Tune-Up,"Feb 14, 2021",LJ,5.99m,,"19' 8"""
Trevor,Coenen,UW-Parkside Triangular,"Feb  5- 6, 2021",55H,8.64,,
Trevor,Coenen,UW-Parkside Triangular,"Feb  5- 6, 2021",HJ,1.83m,,"6' 0"""
Trevor,Coenen,UW-Parkside Triangular,"Feb  5- 6, 2021",SP,11.82m,,"38' 9.5"""
Trevor,Coenen,John Tierney Classic,"Jan 23, 2021",60H,DNF,,
Trevor,Coenen,John Tierney Classic,"Jan 23, 2021",LJ,5.92m,,"19' 5.25"""
Trevor,Coenen,John Tierney Classic,"Jan 23, 2021",SP,11.30m,,"37' 1"""
Trevor,Coenen,Horizon League Outdoor Track & Field Championships,"May  3- 5, 2019",110H,15.77,(1.7),
Trevor,Coenen,Horizon League Outdoor Track & Field Championships,"May  3- 5, 2019",110H,15.76,(1.5),
Trevor,Coenen,Horizon League Outdoor Track & Field Championships,"May  3- 5, 2019",HJ,1.88m,,"6' 2"""
Trevor,Coenen,Horizon League Outdoor Track & Field Championships,"May  3- 5, 2019",JT,52.75m,,"173' 1"""
Trevor,Coenen,Horizon League Outdoor Track & Field Championships,"May  3- 5, 2019",Dec,5834,,
Trevor,Coenen,Horizon League Outdoor Track & Field Championships,"May  3- 5, 2019",100,11.97,(-0.9),
Trevor,Coenen,Horizon League Outdoor Track & Field Championships,"May  3- 5, 2019",LJ,6.18m,(+0.0),"20' 3.5"""
Trevor,Coenen,Horizon League Outdoor Track & Field Championships,"May  3- 5, 2019",SP,12.17m,,"39' 11.25"""
Trevor,Coenen,Horizon League Outdoor Track & Field Championships,"May  3- 5, 2019",HJ,1.92m,,"6' 3.5"""
Trevor,Coenen,Horizon League Outdoor Track & Field Championships,"May  3- 5, 2019",400,53.15,,
Trevor,Coenen,Horizon League Outdoor Track & Field Championships,"May  3- 5, 2019",110H,15.98,(1.1),
Trevor,Coenen,Horizon League Outdoor Track & Field Championships,"May  3- 5, 2019",DT,32.68m,,"107' 3"""
Trevor,Coenen,Horizon League Outdoor Track & Field Championships,"May  3- 5, 2019",PV,2.20m,,"7' 2.5"""
Trevor,Coenen,Horizon League Outdoor Track & Field Championships,"May  3- 5, 2019",JT,52.30m,,"171' 7"""
Trevor,Coenen,Horizon League Outdoor Track & Field Championships,"May  3- 5, 2019",1500,5:15.43,,
Trevor,Coenen,2019 Lenny Lyles-Clark Wood Invitational,"Apr 26-27, 2019",110H,15.78,(2.3),
Trevor,Coenen,2019 Lenny Lyles-Clark Wood Invitational,"Apr 26-27, 2019",HJ,1.96m,,"6' 5"""
Trevor,Coenen,2019 Lenny Lyles-Clark Wood Invitational,"Apr 26-27, 2019",JT,49.53m,,"162' 6"""
Trevor,Coenen,Kentucky Track & Field Invitational,"Apr 20, 2019",110H,16.03,(1.2),
Trevor,Coenen,Kentucky Track & Field Invitational,"Apr 20, 2019",HJ,1.93m,,"6' 4"""
Trevor,Coenen,Illinois Twilight,"Apr 13, 2019",110H,15.79,(1.5),
Trevor,Coenen,Illinois Twilight,"Apr 13, 2019",HJ,1.90m,,"6' 2.75"""
Trevor,Coenen,Illinois Twilight,"Apr 13, 2019",JT,41.82m,,"137' 2"""
Trevor,Coenen,Jack Shaw Classic,"Apr  5, 2019",110H,16.61,(0.2),
Trevor,Coenen,Jack Shaw Classic,"Apr  5, 2019",LJ,5.87m,(1.4),"19' 3.25"""
Trevor,Coenen,Jack Shaw Classic,"Apr  5, 2019",JT,46.80m,,"153' 6"""
Trevor,Coenen,2019 Drury Hotels Joey Haines Invite,"Mar 29-30, 2019",110H,17.84,(3.0),
Trevor,Coenen,2019 Drury Hotels Joey Haines Invite,"Mar 29-30, 2019",HJ,NH,,NH
Trevor,Coenen,2019 Drury Hotels Joey Haines Invite,"Mar 29-30, 2019",SP,11.83m,,"38' 9.75"""
Trevor,Coenen,Horizon League Indoor Track & Field Championships,"Feb 23-24, 2019",HJ,1.91m,,"6' 3.25"""
Trevor,Coenen,Horizon League Indoor Track & Field Championships,"Feb 23-24, 2019",Hep,4296,,
Trevor,Coenen,Horizon League Indoor Track & Field Championships,"Feb 23-24, 2019",60,7.74,,
Trevor,Coenen,Horizon League Indoor Track & Field Championships,"Feb 23-24, 2019",LJ,5.95m,,"19' 6.25"""
Trevor,Coenen,Horizon League Indoor Track & Field Championships,"Feb 23-24, 2019",SP,12.51m,,"41' 0.5"""
Trevor,Coenen,Horizon League Indoor Track & Field Championships,"Feb 23-24, 2019",HJ,1.90m,,"6' 2.75"""
Trevor,Coenen,Horizon League Indoor Track & Field Championships,"Feb 23-24, 2019",60H,8.96,,
Trevor,Coenen,Horizon League Indoor Track & Field Championships,"Feb 23-24, 2019",PV,3.05m,,"10' 0"""
Trevor,Coenen,Horizon League Indoor Track & Field Championships,"Feb 23-24, 2019",1000,3:05.83,,
Trevor,Coenen,Panther TuneUp,"Feb 16, 2019",60H,8.90,,
Trevor,Coenen,Panther TuneUp,"Feb 16, 2019",PV,2.42m,,"7' 11.25"""
Trevor,Coenen,Panther TuneUp,"Feb 16, 2019",SP,11.77m,,"38' 7.5"""
Trevor,Coenen,GVSU Big Meet (Saturday),"Feb  9, 2019",60H,9.19,,
Trevor,Coenen,GVSU Big Meet (Saturday),"Feb  9, 2019",HJ,NH,,NH
Trevor,Coenen,GVSU Big Meet (Saturday),"Feb  9, 2019",LJ,5.63m,,"18' 5.75"""
Trevor,Coenen,2019 Meyo Invitational,"Feb  1- 2, 2019",HJ,NH,,NH
Trevor,Coenen,2019 Illini Invitational,"Jan 25-26, 2019",Hep,3614,,
Trevor,Coenen,2019 Illini Invitational,"Jan 25-26, 2019",60,7.82,,
Trevor,Coenen,2019 Illini Invitational,"Jan 25-26, 2019",LJ,5.55m,,"18' 2.5"""
Trevor,Coenen,2019 Illini Invitational,"Jan 25-26, 2019",SP,11.26m,,"36' 11.5"""
Trevor,Coenen,2019 Illini Invitational,"Jan 25-26, 2019",HJ,1.88m,,"6' 2"""
Trevor,Coenen,2019 Illini Invitational,"Jan 25-26, 2019",60H,9.31,,
Trevor,Coenen,2019 Illini Invitational,"Jan 25-26, 2019",PV,NH,,NH
Trevor,Coenen,2019 Illini Invitational,"Jan 25-26, 2019",1000,3:09.74,,
Trevor,Coenen,Horizon League Outdoor Track & Field Championships,"May  4- 6, 2018",HJ,1.87m,,"6' 1.5"""
Trevor,Coenen,Horizon League Outdoor Track & Field Championships,"May  4- 6, 2018",JT,46.14m,,"151' 4"""
Trevor,Coenen,Horizon League Outdoor Track & Field Championships,"May  4- 6, 2018",Dec,5371,,
Trevor,Coenen,Horizon League Outdoor Track & Field Championships,"May  4- 6, 2018",100,11.95,(4.4),
Trevor,Coenen,Horizon League Outdoor Track & Field Championships,"May  4- 6, 2018",LJ,5.95m,(5.6),"19' 6.25"""
Trevor,Coenen,Horizon League Outdoor Track & Field Championships,"May  4- 6, 2018",SP,10.90m,,"35' 9.25"""
Trevor,Coenen,Horizon League Outdoor Track & Field Championships,"May  4- 6, 2018",HJ,1.90m,,"6' 2.75"""
Trevor,Coenen,Horizon League Outdoor Track & Field Championships,"May  4- 6, 2018",400,55.97,,
Trevor,Coenen,Horizon League Outdoor Track & Field Championships,"May  4- 6, 2018",110H,16.30,(1.2),
Trevor,Coenen,Horizon League Outdoor Track & Field Championships,"May  4- 6, 2018",DT,24.95m,,"81' 10"""
Trevor,Coenen,Horizon League Outdoor Track & Field Championships,"May  4- 6, 2018",PV,2.80m,,"9' 2.25"""
Trevor,Coenen,Horizon League Outdoor Track & Field Championships,"May  4- 6, 2018",JT,46.21m,,"151' 7"""
Trevor,Coenen,Horizon League Outdoor Track & Field Championships,"May  4- 6, 2018",1500,5:27.29,,
Trevor,Coenen,UW-Whitewater Drake Alternative,"Apr 28, 2018",110H,15.77,(2.6),
Trevor,Coenen,UW-Whitewater Drake Alternative,"Apr 28, 2018",PV,NH,,NH
Trevor,Coenen,UW-Whitewater Drake Alternative,"Apr 28, 2018",LJ,5.90m,(3.0),"19' 4.25"""
Trevor,Coenen,DePaul Invitational,"Apr 21, 2018",110H,16.35,(1.2),
Trevor,Coenen,DePaul Invitational,"Apr 21, 2018",HJ,1.85m,,"6' 0.75"""
Trevor,Coenen,DePaul Invitational,"Apr 21, 2018",JT,45.32m,,"148' 8"""
Trevor,Coenen,Benedictine Relays and Invitational,"Apr 13-14, 2018",110H,16.01,(2.1),
Trevor,Coenen,Benedictine Relays and Invitational,"Apr 13-14, 2018",LJ,6.14m,(2.7),"20' 1.75"""
Trevor,Coenen,Gibson Invitational,"Apr  6- 7, 2018",HJ,1.90m,,"6' 2.75"""
Trevor,Coenen,2018 EIU Big Blue Classic,"Mar 30-31, 2018",110H,16.20,(1.1),
Trevor,Coenen,2018 EIU Big Blue Classic,"Mar 30-31, 2018",110H,16.74,(3.1),
Trevor,Coenen,2018 EIU Big Blue Classic,"Mar 30-31, 2018",HJ,NH,,NH
Trevor,Coenen,2018 EIU Big Blue Classic,"Mar 30-31, 2018",JT,46.20m,,"151' 7"""
Trevor,Coenen,SIU Bill Cornell Spring Classic,"Mar 23-24, 2018",110H,16.04,(2.2),
Trevor,Coenen,SIU Bill Cornell Spring Classic,"Mar 23-24, 2018",HJ,NH,,NH
Trevor,Coenen,SIU Bill Cornell Spring Classic,"Mar 23-24, 2018",JT,40.19m,,"131' 10"""
Trevor,Coenen,Horizon League Indoor Track & Field Championships,"Feb 23-24, 2018",HJ,1.94m,,"6' 4.25"""
Trevor,Coenen,Horizon League Indoor Track & Field Championships,"Feb 23-24, 2018",Hep,4158,,
Trevor,Coenen,Horizon League Indoor Track & Field Championships,"Feb 23-24, 2018",60,7.82,,
Trevor,Coenen,Horizon League Indoor Track & Field Championships,"Feb 23-24, 2018",LJ,5.80m,,"19' 0.5"""
Trevor,Coenen,Horizon League Indoor Track & Field Championships,"Feb 23-24, 2018",SP,10.95m,,"35' 11.25"""
Trevor,Coenen,Horizon League Indoor Track & Field Championships,"Feb 23-24, 2018",HJ,1.85m,,"6' 0.75"""
Trevor,Coenen,Horizon League Indoor Track & Field Championships,"Feb 23-24, 2018",60H,8.84,,
Trevor,Coenen,Horizon League Indoor Track & Field Championships,"Feb 23-24, 2018",PV,2.84m,,"9' 3.75"""
Trevor,Coenen,Horizon League Indoor Track & Field Championships,"Feb 23-24, 2018",1000,2:57.61,,
Trevor,Coenen,Panther TuneUp,"Feb 17, 2018",HJ,1.83m,,"6' 0"""
Trevor,Coenen,Panther TuneUp,"Feb 17, 2018",PV,2.77m,,"9' 1"""
Trevor,Coenen,Panther TuneUp,"Feb 17, 2018",SP,10.58m,,"34' 8.5"""
Trevor,Coenen,GVSU Big Meet- Saturday,"Feb 10, 2018",60H,9.10,,
Trevor,Coenen,GVSU Big Meet- Saturday,"Feb 10, 2018",HJ,NH,,NH
Trevor,Coenen,UW Parkside Classic,"Feb  3, 2018",55H,8.52,,
Trevor,Coenen,UW Parkside Classic,"Feb  3, 2018",PV,2.95m,,"9' 8"""
Trevor,Coenen,UW Parkside Classic,"Feb  3, 2018",SP,11.16m,,"36' 7.5"""
Trevor,Coenen,2018 Mark Messersmith Invitational,"Jan 27, 2018",HJ,NH,,NH
Trevor,Coenen,2018 Mark Messersmith Invitational,"Jan 27, 2018",LJ,5.60m,,"18' 4.5"""
Trevor,Coenen,John Tierney Classic,"Jan 20, 2018",60H,9.03,,
Trevor,Coenen,John Tierney Classic,"Jan 20, 2018",PV,2.50m,,"8' 2.5"""
Trevor,Coenen,John Tierney Classic,"Jan 20, 2018",LJ,5.59m,,"18' 4.25"""
Trevor,Coenen,Karl Schlender Invitational,"Jan 13, 2018",60H,9.12,,
Trevor,Coenen,Karl Schlender Invitational,"Jan 13, 2018",HJ,1.80m,,"5' 10.75"""
Trevor,Coenen,Horizon League Outdoor Track & Field Championships,"May  5- 7, 2017",HJ,NH,,NH
Trevor,Coenen,Horizon League Outdoor Track & Field Championships,"May  5- 7, 2017",JT,43.76m,,"143' 7"""
Trevor,Coenen,Horizon League Outdoor Track & Field Championships,"May  5- 7, 2017",Dec,5317,,
Trevor,Coenen,Horizon League Outdoor Track & Field Championships,"May  5- 7, 2017",100,12.06,(-1.3),
Trevor,Coenen,Horizon League Outdoor Track & Field Championships,"May  5- 7, 2017",LJ,5.63m,(0.2),"18' 5.75"""
Trevor,Coenen,Horizon League Outdoor Track & Field Championships,"May  5- 7, 2017",SP,10.05m,,"32' 11.75"""
Trevor,Coenen,Horizon League Outdoor Track & Field Championships,"May  5- 7, 2017",HJ,1.80m,,"5' 10.75"""
Trevor,Coenen,Horizon League Outdoor Track & Field Championships,"May  5- 7, 2017",400,53.41,,
Trevor,Coenen,Horizon League Outdoor Track & Field Championships,"May  5- 7, 2017",110H,16.01,(1.4),
Trevor,Coenen,Horizon League Outdoor Track & Field Championships,"May  5- 7, 2017",DT,27.53m,,"90' 4"""
Trevor,Coenen,Horizon League Outdoor Track & Field Championships,"May  5- 7, 2017",PV,2.85m,,"9' 4.25"""
Trevor,Coenen,Horizon League Outdoor Track & Field Championships,"May  5- 7, 2017",JT,45.01m,,"147' 8"""
Trevor,Coenen,Horizon League Outdoor Track & Field Championships,"May  5- 7, 2017",1500,5:28.63,,
Trevor,Coenen,UW-Whitewater Drake Alternative Meet,"Apr 29, 2017",110H,15.78,(2.2),
Trevor,Coenen,UW-Whitewater Drake Alternative Meet,"Apr 29, 2017",110H,16.03,(2.5),
Trevor,Coenen,UW-Whitewater Drake Alternative Meet,"Apr 29, 2017",DT,23.03m,,"75' 7"""
Trevor,Coenen,Benedictine Eagle Relays 2017,"Apr 14-15, 2017",110H,16.54,(3.0),
Trevor,Coenen,Benedictine Eagle Relays 2017,"Apr 14-15, 2017",HJ,1.85m,,"6' 0.75"""
Trevor,Coenen,Benedictine Eagle Relays 2017,"Apr 14-15, 2017",JT,48.85m,,"160' 3"""
Trevor,Coenen,Marquette Duals,"Apr  7, 2017",110H,16.91,(+0.0),
Trevor,Coenen,Marquette Duals,"Apr  7, 2017",400H,1:01.63,,
Trevor,Coenen,Marquette Duals,"Apr  7, 2017",HJ,1.86m,,"6' 1.25"""
Trevor,Coenen,EIU Big Blue Classic 2017,"Mar 31-Apr  1, 2017",HJ,1.78m,,"5' 10"""
Trevor,Coenen,EIU Big Blue Classic 2017,"Mar 31-Apr  1, 2017",JT,42.85m,,"140' 7"""
Trevor,Coenen,Gene and Rose Edmonds Invitational,"Mar 25, 2017",100,12.39,(1.9),
Trevor,Coenen,Gene and Rose Edmonds Invitational,"Mar 25, 2017",HJ,NH,,NH
Trevor,Coenen,Horizon League Indoor Track & Field Championships,"Feb 25-26, 2017",Hep,3749,,
Trevor,Coenen,Horizon League Indoor Track & Field Championships,"Feb 25-26, 2017",60,7.82,,
Trevor,Coenen,Horizon League Indoor Track & Field Championships,"Feb 25-26, 2017",LJ,5.57m,,"18' 3.25"""
Trevor,Coenen,Horizon League Indoor Track & Field Championships,"Feb 25-26, 2017",SP,9.70m,,"31' 10"""
Trevor,Coenen,Horizon League Indoor Track & Field Championships,"Feb 25-26, 2017",HJ,1.77m,,"5' 9.75"""
Trevor,Coenen,Horizon League Indoor Track & Field Championships,"Feb 25-26, 2017",60H,9.25,,
Trevor,Coenen,Horizon League Indoor Track & Field Championships,"Feb 25-26, 2017",PV,2.55m,,"8' 4.25"""
Trevor,Coenen,Horizon League Indoor Track & Field Championships,"Feb 25-26, 2017",1000,3:04.02,,
Trevor,Coenen,Panther TuneUp,"Feb 18, 2017",PV,2.51m,,"8' 2.75"""
Trevor,Coenen,Panther TuneUp,"Feb 18, 2017",SP,9.25m,,"30' 4.25"""
Trevor,Coenen,GVSU Big Meet (Saturday),"Feb 11, 2017",60,7.78,,
Trevor,Coenen,GVSU Big Meet (Saturday),"Feb 11, 2017",60H,9.28,,
Trevor,Coenen,GVSU Big Meet (Saturday),"Feb 11, 2017",HJ,NH,,NH
Trevor,Coenen,UW Parkside Classic,"Feb  4, 2017",55H,8.75,,
Trevor,Coenen,UW Parkside Classic,"Feb  4, 2017",55H,8.58,,
Trevor,Coenen,UW Parkside Classic,"Feb  4, 2017",LJ,5.62m,,"18' 5.25"""
Trevor,Coenen,UW Parkside Classic,"Feb  4, 2017",SP,10.18m,,"33' 4.75"""
Trevor,Coenen,2017 Mark Messersmith Invitational,"Jan 28, 2017",HJ,1.86m,,"6' 1.25"""
Trevor,Coenen,John Tierney Classic,"Jan 21, 2017",60H,9.01,,
Trevor,Coenen,John Tierney Classic,"Jan 21, 2017",HJ,1.85m,,"6' 0.75"""
Trevor,Coenen,Karl Schlender Invitational,"Jan 14, 2017",HJ,1.80m,,"5' 10.75"""
Cole,Gillitzer,Horizon League Outdoor Track & Field Championships,"May  7- 9, 2021",LJ,6.59m,(1.3),"21' 7.5"""
Cole,Gillitzer,Horizon League Outdoor Track & Field Championships,"May  7- 9, 2021",TJ,13.96m,,"45' 9.75"""
Cole,Gillitzer,Valpo Invitational,"May  1, 2021",TJ,13.46m,(2.3),"44' 2"""
Cole,Gillitzer,Clark Wood Invitational,"Apr 23-24, 2021",LJ,6.44m,(2.4),"21' 1.5"""
Cole,Gillitzer,Clark Wood Invitational,"Apr 23-24, 2021",TJ,12.82m,(0.5),"42' 0.75"""
Cole,Gillitzer,Gibson Invitational sponsored by the Terre Haute CVB,"Apr 16-17, 2021",LJ,6.38m,(+0.0),"20' 11.25"""
Cole,Gillitzer,Gibson Invitational sponsored by the Terre Haute CVB,"Apr 16-17, 2021",TJ,13.64m,(+0.0),"44' 9"""
Cole,Gillitzer,Big Blue Classic,"Apr  9-10, 2021",TJ,13.57m,(3.1),"44' 6.25"""
Cole,Gillitzer,Horizon League Indoor Track & Field Championships,"Feb 26-Mar  1, 2021",LJ,6.38m,,"20' 11.25"""
Cole,Gillitzer,Horizon League Indoor Track & Field Championships,"Feb 26-Mar  1, 2021",TJ,13.36m,,"43' 10"""
Cole,Gillitzer,Panther Tune-Up,"Feb 14, 2021",LJ,FOUL,,NM
Cole,Gillitzer,Panther Tune-Up,"Feb 14, 2021",TJ,FOUL,,NM
Cole,Gillitzer,UW-Parkside Triangular,"Feb  5- 6, 2021",LJ,6.24m,,"20' 5.75"""
Cole,Gillitzer,UW-Parkside Triangular,"Feb  5- 6, 2021",TJ,13.33m,,"43' 9"""
Cole,Gillitzer,John Tierney Classic,"Jan 23, 2021",TJ,13.37m,,"43' 10.5"""
Cole,Gillitzer,Horizon League Indoor Track & Field Championships,"Feb 29-Mar  1, 2020",LJ,6.31m,,"20' 8.5"""
Cole,Gillitzer,Horizon League Indoor Track & Field Championships,"Feb 29-Mar  1, 2020",TJ,13.87m,,"45' 6.25"""
Cole,Gillitzer,Panther Tune-Up,"Feb 22, 2020",TJ,FOUL,,NM
Cole,Gillitzer,GVSU Big Meet (Saturday),"Feb 15, 2020",LJ,6.22m,,"20' 5"""
Cole,Gillitzer,GVSU Big Meet Invite (Friday),"Feb 14, 2020",TJ,13.46m,,"44' 2"""
Cole,Gillitzer,2020 Meyo Invitational,"Feb  7- 8, 2020",TJ,13.86m,(+0.0),"45' 5.75"""
Cole,Gillitzer,2020 ONU Invitational,"Feb  1, 2020",LJ,6.22m,,"20' 5"""
Cole,Gillitzer,Illini Invitational,"Jan 24-25, 2020",LJ,6.23m,,"20' 5.25"""
Cole,Gillitzer,John Tierney Classic,"Jan 18, 2020",TJ,13.24m,,"43' 5.25"""
Cole,Gillitzer,Gene Edmonds Memorial,"Jan 10-11, 2020",LJ,6.01m,,"19' 8.75"""
Cole,Gillitzer,Gene Edmonds Memorial,"Jan 10-11, 2020",TJ,13.47m,,"44' 2.5"""
Cole,Gillitzer,Horizon League Outdoor Track & Field Championships,"May  3- 5, 2019",LJ,FOUL,,NM
Cole,Gillitzer,Horizon League Outdoor Track & Field Championships,"May  3- 5, 2019",TJ,13.65m,(1.6),"44' 9.5"""
Cole,Gillitzer,2019 Lenny Lyles-Clark Wood Invitational,"Apr 26-27, 2019",LJ,6.82m,(0.7),"22' 4.5"""
Cole,Gillitzer,Kentucky Track & Field Invitational,"Apr 20, 2019",LJ,6.40m,(-0.5),"21' 0"""
Cole,Gillitzer,Kentucky Track & Field Invitational,"Apr 20, 2019",TJ,13.28m,(0.8),"43' 7"""
Cole,Gillitzer,Illinois Twilight,"Apr 13, 2019",TJ,13.91m,(0.8),"45' 7.75"""
Cole,Gillitzer,Jack Shaw Classic,"Apr  5, 2019",LJ,6.55m,(0.7),"21' 6"""
Cole,Gillitzer,Jack Shaw Classic,"Apr  5, 2019",TJ,13.57m,(0.8),"44' 6.25"""
Cole,Gillitzer,2019 Drury Hotels Joey Haines Invite,"Mar 29-30, 2019",LJ,6.64m,(0.7),"21' 9.5"""
Cole,Gillitzer,Horizon League Indoor Track & Field Championships,"Feb 23-24, 2019",LJ,6.75m,,"22' 1.75"""
Cole,Gillitzer,Horizon League Indoor Track & Field Championships,"Feb 23-24, 2019",TJ,14.08m,,"46' 2.5"""
Cole,Gillitzer,Panther TuneUp,"Feb 16, 2019",LJ,6.68m,,"21' 11"""
Cole,Gillitzer,GVSU Big Meet (Saturday),"Feb  9, 2019",LJ,6.66m,,"21' 10.25"""
Cole,Gillitzer,GVSU Big Meet (Friday),"Feb  8, 2019",TJ,13.80m,,"45' 3.5"""
Cole,Gillitzer,2019 Meyo Invitational,"Feb  1- 2, 2019",TJ,14.11m,(+0.0),"46' 3.5"""
Cole,Gillitzer,2019 Illini Invitational,"Jan 25-26, 2019",TJ,13.43m,,"44' 0.75"""
Cole,Gillitzer,John Tierney Classic,"Jan 19, 2019",LJ,6.22m,,"20' 5"""
Cole,Gillitzer,John Tierney Classic,"Jan 19, 2019",TJ,13.76m,,"45' 1.75"""
Cole,Gillitzer,Badger Icebreaker,"Jan 12, 2019",TJ,13.60m,,"44' 7.5"""
Cole,Gillitzer,Horizon League Outdoor Track & Field Championships,"May  4- 6, 2018",LJ,6.55m,(1.8),"21' 6"""
Cole,Gillitzer,Horizon League Outdoor Track & Field Championships,"May  4- 6, 2018",TJ,13.90m,(2.3),"45' 7.25"""
Cole,Gillitzer,UW-Whitewater Drake Alternative,"Apr 28, 2018",LJ,6.51m,(2.2),"21' 4.25"""
Cole,Gillitzer,UW-Whitewater Drake Alternative,"Apr 28, 2018",TJ,13.35m,(1.7),"43' 9.75"""
Cole,Gillitzer,DePaul Invitational,"Apr 21, 2018",TJ,NM,,NM
Cole,Gillitzer,Benedictine Relays and Invitational,"Apr 13-14, 2018",LJ,6.07m,(4.0),"19' 11"""
Cole,Gillitzer,Gibson Invitational,"Apr  6- 7, 2018",TJ,13.34m,(0.6),"43' 9.25"""
Cole,Gillitzer,2018 EIU Big Blue Classic,"Mar 30-31, 2018",LJ,6.06m,(+0.0),"19' 10.75"""
Cole,Gillitzer,2018 EIU Big Blue Classic,"Mar 30-31, 2018",TJ,13.27m,(2.7),"43' 6.5"""
Cole,Gillitzer,SIU Bill Cornell Spring Classic,"Mar 23-24, 2018",LJ,5.88m,(-0.2),"19' 3.5"""
Cole,Gillitzer,SIU Bill Cornell Spring Classic,"Mar 23-24, 2018",TJ,13.24m,(2.5),"43' 5.25"""
Cole,Gillitzer,Horizon League Indoor Track & Field Championships,"Feb 23-24, 2018",LJ,6.28m,,"20' 7.25"""
Cole,Gillitzer,Horizon League Indoor Track & Field Championships,"Feb 23-24, 2018",TJ,13.16m,,"43' 2.25"""
Cole,Gillitzer,Panther TuneUp,"Feb 17, 2018",LJ,5.93m,,"19' 5.5"""
Cole,Gillitzer,GVSU Big Meet- Saturday,"Feb 10, 2018",LJ,6.02m,,"19' 9"""
Cole,Gillitzer,GVSU Big Meet- Saturday,"Feb 10, 2018",TJ,12.89m,,"42' 3.5"""
Cole,Gillitzer,2018 Mark Messersmith Invitational,"Jan 27, 2018",TJ,12.70m,,"41' 8"""
Cole,Gillitzer,John Tierney Classic,"Jan 20, 2018",LJ,5.89m,,"19' 4"""
Cole,Gillitzer,John Tierney Classic,"Jan 20, 2018",TJ,12.87m,,"42' 2.75"""
Cole,Gillitzer,Karl Schlender Invitational,"Jan 13, 2018",LJ,6.25m,,"20' 6.25"""
Cole,Gillitzer,Karl Schlender Invitational,"Jan 13, 2018",TJ,12.58m,,"41' 3.25"""
Austin,Glinski,Gibson Invitational sponsored by the Terre Haute CVB,"Apr 16-17, 2021",100,11.48,(0.2),
Austin,Glinski,Big Blue Classic,"Apr  9-10, 2021",100,11.38,(2.4),
Austin,Glinski,Big Blue Classic,"Apr  9-10, 2021",200,DNS,(1.2),
Austin,Glinski,Big Blue Classic,"Apr  9-10, 2021",4x100,42.54,,
Austin,Glinski,Illinois State Redbird Invitational,"Apr  2, 2021",100,DNS,(1.6),
Austin,Glinski,Illinois State Redbird Invitational,"Apr  2, 2021",200,DNS,(4.6),
Austin,Glinski,Horizon League Indoor Track & Field Championships,"Feb 26-Mar  1, 2021",60,7.21,,
Austin,Glinski,UW-Parkside Triangular,"Feb 19-20, 2021",55,6.64,,
Austin,Glinski,Panther Tune-Up,"Feb 14, 2021",60,7.23,,
Austin,Glinski,Panther Tune-Up,"Feb 14, 2021",60,7.24,,
Austin,Glinski,UW-Parkside Triangular,"Feb  5- 6, 2021",55,6.69,,
Austin,Glinski,UW-Parkside Triangular,"Feb  5- 6, 2021",200,23.83,,
Austin,Glinski,John Tierney Classic,"Jan 23, 2021",60,7.17,,
Austin,Glinski,Horizon League Indoor Track & Field Championships,"Feb 29-Mar  1, 2020",60,7.17,,
Austin,Glinski,Panther Tune-Up,"Feb 22, 2020",60,7.06,,
Austin,Glinski,GVSU Big Meet (Saturday),"Feb 15, 2020",60,7.10,,
Austin,Glinski,GVSU Big Meet (Saturday),"Feb 15, 2020",60,7.12,,
Austin,Glinski,GVSU Big Meet Invite (Friday),"Feb 14, 2020",60,7.16,,
Austin,Glinski,2020 Meyo Invitational,"Feb  7- 8, 2020",60,7.11,,
Austin,Glinski,Illini Invitational,"Jan 24-25, 2020",60,7.08,,
Austin,Glinski,Gene Edmonds Memorial,"Jan 10-11, 2020",60,7.22,,
Austin,Glinski,Gene Edmonds Memorial,"Jan 10-11, 2020",200,23.74,,
Austin,Glinski,Jack Shaw Classic,"Apr  5, 2019",100,DNS,(0.5),
Austin,Glinski,Jack Shaw Classic,"Apr  5, 2019",200,DNS,(0.7),
Austin,Glinski,Jack Shaw Classic,"Apr  5, 2019",4x100,50.53,,
Austin,Glinski,2019 Drury Hotels Joey Haines Invite,"Mar 29-30, 2019",100,11.37,(2.7),
Austin,Glinski,2018 EIU Big Blue Classic,"Mar 30-31, 2018",100,11.27,(3.9),
Austin,Glinski,2018 EIU Big Blue Classic,"Mar 30-31, 2018",4x100,42.30,,
Austin,Glinski,SIU Bill Cornell Spring Classic,"Mar 23-24, 2018",100,11.52,(0.3),
Austin,Glinski,SIU Bill Cornell Spring Classic,"Mar 23-24, 2018",200,23.32,(1.9),
Austin,Glinski,Panther TuneUp,"Feb 17, 2018",60,7.18,,
Austin,Glinski,Panther TuneUp,"Feb 17, 2018",200,23.73,,
Austin,Glinski,UW Parkside Classic,"Feb  3, 2018",55,6.69,,
Austin,Glinski,UW Parkside Classic,"Feb  3, 2018",55,6.70,,
Austin,Glinski,UW Parkside Classic,"Feb  3, 2018",200,23.49,,
Austin,Glinski,2018 Mark Messersmith Invitational,"Jan 27, 2018",60,7.23,,
Alex,Hergott,Horizon League Outdoor Track & Field Championships,"May  7- 9, 2021",HJ,1.89m,,"6' 2.25"""
Alex,Hergott,Valpo Invitational,"May  1, 2021",HJ,1.90m,,"6' 2.75"""
Alex,Hergott,Big Blue Classic,"Apr  9-10, 2021",HJ,NH,,NH
Alex,Hergott,Illinois State Redbird Invitational,"Apr  2, 2021",HJ,1.82m,,"5' 11.5"""
Alex,Hergott,Horizon League Indoor Track & Field Championships,"Feb 26-Mar  1, 2021",HJ,1.86m,,"6' 1.25"""
Alex,Hergott,UW-Parkside Triangular,"Feb 19-20, 2021",HJ,1.90m,,"6' 2.75"""
Alex,Hergott,Panther Tune-Up,"Feb 14, 2021",HJ,1.80m,,"5' 10.75"""
Alex,Hergott,UW-Parkside Triangular,"Feb  5- 6, 2021",HJ,1.80m,,"5' 10.75"""
Alex,Hergott,John Tierney Classic,"Jan 23, 2021",HJ,NH,,NH
Alex,Hergott,Horizon League Indoor Track & Field Championships,"Feb 29-Mar  1, 2020",HJ,1.83m,,"6' 0"""
Alex,Hergott,Panther Tune-Up,"Feb 22, 2020",HJ,1.80m,,"5' 10.75"""
Alex,Hergott,GVSU Big Meet (Saturday),"Feb 15, 2020",HJ,1.81m,,"5' 11.25"""
Alex,Hergott,Illini Invitational,"Jan 24-25, 2020",HJ,NH,,NH
Alex,Hergott,John Tierney Classic,"Jan 18, 2020",HJ,1.82m,,"5' 11.5"""
Alex,Hergott,Gene Edmonds Memorial,"Jan 10-11, 2020",HJ,1.85m,,"6' 0.75"""
Drew,McCormick,Valpo Invitational,"May  1, 2021",400H,1:00.92,,
Drew,McCormick,Horizon League Indoor Track & Field Championships,"Feb 26-Mar  1, 2021",400,DNF,,
Drew,McCormick,Horizon League Indoor Track & Field Championships,"Feb 26-Mar  1, 2021",DMR,10:30.44,,
Drew,McCormick,UW-Parkside Triangular,"Feb 19-20, 2021",400,53.34,,
Drew,McCormick,Panther Tune-Up,"Feb 14, 2021",400,53.82,,
Drew,McCormick,Gene Edmonds Memorial,"Jan 10-11, 2020",LJ,5.97m,,"19' 7"""
Drew,McCormick,Horizon League Outdoor Track & Field Championships,"May  3- 5, 2019",400H,55.30,,
Drew,McCormick,Horizon League Outdoor Track & Field Championships,"May  3- 5, 2019",400H,59.50,,
Drew,McCormick,Horizon League Outdoor Track & Field Championships,"May  3- 5, 2019",4x400,3:22.03,,
Drew,McCormick,Horizon League Outdoor Track & Field Championships,"May  3- 5, 2019",Dec,5913,,
Drew,McCormick,Horizon League Outdoor Track & Field Championships,"May  3- 5, 2019",100,11.37,(-0.9),
Drew,McCormick,Horizon League Outdoor Track & Field Championships,"May  3- 5, 2019",LJ,6.44m,(+0.0),"21' 1.5"""
Drew,McCormick,Horizon League Outdoor Track & Field Championships,"May  3- 5, 2019",SP,10.42m,,"34' 2.25"""
Drew,McCormick,Horizon League Outdoor Track & Field Championships,"May  3- 5, 2019",HJ,1.71m,,"5' 7.25"""
Drew,McCormick,Horizon League Outdoor Track & Field Championships,"May  3- 5, 2019",400,49.78,,
Drew,McCormick,Horizon League Outdoor Track & Field Championships,"May  3- 5, 2019",110H,15.83,(1.2),
Drew,McCormick,Horizon League Outdoor Track & Field Championships,"May  3- 5, 2019",DT,30.24m,,"99' 2"""
Drew,McCormick,Horizon League Outdoor Track & Field Championships,"May  3- 5, 2019",PV,3.10m,,"10' 2"""
Drew,McCormick,Horizon League Outdoor Track & Field Championships,"May  3- 5, 2019",JT,39.50m,,"129' 7"""
Drew,McCormick,Horizon League Outdoor Track & Field Championships,"May  3- 5, 2019",1500,5:06.32,,
Drew,McCormick,2019 Lenny Lyles-Clark Wood Invitational,"Apr 26-27, 2019",400H,56.53,,
Drew,McCormick,Marquette Mid-Week Challenge,"Apr 24, 2019",DT,25.68m,,"84' 3"""
Drew,McCormick,Marquette Mid-Week Challenge,"Apr 24, 2019",JT,33.24m,,"109' 1"""
Drew,McCormick,Kentucky Track & Field Invitational,"Apr 20, 2019",400H,55.39,,
Drew,McCormick,Illinois Twilight,"Apr 13, 2019",400H,56.92,,
Drew,McCormick,Illinois Twilight,"Apr 13, 2019",HJ,DNS,,NH
Drew,McCormick,Horizon League Indoor Track & Field Championships,"Feb 23-24, 2019",400,FS,,
Drew,McCormick,Horizon League Indoor Track & Field Championships,"Feb 23-24, 2019",Hep,4295,,
Drew,McCormick,Horizon League Indoor Track & Field Championships,"Feb 23-24, 2019",60,7.22,,
Drew,McCormick,Horizon League Indoor Track & Field Championships,"Feb 23-24, 2019",LJ,6.35m,,"20' 10"""
Drew,McCormick,Horizon League Indoor Track & Field Championships,"Feb 23-24, 2019",SP,10.36m,,"34' 0"""
Drew,McCormick,Horizon League Indoor Track & Field Championships,"Feb 23-24, 2019",HJ,1.69m,,"5' 6.5"""
Drew,McCormick,Horizon League Indoor Track & Field Championships,"Feb 23-24, 2019",60H,8.89,,
Drew,McCormick,Horizon League Indoor Track & Field Championships,"Feb 23-24, 2019",PV,2.95m,,"9' 8"""
Drew,McCormick,Horizon League Indoor Track & Field Championships,"Feb 23-24, 2019",1000,2:59.70,,
Drew,McCormick,Panther TuneUp,"Feb 16, 2019",HJ,1.72m,,"5' 7.75"""
Drew,McCormick,Panther TuneUp,"Feb 16, 2019",SP,10.07m,,"33' 0.5"""
Drew,McCormick,GVSU Big Meet (Saturday),"Feb  9, 2019",400,51.17,,
Drew,McCormick,GVSU Big Meet (Saturday),"Feb  9, 2019",HJ,NH,,NH
Drew,McCormick,John Tierney Classic,"Jan 19, 2019",HJ,NH,,NH
Drew,McCormick,Horizon League Outdoor Track & Field Championships,"May  4- 6, 2018",400H,DQ,,
Drew,McCormick,Horizon League Outdoor Track & Field Championships,"May  4- 6, 2018",Dec,5160,,
Drew,McCormick,Horizon League Outdoor Track & Field Championships,"May  4- 6, 2018",100,11.48,(4.4),
Drew,McCormick,Horizon League Outdoor Track & Field Championships,"May  4- 6, 2018",LJ,5.69m,(2.5),"18' 8"""
Drew,McCormick,Horizon League Outdoor Track & Field Championships,"May  4- 6, 2018",SP,9.86m,,"32' 4.25"""
Drew,McCormick,Horizon League Outdoor Track & Field Championships,"May  4- 6, 2018",HJ,1.57m,,"5' 1.75"""
Drew,McCormick,Horizon League Outdoor Track & Field Championships,"May  4- 6, 2018",400,52.41,,
Drew,McCormick,Horizon League Outdoor Track & Field Championships,"May  4- 6, 2018",110H,16.10,(1.6),
Drew,McCormick,Horizon League Outdoor Track & Field Championships,"May  4- 6, 2018",DT,22.51m,,"73' 10"""
Drew,McCormick,Horizon League Outdoor Track & Field Championships,"May  4- 6, 2018",PV,3.00m,,"9' 10"""
Drew,McCormick,Horizon League Outdoor Track & Field Championships,"May  4- 6, 2018",JT,34.74m,,"114' 0"""
Drew,McCormick,Horizon League Outdoor Track & Field Championships,"May  4- 6, 2018",1500,5:11.89,,
Drew,McCormick,UW-Whitewater Drake Alternative,"Apr 28, 2018",HJ,1.63m,,"5' 4.25"""
Drew,McCormick,UW-Whitewater Drake Alternative,"Apr 28, 2018",PV,NH,,NH
Drew,McCormick,UW-Whitewater Drake Alternative,"Apr 28, 2018",JT,32.11m,,"105' 4"""
Drew,McCormick,DePaul Invitational,"Apr 21, 2018",400H,59.13,,
Drew,McCormick,DePaul Invitational,"Apr 21, 2018",LJ,5.46m,(+0.0),"17' 11"""
Drew,McCormick,Horizon League Indoor Track & Field Championships,"Feb 23-24, 2018",Hep,3943,,
Drew,McCormick,Horizon League Indoor Track & Field Championships,"Feb 23-24, 2018",60,7.35,,
Drew,McCormick,Horizon League Indoor Track & Field Championships,"Feb 23-24, 2018",LJ,5.70m,,"18' 8.5"""
Drew,McCormick,Horizon League Indoor Track & Field Championships,"Feb 23-24, 2018",SP,9.40m,,"30' 10.25"""
Drew,McCormick,Horizon League Indoor Track & Field Championships,"Feb 23-24, 2018",HJ,1.64m,,"5' 4.5"""
Drew,McCormick,Horizon League Indoor Track & Field Championships,"Feb 23-24, 2018",60H,9.12,,
Drew,McCormick,Horizon League Indoor Track & Field Championships,"Feb 23-24, 2018",PV,2.54m,,"8' 4"""
Drew,McCormick,Horizon League Indoor Track & Field Championships,"Feb 23-24, 2018",1000,2:52.38,,
Drew,McCormick,Panther TuneUp,"Feb 17, 2018",PV,2.47m,,"8' 1.25"""
Drew,McCormick,Panther TuneUp,"Feb 17, 2018",SP,9.23m,,"30' 3.5"""
Drew,McCormick,GVSU Big Meet- Saturday,"Feb 10, 2018",LJ,5.64m,,"18' 6"""
Drew,McCormick,UW Parkside Classic,"Feb  3, 2018",400,52.37,,
Nick,Stugelmeyer,Horizon League Outdoor Track & Field Championships,"May  7- 9, 2021",100,10.86,(2.0),
Nick,Stugelmeyer,Horizon League Outdoor Track & Field Championships,"May  7- 9, 2021",4x100,42.27,,
Nick,Stugelmeyer,Valpo Invitational,"May  1, 2021",100,10.98,(1.2),
Nick,Stugelmeyer,Valpo Invitational,"May  1, 2021",4x100,42.77,,
Nick,Stugelmeyer,Clark Wood Invitational,"Apr 23-24, 2021",100,11.33,(1.1),
Nick,Stugelmeyer,Gibson Invitational sponsored by the Terre Haute CVB,"Apr 16-17, 2021",100,11.00,(2.6),
Nick,Stugelmeyer,Gibson Invitational sponsored by the Terre Haute CVB,"Apr 16-17, 2021",100,11.11,(0.9),
Nick,Stugelmeyer,Gibson Invitational sponsored by the Terre Haute CVB,"Apr 16-17, 2021",200,22.96,(-2.0),
Nick,Stugelmeyer,Gibson Invitational sponsored by the Terre Haute CVB,"Apr 16-17, 2021",4x100,DNF,,
Nick,Stugelmeyer,Big Blue Classic,"Apr  9-10, 2021",100,11.04,(1.1),
Nick,Stugelmeyer,Big Blue Classic,"Apr  9-10, 2021",200,22.97,(0.9),
Nick,Stugelmeyer,Big Blue Classic,"Apr  9-10, 2021",4x100,42.54,,
Nick,Stugelmeyer,Illinois State Redbird Invitational,"Apr  2, 2021",100,11.05,(2.8),
Nick,Stugelmeyer,Illinois State Redbird Invitational,"Apr  2, 2021",200,22.68,(4.6),
Nick,Stugelmeyer,UW-Parkside Triangular,"Feb 19-20, 2021",55,6.54,,
Nick,Stugelmeyer,UW-Parkside Triangular,"Feb 19-20, 2021",200,23.64,,
Nick,Stugelmeyer,Panther Tune-Up,"Feb 14, 2021",60,7.10,,
Nick,Stugelmeyer,Panther Tune-Up,"Feb 14, 2021",60,7.04,,
Nick,Stugelmeyer,UW-Parkside Triangular,"Feb  5- 6, 2021",55,6.68,,
Nick,Stugelmeyer,UW-Parkside Triangular,"Feb  5- 6, 2021",200,23.65,,
Nick,Stugelmeyer,Horizon League Indoor Track & Field Championships,"Feb 29-Mar  1, 2020",60,7.08,,
Nick,Stugelmeyer,Horizon League Indoor Track & Field Championships,"Feb 29-Mar  1, 2020",60,7.01,,
Nick,Stugelmeyer,Horizon League Indoor Track & Field Championships,"Feb 29-Mar  1, 2020",200,22.85,,
Nick,Stugelmeyer,Panther Tune-Up,"Feb 22, 2020",60,7.03,,
Nick,Stugelmeyer,GVSU Big Meet (Saturday),"Feb 15, 2020",60,7.12,,
Nick,Stugelmeyer,GVSU Big Meet Invite (Friday),"Feb 14, 2020",60,7.10,,
Nick,Stugelmeyer,2020 Meyo Invitational,"Feb  7- 8, 2020",60,7.13,,
Nick,Stugelmeyer,2020 ONU Invitational,"Feb  1, 2020",60,7.06,,
Nick,Stugelmeyer,2020 ONU Invitational,"Feb  1, 2020",60,7.12,,
Nick,Stugelmeyer,Illini Invitational,"Jan 24-25, 2020",60,7.19,,
Nick,Stugelmeyer,John Tierney Classic,"Jan 18, 2020",60,7.10,,
Nick,Stugelmeyer,John Tierney Classic,"Jan 18, 2020",200,25.72,,
Nick,Stugelmeyer,Gene Edmonds Memorial,"Jan 10-11, 2020",60,7.27,,
Nick,Stugelmeyer,Gene Edmonds Memorial,"Jan 10-11, 2020",200,23.96,,
Nick,Stugelmeyer,Marquette Mid-Week Challenge,"Apr 24, 2019",100,11.25,(2.5),
Nick,Stugelmeyer,Horizon League Outdoor Track & Field Championships,"May  4- 6, 2018",100,10.88,(1.6),
Nick,Stugelmeyer,Horizon League Outdoor Track & Field Championships,"May  4- 6, 2018",100,10.83,(1.2),
Nick,Stugelmeyer,Horizon League Outdoor Track & Field Championships,"May  4- 6, 2018",200,21.77,(3.2),
Nick,Stugelmeyer,Horizon League Outdoor Track & Field Championships,"May  4- 6, 2018",4x100,41.44,,
Nick,Stugelmeyer,2018 Lenny Lyles-Clark Wood Invitational,"Apr 27-28, 2018",100,10.91,(3.4),
Nick,Stugelmeyer,2018 Lenny Lyles-Clark Wood Invitational,"Apr 27-28, 2018",4x100,42.38,,
Nick,Stugelmeyer,DePaul Invitational,"Apr 21, 2018",100,11.11,(0.7),
Nick,Stugelmeyer,DePaul Invitational,"Apr 21, 2018",200,22.41,(0.6),
Nick,Stugelmeyer,Gibson Invitational,"Apr  6- 7, 2018",200,22.47,(0.5),
Nick,Stugelmeyer,2018 EIU Big Blue Classic,"Mar 30-31, 2018",100,10.78,(2.6),
Nick,Stugelmeyer,2018 EIU Big Blue Classic,"Mar 30-31, 2018",100,10.80,(3.9),
Nick,Stugelmeyer,2018 EIU Big Blue Classic,"Mar 30-31, 2018",200,22.66,(-2.7),
Nick,Stugelmeyer,2018 EIU Big Blue Classic,"Mar 30-31, 2018",4x100,42.30,,
Nick,Stugelmeyer,SIU Bill Cornell Spring Classic,"Mar 23-24, 2018",100,10.93,(1.9),
Nick,Stugelmeyer,SIU Bill Cornell Spring Classic,"Mar 23-24, 2018",200,22.13,(2.8),
Nick,Stugelmeyer,Horizon League Indoor Track & Field Championships,"Feb 23-24, 2018",60,7.03,,
Nick,Stugelmeyer,Horizon League Indoor Track & Field Championships,"Feb 23-24, 2018",200,22.15,,
Nick,Stugelmeyer,Horizon League Indoor Track & Field Championships,"Feb 23-24, 2018",200,22.24,,
Nick,Stugelmeyer,Panther TuneUp,"Feb 17, 2018",60,7.03,,
Nick,Stugelmeyer,Panther TuneUp,"Feb 17, 2018",200,22.83,,
Nick,Stugelmeyer,GVSU Big Meet- Saturday,"Feb 10, 2018",60,7.07,,
Nick,Stugelmeyer,GVSU Big Meet- Saturday,"Feb 10, 2018",60,7.08,,
Nick,Stugelmeyer,GVSU Big Meet- Friday,"Feb  9, 2018",200,22.64,,
Nick,Stugelmeyer,UW Parkside Classic,"Feb  3, 2018",55,6.58,,
Nick,Stugelmeyer,UW Parkside Classic,"Feb  3, 2018",55,6.57,,
Nick,Stugelmeyer,UW Parkside Classic,"Feb  3, 2018",200,22.92,,
Nick,Stugelmeyer,Karl Schlender Invitational,"Jan 13, 2018",60,7.14,,
Nick,Stugelmeyer,Karl Schlender Invitational,"Jan 13, 2018",60,7.10,,
Nick,Stugelmeyer,Horizon League Outdoor Track & Field Championships,"May  5- 7, 2017",100,11.07,(2.1),
Nick,Stugelmeyer,Horizon League Outdoor Track & Field Championships,"May  5- 7, 2017",100,10.96,(2.9),
Nick,Stugelmeyer,Horizon League Outdoor Track & Field Championships,"May  5- 7, 2017",200,22.47,(4.3),
Nick,Stugelmeyer,Horizon League Outdoor Track & Field Championships,"May  5- 7, 2017",4x100,41.48,,
Nick,Stugelmeyer,2017 Kip Janvrin Open,"Apr 27-28, 2017",100,11.11,(1.3),
Nick,Stugelmeyer,2017 Drake Relays presented by Hy-Vee,"Apr 26-29, 2017",4x100,42.54,,
Nick,Stugelmeyer,2017 Drake Relays presented by Hy-Vee,"Apr 26-29, 2017",4x100,42.22,,
Nick,Stugelmeyer,Pacesetter Sports Invitational,"Apr 21-22, 2017",100,11.07,(4.6),
Nick,Stugelmeyer,Pacesetter Sports Invitational,"Apr 21-22, 2017",200,21.94,(4.2),
Nick,Stugelmeyer,Benedictine Eagle Relays 2017,"Apr 14-15, 2017",100,11.07,(2.7),
Nick,Stugelmeyer,Benedictine Eagle Relays 2017,"Apr 14-15, 2017",200,21.99,(4.4),
Nick,Stugelmeyer,Marquette Duals,"Apr  7, 2017",400,53.31,,
Nick,Stugelmeyer,Marquette Duals,"Apr  7, 2017",4x100,41.07,,
Nick,Stugelmeyer,Marquette Duals,"Apr  7, 2017",LJ,6.09m,(-0.8),"19' 11.75"""
Nick,Stugelmeyer,EIU Big Blue Classic 2017,"Mar 31-Apr  1, 2017",100,11.19,(1.3),
Nick,Stugelmeyer,EIU Big Blue Classic 2017,"Mar 31-Apr  1, 2017",200,22.51,(0.1),
Nick,Stugelmeyer,Gene and Rose Edmonds Invitational,"Mar 25, 2017",100,11.10,(2.1),
Nick,Stugelmeyer,Gene and Rose Edmonds Invitational,"Mar 25, 2017",200,22.91,(1.1),
Nick,Stugelmeyer,Gene and Rose Edmonds Invitational,"Mar 25, 2017",LJ,6.17m,(2.1),"20' 3"""
Nick,Stugelmeyer,Horizon League Indoor Track & Field Championships,"Feb 25-26, 2017",60,7.22,,
Nick,Stugelmeyer,Horizon League Indoor Track & Field Championships,"Feb 25-26, 2017",LJ,6.42m,,"21' 0.75"""
Nick,Stugelmeyer,Panther TuneUp,"Feb 18, 2017",60,7.18,,
Nick,Stugelmeyer,Panther TuneUp,"Feb 18, 2017",LJ,6.08m,,"19' 11.5"""
Nick,Stugelmeyer,GVSU Big Meet (Saturday),"Feb 11, 2017",400,52.57,,
Nick,Stugelmeyer,UW Parkside Classic,"Feb  4, 2017",55,6.76,,
Nick,Stugelmeyer,UW Parkside Classic,"Feb  4, 2017",200,23.59,,
Nick,Stugelmeyer,2017 Mark Messersmith Invitational,"Jan 28, 2017",200,23.10,,
Nick,Stugelmeyer,2017 Mark Messersmith Invitational,"Jan 28, 2017",400,53.57,,
Nick,Stugelmeyer,John Tierney Classic,"Jan 21, 2017",60,7.13,,
Nick,Stugelmeyer,John Tierney Classic,"Jan 21, 2017",300,38.06,,
Nick,Stugelmeyer,Karl Schlender Invitational,"Jan 14, 2017",60,7.30,,
Nick,Stugelmeyer,Karl Schlender Invitational,"Jan 14, 2017",200,23.31,,
