athlete_id,meet_name,meet_date,event,result_distance,result_time,wind
96,Warriors Quad,2026-04-18,LJ,5.31,,
96,Warriors Quad,2026-04-18,TJ,,,
96,Warriors Quad,2026-04-18,SP,10.64,,
96,Warriors Quad,2026-04-18,HT,23.16,,
96,UW-La Crosse Ashton May Invitational,2026-04-03,LJ,,,
96,Joyce Morton-Kief Invite,2026-03-27,TJ,10.77,,(1.3)
96,2026 Horizon League Indoor Track & Field Championship,2026-02-28,TJ,11.32,,
96,Panther Tune-up,2026-02-21,TJ,11.49,,
96,Iowa State Classic,2026-02-06,TJ,10.72,,
96,Tierney Classic,2026-01-18,TJ,11.22,,
96,UW-La Crosse Eagle Open,2024-05-10,TJ,11.89,,(0.1)
96,2024 Horizon League Outdoor Track & Field Championship,2024-05-03,TJ,11.58,,(1.7)
96,Clark Wood Open 2024,2024-04-26,TJ,11.75,,(2.4)
96,Gibson Invitational,2024-04-18,TJ,11.63,,(1.8)
96,2024 Bryan Clay Invitational,2024-04-11,TJ,11.67,,(+0.0)
96,Golden Grizzly T&F Invite,2024-04-06,LJ,5.11,,(4.0)
96,Golden Grizzly T&F Invite,2024-04-06,TJ,,,
96,Raleigh Relays,2024-03-28,TJ,12.09,,(0.5)
96,Horizon League Indoor Track & Field Championship,2024-02-24,LJ,5.41,,
96,Horizon League Indoor Track & Field Championship,2024-02-24,TJ,11.98,,
96,PANTHER TUNE-UP,2024-02-17,LJ,5.38,,
96,PANTHER TUNE-UP,2024-02-17,TJ,12.32,,
96,Mark Guthrie Legacy Invite,2024-02-03,TJ,11.35,,
96,Illini Challenge,2024-01-26,LJ,5.3,,
96,Illini Challenge,2024-01-26,TJ,11.98,,
96,John Tierney Classic,2024-01-20,LJ,5.25,,
96,John Tierney Classic,2024-01-20,TJ,12.16,,
96,Illini Open,2024-01-06,TJ,11.86,,
96,2023 Blue Demon Holiday Invite,2023-12-08,TJ,11.95,,
96,Eagle Open,2023-05-12,TJ,12.12,,(2.2)
96,Horizon League Championship,2023-05-05,TJ,12.11,,(+0.0)
96,Clark Wood Open 2023,2023-04-28,TJ,12.46,,(1.3)
96,Gary Wieneke Memorial,2023-04-21,TJ,,,
96,Gibson Invitational & Multis,2023-04-13,TJ,12.22,,(-0.5)
96,Fighting Illini Challenge,2023-04-08,TJ,11.34,,(2.0)
96,Fighting Illini Challenge,2023-04-08,JT,24.49,,
96,Warrior Invitational,2023-04-06,JT,25.54,,
96,2023 Horizon League Indoor Track & Field Championship,2023-02-25,TJ,11.94,,
96,Mark Guthrie Legacy Invitational,2023-02-04,TJ,11.52,,
96,Jack Johnson Classic,2023-01-27,TJ,11.78,,
96,John Tierney Classic,2023-01-21,TJ,11.79,,
96,Wisconsin Badgers Midwest Invite,2023-01-14,TJ,11.33,,
96,2022 Blue Demon Holiday Invite,2022-12-09,TJ,11.68,,
96,Horizon League Indoor Track & Field Championships,2021-02-26,TJ,11.1,,
96,Horizon League Indoor Track & Field Championships,2021-02-26,Pent,,2897,
96,Horizon League Indoor Track & Field Championships,2021-02-26,60H,,9.43,
96,Horizon League Indoor Track & Field Championships,2021-02-26,HJ,1.42,,
96,Horizon League Indoor Track & Field Championships,2021-02-26,SP,9.68,,
96,Horizon League Indoor Track & Field Championships,2021-02-26,LJ,4.94,,
96,Horizon League Indoor Track & Field Championships,2021-02-26,800,,2:47.60,
96,UW-Parkside Triangular,2021-02-19,55H,,8.74,
96,UW-Parkside Triangular,2021-02-19,HJ,1.4,,
96,Panther Tune-Up,2021-02-14,60H,,10.06,
96,Panther Tune-Up,2021-02-14,TJ,11.24,,
96,UW-Parkside Triangular,2021-02-05,Pent,,2644,
96,UW-Parkside Triangular,2021-02-05,55H,,8.91,
96,UW-Parkside Triangular,2021-02-05,HJ,1.31,,
96,UW-Parkside Triangular,2021-02-05,SP,8.87,,
96,UW-Parkside Triangular,2021-02-05,LJ,4.9,,
96,UW-Parkside Triangular,2021-02-05,800,,2:51.80,
96,John Tierney Classic,2021-01-23,60H,,9.45,
96,John Tierney Classic,2021-01-23,HJ,,,
96,John Tierney Classic,2021-01-23,TJ,11.29,,
96,The Panther Invite,2021-01-09,60H,,9.93,
96,The Panther Invite,2021-01-09,60H,,9.77,
96,The Panther Invite,2021-01-09,TJ,11.18,,
8,Gibson Invitational,2026-04-16,400,,,
8,Gibson Invitational,2026-04-16,100H,,,
8,Duke Invitational,2026-04-10,100H,,13.23,(1.1)
8,Duke Invitational,2026-04-10,400H,,57.12,
8,Raleigh Relays,2026-03-26,100H,,13.45,(-0.4)
8,Raleigh Relays,2026-03-26,400H,,56.27,
8,NCAA Division I Outdoor Track & Field Championships,2025-06-11,400H,,56.92,
8,NCAA Division I West First Round,2025-05-28,100H,,13.21,(1.3)
8,NCAA Division I West First Round,2025-05-28,100H,,13.31,(0.3)
8,NCAA Division I West First Round,2025-05-28,400H,,56.95,
8,NCAA Division I West First Round,2025-05-28,400H,,57.46,
8,Horizon League Championship,2025-05-09,100H,,13.16,(2.4)
8,Horizon League Championship,2025-05-09,100H,,13.21,(1.5)
8,Horizon League Championship,2025-05-09,400H,,57.86,
8,Horizon League Championship,2025-05-09,400H,,57.71,
8,Jim Green Invitational,2025-05-02,100H,,13.54,(-0.6)
8,Jim Green Invitational,2025-05-02,100H,,13.59,(1.4)
8,Jim Green Invitational,2025-05-02,400H,,57.85,
8,Fighting Illini Twilight,2025-04-26,100H,,13.73,(3.2)
8,Fighting Illini Twilight,2025-04-26,400H,,58.71,
8,UW-Whitewater Drake Alternative,2025-04-24,400H,,58.46,
8,Gibson Invitational,2025-04-17,100H,,13.68,(0.1)
8,Duke Invitational,2025-04-10,400H,,57.84,
8,NCAA West First Round,2024-05-22,100H,,13.22,(2.5)
8,NCAA West First Round,2024-05-22,100H,,13.23,(1.0)
8,NCAA West First Round,2024-05-22,400H,,57.02,
8,NCAA West First Round,2024-05-22,400H,,57.90,
8,UW-La Crosse Eagle Open,2024-05-10,100H,,13.28,(1.2)
8,UW-La Crosse Eagle Open,2024-05-10,100H,,13.42,(-0.3)
8,2024 Horizon League Outdoor Track & Field Championship,2024-05-03,100H,,13.27,(2.4)
8,2024 Horizon League Outdoor Track & Field Championship,2024-05-03,100H,,13.38,(0.7)
8,2024 Horizon League Outdoor Track & Field Championship,2024-05-03,400H,,57.51,
8,2024 Horizon League Outdoor Track & Field Championship,2024-05-03,400H,,58.08,
8,Clark Wood Open 2024,2024-04-26,100H,,13.14,(2.4)
8,Clark Wood Open 2024,2024-04-26,100H,,13.33,(1.9)
8,Clark Wood Open 2024,2024-04-26,400H,,57.68,
8,Gibson Invitational,2024-04-18,100H,,13.44,(1.2)
8,Gibson Invitational,2024-04-18,400H,,58.34,
8,2024 Bryan Clay Invitational,2024-04-11,100H,,13.52,(-1.8)
8,2024 Bryan Clay Invitational,2024-04-11,400H,,58.67,
8,Golden Grizzly T&F Invite,2024-04-06,100H,,13.54,(2.6)
8,Golden Grizzly T&F Invite,2024-04-06,100H,,13.60,(2.3)
8,Golden Grizzly T&F Invite,2024-04-06,400H,,59.13,
8,Raleigh Relays,2024-03-28,100H,,13.29,(2.1)
8,Horizon League Indoor Track & Field Championship,2024-02-24,400,,55.08,
8,Horizon League Indoor Track & Field Championship,2024-02-24,400,,55.81,
8,Horizon League Indoor Track & Field Championship,2024-02-24,60H,,8.34,
8,Horizon League Indoor Track & Field Championship,2024-02-24,60H,,8.26,
8,Arkansas Qualifier,2024-02-16,60H,,8.27,
8,Arkansas Qualifier,2024-02-16,60H,,8.43,
8,GVSU Big Meet- (Friday),2024-02-09,400,,54.58,
8,GVSU Big Meet- (Friday),2024-02-09,60H,,8.22,
8,GVSU Big Meet- (Friday),2024-02-09,60H,,8.27,
8,Mark Guthrie Legacy Invite,2024-02-03,60H,,8.31,
8,Mark Guthrie Legacy Invite,2024-02-03,60H,,8.25,
8,Illini Challenge,2024-01-26,400,,55.95,
8,Illini Challenge,2024-01-26,60H,,8.29,
8,Illini Challenge,2024-01-26,60H,,8.32,
8,John Tierney Classic,2024-01-20,60H,,8.25,
8,John Tierney Classic,2024-01-20,60H,,8.29,
8,Badgers Midwest Invite,2024-01-13,300,,38.52,
8,Badgers Midwest Invite,2024-01-13,60H,,8.31,
8,Badgers Midwest Invite,2024-01-13,60H,,8.37,
8,Illini Open,2024-01-06,60H,,8.44,
8,2023 Blue Demon Holiday Invite,2023-12-08,200,,24.83,
8,2023 Blue Demon Holiday Invite,2023-12-08,60H,,8.46,
8,2023 Blue Demon Holiday Invite,2023-12-08,60H,,8.44,
8,2023 Horizon League Indoor Track & Field Championship,2023-02-25,400,,56.54,
8,2023 Horizon League Indoor Track & Field Championship,2023-02-25,400,,57.81,
8,2023 Horizon League Indoor Track & Field Championship,2023-02-25,60H,,8.33,
8,2023 Horizon League Indoor Track & Field Championship,2023-02-25,60H,,8.50,
8,2023 Horizon League Indoor Track & Field Championship,2023-02-25,4x400,,3:54.28,
8,2023 Horizon League Indoor Track & Field Championship,2023-02-25,LJ,5.44,,
8,2023 Horizon League Indoor Track & Field Championship,2023-02-25,Pent,,3669,
8,2023 Horizon League Indoor Track & Field Championship,2023-02-25,60H,,8.55,
8,2023 Horizon League Indoor Track & Field Championship,2023-02-25,HJ,1.53,,
8,2023 Horizon League Indoor Track & Field Championship,2023-02-25,SP,10.07,,
8,2023 Horizon League Indoor Track & Field Championship,2023-02-25,LJ,5.36,,
8,2023 Horizon League Indoor Track & Field Championship,2023-02-25,800,,2:20.69,
8,Panther Tune-Up,2023-02-18,60H,,8.43,
8,Panther Tune-Up,2023-02-18,60H,,8.38,
8,Panther Tune-Up,2023-02-18,HJ,1.55,,
8,Panther Tune-Up,2023-02-18,SP,9.81,,
8,GVSU Big Meet (Friday),2023-02-10,200,,24.57,
8,GVSU Big Meet (Friday),2023-02-10,400,,55.30,
8,GVSU Big Meet (Friday),2023-02-10,60H,,8.47,
8,GVSU Big Meet (Friday),2023-02-10,60H,,8.44,
8,GVSU Big Meet (Friday),2023-02-10,HJ,1.53,,
8,Mark Guthrie Legacy Invitational,2023-02-04,200,,24.93,
8,Mark Guthrie Legacy Invitational,2023-02-04,60H,,8.43,
8,Mark Guthrie Legacy Invitational,2023-02-04,60H,,8.45,
8,Jack Johnson Classic,2023-01-27,60H,,8.44,
8,Jack Johnson Classic,2023-01-27,60H,,8.50,
8,Jack Johnson Classic,2023-01-27,Pent,,3580,
8,Jack Johnson Classic,2023-01-27,60H,,8.45,
8,Jack Johnson Classic,2023-01-27,HJ,1.45,,
8,Jack Johnson Classic,2023-01-27,SP,9.08,,
8,Jack Johnson Classic,2023-01-27,LJ,5.55,,
8,Jack Johnson Classic,2023-01-27,800,,2:21.56,
8,John Tierney Classic,2023-01-21,60H,,8.50,
8,John Tierney Classic,2023-01-21,60H,,8.49,
8,John Tierney Classic,2023-01-21,LJ,5.83,,
8,John Tierney Classic,2023-01-21,SP,10.5,,
8,Wisconsin Badgers Midwest Invite,2023-01-14,300,,38.67,
8,Wisconsin Badgers Midwest Invite,2023-01-14,60H,,8.45,
8,Wisconsin Badgers Midwest Invite,2023-01-14,60H,,8.50,
8,Wisconsin Badgers Midwest Invite,2023-01-14,HJ,1.51,,
8,44 Farms Team Invitational,2022-04-08,400H,,59.94,
8,44 Farms Team Invitational,2022-04-08,Hep,,4898,
8,44 Farms Team Invitational,2022-04-08,100H,,13.66,(3.2)
8,44 Farms Team Invitational,2022-04-08,HJ,1.54,,
8,44 Farms Team Invitational,2022-04-08,SP,8.57,,
8,44 Farms Team Invitational,2022-04-08,200,,24.36,(4.9)
8,44 Farms Team Invitational,2022-04-08,LJ,5.38,,(2.0)
8,44 Farms Team Invitational,2022-04-08,JT,23.37,,
8,44 Farms Team Invitational,2022-04-08,800,,2:21.33,
8,Redbird Invite,2022-04-01,100H,,13.98,(2.2)
8,Redbird Invite,2022-04-01,400H,,1:01.25,
8,Redbird Invite,2022-04-01,JT,16.75,,
8,Horizon League Indoor Track & Field Championships,2022-02-26,400,,55.78,
8,Horizon League Indoor Track & Field Championships,2022-02-26,400,,56.12,
8,Horizon League Indoor Track & Field Championships,2022-02-26,60H,,8.52,
8,Horizon League Indoor Track & Field Championships,2022-02-26,60H,,8.49,
8,Horizon League Indoor Track & Field Championships,2022-02-26,Pent,,3722,
8,Horizon League Indoor Track & Field Championships,2022-02-26,60H,,8.50,
8,Horizon League Indoor Track & Field Championships,2022-02-26,HJ,1.62,,
8,Horizon League Indoor Track & Field Championships,2022-02-26,SP,9.93,,
8,Horizon League Indoor Track & Field Championships,2022-02-26,LJ,5.4,,
8,Horizon League Indoor Track & Field Championships,2022-02-26,800,,2:25.56,
8,St. Valentines Open,2022-02-18,60H,,8.53,
8,St. Valentines Open,2022-02-18,60H,,8.61,
8,St. Valentines Open,2022-02-18,LJ,5.55,,
8,2022 Hoosier Hills,2022-02-11,200,,24.73,
8,2022 Hoosier Hills,2022-02-11,60H,,8.40,
8,2022 Hoosier Hills,2022-02-11,60H,,8.55,
8,2022 Hoosier Hills,2022-02-11,HJ,,,
8,Red Hawk Invite,2022-02-05,400,,56.60,
8,Red Hawk Invite,2022-02-05,60H,,8.52,
8,Red Hawk Invite,2022-02-05,HJ,1.61,,
8,John Tierney Classic,2022-01-29,60H,,8.42,
8,John Tierney Classic,2022-01-29,60H,,8.56,
8,John Tierney Classic,2022-01-29,4x400,,3:58.17,
8,John Tierney Classic,2022-01-29,LJ,5.54,,
8,John Tierney Classic,2022-01-29,SP,9.78,,
8,John Gartland Invitational,2022-01-21,60H,,8.53,
8,John Gartland Invitational,2022-01-21,60H,,8.67,
8,John Gartland Invitational,2022-01-21,Pent,,3763,
8,John Gartland Invitational,2022-01-21,60H,,8.56,
8,John Gartland Invitational,2022-01-21,HJ,1.56,,
8,John Gartland Invitational,2022-01-21,SP,9.96,,
8,John Gartland Invitational,2022-01-21,LJ,5.65,,
8,John Gartland Invitational,2022-01-21,800,,2:21.85,
8,Hawkeye Invite,2022-01-14,200,,24.93,
8,Hawkeye Invite,2022-01-14,60H,,8.52,
8,Hawkeye Invite,2022-01-14,60H,,8.61,
8,Hawkeye Invite,2022-01-14,LJ,5.31,,
8,NCAA Division I West Preliminary Round,2021-05-26,400H,,1:00.17,
8,John Kruchoski Open,2021-05-15,400H,,1:00.01,
8,Horizon League Outdoor Track & Field Championships,2021-05-07,100H,,14.04,(1.2)
8,Horizon League Outdoor Track & Field Championships,2021-05-07,400H,,1:01.11,
8,Horizon League Outdoor Track & Field Championships,2021-05-07,4x400,,3:59.43,
8,Horizon League Outdoor Track & Field Championships,2021-05-07,Hep,,4417,
8,Horizon League Outdoor Track & Field Championships,2021-05-07,100H,,14.17,(3.3)
8,Horizon League Outdoor Track & Field Championships,2021-05-07,HJ,1.4,,
8,Horizon League Outdoor Track & Field Championships,2021-05-07,SP,8.83,,
8,Horizon League Outdoor Track & Field Championships,2021-05-07,200,,24.61,(1.5)
8,Horizon League Outdoor Track & Field Championships,2021-05-07,LJ,5.16,,(2.5)
8,Horizon League Outdoor Track & Field Championships,2021-05-07,JT,19.35,,
8,Horizon League Outdoor Track & Field Championships,2021-05-07,800,,2:29.84,
8,Valpo Invitational,2021-05-01,400,,56.00,
8,Valpo Invitational,2021-05-01,100H,,14.39,(2.0)
8,Clark Wood Invitational,2021-04-23,100H,,15.51,(0.4)
8,Clark Wood Invitational,2021-04-23,400H,,1:02.46,
8,Clark Wood Invitational,2021-04-23,JT,21.59,,
8,Gibson Invitational Heptathlon & Decathlon,2021-04-15,Hep,,4389,
8,Gibson Invitational Heptathlon & Decathlon,2021-04-15,100H,,15.09,(1.6)
8,Gibson Invitational Heptathlon & Decathlon,2021-04-15,HJ,1.43,,
8,Gibson Invitational Heptathlon & Decathlon,2021-04-15,SP,9.18,,
8,Gibson Invitational Heptathlon & Decathlon,2021-04-15,200,,25.15,(2.9)
8,Gibson Invitational Heptathlon & Decathlon,2021-04-15,LJ,5.0,,(+0.0)
8,Gibson Invitational Heptathlon & Decathlon,2021-04-15,JT,23.81,,
8,Gibson Invitational Heptathlon & Decathlon,2021-04-15,800,,2:25.78,
8,Big Blue Classic,2021-04-09,200,,24.99,(0.8)
8,Big Blue Classic,2021-04-09,100H,,14.88,(1.0)
8,Big Blue Classic,2021-04-09,LJ,5.13,,
8,Illinois State Redbird Invitational,2021-04-02,100H,,14.75,(3.2)
8,Illinois State Redbird Invitational,2021-04-02,400H,,1:02.23,
8,Illinois State Redbird Invitational,2021-04-02,JT,20.01,,
8,Horizon League Indoor Track & Field Championships,2021-02-26,200,,25.47,
8,Horizon League Indoor Track & Field Championships,2021-02-26,200,,25.81,
8,Horizon League Indoor Track & Field Championships,2021-02-26,4x400,,3:59.75,
8,Horizon League Indoor Track & Field Championships,2021-02-26,Pent,,3143,
8,Horizon League Indoor Track & Field Championships,2021-02-26,60H,,9.72,
8,Horizon League Indoor Track & Field Championships,2021-02-26,HJ,1.48,,
8,Horizon League Indoor Track & Field Championships,2021-02-26,SP,9.26,,
8,Horizon League Indoor Track & Field Championships,2021-02-26,LJ,5.2,,
8,Horizon League Indoor Track & Field Championships,2021-02-26,800,,2:30.70,
8,UW-Parkside Triangular,2021-02-19,200,,25.64,
8,UW-Parkside Triangular,2021-02-19,55H,,8.44,
73,Gibson Invitational,2026-04-16,LJ,5.85,,(0.6)
73,Gibson Invitational,2026-04-16,TJ,11.37,,(1.4)
73,Duke Invitational,2026-04-10,100,,12.26,(-0.6)
73,Duke Invitational,2026-04-10,LJ,5.74,,(1.0)
73,Duke Invitational,2026-04-10,TJ,11.54,,(1.6)
73,UW-La Crosse Ashton May Invitational,2026-04-03,LJ,5.72,,(1.1)
73,Raleigh Relays,2026-03-26,LJ,5.72,,(0.6)
73,Raleigh Relays,2026-03-26,TJ,,,
73,2026 Horizon League Indoor Track & Field Championship,2026-02-28,LJ,5.85,,
73,2026 Horizon League Indoor Track & Field Championship,2026-02-28,TJ,11.39,,
73,Panther Tune-up,2026-02-21,LJ,5.86,,
73,Panther Tune-up,2026-02-21,TJ,11.72,,
73,2026 Blue Demon Alumni Classic,2026-02-13,LJ,6.18,,
73,2026 Blue Demon Alumni Classic,2026-02-13,TJ,11.64,,
73,Iowa State Classic,2026-02-06,LJ,5.3,,
73,Iowa State Classic,2026-02-06,TJ,11.29,,
73,2026 Meyo Invitational (Notre Dame Indoor T&F),2026-01-30,60,,,
73,2026 Meyo Invitational (Notre Dame Indoor T&F),2026-01-30,LJ,5.62,,(+0.0)
73,Larry Wieczorek Invitational,2026-01-23,60,,7.92,
73,Larry Wieczorek Invitational,2026-01-23,LJ,5.66,,
73,Larry Wieczorek Invitational,2026-01-23,TJ,11.25,,
73,Tierney Classic,2026-01-18,60,,7.91,
73,Tierney Classic,2026-01-18,60,,7.95,
73,Tierney Classic,2026-01-18,LJ,5.84,,
73,Tierney Classic,2026-01-18,TJ,11.32,,
73,2025 Blue Demon Holiday Invite,2025-12-12,LJ,5.33,,
116,Gibson Invitational,2026-04-16,PV,3.59,,
116,Marquette Invitational,2026-04-10,PV,3.73,,
116,UW-La Crosse Ashton May Invitational,2026-04-03,PV,3.62,,
116,Joyce Morton-Kief Invite,2026-03-27,PV,3.58,,
116,2026 Horizon League Indoor Track & Field Championship,2026-02-28,PV,3.47,,
116,Panther Tune-up,2026-02-21,PV,3.93,,
116,UW-La Crosse Mark Guthrie Legacy Invitational,2026-02-07,PV,3.68,,
116,2026 Meyo Invitational (Notre Dame Indoor T&F),2026-01-30,PV,,,
116,Larry Wieczorek Invitational,2026-01-23,PV,3.75,,
116,Tierney Classic,2026-01-18,PV,3.6,,
116,Minnesota Open,2026-01-10,PV,3.71,,
116,Horizon League Championship,2025-05-09,PV,3.51,,
116,Badger Challenge,2025-05-02,PV,3.82,,
116,Fighting Illini Twilight,2025-04-26,PV,3.67,,
116,Gibson Invitational,2025-04-17,PV,3.6,,
116,Marquette Invitational,2025-04-10,PV,3.66,,
116,Ashton May Invitational,2025-04-05,PV,3.66,,
116,Redbird Challenge,2025-03-28,PV,3.58,,
116,2025 Horizon League Indoor Track & Field Championship,2025-03-01,PV,3.56,,
116,Panther Tune-up,2025-02-22,PV,3.65,,
116,UW-La Crosse Mark Guthrie Legacy Invitational,2025-02-08,PV,3.64,,
116,Meyo Invitational (2025 Notre Dame Indoor Track & Field),2025-01-31,PV,3.76,,
116,John Tierney Classic,2025-01-25,PV,3.75,,
116,Badgers Midwest Invite,2025-01-11,PV,3.4,,
124,Gibson Invitational,2026-04-16,400,,57.62,
124,Gibson Invitational,2026-04-16,4x400,,,
124,Marquette Invitational,2026-04-10,100,,12.48,(2.5)
124,Marquette Invitational,2026-04-10,200,,26.04,(-2.8)
124,Marquette Invitational,2026-04-10,4x100,,47.16,
124,UW-La Crosse Ashton May Invitational,2026-04-03,100,,12.72,(1.1)
124,UW-La Crosse Ashton May Invitational,2026-04-03,200,,25.70,(1.7)
124,Raleigh Relays,2026-03-26,200,,25.96,(0.4)
124,Raleigh Relays,2026-03-26,400,,57.87,
124,2026 Horizon League Indoor Track & Field Championship,2026-02-28,400,,56.88,
124,2026 Horizon League Indoor Track & Field Championship,2026-02-28,4x400,,3:48.01,
124,2026 Horizon League Indoor Track & Field Championship,2026-02-28,DMR,,12:40.54,
124,GVSU Big Meet-Friday,2026-02-13,200,,25.72,
124,GVSU Big Meet-Friday,2026-02-13,400,,56.71,
124,Iowa State Classic,2026-02-06,200,,25.97,
124,Iowa State Classic,2026-02-06,400,,57.56,
124,2026 Meyo Invitational (Notre Dame Indoor T&F),2026-01-30,400,,57.48,
124,2026 Meyo Invitational (Notre Dame Indoor T&F),2026-01-30,4x400,,3:48.06,
124,Larry Wieczorek Invitational,2026-01-23,200,,26.10,
124,Larry Wieczorek Invitational,2026-01-23,400,,57.42,
124,Larry Wieczorek Invitational,2026-01-23,4x400,,3:48.92,
124,Tierney Classic,2026-01-18,60,,7.98,
124,Tierney Classic,2026-01-18,60,,7.97,
124,Tierney Classic,2026-01-18,4x400,,3:52.42,
124,Minnesota Open,2026-01-10,60,,8.20,
124,Minnesota Open,2026-01-10,200,,26.37,
124,2025 Blue Demon Holiday Invite,2025-12-12,400,,57.78,
124,Horizon League Championship,2025-05-09,400,,57.70,
124,Horizon League Championship,2025-05-09,4x400,,3:47.15,
124,Badger Challenge,2025-05-02,200,,26.63,(1.2)
124,Badger Challenge,2025-05-02,400,,57.99,
124,UW-Whitewater Drake Alternative,2025-04-24,200,,25.67,(0.8)
124,UW-Whitewater Drake Alternative,2025-04-24,400,,58.45,
124,Gibson Invitational,2025-04-17,400,,59.26,
124,Marquette Invitational,2025-04-10,400,,59.85,
124,Marquette Invitational,2025-04-10,4x400,,,
124,Redbird Challenge,2025-03-28,200,,,
124,Redbird Challenge,2025-03-28,400,,59.92,
124,Redbird Challenge,2025-03-28,4x400,,4:01.92,
124,2025 Horizon League Indoor Track & Field Championship,2025-03-01,400,,59.62,
124,2025 Horizon League Indoor Track & Field Championship,2025-03-01,4x400,,3:53.83,
124,2025 Horizon League Indoor Track & Field Championship,2025-03-01,DMR,,12:13.37,
124,GVSU Big Meet- Friday,2025-02-14,400,,58.43,
124,GVSU Big Meet- Friday,2025-02-14,4x400,,,
124,UW-La Crosse Mark Guthrie Legacy Invitational,2025-02-08,200,,26.66,
124,UW-La Crosse Mark Guthrie Legacy Invitational,2025-02-08,400,,59.91,
124,Meyo Invitational (2025 Notre Dame Indoor Track & Field),2025-01-31,200,,26.65,
124,Meyo Invitational (2025 Notre Dame Indoor Track & Field),2025-01-31,400,,58.94,
124,John Tierney Classic,2025-01-25,4x400,,,
124,Badgers Midwest Invite,2025-01-11,300,,41.61,
124,Badgers Midwest Invite,2025-01-11,600,,,
124,2024 Blue Demon Holiday Invite,2024-12-13,400,,59.13,
144,Warriors Quad,2026-04-18,100,,12.93,(0.4)
144,Warriors Quad,2026-04-18,100,,13.08,(-0.3)
144,Marquette Invitational,2026-04-10,100,,12.69,(2.5)
144,Marquette Invitational,2026-04-10,200,,26.76,(-2.8)
144,Marquette Invitational,2026-04-10,4x100,,47.16,
144,UW-La Crosse Ashton May Invitational,2026-04-03,100,,12.90,(1.1)
144,UW-La Crosse Ashton May Invitational,2026-04-03,200,,26.61,(0.8)
144,Joyce Morton-Kief Invite,2026-03-27,100,,12.71,(2.5)
144,Joyce Morton-Kief Invite,2026-03-27,200,,26.35,(1.9)
144,Panther Tune-up,2026-02-21,60,,7.98,
144,Panther Tune-up,2026-02-21,60,,8.10,
144,Panther Tune-up,2026-02-21,200,,27.07,
144,UW-La Crosse Mark Guthrie Legacy Invitational,2026-02-07,60,,8.02,
144,UW-La Crosse Mark Guthrie Legacy Invitational,2026-02-07,200,,26.75,
144,Larry Wieczorek Invitational,2026-01-23,60,,8.05,
144,Larry Wieczorek Invitational,2026-01-23,200,,26.55,
144,Tierney Classic,2026-01-18,60,,7.96,
144,Tierney Classic,2026-01-18,60,,8.00,
144,Tierney Classic,2026-01-18,200,,26.80,
144,Minnesota Open,2026-01-10,60,,8.07,
144,Minnesota Open,2026-01-10,200,,26.93,
144,2025 Blue Demon Holiday Invite,2025-12-12,60,,8.04,
144,2025 Blue Demon Holiday Invite,2025-12-12,300,,43.48,
144,Horizon League Championship,2025-05-09,100,,12.52,(2.3)
144,Badger Challenge,2025-05-02,100,,12.67,(-0.2)
144,Badger Challenge,2025-05-02,200,,26.87,(1.2)
144,Fighting Illini Twilight,2025-04-26,100,,12.46,(4.2)
144,Green & White Invite,2025-04-17,100,,12.52,(3.0)
144,Green & White Invite,2025-04-17,100,,12.67,(2.5)
144,Green & White Invite,2025-04-17,200,,26.40,(3.4)
144,Marquette Invitational,2025-04-10,100,,12.68,(1.4)
144,Marquette Invitational,2025-04-10,200,,26.84,(-0.2)
144,Marquette Invitational,2025-04-10,4x100,,47.28,
144,Ashton May Invitational,2025-04-05,100,,12.63,(2.8)
144,Ashton May Invitational,2025-04-05,200,,26.97,(3.1)
144,Redbird Challenge,2025-03-28,100,,12.75,(2.8)
144,Redbird Challenge,2025-03-28,200,,,
144,Redbird Challenge,2025-03-28,4x100,,49.27,
144,2025 Horizon League Indoor Track & Field Championship,2025-03-01,60,,7.92,
144,2025 Horizon League Indoor Track & Field Championship,2025-03-01,200,,27.32,
144,Panther Tune-up,2025-02-22,60,,7.83,
144,Panther Tune-up,2025-02-22,60,,7.89,
144,Dick Hendricks Invite,2025-02-15,60,,8.10,
144,Dick Hendricks Invite,2025-02-15,60,,8.01,
144,UW-La Crosse Mark Guthrie Legacy Invitational,2025-02-08,60,,8.00,
144,UW-La Crosse Mark Guthrie Legacy Invitational,2025-02-08,200,,27.24,
144,John Tierney Classic,2025-01-25,60,,7.98,
144,John Tierney Classic,2025-01-25,60,,7.95,
144,John Tierney Classic,2025-01-25,200,,27.40,
144,Badgers Midwest Invite,2025-01-11,60,,7.93,
144,Badgers Midwest Invite,2025-01-11,300,,43.42,
144,2024 Blue Demon Holiday Invite,2024-12-13,60,,7.89,
144,2024 Blue Demon Holiday Invite,2024-12-13,200,,26.59,
35,Gibson Invitational,2026-04-16,100,,12.39,(0.9)
35,Gibson Invitational,2026-04-16,200,,25.71,(0.6)
35,Gibson Invitational,2026-04-16,4x100,,46.51,
35,Gibson Invitational,2026-04-16,4x400,,,
35,Marquette Invitational,2026-04-10,200,,25.67,(-2.8)
35,Marquette Invitational,2026-04-10,400,,59.87,
35,Marquette Invitational,2026-04-10,4x100,,47.16,
35,UW-La Crosse Ashton May Invitational,2026-04-03,100,,12.61,(1.4)
35,UW-La Crosse Ashton May Invitational,2026-04-03,4x100,,46.91,
35,Joyce Morton-Kief Invite,2026-03-27,100,,12.34,(3.4)
35,Joyce Morton-Kief Invite,2026-03-27,200,,25.57,(2.1)
35,Joyce Morton-Kief Invite,2026-03-27,400,,,
35,2026 Horizon League Indoor Track & Field Championship,2026-02-28,200,,25.64,
35,2026 Horizon League Indoor Track & Field Championship,2026-02-28,4x400,,3:48.01,
35,Panther Tune-up,2026-02-21,60,,,
35,GVSU Big Meet-Friday,2026-02-13,200,,25.54,
35,GVSU Big Meet-Friday,2026-02-13,400,,59.54,
35,Iowa State Classic,2026-02-06,200,,,
35,Iowa State Classic,2026-02-06,400,,,
35,2026 Meyo Invitational (Notre Dame Indoor T&F),2026-01-30,200,,25.64,
35,2026 Meyo Invitational (Notre Dame Indoor T&F),2026-01-30,400,,59.38,
35,2026 Meyo Invitational (Notre Dame Indoor T&F),2026-01-30,4x400,,3:48.06,
35,Larry Wieczorek Invitational,2026-01-23,60,,7.97,
35,Larry Wieczorek Invitational,2026-01-23,200,,25.45,
35,Larry Wieczorek Invitational,2026-01-23,4x400,,3:48.92,
35,Tierney Classic,2026-01-18,60,,7.84,
35,Tierney Classic,2026-01-18,60,,7.89,
35,Tierney Classic,2026-01-18,4x400,,3:52.42,
35,Minnesota Open,2026-01-10,200,,25.68,
35,Minnesota Open,2026-01-10,400,,1:00.25,
35,2025 Blue Demon Holiday Invite,2025-12-12,60,,7.84,
35,2025 Blue Demon Holiday Invite,2025-12-12,60,,7.83,
35,Horizon League Championship,2025-05-09,100,,12.08,(+0.0)
35,Horizon League Championship,2025-05-09,200,,24.93,(0.2)
35,Horizon League Championship,2025-05-09,4x100,,46.21,
35,Horizon League Championship,2025-05-09,4x400,,3:47.15,
35,Jim Green Invitational,2025-05-02,200,,24.75,(-0.7)
35,Jim Green Invitational,2025-05-02,400,,58.55,
35,Fighting Illini Twilight,2025-04-26,200,,24.71,(4.6)
35,Fighting Illini Twilight,2025-04-26,400,,,
35,Fighting Illini Twilight,2025-04-26,4x100,,46.13,
35,Gibson Invitational,2025-04-17,200,,24.84,(0.7)
35,Gibson Invitational,2025-04-17,4x100,,46.69,
35,Green & White Invite,2025-04-17,400,,59.24,
35,Duke Invitational,2025-04-10,100,,12.44,(-0.3)
35,Duke Invitational,2025-04-10,200,,25.09,(+0.0)
35,Duke Invitational,2025-04-10,400,,57.37,
35,Ashton May Invitational,2025-04-05,100,,12.18,(2.3)
35,Ashton May Invitational,2025-04-05,100,,12.19,(0.8)
35,Ashton May Invitational,2025-04-05,200,,25.09,(2.3)
35,Redbird Challenge,2025-03-28,100,,12.07,(4.5)
35,Redbird Challenge,2025-03-28,100,,12.17,(3.2)
35,Redbird Challenge,2025-03-28,200,,24.92,(3.5)
35,Redbird Challenge,2025-03-28,400,,,
35,2025 Horizon League Indoor Track & Field Championship,2025-03-01,200,,25.49,
35,2025 Horizon League Indoor Track & Field Championship,2025-03-01,4x400,,3:53.83,
35,GVSU Big Meet- Friday,2025-02-14,200,,25.10,
35,UW-La Crosse Mark Guthrie Legacy Invitational,2025-02-08,200,,25.38,
35,UW-La Crosse Mark Guthrie Legacy Invitational,2025-02-08,400,,1:00.51,
35,Meyo Invitational (2025 Notre Dame Indoor Track & Field),2025-01-31,60,,7.87,
35,Meyo Invitational (2025 Notre Dame Indoor Track & Field),2025-01-31,200,,25.39,
35,Meyo Invitational (2025 Notre Dame Indoor Track & Field),2025-01-31,400,,59.84,
35,John Tierney Classic,2025-01-25,60,,7.79,
35,John Tierney Classic,2025-01-25,60,,7.83,
35,John Tierney Classic,2025-01-25,4x400,,,
35,Badgers Midwest Invite,2025-01-11,60,,7.85,
35,Badgers Midwest Invite,2025-01-11,300,,40.70,
35,2024 Blue Demon Holiday Invite,2024-12-13,200,,25.15,
50,2026 Horizon League Indoor Track & Field Championship,2026-02-28,400,,57.08,
50,2026 Horizon League Indoor Track & Field Championship,2026-02-28,4x400,,3:48.01,
50,GVSU Big Meet-Friday,2026-02-13,200,,25.56,
50,GVSU Big Meet-Friday,2026-02-13,400,,57.31,
50,Iowa State Classic,2026-02-06,200,,25.71,
50,Iowa State Classic,2026-02-06,400,,56.55,
50,2026 Meyo Invitational (Notre Dame Indoor T&F),2026-01-30,200,,,
50,2026 Meyo Invitational (Notre Dame Indoor T&F),2026-01-30,400,,56.74,
50,2026 Meyo Invitational (Notre Dame Indoor T&F),2026-01-30,4x400,,3:48.06,
50,Larry Wieczorek Invitational,2026-01-23,200,,26.16,
50,Larry Wieczorek Invitational,2026-01-23,400,,56.98,
50,Larry Wieczorek Invitational,2026-01-23,4x400,,3:48.92,
50,Tierney Classic,2026-01-18,60,,8.18,
50,Tierney Classic,2026-01-18,4x400,,3:52.42,
50,Minnesota Open,2026-01-10,60,,8.31,
50,Minnesota Open,2026-01-10,200,,26.31,
50,2025 Blue Demon Holiday Invite,2025-12-12,400,,56.88,
50,Horizon League Championship,2025-05-09,400H,,1:02.36,
50,Horizon League Championship,2025-05-09,400H,,1:02.13,
50,Horizon League Championship,2025-05-09,4x400,,3:47.15,
50,Jim Green Invitational,2025-05-02,400,,56.82,
50,Jim Green Invitational,2025-05-02,400H,,1:04.22,
50,Fighting Illini Twilight,2025-04-26,400H,,1:02.61,
50,Gibson Invitational,2025-04-17,400H,,1:02.43,
50,Gibson Invitational,2025-04-17,4x400,,3:52.52,
50,Green & White Invite,2025-04-17,400,,57.90,
50,Marquette Invitational,2025-04-10,400H,,,
50,Marquette Invitational,2025-04-10,4x400,,,
50,Ashton May Invitational,2025-04-05,400H,,1:03.40,
50,Redbird Challenge,2025-03-28,400H,,1:05.59,
50,Redbird Challenge,2025-03-28,4x400,,4:01.92,
50,2025 Horizon League Indoor Track & Field Championship,2025-03-01,400,,58.08,
50,2025 Horizon League Indoor Track & Field Championship,2025-03-01,400,,57.89,
50,2025 Horizon League Indoor Track & Field Championship,2025-03-01,4x400,,3:53.83,
50,Panther Tune-up,2025-02-22,400,,1:00.99,
50,UW-La Crosse Mark Guthrie Legacy Invitational,2025-02-08,200,,26.78,
50,UW-La Crosse Mark Guthrie Legacy Invitational,2025-02-08,400,,58.26,
50,Meyo Invitational (2025 Notre Dame Indoor Track & Field),2025-01-31,200,,25.68,
50,Meyo Invitational (2025 Notre Dame Indoor Track & Field),2025-01-31,400,,57.49,
50,John Tierney Classic,2025-01-25,4x400,,,
50,Badgers Midwest Invite,2025-01-11,600,,1:36.83,
50,2024 Horizon League Outdoor Track & Field Championship,2024-05-03,400,,57.34,
50,2024 Horizon League Outdoor Track & Field Championship,2024-05-03,400,,56.54,
50,2024 Horizon League Outdoor Track & Field Championship,2024-05-03,400H,,1:03.73,
50,2024 Horizon League Outdoor Track & Field Championship,2024-05-03,400H,,1:04.11,
50,2024 Horizon League Outdoor Track & Field Championship,2024-05-03,4x400,,3:51.99,
50,Clark Wood Open 2024,2024-04-26,400,,57.61,
50,Clark Wood Open 2024,2024-04-26,400H,,1:01.51,
50,2024 Bryan Clay Invitational,2024-04-11,400,,57.62,
50,2024 Bryan Clay Invitational,2024-04-11,400H,,1:04.42,
50,Golden Grizzly T&F Invite,2024-04-06,400H,,1:04.89,
50,Golden Grizzly T&F Invite,2024-04-06,4x400,,4:01.20,
50,Raleigh Relays,2024-03-28,400,,57.93,
50,Raleigh Relays,2024-03-28,400H,,,
50,Horizon League Indoor Track & Field Championship,2024-02-24,400,,56.62,
50,Horizon League Indoor Track & Field Championship,2024-02-24,400,,57.36,
50,Horizon League Indoor Track & Field Championship,2024-02-24,4x400,,3:55.74,
50,GVSU Big Meet- (Friday),2024-02-09,400,,57.08,
50,GVSU Big Meet- (Friday),2024-02-09,4x400,,3:54.02,
50,Mark Guthrie Legacy Invite,2024-02-03,200,,26.10,
50,Mark Guthrie Legacy Invite,2024-02-03,400,,58.41,
50,Illini Challenge,2024-01-26,400,,57.99,
50,Illini Challenge,2024-01-26,4x400,,4:05.88,
50,Illini Challenge,2024-01-26,DMR,,12:06.95,
50,John Tierney Classic,2024-01-20,4x400,,4:01.76,
50,Badgers Midwest Invite,2024-01-13,600,,1:37.83,
50,2023 Blue Demon Holiday Invite,2023-12-08,400,,57.22,
50,2023 Blue Demon Holiday Invite,2023-12-08,4x400,,3:54.68,
50,Horizon League Championship,2023-05-05,400,,56.93,
50,Horizon League Championship,2023-05-05,400,,56.92,
50,Horizon League Championship,2023-05-05,400H,,1:02.48,
50,Horizon League Championship,2023-05-05,400H,,1:03.38,
50,Horizon League Championship,2023-05-05,4x400,,3:53.61,
50,Clark Wood Open 2023,2023-04-28,400,,56.61,
50,Clark Wood Open 2023,2023-04-28,400H,,1:03.66,
50,Gary Wieneke Memorial,2023-04-21,400H,,1:04.37,
50,Gibson Invitational & Multis,2023-04-13,400H,,1:03.44,
50,Gibson Invitational & Multis,2023-04-13,4x400,,4:00.54,
50,Fighting Illini Challenge,2023-04-08,400H,,1:05.18,
50,Fighting Illini Challenge,2023-04-08,4x400,,4:03.58,
50,2023 Horizon League Indoor Track & Field Championship,2023-02-25,400,,58.23,
50,2023 Horizon League Indoor Track & Field Championship,2023-02-25,400,,58.55,
50,2023 Horizon League Indoor Track & Field Championship,2023-02-25,4x400,,3:54.28,
50,Panther Tune-Up,2023-02-18,60H,,9.41,
50,GVSU Big Meet (Friday),2023-02-10,400,,57.82,
50,GVSU Big Meet (Friday),2023-02-10,4x400,,3:57.79,
50,Mark Guthrie Legacy Invitational,2023-02-04,400,,59.35,
50,Mark Guthrie Legacy Invitational,2023-02-04,60H,,9.36,
50,Mark Guthrie Legacy Invitational,2023-02-04,60H,,9.40,
50,Mark Guthrie Legacy Invitational,2023-02-04,4x400,,4:02.38,
50,Wisconsin Badgers Midwest Invite,2023-01-14,60H,,9.30,
50,Wisconsin Badgers Midwest Invite,2023-01-14,4x400,,3:59.25,
50,2022 Blue Demon Holiday Invite,2022-12-09,60,,8.17,
50,2022 Blue Demon Holiday Invite,2022-12-09,4x400,,3:58.16,
71,Gibson Invitational,2026-04-16,PV,3.59,,
71,Marquette Invitational,2026-04-10,PV,,,
71,UW-La Crosse Ashton May Invitational,2026-04-03,PV,3.47,,
71,Joyce Morton-Kief Invite,2026-03-27,PV,3.58,,
71,2026 Horizon League Indoor Track & Field Championship,2026-02-28,PV,3.62,,
71,Panther Tune-up,2026-02-21,PV,3.43,,
71,2026 Blue Demon Alumni Classic,2026-02-13,PV,3.45,,
71,UW-La Crosse Mark Guthrie Legacy Invitational,2026-02-07,PV,3.53,,
71,Tierney Classic,2026-01-18,PV,3.3,,
71,Minnesota Open,2026-01-10,PV,3.41,,
71,Gibson Invitational,2025-04-17,PV,3.3,,
71,Marquette Invitational,2025-04-10,PV,3.36,,
71,Ashton May Invitational,2025-04-05,PV,3.36,,
71,Redbird Challenge,2025-03-28,PV,3.28,,
71,John Tierney Classic,2025-01-25,PV,,,
71,2024 Horizon League Outdoor Track & Field Championship,2024-05-03,PV,3.4,,
71,UW-Whitewater Drake Alternative,2024-04-25,PV,,,
71,Gibson Invitational,2024-04-18,PV,3.48,,
71,Gary Wieneke Memorial,2024-04-13,PV,3.62,,
71,Golden Grizzly T&F Invite,2024-04-06,PV,3.35,,
71,Redbird Challenge,2024-03-29,PV,,,
71,Horizon League Indoor Track & Field Championship,2024-02-24,PV,3.52,,
71,PANTHER TUNE-UP,2024-02-17,PV,3.45,,
71,Mark Guthrie Legacy Invite,2024-02-03,PV,3.42,,
71,John Tierney Classic,2024-01-20,PV,3.6,,
71,Badgers Midwest Invite,2024-01-13,PV,3.62,,
71,Illini Open,2024-01-06,PV,3.67,,
71,Horizon League Championship,2023-05-05,PV,3.73,,
71,Clark Wood Open 2023,2023-04-28,PV,3.42,,
71,Gary Wieneke Memorial,2023-04-21,PV,3.51,,
71,Gibson Invitational & Multis,2023-04-13,PV,3.6,,
71,Fighting Illini Challenge,2023-04-08,PV,3.36,,
71,2023 Horizon League Indoor Track & Field Championship,2023-02-25,PV,3.6,,
71,Panther Tune-Up,2023-02-18,PV,3.35,,
71,Mark Guthrie Legacy Invitational,2023-02-04,PV,3.56,,
71,Jack Johnson Classic,2023-01-27,PV,3.67,,
71,John Tierney Classic,2023-01-21,PV,3.45,,
71,Wisconsin Badgers Midwest Invite,2023-01-14,PV,3.62,,
16,Gibson Invitational,2026-04-16,200,,24.38,(2.6)
16,Gibson Invitational,2026-04-16,400,,55.12,
16,Gibson Invitational,2026-04-16,4x100,,46.51,
16,Gibson Invitational,2026-04-16,4x400,,,
16,Duke Invitational,2026-04-10,100,,12.07,(0.7)
16,Duke Invitational,2026-04-10,200,,24.51,(0.2)
16,Duke Invitational,2026-04-10,400,,55.77,
16,UW-La Crosse Ashton May Invitational,2026-04-03,100,,12.17,(0.5)
16,UW-La Crosse Ashton May Invitational,2026-04-03,100,,12.49,(-0.2)
16,UW-La Crosse Ashton May Invitational,2026-04-03,200,,24.52,(1.7)
16,UW-La Crosse Ashton May Invitational,2026-04-03,4x100,,46.91,
16,Raleigh Relays,2026-03-26,100,,12.29,(0.5)
16,Raleigh Relays,2026-03-26,200,,24.81,(-0.1)
16,Raleigh Relays,2026-03-26,400,,56.22,
16,2026 Horizon League Indoor Track & Field Championship,2026-02-28,200,,24.87,
16,2026 Horizon League Indoor Track & Field Championship,2026-02-28,200,,24.95,
16,2026 Horizon League Indoor Track & Field Championship,2026-02-28,400,,56.11,
16,2026 Horizon League Indoor Track & Field Championship,2026-02-28,400,,55.92,
16,2026 Horizon League Indoor Track & Field Championship,2026-02-28,4x400,,3:48.01,
16,Panther Tune-up,2026-02-21,60,,,
16,Panther Tune-up,2026-02-21,200,,,
16,GVSU Big Meet-Friday,2026-02-13,200,,25.08,
16,Iowa State Classic,2026-02-06,60,,7.77,
16,Iowa State Classic,2026-02-06,60,,7.82,
16,Iowa State Classic,2026-02-06,200,,24.91,
16,Iowa State Classic,2026-02-06,400,,55.62,
16,2026 Meyo Invitational (Notre Dame Indoor T&F),2026-01-30,200,,24.87,
16,2026 Meyo Invitational (Notre Dame Indoor T&F),2026-01-30,400,,56.04,
16,2026 Meyo Invitational (Notre Dame Indoor T&F),2026-01-30,4x400,,3:48.06,
16,Larry Wieczorek Invitational,2026-01-23,200,,25.27,
16,Larry Wieczorek Invitational,2026-01-23,400,,56.44,
16,Larry Wieczorek Invitational,2026-01-23,4x400,,3:48.92,
16,Tierney Classic,2026-01-18,60,,7.84,
16,Tierney Classic,2026-01-18,60,,7.82,
16,Tierney Classic,2026-01-18,4x400,,3:52.42,
16,Minnesota Open,2026-01-10,60,,7.90,
16,Minnesota Open,2026-01-10,60,,7.90,
16,Minnesota Open,2026-01-10,200,,25.58,
16,2025 Blue Demon Holiday Invite,2025-12-12,400,,56.91,
16,Horizon League Championship,2025-05-09,200,,24.69,(2.2)
16,Horizon League Championship,2025-05-09,200,,24.83,(1.7)
16,Horizon League Championship,2025-05-09,400,,55.53,
16,Horizon League Championship,2025-05-09,400,,55.84,
16,Horizon League Championship,2025-05-09,4x100,,46.21,
16,Horizon League Championship,2025-05-09,4x400,,3:47.15,
16,Fighting Illini Twilight,2025-04-26,200,,24.15,(4.6)
16,Fighting Illini Twilight,2025-04-26,400,,54.72,
16,Fighting Illini Twilight,2025-04-26,4x100,,46.13,
16,Gibson Invitational,2025-04-17,400,,55.87,
16,Gibson Invitational,2025-04-17,4x100,,46.69,
16,Gibson Invitational,2025-04-17,4x400,,3:52.52,
16,Duke Invitational,2025-04-10,100,,12.37,(0.2)
16,Duke Invitational,2025-04-10,200,,25.19,(-0.2)
16,Duke Invitational,2025-04-10,400,,56.16,
16,Ashton May Invitational,2025-04-05,100,,12.10,(2.0)
16,Ashton May Invitational,2025-04-05,100,,12.15,(0.8)
16,Ashton May Invitational,2025-04-05,200,,24.79,(2.3)
16,Raleigh Relays,2025-03-27,200,,25.04,(0.2)
16,Raleigh Relays,2025-03-27,400,,56.35,
16,2025 Horizon League Indoor Track & Field Championship,2025-03-01,400,,57.66,
16,2025 Horizon League Indoor Track & Field Championship,2025-03-01,400,,57.35,
16,2025 Horizon League Indoor Track & Field Championship,2025-03-01,4x400,,3:53.83,
16,GVSU Big Meet- Friday,2025-02-14,400,,56.06,
16,GVSU Big Meet- Friday,2025-02-14,4x400,,,
16,UW-La Crosse Mark Guthrie Legacy Invitational,2025-02-08,200,,25.84,
16,UW-La Crosse Mark Guthrie Legacy Invitational,2025-02-08,400,,58.30,
16,Meyo Invitational (2025 Notre Dame Indoor Track & Field),2025-01-31,60,,7.82,
16,Meyo Invitational (2025 Notre Dame Indoor Track & Field),2025-01-31,200,,25.35,
16,Meyo Invitational (2025 Notre Dame Indoor Track & Field),2025-01-31,400,,57.23,
16,John Tierney Classic,2025-01-25,60,,7.76,
16,John Tierney Classic,2025-01-25,60,,7.77,
16,John Tierney Classic,2025-01-25,4x400,,,
16,Badgers Midwest Invite,2025-01-11,60,,7.89,
16,Badgers Midwest Invite,2025-01-11,300,,40.53,
16,2024 Blue Demon Holiday Invite,2024-12-13,400,,58.03,
16,2024 Horizon League Outdoor Track & Field Championship,2024-05-03,400,,56.48,
16,2024 Horizon League Outdoor Track & Field Championship,2024-05-03,400,,56.21,
16,2024 Horizon League Outdoor Track & Field Championship,2024-05-03,4x400,,3:51.99,
16,Clark Wood Open 2024,2024-04-26,200,,25.25,(1.1)
16,Clark Wood Open 2024,2024-04-26,400,,56.44,
16,Gibson Invitational,2024-04-18,200,,25.12,(+0.0)
16,Gibson Invitational,2024-04-18,400,,57.53,
16,Gibson Invitational,2024-04-18,4x400,,4:07.62,
16,Gary Wieneke Memorial,2024-04-13,200,,25.17,(1.8)
16,Gary Wieneke Memorial,2024-04-13,400,,57.08,
16,Golden Grizzly T&F Invite,2024-04-06,200,,25.23,(1.3)
16,Golden Grizzly T&F Invite,2024-04-06,400,,57.90,
16,Golden Grizzly T&F Invite,2024-04-06,4x400,,4:01.20,
16,Raleigh Relays,2024-03-28,200,,25.68,(-2.5)
16,Raleigh Relays,2024-03-28,400,,58.03,
16,Horizon League Indoor Track & Field Championship,2024-02-24,400,,56.66,
16,Horizon League Indoor Track & Field Championship,2024-02-24,400,,57.20,
16,Horizon League Indoor Track & Field Championship,2024-02-24,4x400,,3:55.74,
16,GVSU Big Meet- (Friday),2024-02-09,400,,57.29,
16,GVSU Big Meet- (Friday),2024-02-09,4x400,,3:54.02,
16,Mark Guthrie Legacy Invite,2024-02-03,200,,26.10,
16,Mark Guthrie Legacy Invite,2024-02-03,400,,58.83,
16,Illini Challenge,2024-01-26,200,,26.38,
16,Illini Challenge,2024-01-26,400,,58.62,
16,Illini Challenge,2024-01-26,4x400,,4:05.88,
16,John Tierney Classic,2024-01-20,200,,26.17,
16,John Tierney Classic,2024-01-20,4x400,,4:01.76,
16,Badgers Midwest Invite,2024-01-13,60,,8.02,
16,Badgers Midwest Invite,2024-01-13,300,,40.75,
16,2023 Blue Demon Holiday Invite,2023-12-08,400,,57.79,
16,2023 Blue Demon Holiday Invite,2023-12-08,4x400,,3:54.68,
16,Horizon League Championship,2023-05-05,400,,58.40,
16,Horizon League Championship,2023-05-05,4x400,,3:53.61,
16,Clark Wood Open 2023,2023-04-28,400,,58.37,
16,Marquette Invitational,2023-04-22,200,,25.92,(-0.4)
16,Marquette Invitational,2023-04-22,400,,58.34,
16,Gibson Invitational & Multis,2023-04-13,400,,59.19,
16,Gibson Invitational & Multis,2023-04-13,4x400,,4:00.54,
16,Fighting Illini Challenge,2023-04-08,400,,59.29,
16,Fighting Illini Challenge,2023-04-08,4x400,,4:03.58,
16,GVSU Big Meet (Friday),2023-02-10,400,,59.07,
16,GVSU Big Meet (Friday),2023-02-10,4x400,,3:57.79,
16,Mark Guthrie Legacy Invitational,2023-02-04,400,,1:00.02,
16,Mark Guthrie Legacy Invitational,2023-02-04,4x400,,4:02.38,
16,John Tierney Classic,2023-01-21,400,,1:00.63,
16,Wisconsin Badgers Midwest Invite,2023-01-14,60,,8.12,
16,Wisconsin Badgers Midwest Invite,2023-01-14,4x400,,3:59.25,
16,2022 Blue Demon Holiday Invite,2022-12-09,400,,1:00.11,
16,2022 Blue Demon Holiday Invite,2022-12-09,4x400,,3:58.16,
145,Horizon League Championship,2025-05-09,200,,25.38,(0.2)
145,Badger Challenge,2025-05-02,200,,25.36,(0.4)
145,Fighting Illini Twilight,2025-04-26,200,,25.06,(4.6)
145,Gibson Invitational,2025-04-17,200,,25.19,(1.2)
145,Gibson Invitational,2025-04-17,4x100,,46.69,
145,Marquette Invitational,2025-04-10,200,,25.60,(-0.2)
145,Marquette Invitational,2025-04-10,4x100,,47.28,
145,Ashton May Invitational,2025-04-05,100,,12.44,(2.0)
145,Ashton May Invitational,2025-04-05,200,,25.36,(2.3)
145,Redbird Challenge,2025-03-28,200,,25.21,(3.1)
145,Redbird Challenge,2025-03-28,4x100,,49.27,
145,2025 Horizon League Indoor Track & Field Championship,2025-03-01,200,,25.87,
145,Panther Tune-up,2025-02-22,200,,25.96,
145,UW-La Crosse Mark Guthrie Legacy Invitational,2025-02-08,200,,26.31,
145,John Tierney Classic,2025-01-25,200,,26.32,
145,Badgers Midwest Invite,2025-01-11,300,,43.14,
145,2024 Blue Demon Holiday Invite,2024-12-13,200,,26.11,
145,Clark Wood Open 2024,2024-04-26,100,,12.39,(2.3)
145,Green & White Invite,2024-04-20,100,,12.56,(-0.1)
145,Green & White Invite,2024-04-20,100,,12.72,(0.9)
145,Green & White Invite,2024-04-20,200,,25.69,(0.8)
145,Marquette Invitational,2024-04-12,200,,25.97,(1.7)
145,Marquette Invitational,2024-04-12,4x100,,48.91,
145,Redbird Challenge,2024-03-29,100,,,
145,Redbird Challenge,2024-03-29,200,,26.57,(2.9)
145,PANTHER TUNE-UP,2024-02-17,60,,8.07,
145,PANTHER TUNE-UP,2024-02-17,60,,8.17,
145,PANTHER TUNE-UP,2024-02-17,200,,26.26,
145,Mark Guthrie Legacy Invite,2024-02-03,60,,8.06,
145,Mark Guthrie Legacy Invite,2024-02-03,200,,26.49,
145,John Tierney Classic,2024-01-20,60,,8.26,
145,John Tierney Classic,2024-01-20,60,,8.22,
145,John Tierney Classic,2023-01-21,60,,8.14,
145,John Tierney Classic,2023-01-21,60,,8.19,
145,John Tierney Classic,2023-01-21,200,,26.59,
145,Wisconsin Badgers Midwest Invite,2023-01-14,60,,8.23,
102,Gibson Invitational,2026-04-16,100,,12.20,(0.3)
102,Gibson Invitational,2026-04-16,4x100,,46.51,
102,Duke Invitational,2026-04-10,100,,12.27,(-0.6)
102,Duke Invitational,2026-04-10,200,,26.12,(+0.0)
102,UW-La Crosse Ashton May Invitational,2026-04-03,100,,12.38,(0.5)
102,UW-La Crosse Ashton May Invitational,2026-04-03,100,,12.79,(-0.2)
102,UW-La Crosse Ashton May Invitational,2026-04-03,4x100,,46.91,
102,UW-La Crosse Ashton May Invitational,2026-04-03,PV,3.47,,
102,Joyce Morton-Kief Invite,2026-03-27,100,,12.20,(3.4)
102,Joyce Morton-Kief Invite,2026-03-27,PV,3.58,,
102,2026 Horizon League Indoor Track & Field Championship,2026-02-28,60,,7.84,
102,2026 Horizon League Indoor Track & Field Championship,2026-02-28,PV,3.47,,
102,Panther Tune-up,2026-02-21,60,,7.75,
102,Panther Tune-up,2026-02-21,60,,7.71,
102,Panther Tune-up,2026-02-21,PV,3.58,,
102,GVSU Big Meet-Friday,2026-02-13,60,,7.71,
102,GVSU Big Meet-Friday,2026-02-13,200,,26.21,
102,UW-La Crosse Mark Guthrie Legacy Invitational,2026-02-07,60,,7.81,
102,UW-La Crosse Mark Guthrie Legacy Invitational,2026-02-07,60,,7.88,
102,UW-La Crosse Mark Guthrie Legacy Invitational,2026-02-07,PV,3.38,,
102,2026 Meyo Invitational (Notre Dame Indoor T&F),2026-01-30,60,,7.91,
102,2026 Meyo Invitational (Notre Dame Indoor T&F),2026-01-30,PV,3.53,,
102,Larry Wieczorek Invitational,2026-01-23,60,,7.86,
102,Larry Wieczorek Invitational,2026-01-23,200,,26.39,
102,Larry Wieczorek Invitational,2026-01-23,PV,3.45,,
102,Tierney Classic,2026-01-18,60,,7.76,
102,Tierney Classic,2026-01-18,60,,7.76,
102,Tierney Classic,2026-01-18,PV,3.3,,
102,Minnesota Open,2026-01-10,60,,7.94,
102,Minnesota Open,2026-01-10,60,,7.91,
102,Minnesota Open,2026-01-10,200,,27.27,
102,Minnesota Open,2026-01-10,PV,3.41,,
102,2025 Blue Demon Holiday Invite,2025-12-12,60,,7.84,
102,2025 Blue Demon Holiday Invite,2025-12-12,60,,7.87,
102,2025 Blue Demon Holiday Invite,2025-12-12,200,,26.83,
102,Horizon League Championship,2025-05-09,100,,12.23,(1.7)
102,Horizon League Championship,2025-05-09,4x100,,46.21,
102,Horizon League Championship,2025-05-09,PV,,,
102,Badger Challenge,2025-05-02,100,,12.28,(-0.2)
102,Badger Challenge,2025-05-02,200,,26.63,(1.2)
102,Fighting Illini Twilight,2025-04-26,100,,12.23,(0.9)
102,Fighting Illini Twilight,2025-04-26,4x100,,46.13,
102,Gibson Invitational,2025-04-17,100,,12.39,(1.4)
102,Gibson Invitational,2025-04-17,4x100,,46.69,
102,Green & White Invite,2025-04-17,200,,25.70,(3.4)
102,Marquette Invitational,2025-04-10,100,,12.25,(1.4)
102,Marquette Invitational,2025-04-10,200,,26.55,(-0.2)
102,Marquette Invitational,2025-04-10,4x100,,47.28,
102,Marquette Invitational,2025-04-10,PV,3.36,,
102,Ashton May Invitational,2025-04-05,100,,12.31,(2.8)
102,Ashton May Invitational,2025-04-05,100,,12.37,(0.8)
102,Ashton May Invitational,2025-04-05,PV,3.36,,
102,Redbird Challenge,2025-03-28,100,,12.29,(4.5)
102,Redbird Challenge,2025-03-28,4x100,,49.27,
102,2025 Horizon League Indoor Track & Field Championship,2025-03-01,60,,7.82,
102,2025 Horizon League Indoor Track & Field Championship,2025-03-01,PV,3.56,,
102,Panther Tune-up,2025-02-22,PV,3.5,,
102,GVSU Big Meet- Friday,2025-02-14,60,,7.73,
102,GVSU Big Meet- Friday,2025-02-14,200,,26.03,
102,UW-La Crosse Mark Guthrie Legacy Invitational,2025-02-08,60,,7.80,
102,UW-La Crosse Mark Guthrie Legacy Invitational,2025-02-08,200,,26.38,
102,UW-La Crosse Mark Guthrie Legacy Invitational,2025-02-08,PV,3.64,,
102,Meyo Invitational (2025 Notre Dame Indoor Track & Field),2025-01-31,60,,7.84,
102,Meyo Invitational (2025 Notre Dame Indoor Track & Field),2025-01-31,60,,7.77,
102,Meyo Invitational (2025 Notre Dame Indoor Track & Field),2025-01-31,200,,26.06,
102,Meyo Invitational (2025 Notre Dame Indoor Track & Field),2025-01-31,PV,3.46,,
102,John Tierney Classic,2025-01-25,60,,7.79,
102,John Tierney Classic,2025-01-25,60,,7.78,
102,John Tierney Classic,2025-01-25,200,,26.25,
102,John Tierney Classic,2025-01-25,PV,3.45,,
102,Badgers Midwest Invite,2025-01-11,60,,7.86,
102,Badgers Midwest Invite,2025-01-11,PV,3.55,,
102,2024 Blue Demon Holiday Invite,2024-12-13,60,,7.83,
102,2024 Blue Demon Holiday Invite,2024-12-13,200,,26.44,
102,2024 Horizon League Outdoor Track & Field Championship,2024-05-03,100,,12.18,(1.6)
102,2024 Horizon League Outdoor Track & Field Championship,2024-05-03,100,,12.16,(0.2)
102,2024 Horizon League Outdoor Track & Field Championship,2024-05-03,4x100,,46.72,
102,2024 Horizon League Outdoor Track & Field Championship,2024-05-03,PV,3.65,,
102,UW-Whitewater Drake Alternative,2024-04-25,100,,12.20,(2.4)
102,UW-Whitewater Drake Alternative,2024-04-25,PV,3.56,,
102,Gibson Invitational,2024-04-18,100,,12.26,(1.4)
102,Gibson Invitational,2024-04-18,4x100,,48.05,
102,Gibson Invitational,2024-04-18,PV,3.48,,
102,Gary Wieneke Memorial,2024-04-13,100,,12.13,(3.1)
102,Gary Wieneke Memorial,2024-04-13,PV,3.62,,
102,Golden Grizzly T&F Invite,2024-04-06,100,,12.42,(1.4)
102,Golden Grizzly T&F Invite,2024-04-06,100,,12.28,(3.5)
102,Golden Grizzly T&F Invite,2024-04-06,4x100,,47.52,
102,Golden Grizzly T&F Invite,2024-04-06,PV,3.5,,
102,Redbird Challenge,2024-03-29,100,,12.20,(2.1)
102,Redbird Challenge,2024-03-29,100,,12.30,(1.1)
102,Redbird Challenge,2024-03-29,PV,3.53,,
102,Horizon League Indoor Track & Field Championship,2024-02-24,60,,7.72,
102,Horizon League Indoor Track & Field Championship,2024-02-24,PV,3.67,,
102,PANTHER TUNE-UP,2024-02-17,PV,3.45,,
102,GVSU Big Meet- (Friday),2024-02-09,60,,7.72,
102,GVSU Big Meet- (Friday),2024-02-09,200,,26.17,
102,Mark Guthrie Legacy Invite,2024-02-03,60,,7.74,
102,Mark Guthrie Legacy Invite,2024-02-03,60,,7.76,
102,Mark Guthrie Legacy Invite,2024-02-03,PV,3.72,,
102,Illini Challenge,2024-01-26,60,,7.90,
102,Illini Challenge,2024-01-26,200,,27.13,
102,Illini Challenge,2024-01-26,PV,3.62,,
102,John Tierney Classic,2024-01-20,60,,7.93,
102,John Tierney Classic,2024-01-20,60,,7.92,
102,John Tierney Classic,2024-01-20,200,,27.47,
102,John Tierney Classic,2024-01-20,PV,3.45,,
102,Badgers Midwest Invite,2024-01-13,60,,7.96,
102,Badgers Midwest Invite,2024-01-13,PV,3.47,,
102,Illini Open,2024-01-06,60,,7.99,
102,Illini Open,2024-01-06,PV,3.67,,
102,Horizon League Championship,2023-05-05,100,,12.36,(-0.1)
102,Horizon League Championship,2023-05-05,4x100,,46.72,
102,Horizon League Championship,2023-05-05,PV,3.63,,
102,Clark Wood Open 2023,2023-04-28,200,,26.72,(-0.7)
102,Clark Wood Open 2023,2023-04-28,PV,3.42,,
102,Gary Wieneke Memorial,2023-04-21,200,,26.91,(-0.2)
102,Gary Wieneke Memorial,2023-04-21,PV,,,
102,Gibson Invitational & Multis,2023-04-13,100,,12.32,(1.6)
102,Gibson Invitational & Multis,2023-04-13,200,,26.17,(3.3)
102,Gibson Invitational & Multis,2023-04-13,PV,3.3,,
102,Fighting Illini Challenge,2023-04-08,100,,12.41,(0.1)
102,Fighting Illini Challenge,2023-04-08,4x100,,47.47,
102,Fighting Illini Challenge,2023-04-08,PV,3.66,,
102,2023 Horizon League Indoor Track & Field Championship,2023-02-25,60,,7.87,
102,2023 Horizon League Indoor Track & Field Championship,2023-02-25,PV,3.6,,
102,Panther Tune-Up,2023-02-18,PV,3.65,,
102,GVSU Big Meet (Friday),2023-02-10,60,,7.80,
102,GVSU Big Meet (Friday),2023-02-10,200,,26.07,
102,Mark Guthrie Legacy Invitational,2023-02-04,200,,27.31,
102,Mark Guthrie Legacy Invitational,2023-02-04,PV,3.56,,
102,Jack Johnson Classic,2023-01-27,60,,7.84,
102,Jack Johnson Classic,2023-01-27,60,,7.86,
102,Jack Johnson Classic,2023-01-27,200,,26.94,
102,Jack Johnson Classic,2023-01-27,PV,3.52,,
102,John Tierney Classic,2023-01-21,60,,7.82,
102,John Tierney Classic,2023-01-21,60,,7.81,
102,John Tierney Classic,2023-01-21,200,,27.37,
102,John Tierney Classic,2023-01-21,PV,3.3,,
102,Wisconsin Badgers Midwest Invite,2023-01-14,60,,7.85,
102,Wisconsin Badgers Midwest Invite,2023-01-14,PV,,,
102,2022 Blue Demon Holiday Invite,2022-12-09,60,,7.86,
102,2022 Blue Demon Holiday Invite,2022-12-09,200,,26.58,
132,Gibson Invitational,2026-04-16,HJ,1.7,,
132,Duke Invitational,2026-04-10,HJ,1.74,,
132,UW-La Crosse Ashton May Invitational,2026-04-03,HJ,1.71,,
132,Raleigh Relays,2026-03-26,HJ,1.62,,
132,2026 Horizon League Indoor Track & Field Championship,2026-02-28,HJ,1.73,,
132,Panther Tune-up,2026-02-21,HJ,1.7,,
132,Iowa State Classic,2026-02-06,HJ,1.68,,
132,2026 Meyo Invitational (Notre Dame Indoor T&F),2026-01-30,HJ,1.72,,
132,Larry Wieczorek Invitational,2026-01-23,HJ,1.71,,
132,Tierney Classic,2026-01-18,HJ,1.68,,
132,Minnesota Open,2026-01-10,HJ,1.73,,
132,2025 Blue Demon Holiday Invite,2025-12-12,HJ,1.72,,
132,NCAA Division I West First Round,2025-05-28,HJ,,,
132,Horizon League Championship,2025-05-09,HJ,1.75,,
132,Badger Challenge,2025-05-02,HJ,1.73,,
132,Gibson Invitational,2025-04-17,HJ,1.8,,
132,Duke Invitational,2025-04-10,HJ,1.66,,
132,Raleigh Relays,2025-03-27,HJ,1.7,,
132,2025 Horizon League Indoor Track & Field Championship,2025-03-01,HJ,1.75,,
132,Panther Tune-up,2025-02-22,HJ,1.68,,
132,UW-La Crosse Mark Guthrie Legacy Invitational,2025-02-08,HJ,1.65,,
132,Meyo Invitational (2025 Notre Dame Indoor Track & Field),2025-01-31,HJ,1.61,,
132,John Tierney Classic,2025-01-25,HJ,1.6,,
132,Badgers Midwest Invite,2025-01-11,HJ,1.7,,
132,2024 Blue Demon Holiday Invite,2024-12-13,HJ,1.69,,
132,2024 Horizon League Outdoor Track & Field Championship,2024-05-03,HJ,1.63,,
132,Gibson Invitational,2024-04-18,HJ,1.57,,
132,Horizon League Indoor Track & Field Championship,2024-02-24,HJ,1.66,,
132,Mark Guthrie Legacy Invite,2024-02-03,HJ,1.68,,
132,Illini Challenge,2024-01-26,HJ,1.65,,
132,John Tierney Classic,2024-01-20,HJ,1.65,,
132,Badgers Midwest Invite,2024-01-13,HJ,1.66,,
132,Illini Open,2024-01-06,HJ,1.65,,
132,2023 Blue Demon Holiday Invite,2023-12-08,HJ,1.68,,
132,Horizon League Championship,2023-05-05,HJ,1.68,,
132,Clark Wood Open 2023,2023-04-28,HJ,1.65,,
132,Marquette Invitational,2023-04-22,HJ,1.6,,
132,Gibson Invitational & Multis,2023-04-13,HJ,1.68,,
132,Warrior Invitational,2023-04-06,HJ,1.65,,
132,2023 Horizon League Indoor Track & Field Championship,2023-02-25,HJ,1.6,,
132,Panther Tune-Up,2023-02-18,HJ,1.6,,
132,GVSU Big Meet (Friday),2023-02-10,HJ,1.53,,
132,Jack Johnson Classic,2023-01-27,HJ,1.67,,
132,John Tierney Classic,2023-01-21,HJ,1.62,,
132,Wisconsin Badgers Midwest Invite,2023-01-14,HJ,1.56,,
149,Gibson Invitational,2026-04-16,HJ,1.7,,
149,UW-La Crosse Ashton May Invitational,2026-04-03,HJ,1.58,,
149,Joyce Morton-Kief Invite,2026-03-27,HJ,1.62,,
149,2026 Horizon League Indoor Track & Field Championship,2026-02-28,HJ,1.57,,
149,2026 Blue Demon Alumni Classic,2026-02-13,HJ,1.6,,
149,Iowa State Classic,2026-02-06,HJ,1.63,,
149,2026 Meyo Invitational (Notre Dame Indoor T&F),2026-01-30,HJ,1.57,,
149,Larry Wieczorek Invitational,2026-01-23,HJ,1.61,,
149,Tierney Classic,2026-01-18,HJ,1.63,,
149,Minnesota Open,2026-01-10,HJ,1.65,,
149,2025 Blue Demon Holiday Invite,2025-12-12,HJ,1.58,,
149,Horizon League Championship,2025-05-09,HJ,1.63,,
149,UW-Whitewater Drake Alternative,2025-04-24,HJ,1.57,,
149,Gibson Invitational,2025-04-17,HJ,1.65,,
149,Marquette Invitational,2025-04-10,HJ,1.6,,
149,Redbird Challenge,2025-03-28,HJ,1.6,,
149,2025 Horizon League Indoor Track & Field Championship,2025-03-01,HJ,1.63,,
149,GVSU Big Meet- Friday,2025-02-14,HJ,1.53,,
149,UW-La Crosse Mark Guthrie Legacy Invitational,2025-02-08,HJ,1.6,,
149,John Tierney Classic,2025-01-25,HJ,1.6,,
149,Badgers Midwest Invite,2025-01-11,HJ,1.6,,
149,2024 Blue Demon Holiday Invite,2024-12-13,HJ,1.53,,
149,2024 Horizon League Outdoor Track & Field Championship,2024-05-03,HJ,1.6,,
149,Gibson Invitational,2024-04-18,HJ,1.57,,
149,Marquette Invitational,2024-04-12,HJ,1.57,,
149,Golden Grizzly T&F Invite,2024-04-06,HJ,1.6,,
149,Redbird Challenge,2024-03-29,HJ,1.55,,
149,Horizon League Indoor Track & Field Championship,2024-02-24,HJ,1.61,,
149,GVSU Big Meet- (Friday),2024-02-09,HJ,1.59,,
149,Mark Guthrie Legacy Invite,2024-02-03,HJ,1.58,,
149,Illini Challenge,2024-01-26,HJ,,,
149,John Tierney Classic,2024-01-20,HJ,1.6,,
149,Badgers Midwest Invite,2024-01-13,HJ,1.56,,
149,Illini Open,2024-01-06,HJ,,,
149,2023 Blue Demon Holiday Invite,2023-12-08,HJ,1.63,,
149,Horizon League Championship,2023-05-05,HJ,1.55,,
149,Clark Wood Open 2023,2023-04-28,HJ,1.55,,
149,Marquette Invitational,2023-04-22,HJ,1.55,,
149,Green & White Invite,2023-04-15,HJ,1.61,,
149,Warrior Invitational,2023-04-06,HJ,1.55,,
149,Panther Tune-Up,2023-02-18,HJ,1.5,,
149,GVSU Big Meet (Friday),2023-02-10,HJ,1.53,,
149,Mark Guthrie Legacy Invitational,2023-02-04,HJ,1.59,,
149,John Tierney Classic,2023-01-21,HJ,1.57,,
149,Wisconsin Badgers Midwest Invite,2023-01-14,HJ,1.56,,
149,2022 Blue Demon Holiday Invite,2022-12-09,HJ,1.6,,
120,Gibson Invitational,2026-04-16,LJ,6.09,,(1.5)
120,Gibson Invitational,2026-04-16,JT,30.75,,
120,Gibson Invitational,2026-04-16,Hep,,4469,
120,Gibson Invitational,2026-04-16,SP,10.38,,
120,Gibson Invitational,2026-04-16,LJ,6.01,,(1.3)
120,Gibson Invitational,2026-04-16,JT,30.23,,
120,Gibson Invitational,2026-04-16,HJ,1.49,,
120,Gibson Invitational,2026-04-16,800,,,
120,Gibson Invitational,2026-04-16,200,,24.11,(2.1)
120,Gibson Invitational,2026-04-16,100H,,13.84,(2.6)
120,Duke Invitational,2026-04-10,LJ,6.12,,(0.1)
120,Duke Invitational,2026-04-10,TJ,11.89,,(-0.2)
120,Duke Invitational,2026-04-10,Hep,,5205,
120,Duke Invitational,2026-04-10,800,,2:20.60,
120,Duke Invitational,2026-04-10,JT,26.14,,
120,Duke Invitational,2026-04-10,LJ,6.07,,(-0.6)
120,Duke Invitational,2026-04-10,200,,24.62,(1.1)
120,Duke Invitational,2026-04-10,SP,10.51,,
120,Duke Invitational,2026-04-10,HJ,1.51,,
120,Duke Invitational,2026-04-10,100H,,13.86,(1.6)
120,UW-La Crosse Ashton May Invitational,2026-04-03,100H,,13.87,(1.4)
120,UW-La Crosse Ashton May Invitational,2026-04-03,HJ,1.48,,
120,Raleigh Relays,2026-03-26,200,,24.92,(0.3)
120,Raleigh Relays,2026-03-26,100H,,14.11,(-2.0)
120,Raleigh Relays,2026-03-26,LJ,5.96,,(1.1)
120,2026 Horizon League Indoor Track & Field Championship,2026-02-28,60H,,8.65,
120,2026 Horizon League Indoor Track & Field Championship,2026-02-28,60H,,8.49,
120,2026 Horizon League Indoor Track & Field Championship,2026-02-28,LJ,6.16,,
120,2026 Horizon League Indoor Track & Field Championship,2026-02-28,TJ,12.04,,
120,2026 Horizon League Indoor Track & Field Championship,2026-02-28,Pent,,3890,
120,2026 Horizon League Indoor Track & Field Championship,2026-02-28,800,,2:33.09,
120,2026 Horizon League Indoor Track & Field Championship,2026-02-28,LJ,6.23,,
120,2026 Horizon League Indoor Track & Field Championship,2026-02-28,SP,11.02,,
120,2026 Horizon League Indoor Track & Field Championship,2026-02-28,HJ,1.57,,
120,2026 Horizon League Indoor Track & Field Championship,2026-02-28,60H,,8.50,
120,Panther Tune-up,2026-02-21,60H,,8.65,
120,Panther Tune-up,2026-02-21,60H,,8.53,
120,Panther Tune-up,2026-02-21,LJ,6.31,,
120,Panther Tune-up,2026-02-21,TJ,12.45,,
120,Panther Tune-up,2026-02-21,SP,10.59,,
120,2026 Blue Demon Alumni Classic,2026-02-13,800,,,
120,2026 Blue Demon Alumni Classic,2026-02-13,60H,,8.60,
120,2026 Blue Demon Alumni Classic,2026-02-13,SP,10.47,,
120,Iowa State Classic,2026-02-06,200,,24.69,
120,Iowa State Classic,2026-02-06,60H,,8.49,
120,Iowa State Classic,2026-02-06,60H,,8.45,
120,Iowa State Classic,2026-02-06,LJ,5.84,,
120,Iowa State Classic,2026-02-06,TJ,,,
120,2026 PNC Lenny Lyles Open,2026-01-30,Pent,,3741,
120,2026 PNC Lenny Lyles Open,2026-01-30,SP,10.49,,
120,2026 PNC Lenny Lyles Open,2026-01-30,LJ,6.07,,
120,2026 PNC Lenny Lyles Open,2026-01-30,HJ,1.54,,
120,2026 PNC Lenny Lyles Open,2026-01-30,800,,2:34.49,
120,2026 PNC Lenny Lyles Open,2026-01-30,60H,,8.56,
120,Larry Wieczorek Invitational,2026-01-23,60H,,8.55,
120,Larry Wieczorek Invitational,2026-01-23,LJ,5.94,,
120,Tierney Classic,2026-01-18,60H,,8.64,
120,Tierney Classic,2026-01-18,60H,,8.84,
120,Tierney Classic,2026-01-18,LJ,6.3,,
120,Tierney Classic,2026-01-18,SP,10.61,,
120,Minnesota Open,2026-01-10,200,,25.39,
120,Minnesota Open,2026-01-10,60H,,8.67,
120,Minnesota Open,2026-01-10,HJ,1.6,,
120,Minnesota Open,2026-01-10,SP,10.6,,
120,2025 Blue Demon Holiday Invite,2025-12-12,200,,24.68,
120,2025 Blue Demon Holiday Invite,2025-12-12,60H,,8.49,
120,2025 Blue Demon Holiday Invite,2025-12-12,60H,,8.53,
120,2025 Blue Demon Holiday Invite,2025-12-12,LJ,5.76,,
120,UWL Final Qualifier,2025-05-14,LJ,5.99,,(0.1)
120,Horizon League Championship,2025-05-09,100H,,13.76,(2.4)
120,Horizon League Championship,2025-05-09,100H,,14.19,(1.5)
120,Horizon League Championship,2025-05-09,LJ,5.8,,(1.1)
120,Horizon League Championship,2025-05-09,TJ,11.99,,(+0.0)
120,Horizon League Championship,2025-05-09,Hep,,5226,
120,Horizon League Championship,2025-05-09,800,,2:21.90,
120,Horizon League Championship,2025-05-09,JT,29.88,,
120,Horizon League Championship,2025-05-09,LJ,5.69,,(1.2)
120,Horizon League Championship,2025-05-09,200,,24.43,(2.4)
120,Horizon League Championship,2025-05-09,SP,10.56,,
120,Horizon League Championship,2025-05-09,HJ,1.55,,
120,Horizon League Championship,2025-05-09,100H,,13.75,(2.6)
120,Jim Green Invitational,2025-05-02,100H,,14.05,(1.5)
120,Jim Green Invitational,2025-05-02,100H,,13.83,(1.4)
120,Jim Green Invitational,2025-05-02,LJ,5.94,,(-0.5)
120,Jim Green Invitational,2025-05-02,TJ,11.61,,(1.4)
120,Fighting Illini Twilight,2025-04-26,100H,,13.86,(3.2)
120,Fighting Illini Twilight,2025-04-26,LJ,5.76,,(0.4)
120,UW-Whitewater Drake Alternative,2025-04-24,400H,,1:03.41,
120,UW-Whitewater Drake Alternative,2025-04-24,HJ,1.57,,
120,Gibson Invitational,2025-04-17,LJ,5.62,,(+0.0)
120,Gibson Invitational,2025-04-17,JT,27.04,,
120,Duke Invitational,2025-04-10,Hep,,5052,
120,Duke Invitational,2025-04-10,100H,,14.05,(1.5)
120,Duke Invitational,2025-04-10,HJ,1.54,,
120,Duke Invitational,2025-04-10,SP,10.64,,
120,Duke Invitational,2025-04-10,200,,25.14,(+0.0)
120,Duke Invitational,2025-04-10,LJ,5.68,,(0.3)
120,Duke Invitational,2025-04-10,JT,28.95,,
120,Duke Invitational,2025-04-10,800,,2:24.73,
120,Ashton May Invitational,2025-04-05,200,,25.67,(2.3)
120,Ashton May Invitational,2025-04-05,100H,,14.36,(4.7)
120,Ashton May Invitational,2025-04-05,100H,,14.24,(3.0)
120,Ashton May Invitational,2025-04-05,LJ,5.85,,
120,Ashton May Invitational,2025-04-05,JT,28.88,,
120,Raleigh Relays,2025-03-27,100H,,14.45,(0.2)
120,Raleigh Relays,2025-03-27,LJ,5.7,,(0.9)
120,2025 Horizon League Indoor Track & Field Championship,2025-03-01,60H,,8.74,
120,2025 Horizon League Indoor Track & Field Championship,2025-03-01,60H,,8.88,
120,2025 Horizon League Indoor Track & Field Championship,2025-03-01,LJ,5.83,,
120,2025 Horizon League Indoor Track & Field Championship,2025-03-01,TJ,11.68,,
120,2025 Horizon League Indoor Track & Field Championship,2025-03-01,Pent,,3864,
120,2025 Horizon League Indoor Track & Field Championship,2025-03-01,60H,,8.82,
120,2025 Horizon League Indoor Track & Field Championship,2025-03-01,HJ,1.6,,
120,2025 Horizon League Indoor Track & Field Championship,2025-03-01,SP,11.51,,
120,2025 Horizon League Indoor Track & Field Championship,2025-03-01,LJ,5.8,,
120,2025 Horizon League Indoor Track & Field Championship,2025-03-01,800,,2:24.63,
120,Panther Tune-up,2025-02-22,60H,,,
120,Panther Tune-up,2025-02-22,60H,,8.96,
120,Panther Tune-up,2025-02-22,LJ,5.97,,
120,Panther Tune-up,2025-02-22,TJ,11.19,,
120,Panther Tune-up,2025-02-22,SP,11.13,,
120,GVSU Big Meet- Friday,2025-02-14,200,,25.43,
120,GVSU Big Meet- Friday,2025-02-14,60H,,8.79,
120,GVSU Big Meet- Friday,2025-02-14,60H,,8.72,
120,GVSU Big Meet- Friday,2025-02-14,4x400,,,
120,GVSU Big Meet- Friday,2025-02-14,HJ,1.53,,
120,UW-La Crosse Mark Guthrie Legacy Invitational,2025-02-08,200,,25.57,
120,UW-La Crosse Mark Guthrie Legacy Invitational,2025-02-08,60H,,8.84,
120,UW-La Crosse Mark Guthrie Legacy Invitational,2025-02-08,60H,,8.65,
120,UW-La Crosse Mark Guthrie Legacy Invitational,2025-02-08,LJ,5.82,,
120,Meyo Invitational (2025 Notre Dame Indoor Track & Field),2025-01-31,60H,,8.74,
120,Meyo Invitational (2025 Notre Dame Indoor Track & Field),2025-01-31,60H,,8.73,
120,Meyo Invitational (2025 Notre Dame Indoor Track & Field),2025-01-31,LJ,5.69,,(+0.0)
120,John Tierney Classic,2025-01-25,60H,,,
120,John Tierney Classic,2025-01-25,60H,,8.74,
120,John Tierney Classic,2025-01-25,LJ,5.94,,
120,John Tierney Classic,2025-01-25,TJ,11.78,,
120,John Tierney Classic,2025-01-25,SP,10.83,,
120,Mastodon Invitational 2025,2025-01-17,Pent,,3746,
120,Mastodon Invitational 2025,2025-01-17,800,,2:24.84,
120,Mastodon Invitational 2025,2025-01-17,LJ,5.69,,
120,Mastodon Invitational 2025,2025-01-17,SP,10.56,,
120,Mastodon Invitational 2025,2025-01-17,HJ,1.6,,
120,Mastodon Invitational 2025,2025-01-17,60H,,8.91,
120,Badgers Midwest Invite,2025-01-11,300,,40.72,
120,Badgers Midwest Invite,2025-01-11,60H,,8.73,
120,Badgers Midwest Invite,2025-01-11,60H,,8.74,
120,Badgers Midwest Invite,2025-01-11,LJ,5.65,,
120,Badgers Midwest Invite,2025-01-11,SP,9.86,,
120,2024 Blue Demon Holiday Invite,2024-12-13,600,,1:45.70,
120,2024 Blue Demon Holiday Invite,2024-12-13,60H,,8.66,
120,2024 Blue Demon Holiday Invite,2024-12-13,60H,,8.69,
120,2024 Blue Demon Holiday Invite,2024-12-13,LJ,5.35,,
120,UW-La Crosse Eagle Open,2024-05-10,LJ,5.65,,(-2.6)
120,2024 Horizon League Outdoor Track & Field Championship,2024-05-03,100H,,14.01,(2.4)
120,2024 Horizon League Outdoor Track & Field Championship,2024-05-03,100H,,14.26,(0.7)
120,2024 Horizon League Outdoor Track & Field Championship,2024-05-03,LJ,5.83,,(3.6)
120,2024 Horizon League Outdoor Track & Field Championship,2024-05-03,Hep,,4749,
120,2024 Horizon League Outdoor Track & Field Championship,2024-05-03,100H,,14.34,(-1.6)
120,2024 Horizon League Outdoor Track & Field Championship,2024-05-03,HJ,1.54,,
120,2024 Horizon League Outdoor Track & Field Championship,2024-05-03,SP,10.28,,
120,2024 Horizon League Outdoor Track & Field Championship,2024-05-03,200,,25.69,(-1.9)
120,2024 Horizon League Outdoor Track & Field Championship,2024-05-03,LJ,5.59,,(-2.6)
120,2024 Horizon League Outdoor Track & Field Championship,2024-05-03,JT,28.33,,
120,2024 Horizon League Outdoor Track & Field Championship,2024-05-03,800,,2:36.89,
120,UW-Whitewater Drake Alternative,2024-04-25,LJ,5.94,,(1.5)
120,UW-Whitewater Drake Alternative,2024-04-25,SP,9.79,,
120,UW-Whitewater Drake Alternative,2024-04-25,JT,27.75,,
120,Gibson Invitational,2024-04-18,Hep,,4661,
120,Gibson Invitational,2024-04-18,100H,,14.37,(0.1)
120,Gibson Invitational,2024-04-18,HJ,1.5,,
120,Gibson Invitational,2024-04-18,SP,9.79,,
120,Gibson Invitational,2024-04-18,200,,25.27,(+0.0)
120,Gibson Invitational,2024-04-18,LJ,5.2,,(1.8)
120,Gibson Invitational,2024-04-18,JT,26.06,,
120,Gibson Invitational,2024-04-18,800,,2:27.91,
120,2024 Bryan Clay Invitational,2024-04-11,100H,,14.45,(-0.4)
120,2024 Bryan Clay Invitational,2024-04-11,LJ,5.63,,(-2.3)
120,Golden Grizzly T&F Invite,2024-04-06,100H,,14.12,(2.6)
120,Golden Grizzly T&F Invite,2024-04-06,100H,,14.55,(1.3)
120,Golden Grizzly T&F Invite,2024-04-06,400H,,1:03.59,
120,Golden Grizzly T&F Invite,2024-04-06,HJ,1.5,,
120,Golden Grizzly T&F Invite,2024-04-06,JT,20.85,,
120,Raleigh Relays,2024-03-28,100H,,14.04,(1.7)
120,Raleigh Relays,2024-03-28,400H,,1:04.02,
120,Raleigh Relays,2024-03-28,LJ,5.72,,(0.3)
120,Horizon League Indoor Track & Field Championship,2024-02-24,60H,,8.73,
120,Horizon League Indoor Track & Field Championship,2024-02-24,LJ,5.54,,
120,Horizon League Indoor Track & Field Championship,2024-02-24,TJ,11.7,,
120,Horizon League Indoor Track & Field Championship,2024-02-24,Pent,,3610,
120,Horizon League Indoor Track & Field Championship,2024-02-24,60H,,8.74,
120,Horizon League Indoor Track & Field Championship,2024-02-24,HJ,1.52,,
120,Horizon League Indoor Track & Field Championship,2024-02-24,SP,9.52,,
120,Horizon League Indoor Track & Field Championship,2024-02-24,LJ,5.8,,
120,Horizon League Indoor Track & Field Championship,2024-02-24,800,,2:28.35,
120,PANTHER TUNE-UP,2024-02-17,60H,,8.83,
120,PANTHER TUNE-UP,2024-02-17,LJ,5.86,,
120,PANTHER TUNE-UP,2024-02-17,TJ,11.88,,
120,PANTHER TUNE-UP,2024-02-17,SP,8.76,,
120,GVSU Big Meet- (Friday),2024-02-09,200,,25.43,
120,GVSU Big Meet- (Friday),2024-02-09,60H,,8.96,
120,GVSU Big Meet- (Friday),2024-02-09,HJ,1.54,,
120,Mark Guthrie Legacy Invite,2024-02-03,200,,26.02,
120,Mark Guthrie Legacy Invite,2024-02-03,60H,,8.98,
120,Mark Guthrie Legacy Invite,2024-02-03,60H,,8.75,
120,Mark Guthrie Legacy Invite,2024-02-03,HJ,1.48,,
120,Mark Guthrie Legacy Invite,2024-02-03,TJ,11.49,,
120,Illini Challenge,2024-01-26,60H,,8.84,
120,Illini Challenge,2024-01-26,60H,,8.97,
120,Illini Challenge,2024-01-26,LJ,5.78,,
120,Badgers Midwest Invite,2024-01-13,300,,40.97,
120,Badgers Midwest Invite,2024-01-13,60H,,8.82,
120,Badgers Midwest Invite,2024-01-13,60H,,8.91,
120,Badgers Midwest Invite,2024-01-13,LJ,5.55,,
120,Badgers Midwest Invite,2024-01-13,SP,8.35,,
120,Illini Open,2024-01-06,600,,1:45.96,
120,Illini Open,2024-01-06,60H,,8.87,
120,Illini Open,2024-01-06,LJ,5.61,,
120,2023 Blue Demon Holiday Invite,2023-12-08,60H,,8.76,
120,2023 Blue Demon Holiday Invite,2023-12-08,60H,,8.78,
120,2023 Blue Demon Holiday Invite,2023-12-08,LJ,,,
137,Gibson Invitational,2026-04-16,JT,35.78,,
137,Gibson Invitational,2026-04-16,Hep,,,
137,Gibson Invitational,2026-04-16,SP,9.83,,
137,Gibson Invitational,2026-04-16,LJ,5.37,,(+0.0)
137,Gibson Invitational,2026-04-16,JT,31.84,,
137,Gibson Invitational,2026-04-16,HJ,1.55,,
137,Gibson Invitational,2026-04-16,800,,,
137,Gibson Invitational,2026-04-16,200,,25.72,(2.1)
137,Gibson Invitational,2026-04-16,100H,,14.87,(4.0)
137,Duke Invitational,2026-04-10,TJ,11.76,,(1.2)
137,Duke Invitational,2026-04-10,JT,31.24,,
137,Duke Invitational,2026-04-10,Hep,,4827,
137,Duke Invitational,2026-04-10,800,,2:28.20,
137,Duke Invitational,2026-04-10,JT,32.92,,
137,Duke Invitational,2026-04-10,LJ,5.5,,(-0.3)
137,Duke Invitational,2026-04-10,200,,26.66,(0.7)
137,Duke Invitational,2026-04-10,SP,9.28,,
137,Duke Invitational,2026-04-10,HJ,1.66,,
137,Duke Invitational,2026-04-10,100H,,14.93,(1.5)
137,UW-La Crosse Ashton May Invitational,2026-04-03,100H,,15.39,(1.4)
137,UW-La Crosse Ashton May Invitational,2026-04-03,JT,32.68,,
137,Raleigh Relays,2026-03-26,100H,,15.30,(-1.2)
137,Raleigh Relays,2026-03-26,HJ,1.62,,
137,Raleigh Relays,2026-03-26,LJ,5.49,,(1.4)
137,2026 Horizon League Indoor Track & Field Championship,2026-02-28,HJ,1.62,,
137,2026 Horizon League Indoor Track & Field Championship,2026-02-28,LJ,5.76,,
137,2026 Horizon League Indoor Track & Field Championship,2026-02-28,TJ,11.65,,
137,2026 Horizon League Indoor Track & Field Championship,2026-02-28,Pent,,3718,
137,2026 Horizon League Indoor Track & Field Championship,2026-02-28,800,,2:27.35,
137,2026 Horizon League Indoor Track & Field Championship,2026-02-28,LJ,5.61,,
137,2026 Horizon League Indoor Track & Field Championship,2026-02-28,SP,10.03,,
137,2026 Horizon League Indoor Track & Field Championship,2026-02-28,HJ,1.69,,
137,2026 Horizon League Indoor Track & Field Championship,2026-02-28,60H,,9.11,
137,Panther Tune-up,2026-02-21,60H,,9.04,
137,Panther Tune-up,2026-02-21,60H,,,
137,Panther Tune-up,2026-02-21,HJ,1.7,,
137,Panther Tune-up,2026-02-21,TJ,11.54,,
137,Panther Tune-up,2026-02-21,SP,9.76,,
137,2026 Blue Demon Alumni Classic,2026-02-13,800,,,
137,2026 Blue Demon Alumni Classic,2026-02-13,60H,,9.08,
137,2026 Blue Demon Alumni Classic,2026-02-13,SP,9.64,,
137,UW-La Crosse Mark Guthrie Legacy Invitational,2026-02-07,60H,,9.40,
137,UW-La Crosse Mark Guthrie Legacy Invitational,2026-02-07,LJ,5.5,,
137,2026 PNC Lenny Lyles Open,2026-01-30,Pent,,3576,
137,2026 PNC Lenny Lyles Open,2026-01-30,SP,9.7,,
137,2026 PNC Lenny Lyles Open,2026-01-30,LJ,5.31,,
137,2026 PNC Lenny Lyles Open,2026-01-30,HJ,1.7,,
137,2026 PNC Lenny Lyles Open,2026-01-30,800,,2:28.97,
137,2026 PNC Lenny Lyles Open,2026-01-30,60H,,9.24,
137,Larry Wieczorek Invitational,2026-01-23,60H,,9.34,
137,Larry Wieczorek Invitational,2026-01-23,HJ,1.66,,
137,Tierney Classic,2026-01-18,60H,,9.39,
137,Tierney Classic,2026-01-18,60H,,9.32,
137,Tierney Classic,2026-01-18,HJ,1.63,,
137,Tierney Classic,2026-01-18,SP,10.45,,
137,Minnesota Open,2026-01-10,200,,27.88,
137,Minnesota Open,2026-01-10,60H,,,
137,Minnesota Open,2026-01-10,LJ,5.21,,
137,Minnesota Open,2026-01-10,SP,10.03,,
137,2025 Blue Demon Holiday Invite,2025-12-12,300,,43.49,
137,2025 Blue Demon Holiday Invite,2025-12-12,60H,,9.15,
137,2025 Blue Demon Holiday Invite,2025-12-12,60H,,9.16,
137,2025 Blue Demon Holiday Invite,2025-12-12,HJ,1.66,,
137,UWL Final Qualifier,2025-05-14,HJ,1.59,,
137,Horizon League Championship,2025-05-09,HJ,1.58,,
137,Horizon League Championship,2025-05-09,LJ,5.66,,(2.0)
137,Horizon League Championship,2025-05-09,JT,35.49,,
137,Horizon League Championship,2025-05-09,Hep,,5116,
137,Horizon League Championship,2025-05-09,800,,2:24.15,
137,Horizon League Championship,2025-05-09,JT,36.99,,
137,Horizon League Championship,2025-05-09,LJ,5.55,,(0.4)
137,Horizon League Championship,2025-05-09,200,,26.14,(2.4)
137,Horizon League Championship,2025-05-09,SP,10.54,,
137,Horizon League Championship,2025-05-09,HJ,1.67,,
137,Horizon League Championship,2025-05-09,100H,,14.90,(2.6)
137,Jim Green Invitational,2025-05-02,100H,,14.97,(-0.6)
137,Jim Green Invitational,2025-05-02,HJ,1.7,,
137,Jim Green Invitational,2025-05-02,JT,32.46,,
137,UW-Whitewater Drake Alternative,2025-04-24,100H,,15.28,(-0.9)
137,UW-Whitewater Drake Alternative,2025-04-24,100H,,14.68,(2.4)
137,UW-Whitewater Drake Alternative,2025-04-24,HJ,1.62,,
137,UW-Whitewater Drake Alternative,2025-04-24,JT,33.6,,
137,Gibson Invitational,2025-04-17,JT,32.88,,
137,Duke Invitational,2025-04-10,Hep,,4941,
137,Duke Invitational,2025-04-10,100H,,15.06,(0.2)
137,Duke Invitational,2025-04-10,HJ,1.69,,
137,Duke Invitational,2025-04-10,SP,9.84,,
137,Duke Invitational,2025-04-10,200,,25.94,(0.8)
137,Duke Invitational,2025-04-10,LJ,5.38,,(-0.3)
137,Duke Invitational,2025-04-10,JT,32.29,,
137,Duke Invitational,2025-04-10,800,,2:24.87,
137,Ashton May Invitational,2025-04-05,200,,26.38,(2.7)
137,Ashton May Invitational,2025-04-05,100H,,15.24,(2.3)
137,Ashton May Invitational,2025-04-05,HJ,1.69,,
137,Ashton May Invitational,2025-04-05,JT,33.54,,
137,Raleigh Relays,2025-03-27,HJ,1.7,,
137,Raleigh Relays,2025-03-27,LJ,5.3,,(-0.6)
137,2025 Horizon League Indoor Track & Field Championship,2025-03-01,HJ,1.63,,
137,2025 Horizon League Indoor Track & Field Championship,2025-03-01,LJ,5.51,,
137,2025 Horizon League Indoor Track & Field Championship,2025-03-01,Pent,,3601,
137,2025 Horizon League Indoor Track & Field Championship,2025-03-01,60H,,9.27,
137,2025 Horizon League Indoor Track & Field Championship,2025-03-01,HJ,1.69,,
137,2025 Horizon League Indoor Track & Field Championship,2025-03-01,SP,9.3,,
137,2025 Horizon League Indoor Track & Field Championship,2025-03-01,LJ,5.46,,
137,2025 Horizon League Indoor Track & Field Championship,2025-03-01,800,,2:26.82,
137,Panther Tune-up,2025-02-22,60H,,,
137,Panther Tune-up,2025-02-22,60H,,9.40,
137,Panther Tune-up,2025-02-22,LJ,5.42,,
137,Panther Tune-up,2025-02-22,SP,10.28,,
137,GVSU Big Meet- Friday,2025-02-14,60H,,9.40,
137,GVSU Big Meet- Friday,2025-02-14,HJ,1.59,,
137,UW-La Crosse Mark Guthrie Legacy Invitational,2025-02-08,200,,27.56,
137,UW-La Crosse Mark Guthrie Legacy Invitational,2025-02-08,60H,,9.54,
137,UW-La Crosse Mark Guthrie Legacy Invitational,2025-02-08,LJ,5.55,,
137,Meyo Invitational (2025 Notre Dame Indoor Track & Field),2025-01-31,60H,,9.35,
137,Meyo Invitational (2025 Notre Dame Indoor Track & Field),2025-01-31,HJ,1.61,,
137,John Tierney Classic,2025-01-25,60H,,,
137,John Tierney Classic,2025-01-25,60H,,9.38,
137,John Tierney Classic,2025-01-25,HJ,1.7,,
137,John Tierney Classic,2025-01-25,SP,10.26,,
137,Mastodon Invitational 2025,2025-01-17,Pent,,3431,
137,Mastodon Invitational 2025,2025-01-17,800,,2:32.38,
137,Mastodon Invitational 2025,2025-01-17,LJ,5.29,,
137,Mastodon Invitational 2025,2025-01-17,SP,10.09,,
137,Mastodon Invitational 2025,2025-01-17,HJ,1.63,,
137,Mastodon Invitational 2025,2025-01-17,60H,,9.43,
137,Badgers Midwest Invite,2025-01-11,600,,1:44.18,
137,Badgers Midwest Invite,2025-01-11,60H,,9.78,
137,Badgers Midwest Invite,2025-01-11,LJ,5.44,,
137,Badgers Midwest Invite,2025-01-11,SP,10.29,,
137,2024 Blue Demon Holiday Invite,2024-12-13,600,,1:47.54,
137,2024 Blue Demon Holiday Invite,2024-12-13,60H,,9.46,
137,2024 Blue Demon Holiday Invite,2024-12-13,HJ,1.63,,
137,2024 Horizon League Outdoor Track & Field Championship,2024-05-03,HJ,1.57,,
137,2024 Horizon League Outdoor Track & Field Championship,2024-05-03,JT,32.6,,
137,2024 Horizon League Outdoor Track & Field Championship,2024-05-03,Hep,,4472,
137,2024 Horizon League Outdoor Track & Field Championship,2024-05-03,100H,,15.88,(-0.6)
137,2024 Horizon League Outdoor Track & Field Championship,2024-05-03,HJ,1.57,,
137,2024 Horizon League Outdoor Track & Field Championship,2024-05-03,SP,10.37,,
137,2024 Horizon League Outdoor Track & Field Championship,2024-05-03,200,,27.13,(-1.9)
137,2024 Horizon League Outdoor Track & Field Championship,2024-05-03,LJ,5.1,,(-0.5)
137,2024 Horizon League Outdoor Track & Field Championship,2024-05-03,JT,31.81,,
137,2024 Horizon League Outdoor Track & Field Championship,2024-05-03,800,,2:30.27,
137,UW-Whitewater Drake Alternative,2024-04-25,100H,,15.82,(2.6)
137,UW-Whitewater Drake Alternative,2024-04-25,SP,9.95,,
137,UW-Whitewater Drake Alternative,2024-04-25,JT,33.09,,
137,Gibson Invitational,2024-04-18,Hep,,4581,
137,Gibson Invitational,2024-04-18,100H,,15.67,(0.5)
137,Gibson Invitational,2024-04-18,HJ,1.62,,
137,Gibson Invitational,2024-04-18,SP,9.53,,
137,Gibson Invitational,2024-04-18,200,,26.39,(1.0)
137,Gibson Invitational,2024-04-18,LJ,5.29,,(3.1)
137,Gibson Invitational,2024-04-18,JT,31.47,,
137,Gibson Invitational,2024-04-18,800,,2:32.56,
137,Marquette Invitational,2024-04-12,100H,,15.67,(1.4)
137,Marquette Invitational,2024-04-12,SP,9.45,,
137,Marquette Invitational,2024-04-12,JT,29.93,,
137,Golden Grizzly T&F Invite,2024-04-06,100H,,16.77,(2.3)
137,Golden Grizzly T&F Invite,2024-04-06,HJ,1.55,,
137,Golden Grizzly T&F Invite,2024-04-06,LJ,5.7,,(1.9)
137,Golden Grizzly T&F Invite,2024-04-06,JT,28.69,,
137,Raleigh Relays,2024-03-28,HJ,1.6,,
137,Horizon League Indoor Track & Field Championship,2024-02-24,HJ,1.51,,
137,Horizon League Indoor Track & Field Championship,2024-02-24,Pent,,3304,
137,Horizon League Indoor Track & Field Championship,2024-02-24,60H,,9.70,
137,Horizon League Indoor Track & Field Championship,2024-02-24,HJ,1.58,,
137,Horizon League Indoor Track & Field Championship,2024-02-24,SP,9.69,,
137,Horizon League Indoor Track & Field Championship,2024-02-24,LJ,5.2,,
137,Horizon League Indoor Track & Field Championship,2024-02-24,800,,2:29.41,
137,PANTHER TUNE-UP,2024-02-17,60H,,9.69,
137,PANTHER TUNE-UP,2024-02-17,LJ,5.54,,
137,PANTHER TUNE-UP,2024-02-17,SP,9.84,,
137,GVSU Big Meet- (Friday),2024-02-09,60H,,9.79,
137,GVSU Big Meet- (Friday),2024-02-09,HJ,1.64,,
137,Mark Guthrie Legacy Invite,2024-02-03,60H,,10.09,
137,Mark Guthrie Legacy Invite,2024-02-03,HJ,1.58,,
137,Illini Challenge,2024-01-26,LJ,5.49,,
137,John Tierney Classic,2024-01-20,60H,,9.85,
137,John Tierney Classic,2024-01-20,SP,9.49,,
137,Badgers Midwest Invite,2024-01-13,60H,,10.11,
137,Badgers Midwest Invite,2024-01-13,HJ,1.61,,
137,Badgers Midwest Invite,2024-01-13,SP,8.79,,
137,Illini Open,2024-01-06,600,,1:48.63,
137,Illini Open,2024-01-06,60H,,9.77,
137,Illini Open,2024-01-06,LJ,5.4,,
137,2023 Blue Demon Holiday Invite,2023-12-08,60H,,9.85,
137,2023 Blue Demon Holiday Invite,2023-12-08,HJ,1.63,,
114,Marquette Invitational,2026-04-10,HJ,1.6,,
114,UW-La Crosse Ashton May Invitational,2026-04-03,HJ,1.58,,
114,Joyce Morton-Kief Invite,2026-03-27,HJ,1.57,,
114,2026 Horizon League Indoor Track & Field Championship,2026-02-28,HJ,1.62,,
114,Panther Tune-up,2026-02-21,HJ,1.6,,
114,2026 Blue Demon Alumni Classic,2026-02-13,HJ,1.6,,
114,UW-La Crosse Mark Guthrie Legacy Invitational,2026-02-07,HJ,1.58,,
114,Larry Wieczorek Invitational,2026-01-23,200,,27.23,
114,Larry Wieczorek Invitational,2026-01-23,HJ,1.56,,
114,Tierney Classic,2026-01-18,200,,27.28,
114,Tierney Classic,2026-01-18,HJ,1.58,,
114,Minnesota Open,2026-01-10,200,,,
114,Minnesota Open,2026-01-10,HJ,1.55,,
114,2025 Blue Demon Holiday Invite,2025-12-12,HJ,1.58,,
114,Horizon League Championship,2025-05-09,HJ,1.58,,
114,Badger Challenge,2025-05-02,200,,26.96,(1.2)
114,Badger Challenge,2025-05-02,HJ,1.55,,
114,Fighting Illini Twilight,2025-04-26,400,,1:01.28,
114,Fighting Illini Twilight,2025-04-26,HJ,,,
114,UW-Whitewater Drake Alternative,2025-04-24,200,,26.70,(0.8)
114,UW-Whitewater Drake Alternative,2025-04-24,HJ,1.57,,
114,Gibson Invitational,2025-04-17,4x400,,3:52.52,
114,Gibson Invitational,2025-04-17,HJ,1.55,,
114,Marquette Invitational,2025-04-10,400,,1:00.28,
114,Marquette Invitational,2025-04-10,4x400,,,
114,Marquette Invitational,2025-04-10,HJ,,,
114,Ashton May Invitational,2025-04-05,200,,26.94,(3.1)
114,Ashton May Invitational,2025-04-05,400,,1:01.06,
114,Ashton May Invitational,2025-04-05,HJ,1.64,,
114,Redbird Challenge,2025-03-28,400,,1:00.18,
114,Redbird Challenge,2025-03-28,4x400,,4:01.92,
114,Redbird Challenge,2025-03-28,HJ,,,
114,2025 Horizon League Indoor Track & Field Championship,2025-03-01,400,,59.70,
114,2025 Horizon League Indoor Track & Field Championship,2025-03-01,HJ,1.58,,
114,Panther Tune-up,2025-02-22,HJ,1.53,,
114,GVSU Big Meet- Friday,2025-02-14,200,,,
114,GVSU Big Meet- Friday,2025-02-14,400,,,
114,GVSU Big Meet- Friday,2025-02-14,4x400,,,
114,UW-La Crosse Mark Guthrie Legacy Invitational,2025-02-08,200,,26.64,
114,UW-La Crosse Mark Guthrie Legacy Invitational,2025-02-08,HJ,1.6,,
114,Meyo Invitational (2025 Notre Dame Indoor Track & Field),2025-01-31,400,,,
114,John Tierney Classic,2025-01-25,200,,27.24,
114,John Tierney Classic,2025-01-25,400,,1:00.74,
114,John Tierney Classic,2025-01-25,HJ,1.55,,
114,Badgers Midwest Invite,2025-01-11,HJ,1.6,,
114,2024 Blue Demon Holiday Invite,2024-12-13,400,,59.31,
114,2024 Horizon League Outdoor Track & Field Championship,2024-05-03,HJ,1.52,,
114,UW-Whitewater Drake Alternative,2024-04-25,200,,27.07,(0.6)
114,UW-Whitewater Drake Alternative,2024-04-25,400,,1:01.78,
114,UW-Whitewater Drake Alternative,2024-04-25,HJ,1.57,,
114,Gibson Invitational,2024-04-18,4x400,,4:07.62,
114,Gibson Invitational,2024-04-18,HJ,1.52,,
114,Gary Wieneke Memorial,2024-04-13,200,,26.92,(0.6)
114,Gary Wieneke Memorial,2024-04-13,400,,1:01.95,
114,Marquette Invitational,2024-04-12,HJ,1.47,,
114,Golden Grizzly T&F Invite,2024-04-06,400,,1:03.69,
114,Golden Grizzly T&F Invite,2024-04-06,4x400,,4:01.20,
114,Redbird Challenge,2024-03-29,200,,27.04,(2.9)
114,Redbird Challenge,2024-03-29,400,,1:01.30,
114,PANTHER TUNE-UP,2024-02-17,HJ,1.55,,
114,GVSU Big Meet- (Friday),2024-02-09,200,,26.67,
114,GVSU Big Meet- (Friday),2024-02-09,400,,1:00.20,
114,GVSU Big Meet- (Friday),2024-02-09,4x400,,3:54.02,
114,Mark Guthrie Legacy Invite,2024-02-03,200,,26.93,
114,Mark Guthrie Legacy Invite,2024-02-03,HJ,1.48,,
114,Illini Challenge,2024-01-26,400,,1:01.34,
114,Illini Challenge,2024-01-26,4x400,,4:05.88,
114,John Tierney Classic,2024-01-20,400,,1:01.14,
114,John Tierney Classic,2024-01-20,4x400,,4:01.76,
114,Badgers Midwest Invite,2024-01-13,300,,43.14,
114,2023 Blue Demon Holiday Invite,2023-12-08,400,,59.93,
114,2023 Blue Demon Holiday Invite,2023-12-08,4x400,,3:54.68,
115,Gibson Invitational,2026-04-16,TJ,,,
115,Gibson Invitational,2026-04-16,JT,25.95,,
115,Marquette Invitational,2026-04-10,TJ,,,
115,Marquette Invitational,2026-04-10,JT,27.98,,
115,Joyce Morton-Kief Invite,2026-03-27,TJ,,,
115,Joyce Morton-Kief Invite,2026-03-27,JT,22.5,,
115,2026 Horizon League Indoor Track & Field Championship,2026-02-28,TJ,10.67,,
115,Panther Tune-up,2026-02-21,TJ,10.82,,
115,UW-La Crosse Mark Guthrie Legacy Invitational,2026-02-07,TJ,10.1,,
115,Tierney Classic,2026-01-18,TJ,10.66,,
115,UW-Whitewater Drake Alternative,2024-04-25,TJ,,,
115,Green & White Invite,2024-04-20,TJ,,,
115,Marquette Invitational,2024-04-12,HJ,1.42,,
115,Golden Grizzly T&F Invite,2024-04-06,HJ,1.45,,
115,Golden Grizzly T&F Invite,2024-04-06,TJ,10.4,,(1.4)
115,Redbird Challenge,2024-03-29,TJ,,,
115,PANTHER TUNE-UP,2024-02-17,TJ,10.5,,
115,Mark Guthrie Legacy Invite,2024-02-03,TJ,10.38,,
115,John Tierney Classic,2024-01-20,TJ,10.66,,
115,Badgers Midwest Invite,2024-01-13,TJ,,,
99,Gibson Invitational,2026-04-16,100,,12.35,(0.9)
99,Gibson Invitational,2026-04-16,200,,25.63,(-1.5)
99,Gibson Invitational,2026-04-16,4x100,,46.51,
99,Marquette Invitational,2026-04-10,100,,12.13,(2.5)
99,Marquette Invitational,2026-04-10,200,,25.45,(-2.8)
99,Marquette Invitational,2026-04-10,4x100,,47.16,
99,UW-La Crosse Ashton May Invitational,2026-04-03,100,,12.51,(1.1)
99,UW-La Crosse Ashton May Invitational,2026-04-03,100,,12.81,(-0.2)
99,UW-La Crosse Ashton May Invitational,2026-04-03,200,,25.59,(1.7)
99,UW-La Crosse Ashton May Invitational,2026-04-03,4x100,,46.91,
99,Joyce Morton-Kief Invite,2026-03-27,100,,12.38,(3.4)
99,Joyce Morton-Kief Invite,2026-03-27,200,,25.46,(2.7)
99,2026 Horizon League Indoor Track & Field Championship,2026-02-28,200,,25.89,
99,Panther Tune-up,2026-02-21,60,,7.83,
99,Panther Tune-up,2026-02-21,60,,7.84,
99,GVSU Big Meet-Friday,2026-02-13,60,,8.03,
99,GVSU Big Meet-Friday,2026-02-13,200,,25.88,
99,2026 Meyo Invitational (Notre Dame Indoor T&F),2026-01-30,60,,7.93,
99,2026 Meyo Invitational (Notre Dame Indoor T&F),2026-01-30,200,,25.62,
99,Larry Wieczorek Invitational,2026-01-23,60,,7.98,
99,Larry Wieczorek Invitational,2026-01-23,200,,26.23,
99,Tierney Classic,2026-01-18,60,,7.85,
99,Tierney Classic,2026-01-18,60,,7.86,
99,Tierney Classic,2026-01-18,200,,25.73,
99,Minnesota Open,2026-01-10,60,,7.97,
99,Minnesota Open,2026-01-10,200,,26.26,
99,2025 Blue Demon Holiday Invite,2025-12-12,60,,7.85,
99,2025 Blue Demon Holiday Invite,2025-12-12,60,,7.85,
99,2025 Blue Demon Holiday Invite,2025-12-12,200,,25.68,
99,Horizon League Championship,2025-05-09,100,,12.27,(+0.0)
99,Horizon League Championship,2025-05-09,200,,25.38,(0.3)
99,Horizon League Championship,2025-05-09,4x100,,46.21,
99,Badger Challenge,2025-05-02,100,,12.33,(-0.2)
99,Badger Challenge,2025-05-02,200,,25.55,(0.4)
99,Fighting Illini Twilight,2025-04-26,100,,12.14,(4.2)
99,Fighting Illini Twilight,2025-04-26,4x100,,46.13,
99,Gibson Invitational,2025-04-17,100,,12.59,(1.3)
99,Gibson Invitational,2025-04-17,200,,25.73,(1.2)
99,Marquette Invitational,2025-04-10,100,,12.29,(1.4)
99,Marquette Invitational,2025-04-10,200,,25.93,(-0.2)
99,Marquette Invitational,2025-04-10,4x100,,47.28,
99,Ashton May Invitational,2025-04-05,100,,12.58,(1.5)
99,Ashton May Invitational,2025-04-05,200,,26.06,(2.3)
99,Redbird Challenge,2025-03-28,100,,12.45,(2.8)
99,Redbird Challenge,2025-03-28,100,,12.50,(3.2)
99,Redbird Challenge,2025-03-28,200,,25.57,(3.1)
99,Redbird Challenge,2025-03-28,4x100,,49.27,
99,2025 Horizon League Indoor Track & Field Championship,2025-03-01,60,,7.79,
99,2025 Horizon League Indoor Track & Field Championship,2025-03-01,200,,26.04,
99,GVSU Big Meet- Friday,2025-02-14,60,,7.84,
99,GVSU Big Meet- Friday,2025-02-14,200,,25.63,
99,UW-La Crosse Mark Guthrie Legacy Invitational,2025-02-08,60,,7.78,
99,UW-La Crosse Mark Guthrie Legacy Invitational,2025-02-08,60,,7.79,
99,UW-La Crosse Mark Guthrie Legacy Invitational,2025-02-08,200,,25.89,
99,Meyo Invitational (2025 Notre Dame Indoor Track & Field),2025-01-31,60,,7.87,
99,Meyo Invitational (2025 Notre Dame Indoor Track & Field),2025-01-31,200,,25.59,
99,John Tierney Classic,2025-01-25,60,,7.86,
99,John Tierney Classic,2025-01-25,60,,7.79,
99,John Tierney Classic,2025-01-25,200,,25.99,
99,Badgers Midwest Invite,2025-01-11,60,,7.97,
99,Badgers Midwest Invite,2025-01-11,300,,42.74,
99,2024 Blue Demon Holiday Invite,2024-12-13,60,,7.83,
99,2024 Blue Demon Holiday Invite,2024-12-13,60,,7.79,
99,2024 Blue Demon Holiday Invite,2024-12-13,200,,26.09,
99,2024 Horizon League Outdoor Track & Field Championship,2024-05-03,100,,12.60,(1.0)
99,2024 Horizon League Outdoor Track & Field Championship,2024-05-03,200,,26.03,(1.1)
99,Clark Wood Open 2024,2024-04-26,100,,12.42,(2.6)
99,Clark Wood Open 2024,2024-04-26,4x100,,47.44,
99,Gibson Invitational,2024-04-18,100,,12.59,(1.7)
99,Marquette Invitational,2024-04-12,100,,12.40,(1.3)
99,Marquette Invitational,2024-04-12,200,,25.53,(1.7)
99,Marquette Invitational,2024-04-12,4x100,,48.91,
99,Golden Grizzly T&F Invite,2024-04-06,100,,12.63,(1.4)
99,Golden Grizzly T&F Invite,2024-04-06,100,,12.49,(1.8)
99,Golden Grizzly T&F Invite,2024-04-06,200,,25.94,(3.2)
99,Golden Grizzly T&F Invite,2024-04-06,4x400,,4:01.20,
99,Redbird Challenge,2024-03-29,100,,12.61,(1.3)
99,Redbird Challenge,2024-03-29,200,,26.15,(2.9)
99,PANTHER TUNE-UP,2024-02-17,60,,7.89,
99,PANTHER TUNE-UP,2024-02-17,60,,7.91,
99,PANTHER TUNE-UP,2024-02-17,200,,26.76,
99,GVSU Big Meet- (Friday),2024-02-09,60,,7.91,
99,GVSU Big Meet- (Friday),2024-02-09,200,,26.30,
99,Mark Guthrie Legacy Invite,2024-02-03,60,,7.98,
99,Mark Guthrie Legacy Invite,2024-02-03,60,,7.91,
99,Mark Guthrie Legacy Invite,2024-02-03,200,,26.80,
99,John Tierney Classic,2024-01-20,60,,7.94,
99,John Tierney Classic,2024-01-20,60,,7.94,
99,John Tierney Classic,2024-01-20,200,,26.69,
99,Badgers Midwest Invite,2024-01-13,60,,8.11,
99,Badgers Midwest Invite,2024-01-13,300,,44.13,
99,2023 Blue Demon Holiday Invite,2023-12-08,60,,7.97,
99,2023 Blue Demon Holiday Invite,2023-12-08,300,,43.77,
11,Marquette Invitational,2026-04-10,PV,3.48,,
11,UW-La Crosse Ashton May Invitational,2026-04-03,PV,3.32,,
11,2026 Horizon League Indoor Track & Field Championship,2026-02-28,PV,3.47,,
11,Panther Tune-up,2026-02-21,PV,3.43,,
11,2026 Meyo Invitational (Notre Dame Indoor T&F),2026-01-30,PV,,,
11,Larry Wieczorek Invitational,2026-01-23,PV,3.45,,
11,Tierney Classic,2026-01-18,PV,3.45,,
11,Minnesota Open,2026-01-10,PV,3.41,,
11,2024 Horizon League Outdoor Track & Field Championship,2024-05-03,PV,3.55,,
11,UW-Whitewater Drake Alternative,2024-04-25,PV,3.26,,
11,Gibson Invitational,2024-04-18,PV,3.28,,
11,Golden Grizzly T&F Invite,2024-04-06,PV,3.35,,
11,Redbird Challenge,2024-03-29,PV,3.08,,
11,Horizon League Indoor Track & Field Championship,2024-02-24,PV,,,
11,PANTHER TUNE-UP,2024-02-17,PV,3.3,,
11,Mark Guthrie Legacy Invite,2024-02-03,PV,3.27,,
11,John Tierney Classic,2024-01-20,PV,3.0,,
11,Badgers Midwest Invite,2024-01-13,PV,,,
11,Illini Open,2024-01-06,PV,,,
28,Gibson Invitational,2026-04-16,100H,,14.38,(1.7)
28,Gibson Invitational,2026-04-16,400H,,1:04.28,
28,Gibson Invitational,2026-04-16,4x400,,,
28,Duke Invitational,2026-04-10,100H,,14.85,(2.1)
28,Duke Invitational,2026-04-10,400H,,1:05.79,
28,UW-La Crosse Ashton May Invitational,2026-04-03,100H,,14.32,(2.4)
28,UW-La Crosse Ashton May Invitational,2026-04-03,100H,,14.79,(-0.7)
28,Joyce Morton-Kief Invite,2026-03-27,100H,,14.84,(2.2)
28,Joyce Morton-Kief Invite,2026-03-27,400H,,1:09.22,
28,Horizon League Championship,2025-05-09,100H,,14.42,(0.4)
28,Horizon League Championship,2025-05-09,400H,,1:05.93,
28,Badger Challenge,2025-05-02,100H,,14.74,
28,Badger Challenge,2025-05-02,400H,,1:06.41,
28,Fighting Illini Twilight,2025-04-26,100H,,14.43,(2.3)
28,Fighting Illini Twilight,2025-04-26,400H,,1:07.95,
28,Gibson Invitational,2025-04-17,100H,,14.97,(1.9)
28,Gibson Invitational,2025-04-17,4x400,,3:52.52,
28,Green & White Invite,2025-04-17,100H,,14.45,(3.5)
28,Green & White Invite,2025-04-17,100H,,14.73,(4.4)
28,Green & White Invite,2025-04-17,400H,,1:09.20,
28,Marquette Invitational,2025-04-10,100H,,14.78,(1.9)
28,Marquette Invitational,2025-04-10,400H,,1:07.52,
28,Marquette Invitational,2025-04-10,4x400,,,
28,Ashton May Invitational,2025-04-05,400H,,1:08.90,
28,Redbird Challenge,2025-03-28,400,,1:04.21,
28,Redbird Challenge,2025-03-28,4x400,,4:01.92,
28,2025 Horizon League Indoor Track & Field Championship,2025-03-01,60H,,9.14,
28,Panther Tune-up,2025-02-22,400,,1:05.96,
28,Panther Tune-up,2025-02-22,60H,,8.91,
28,Panther Tune-up,2025-02-22,60H,,9.05,
28,GVSU Big Meet- Friday,2025-02-14,400,,1:05.16,
28,GVSU Big Meet- Friday,2025-02-14,60H,,9.26,
28,UW-La Crosse Mark Guthrie Legacy Invitational,2025-02-08,200,,27.49,
28,UW-La Crosse Mark Guthrie Legacy Invitational,2025-02-08,60H,,9.27,
28,John Tierney Classic,2025-01-25,400,,,
28,John Tierney Classic,2025-01-25,60H,,9.21,
28,John Tierney Classic,2025-01-25,60H,,9.27,
28,Badgers Midwest Invite,2025-01-11,300,,46.25,
28,Badgers Midwest Invite,2025-01-11,60H,,9.51,
28,Horizon League Indoor Track & Field Championship,2024-02-24,60H,,8.95,
28,Horizon League Indoor Track & Field Championship,2024-02-24,4x400,,3:55.74,
28,PANTHER TUNE-UP,2024-02-17,400,,1:00.72,
28,PANTHER TUNE-UP,2024-02-17,60H,,8.95,
28,PANTHER TUNE-UP,2024-02-17,60H,,9.10,
28,GVSU Big Meet- (Friday),2024-02-09,60H,,9.09,
28,GVSU Big Meet- (Friday),2024-02-09,4x400,,3:54.02,
28,Mark Guthrie Legacy Invite,2024-02-03,400,,1:02.24,
28,Mark Guthrie Legacy Invite,2024-02-03,60H,,9.29,
28,Illini Challenge,2024-01-26,400,,1:01.64,
28,Illini Challenge,2024-01-26,60H,,,
28,Illini Challenge,2024-01-26,4x400,,4:05.88,
28,John Tierney Classic,2024-01-20,400,,1:01.82,
28,John Tierney Classic,2024-01-20,60H,,9.06,
28,John Tierney Classic,2024-01-20,60H,,9.17,
28,John Tierney Classic,2024-01-20,4x400,,4:01.76,
28,Badgers Midwest Invite,2024-01-13,300,,42.86,
28,Badgers Midwest Invite,2024-01-13,60H,,9.16,
28,2023 Blue Demon Holiday Invite,2023-12-08,60H,,8.92,
28,2023 Blue Demon Holiday Invite,2023-12-08,60H,,8.96,
28,2023 Blue Demon Holiday Invite,2023-12-08,4x400,,3:54.68,
28,Horizon League Championship,2023-05-05,100H,,14.27,(1.1)
28,Horizon League Championship,2023-05-05,100H,,14.44,(1.0)
28,Horizon League Championship,2023-05-05,400H,,1:03.90,
28,Horizon League Championship,2023-05-05,400H,,1:03.62,
28,Clark Wood Open 2023,2023-04-28,100H,,14.48,(2.1)
28,Clark Wood Open 2023,2023-04-28,400H,,1:04.44,
28,Gary Wieneke Memorial,2023-04-21,100H,,14.29,(2.0)
28,Gary Wieneke Memorial,2023-04-21,400H,,1:02.73,
28,Gibson Invitational & Multis,2023-04-13,100H,,14.24,(1.1)
28,Gibson Invitational & Multis,2023-04-13,100H,,14.25,(1.9)
28,Gibson Invitational & Multis,2023-04-13,400H,,1:04.25,
28,Gibson Invitational & Multis,2023-04-13,4x400,,4:00.54,
28,Fighting Illini Challenge,2023-04-08,100H,,14.22,(0.3)
28,Fighting Illini Challenge,2023-04-08,400H,,1:05.92,
28,Panther Tune-Up,2023-02-18,400,,1:01.13,
28,Panther Tune-Up,2023-02-18,60H,,8.86,
28,GVSU Big Meet (Friday),2023-02-10,60H,,9.09,
28,Mark Guthrie Legacy Invitational,2023-02-04,200,,27.02,
28,Mark Guthrie Legacy Invitational,2023-02-04,60H,,8.96,
28,Mark Guthrie Legacy Invitational,2023-02-04,60H,,9.00,
28,Mark Guthrie Legacy Invitational,2023-02-04,4x400,,4:05.38,
28,Jack Johnson Classic,2023-01-27,200,,27.14,
28,Jack Johnson Classic,2023-01-27,60H,,9.31,
28,Jack Johnson Classic,2023-01-27,60H,,9.08,
28,John Tierney Classic,2023-01-21,200,,27.23,
28,John Tierney Classic,2023-01-21,60H,,8.92,
28,John Tierney Classic,2023-01-21,60H,,9.00,
28,Wisconsin Badgers Midwest Invite,2023-01-14,60H,,9.16,
28,Wisconsin Badgers Midwest Invite,2023-01-14,4x400,,4:07.47,
28,2022 Blue Demon Holiday Invite,2022-12-09,60H,,9.07,
28,2022 Blue Demon Holiday Invite,2022-12-09,4x400,,3:58.16,
28,Horizon League Outdoor Track & Field Championships,2022-05-06,100H,,14.81,(0.2)
28,Horizon League Outdoor Track & Field Championships,2022-05-06,100H,,14.58,(2.7)
28,Horizon League Outdoor Track & Field Championships,2022-05-06,400H,,1:03.43,
28,Horizon League Outdoor Track & Field Championships,2022-05-06,400H,,1:04.63,
28,Horizon League Outdoor Track & Field Championships,2022-05-06,4x400,,3:58.79,
28,Valparaiso Beacan Invite,2022-04-30,100H,,14.89,(1.5)
28,Illini Invitational,2022-04-22,100H,,14.41,(6.7)
28,Illini Invitational,2022-04-22,400H,,1:05.32,
28,2022 Warrior Invitational,2022-04-14,100H,,15.20,(1.0)
28,2022 Warrior Invitational,2022-04-14,100H,,14.84,(6.6)
28,2022 Warrior Invitational,2022-04-14,400H,,1:07.93,
28,Marquette Invitational,2022-04-10,100H,,14.81,(3.4)
28,Marquette Invitational,2022-04-10,400H,,1:06.96,
28,Redbird Invite,2022-04-01,100H,,15.44,(-3.0)
28,Redbird Invite,2022-04-01,100H,,15.02,(3.2)
28,Redbird Invite,2022-04-01,400H,,1:07.05,
28,Horizon League Indoor Track & Field Championships,2022-02-26,60H,,9.03,
28,St. Valentines Open,2022-02-18,200,,27.17,
28,St. Valentines Open,2022-02-18,60H,,9.33,
28,St. Valentines Open,2022-02-18,60H,,9.31,
28,GVSU Big Meet-FRIDAY,2022-02-11,60H,,9.21,
28,Red Hawk Invite,2022-02-05,60H,,9.29,
28,Red Hawk Invite,2022-02-05,60H,,9.16,
28,Red Hawk Invite,2022-02-05,4x400,,4:11.96,
28,John Tierney Classic,2022-01-29,60H,,9.06,
28,John Tierney Classic,2022-01-29,60H,,9.36,
28,John Tierney Classic,2022-01-29,4x400,,4:23.18,
28,John Gartland Invitational,2022-01-21,200,,27.82,
28,John Gartland Invitational,2022-01-21,60H,,9.65,
28,Hawkeye Invite,2022-01-14,200,,27.93,
28,Hawkeye Invite,2022-01-14,60H,,9.45,
51,Gibson Invitational,2026-04-16,HJ,1.55,,
51,Marquette Invitational,2026-04-10,HJ,1.55,,
51,UW-La Crosse Ashton May Invitational,2026-04-03,HJ,1.48,,
51,Panther Tune-up,2026-02-21,HJ,,,
51,2026 Blue Demon Alumni Classic,2026-02-13,HJ,1.5,,
51,UW-La Crosse Mark Guthrie Legacy Invitational,2026-02-07,HJ,1.53,,
51,Tierney Classic,2026-01-18,HJ,,,
51,Minnesota Open,2026-01-10,HJ,1.5,,
55,Marquette Invitational,2026-04-10,PV,3.33,,
55,UW-La Crosse Ashton May Invitational,2026-04-03,PV,3.47,,
55,Panther Tune-up,2026-02-21,PV,3.28,,
55,2026 Blue Demon Alumni Classic,2026-02-13,PV,3.3,,
55,UW-La Crosse Mark Guthrie Legacy Invitational,2026-02-07,PV,3.23,,
55,Tierney Classic,2026-01-18,PV,3.3,,
55,Minnesota Open,2026-01-10,PV,,,
82,Gibson Invitational,2026-04-16,Hep,,4008,
82,Gibson Invitational,2026-04-16,SP,8.53,,
82,Gibson Invitational,2026-04-16,LJ,5.04,,(1.5)
82,Gibson Invitational,2026-04-16,JT,29.3,,
82,Gibson Invitational,2026-04-16,HJ,1.52,,
82,Gibson Invitational,2026-04-16,800,,2:32.39,
82,Gibson Invitational,2026-04-16,200,,27.13,(1.9)
82,Gibson Invitational,2026-04-16,100H,,17.58,(1.5)
82,Marquette Invitational,2026-04-10,100H,,19.52,(1.8)
82,Marquette Invitational,2026-04-10,LJ,5.17,,(-0.6)
82,Marquette Invitational,2026-04-10,SP,9.03,,
82,Marquette Invitational,2026-04-10,JT,27.35,,
82,UW-La Crosse Ashton May Invitational,2026-04-03,100H,,18.79,(2.4)
82,UW-La Crosse Ashton May Invitational,2026-04-03,HJ,1.48,,
82,Joyce Morton-Kief Invite,2026-03-27,200,,27.85,(2.9)
82,Joyce Morton-Kief Invite,2026-03-27,100H,,19.08,(2.7)
82,Joyce Morton-Kief Invite,2026-03-27,LJ,5.33,,(0.7)
82,Joyce Morton-Kief Invite,2026-03-27,JT,23.89,,
82,2026 Horizon League Indoor Track & Field Championship,2026-02-28,HJ,,,
82,2026 Horizon League Indoor Track & Field Championship,2026-02-28,LJ,5.6,,
82,2026 Horizon League Indoor Track & Field Championship,2026-02-28,Pent,,3084,
82,2026 Horizon League Indoor Track & Field Championship,2026-02-28,800,,2:35.23,
82,2026 Horizon League Indoor Track & Field Championship,2026-02-28,LJ,5.46,,
82,2026 Horizon League Indoor Track & Field Championship,2026-02-28,SP,9.41,,
82,2026 Horizon League Indoor Track & Field Championship,2026-02-28,HJ,1.57,,
82,2026 Horizon League Indoor Track & Field Championship,2026-02-28,60H,,10.77,
82,Panther Tune-up,2026-02-21,60H,,10.71,
82,Panther Tune-up,2026-02-21,LJ,5.76,,
82,Panther Tune-up,2026-02-21,SP,9.38,,
82,2026 Blue Demon Alumni Classic,2026-02-13,800,,,
82,2026 Blue Demon Alumni Classic,2026-02-13,HJ,1.5,,
82,2026 Blue Demon Alumni Classic,2026-02-13,SP,8.19,,
82,2026 PNC Lenny Lyles Open,2026-01-30,Pent,,2947,
82,2026 PNC Lenny Lyles Open,2026-01-30,SP,8.62,,
82,2026 PNC Lenny Lyles Open,2026-01-30,LJ,5.52,,
82,2026 PNC Lenny Lyles Open,2026-01-30,HJ,1.58,,
82,2026 PNC Lenny Lyles Open,2026-01-30,800,,2:36.52,
82,2026 PNC Lenny Lyles Open,2026-01-30,60H,,11.38,
82,Larry Wieczorek Invitational,2026-01-23,400,,1:01.35,
82,Larry Wieczorek Invitational,2026-01-23,LJ,5.43,,
82,Tierney Classic,2026-01-18,400,,1:02.36,
82,Tierney Classic,2026-01-18,LJ,5.71,,
82,Tierney Classic,2026-01-18,SP,9.32,,
82,Minnesota Open,2026-01-10,200,,27.31,
82,Minnesota Open,2026-01-10,HJ,1.6,,
82,Minnesota Open,2026-01-10,SP,9.56,,
82,2025 Blue Demon Holiday Invite,2025-12-12,300,,42.90,
82,2025 Blue Demon Holiday Invite,2025-12-12,LJ,5.48,,
146,Gibson Invitational,2026-04-16,LJ,4.91,,(0.9)
146,Marquette Invitational,2026-04-10,200,,27.05,(-2.5)
146,Marquette Invitational,2026-04-10,LJ,5.22,,(1.6)
146,UW-La Crosse Ashton May Invitational,2026-04-03,HJ,1.53,,
146,UW-La Crosse Ashton May Invitational,2026-04-03,LJ,5.32,,(1.8)
146,Joyce Morton-Kief Invite,2026-03-27,LJ,5.27,,(1.1)
146,2026 Horizon League Indoor Track & Field Championship,2026-02-28,LJ,5.27,,
146,Panther Tune-up,2026-02-21,200,,27.28,
146,Panther Tune-up,2026-02-21,LJ,5.62,,
146,2026 Blue Demon Alumni Classic,2026-02-13,LJ,5.24,,
146,UW-La Crosse Mark Guthrie Legacy Invitational,2026-02-07,LJ,5.16,,
146,Tierney Classic,2026-01-18,200,,27.32,
146,Tierney Classic,2026-01-18,LJ,5.31,,
146,Minnesota Open,2026-01-10,200,,,
146,Minnesota Open,2026-01-10,LJ,4.86,,
146,2025 Blue Demon Holiday Invite,2025-12-12,LJ,5.12,,
62,Gibson Invitational,2026-04-16,PV,3.59,,
62,Marquette Invitational,2026-04-10,PV,3.63,,
62,UW-La Crosse Ashton May Invitational,2026-04-03,PV,3.77,,
62,Joyce Morton-Kief Invite,2026-03-27,PV,3.58,,
62,2026 Horizon League Indoor Track & Field Championship,2026-02-28,PV,3.62,,
62,Panther Tune-up,2026-02-21,PV,3.83,,
62,UW-La Crosse Mark Guthrie Legacy Invitational,2026-02-07,PV,3.68,,
62,2026 Meyo Invitational (Notre Dame Indoor T&F),2026-01-30,PV,3.53,,
62,Larry Wieczorek Invitational,2026-01-23,PV,3.75,,
62,Tierney Classic,2026-01-18,PV,3.75,,
62,Minnesota Open,2026-01-10,PV,3.56,,
117,Gibson Invitational,2026-04-16,100H,,14.37,(1.7)
117,Gibson Invitational,2026-04-16,400H,,,
117,UW-La Crosse Ashton May Invitational,2026-04-03,400H,,1:03.93,
117,Raleigh Relays,2026-03-26,100H,,14.52,(-0.2)
117,Raleigh Relays,2026-03-26,400H,,1:03.71,
117,2026 Horizon League Indoor Track & Field Championship,2026-02-28,60H,,8.81,
117,2026 Horizon League Indoor Track & Field Championship,2026-02-28,60H,,8.83,
117,GVSU Big Meet-Friday,2026-02-13,400,,59.24,
117,GVSU Big Meet-Friday,2026-02-13,60H,,8.89,
117,Iowa State Classic,2026-02-06,60H,,8.82,
117,Iowa State Classic,2026-02-06,60H,,8.68,
117,2026 Meyo Invitational (Notre Dame Indoor T&F),2026-01-30,60H,,8.88,
117,2026 Meyo Invitational (Notre Dame Indoor T&F),2026-01-30,60H,,8.80,
117,2026 Meyo Invitational (Notre Dame Indoor T&F),2026-01-30,60H,,8.87,
117,Tierney Classic,2026-01-18,60H,,8.90,
117,Tierney Classic,2026-01-18,60H,,8.82,
117,Minnesota Open,2026-01-10,200,,26.71,
117,Minnesota Open,2026-01-10,400,,1:00.77,
117,2025 Blue Demon Holiday Invite,2025-12-12,400,,1:00.48,
18,2025 Horizon League Indoor Track & Field Championship,2025-03-01,TJ,11.89,,
18,Panther Tune-up,2025-02-22,TJ,11.79,,
18,UW-La Crosse Mark Guthrie Legacy Invitational,2025-02-08,TJ,11.37,,
18,John Tierney Classic,2025-01-25,TJ,11.7,,
18,Badgers Midwest Invite,2025-01-11,TJ,,,
18,UW-La Crosse Eagle Open,2024-05-10,JT,35.25,,
18,2024 Horizon League Outdoor Track & Field Championship,2024-05-03,TJ,11.85,,(0.3)
18,2024 Horizon League Outdoor Track & Field Championship,2024-05-03,JT,36.06,,
18,UW-Whitewater Drake Alternative,2024-04-25,TJ,11.23,,(-1.1)
18,UW-Whitewater Drake Alternative,2024-04-25,JT,34.97,,
18,Gibson Invitational,2024-04-18,JT,32.71,,
18,Gary Wieneke Memorial,2024-04-13,JT,36.28,,
18,Marquette Invitational,2024-04-12,JT,32.14,,
18,Golden Grizzly T&F Invite,2024-04-06,TJ,11.05,,(1.7)
18,Golden Grizzly T&F Invite,2024-04-06,JT,32.42,,
18,Redbird Challenge,2024-03-29,TJ,,,
18,Redbird Challenge,2024-03-29,JT,30.0,,
18,2024 Warrior Invitational,2024-03-28,JT,30.8,,
18,Horizon League Indoor Track & Field Championship,2024-02-24,TJ,11.56,,
18,PANTHER TUNE-UP,2024-02-17,TJ,11.65,,
18,Mark Guthrie Legacy Invite,2024-02-03,LJ,5.0,,
18,Mark Guthrie Legacy Invite,2024-02-03,TJ,11.11,,
18,John Tierney Classic,2024-01-20,TJ,11.61,,
18,Badgers Midwest Invite,2024-01-13,LJ,5.06,,
18,Illini Open,2024-01-06,TJ,11.18,,
18,2023 Blue Demon Holiday Invite,2023-12-08,TJ,11.01,,
18,Horizon League Championship,2023-05-05,TJ,11.41,,(1.0)
18,Horizon League Championship,2023-05-05,JT,36.38,,
18,Clark Wood Open 2023,2023-04-28,TJ,,,
18,Clark Wood Open 2023,2023-04-28,JT,27.65,,
18,Gibson Invitational & Multis,2023-04-13,TJ,11.0,,(1.5)
18,Gibson Invitational & Multis,2023-04-13,JT,29.91,,
18,Fighting Illini Challenge,2023-04-08,JT,29.59,,
18,Warrior Invitational,2023-04-06,JT,29.61,,
18,2023 Horizon League Indoor Track & Field Championship,2023-02-25,TJ,11.06,,
18,Panther Tune-Up,2023-02-18,LJ,,,
18,Panther Tune-Up,2023-02-18,TJ,11.08,,
18,GVSU Big Meet (Friday),2023-02-10,TJ,11.04,,
18,Mark Guthrie Legacy Invitational,2023-02-04,LJ,4.99,,
18,Mark Guthrie Legacy Invitational,2023-02-04,TJ,11.3,,
18,Jack Johnson Classic,2023-01-27,TJ,11.1,,
18,John Tierney Classic,2023-01-21,LJ,,,
18,John Tierney Classic,2023-01-21,TJ,11.07,,
18,Wisconsin Badgers Midwest Invite,2023-01-14,TJ,10.74,,
18,2022 Blue Demon Holiday Invite,2022-12-09,LJ,4.95,,
18,2022 Blue Demon Holiday Invite,2022-12-09,TJ,11.07,,
18,Horizon League Outdoor Track & Field Championships,2022-05-06,TJ,11.52,,(+0.0)
18,Horizon League Outdoor Track & Field Championships,2022-05-06,JT,34.63,,
18,Valparaiso Beacan Invite,2022-04-30,TJ,11.47,,(0.6)
18,Valparaiso Beacan Invite,2022-04-30,JT,32.7,,
18,Illini Invitational,2022-04-22,TJ,11.24,,(5.6)
18,2022 Warrior Invitational,2022-04-14,JT,30.28,,
18,Marquette Invitational,2022-04-10,JT,30.5,,
18,Redbird Invite,2022-04-01,LJ,4.94,,
18,Redbird Invite,2022-04-01,TJ,11.02,,
18,Redbird Invite,2022-04-01,JT,27.35,,
18,Horizon League Indoor Track & Field Championships,2022-02-26,LJ,5.24,,
18,Horizon League Indoor Track & Field Championships,2022-02-26,TJ,11.7,,
18,St. Valentines Open,2022-02-18,TJ,11.5,,
18,2022 Hoosier Hills,2022-02-11,LJ,5.3,,
18,2022 Hoosier Hills,2022-02-11,TJ,,,
18,John Tierney Classic,2022-01-29,LJ,5.37,,
18,John Tierney Classic,2022-01-29,TJ,11.43,,
18,John Gartland Invitational,2022-01-21,TJ,11.21,,
18,Hawkeye Invite,2022-01-14,LJ,5.03,,
18,Hawkeye Invite,2022-01-14,TJ,11.38,,
18,Horizon League Outdoor Track & Field Championships,2021-05-07,TJ,10.94,,
18,Valpo Invitational,2021-05-01,TJ,10.54,,(1.8)
18,2021 Green & White Invite,2021-04-24,LJ,4.66,,(+0.0)
18,2021 Green & White Invite,2021-04-24,TJ,10.54,,(1.5)
18,2021 Warrior Invitational,2021-04-17,LJ,4.63,,(1.6)
18,2021 Warrior Invitational,2021-04-17,TJ,10.4,,(+0.0)
18,Big Blue Classic,2021-04-09,TJ,10.46,,(3.3)
18,Illinois State Redbird Invitational,2021-04-02,LJ,4.3,,(1.5)
18,Illinois State Redbird Invitational,2021-04-02,TJ,10.44,,
18,Panther Tune-Up,2021-02-14,LJ,4.92,,
18,Panther Tune-Up,2021-02-14,TJ,10.38,,
18,UW-Parkside Triangular,2021-02-05,TJ,9.98,,
18,John Tierney Classic,2021-01-23,LJ,4.84,,
18,John Tierney Classic,2021-01-23,TJ,10.63,,
18,The Panther Invite,2021-01-09,LJ,4.69,,
18,The Panther Invite,2021-01-09,TJ,10.36,,
64,2025 Horizon League Indoor Track & Field Championship,2025-03-01,LJ,5.02,,
64,UW-La Crosse Mark Guthrie Legacy Invitational,2025-02-08,200,,27.64,
64,UW-La Crosse Mark Guthrie Legacy Invitational,2025-02-08,LJ,5.32,,
64,John Tierney Classic,2025-01-25,200,,27.59,
64,John Tierney Classic,2025-01-25,LJ,5.26,,
64,Badgers Midwest Invite,2025-01-11,300,,45.10,
64,Badgers Midwest Invite,2025-01-11,LJ,5.48,,
64,2024 Blue Demon Holiday Invite,2024-12-13,LJ,,,
64,2024 Horizon League Outdoor Track & Field Championship,2024-05-03,LJ,,,
64,2024 Horizon League Outdoor Track & Field Championship,2024-05-03,Hep,,3256,
64,2024 Horizon League Outdoor Track & Field Championship,2024-05-03,100H,,16.38,(-0.6)
64,2024 Horizon League Outdoor Track & Field Championship,2024-05-03,HJ,1.39,,
64,2024 Horizon League Outdoor Track & Field Championship,2024-05-03,SP,9.33,,
64,2024 Horizon League Outdoor Track & Field Championship,2024-05-03,200,,27.72,(-1.4)
64,2024 Horizon League Outdoor Track & Field Championship,2024-05-03,LJ,4.77,,(-1.4)
64,2024 Horizon League Outdoor Track & Field Championship,2024-05-03,JT,28.53,,
64,2024 Horizon League Outdoor Track & Field Championship,2024-05-03,800,,,
64,Golden Grizzly T&F Invite,2024-04-06,100H,,16.56,(1.3)
64,Golden Grizzly T&F Invite,2024-04-06,HJ,1.45,,
64,Golden Grizzly T&F Invite,2024-04-06,LJ,5.29,,(1.6)
64,Golden Grizzly T&F Invite,2024-04-06,JT,23.22,,
64,Redbird Challenge,2024-03-29,800,,2:36.34,
64,Redbird Challenge,2024-03-29,100H,,15.64,(0.4)
64,Redbird Challenge,2024-03-29,JT,19.44,,
64,Horizon League Indoor Track & Field Championship,2024-02-24,Pent,,3133,
64,Horizon League Indoor Track & Field Championship,2024-02-24,60H,,9.34,
64,Horizon League Indoor Track & Field Championship,2024-02-24,HJ,1.43,,
64,Horizon League Indoor Track & Field Championship,2024-02-24,SP,9.4,,
64,Horizon League Indoor Track & Field Championship,2024-02-24,LJ,5.36,,
64,Horizon League Indoor Track & Field Championship,2024-02-24,800,,2:37.71,
64,PANTHER TUNE-UP,2024-02-17,HJ,1.3,,
64,GVSU Big Meet- (Friday),2024-02-09,60H,,9.54,
64,GVSU Big Meet- (Friday),2024-02-09,LJ,4.81,,
64,Mark Guthrie Legacy Invite,2024-02-03,60H,,9.69,
64,Mark Guthrie Legacy Invite,2024-02-03,LJ,5.11,,
64,John Tierney Classic,2024-01-20,60H,,9.62,
64,John Tierney Classic,2024-01-20,HJ,1.35,,
64,John Tierney Classic,2024-01-20,SP,8.75,,
64,Badgers Midwest Invite,2024-01-13,60H,,9.54,
64,Badgers Midwest Invite,2024-01-13,LJ,4.98,,
64,Badgers Midwest Invite,2024-01-13,SP,7.98,,
64,Illini Open,2024-01-06,600,,1:52.96,
64,Illini Open,2024-01-06,60H,,9.75,
64,Illini Open,2024-01-06,LJ,5.25,,
64,2023 Blue Demon Holiday Invite,2023-12-08,LJ,5.22,,
66,UWL Final Qualifier,2025-05-14,LJ,,,
66,Horizon League Championship,2025-05-09,JT,30.94,,
66,Horizon League Championship,2025-05-09,Hep,,4271,
66,Horizon League Championship,2025-05-09,800,,2:26.64,
66,Horizon League Championship,2025-05-09,JT,28.2,,
66,Horizon League Championship,2025-05-09,LJ,4.56,,(1.0)
66,Horizon League Championship,2025-05-09,200,,26.56,(4.1)
66,Horizon League Championship,2025-05-09,SP,9.96,,
66,Horizon League Championship,2025-05-09,HJ,1.52,,
66,Horizon League Championship,2025-05-09,100H,,15.88,(1.4)
66,Badger Challenge,2025-05-02,HJ,1.45,,
66,Badger Challenge,2025-05-02,SP,11.14,,
66,Badger Challenge,2025-05-02,JT,30.19,,
66,Fighting Illini Twilight,2025-04-26,JT,32.45,,
66,UW-Whitewater Drake Alternative,2025-04-24,100H,,16.01,(-1.4)
66,UW-Whitewater Drake Alternative,2025-04-24,100H,,15.83,(2.4)
66,UW-Whitewater Drake Alternative,2025-04-24,HJ,1.42,,
66,UW-Whitewater Drake Alternative,2025-04-24,LJ,5.1,,(2.5)
66,Marquette Invitational,2025-04-10,200,,27.55,(-0.8)
66,Marquette Invitational,2025-04-10,100H,,15.99,(1.9)
66,Marquette Invitational,2025-04-10,LJ,5.0,,(1.5)
66,Marquette Invitational,2025-04-10,SP,9.88,,
66,Marquette Invitational,2025-04-10,JT,31.28,,
66,Ashton May Invitational,2025-04-05,100H,,16.46,(2.3)
66,Ashton May Invitational,2025-04-05,HJ,1.44,,
66,Ashton May Invitational,2025-04-05,SP,10.3,,
66,Redbird Challenge,2025-03-28,100H,,17.67,(2.9)
66,Redbird Challenge,2025-03-28,LJ,4.59,,(2.5)
66,Redbird Challenge,2025-03-28,JT,32.04,,
66,Panther Tune-up,2025-02-22,HJ,1.48,,
66,Panther Tune-up,2025-02-22,SP,10.01,,
66,John Tierney Classic,2025-01-25,60H,,9.61,
66,John Tierney Classic,2025-01-25,60H,,9.59,
66,John Tierney Classic,2025-01-25,HJ,1.5,,
66,John Tierney Classic,2025-01-25,SP,10.4,,
95,Horizon League Championship,2025-05-09,LJ,5.74,,(1.6)
95,Horizon League Championship,2025-05-09,TJ,12.09,,(0.3)
95,Jim Green Invitational,2025-05-02,TJ,11.78,,(3.3)
95,Fighting Illini Twilight,2025-04-26,LJ,5.52,,(2.8)
95,Fighting Illini Twilight,2025-04-26,TJ,12.4,,(1.3)
95,Gibson Invitational,2025-04-17,LJ,5.17,,(+0.0)
95,Gibson Invitational,2025-04-17,TJ,11.27,,(+0.0)
95,Ashton May Invitational,2025-04-05,LJ,5.5,,(1.3)
95,Ashton May Invitational,2025-04-05,TJ,11.86,,(3.0)
95,Raleigh Relays,2025-03-27,LJ,5.39,,(0.8)
95,Raleigh Relays,2025-03-27,TJ,11.85,,(0.7)
95,2025 Horizon League Indoor Track & Field Championship,2025-03-01,LJ,5.58,,
95,2025 Horizon League Indoor Track & Field Championship,2025-03-01,TJ,12.44,,
95,Panther Tune-up,2025-02-22,LJ,5.65,,
95,Panther Tune-up,2025-02-22,TJ,12.48,,
95,John Tierney Classic,2025-01-25,TJ,10.65,,
95,2024 Blue Demon Holiday Invite,2024-12-13,LJ,5.81,,
95,2024 Blue Demon Holiday Invite,2024-12-13,TJ,12.01,,
95,2024 Horizon League Outdoor Track & Field Championship,2024-05-03,LJ,5.31,,(1.5)
95,2024 Horizon League Outdoor Track & Field Championship,2024-05-03,TJ,11.74,,(1.1)
95,Clark Wood Open 2024,2024-04-26,LJ,5.84,,(2.7)
95,Clark Wood Open 2024,2024-04-26,TJ,11.85,,(3.3)
95,Gibson Invitational,2024-04-18,LJ,5.22,,(0.6)
95,Gibson Invitational,2024-04-18,TJ,11.41,,(1.4)
95,2024 Bryan Clay Invitational,2024-04-11,TJ,11.61,,(1.7)
95,Horizon League Indoor Track & Field Championship,2024-02-24,LJ,5.56,,
95,Horizon League Indoor Track & Field Championship,2024-02-24,TJ,12.16,,
95,PANTHER TUNE-UP,2024-02-17,LJ,5.54,,
95,PANTHER TUNE-UP,2024-02-17,TJ,11.73,,
95,Mark Guthrie Legacy Invite,2024-02-03,LJ,5.35,,
95,Mark Guthrie Legacy Invite,2024-02-03,TJ,11.72,,
95,Illini Challenge,2024-01-26,60,,8.00,
95,Illini Challenge,2024-01-26,TJ,11.58,,
95,John Tierney Classic,2024-01-20,60,,7.97,
95,John Tierney Classic,2024-01-20,TJ,11.91,,
95,2023 Blue Demon Holiday Invite,2023-12-08,TJ,11.69,,
95,Horizon League Championship,2023-05-05,100H,,14.65,(1.0)
95,Horizon League Championship,2023-05-05,LJ,5.57,,(0.7)
95,Horizon League Championship,2023-05-05,TJ,11.62,,(+0.0)
95,Clark Wood Open 2023,2023-04-28,100H,,15.08,(2.2)
95,Clark Wood Open 2023,2023-04-28,TJ,11.96,,(1.3)
95,Gary Wieneke Memorial,2023-04-21,LJ,5.63,,(2.2)
95,Gibson Invitational & Multis,2023-04-13,100H,,14.75,(1.7)
95,Gibson Invitational & Multis,2023-04-13,TJ,11.92,,(1.8)
95,Fighting Illini Challenge,2023-04-08,100H,,15.08,(0.3)
95,Fighting Illini Challenge,2023-04-08,TJ,,,
95,2023 Horizon League Indoor Track & Field Championship,2023-02-25,60H,,9.11,
95,2023 Horizon League Indoor Track & Field Championship,2023-02-25,TJ,11.99,,
95,GVSU Big Meet (Friday),2023-02-10,60H,,10.41,
95,GVSU Big Meet (Friday),2023-02-10,TJ,11.32,,
95,Jack Johnson Classic,2023-01-27,60H,,8.92,
95,Jack Johnson Classic,2023-01-27,60H,,8.95,
95,Jack Johnson Classic,2023-01-27,TJ,11.86,,
95,John Tierney Classic,2023-01-21,60H,,8.88,
95,John Tierney Classic,2023-01-21,60H,,9.16,
95,John Tierney Classic,2023-01-21,LJ,5.53,,
95,John Tierney Classic,2023-01-21,TJ,12.23,,
95,Wisconsin Badgers Midwest Invite,2023-01-14,60H,,9.07,
95,Wisconsin Badgers Midwest Invite,2023-01-14,TJ,11.43,,
95,2022 Blue Demon Holiday Invite,2022-12-09,60H,,10.00,
95,2022 Blue Demon Holiday Invite,2022-12-09,TJ,11.91,,
95,Horizon League Outdoor Track & Field Championships,2022-05-06,100H,,14.54,(0.2)
95,Horizon League Outdoor Track & Field Championships,2022-05-06,100H,,14.42,(2.7)
95,Horizon League Outdoor Track & Field Championships,2022-05-06,LJ,5.46,,(+0.0)
95,Horizon League Outdoor Track & Field Championships,2022-05-06,TJ,12.2,,(+0.0)
95,Valparaiso Beacan Invite,2022-04-30,100H,,14.86,(1.5)
95,Illini Invitational,2022-04-22,TJ,12.15,,(7.7)
95,44 Farms Team Invitational,2022-04-08,100H,,14.64,(5.1)
95,44 Farms Team Invitational,2022-04-08,LJ,5.49,,(4.1)
95,44 Farms Team Invitational,2022-04-08,TJ,11.87,,(3.4)
95,Redbird Invite,2022-04-01,100H,,15.69,(1.7)
95,Redbird Invite,2022-04-01,TJ,11.58,,
95,Horizon League Indoor Track & Field Championships,2022-02-26,60H,,9.03,
95,Horizon League Indoor Track & Field Championships,2022-02-26,TJ,11.73,,
95,St. Valentines Open,2022-02-18,TJ,11.41,,
95,2022 Hoosier Hills,2022-02-11,60H,,9.17,
95,2022 Hoosier Hills,2022-02-11,60H,,9.10,
95,2022 Hoosier Hills,2022-02-11,TJ,,,
95,Red Hawk Invite,2022-02-05,60H,,8.91,
95,Red Hawk Invite,2022-02-05,60H,,9.00,
95,Red Hawk Invite,2022-02-05,TJ,11.57,,
95,John Gartland Invitational,2022-01-21,60H,,9.35,
95,John Gartland Invitational,2022-01-21,LJ,4.94,,
95,Hawkeye Invite,2022-01-14,60H,,9.19,
95,Hawkeye Invite,2022-01-14,TJ,11.55,,
111,Horizon League Championship,2025-05-09,100H,,16.99,(0.7)
111,Badger Challenge,2025-05-02,100H,,16.08,
111,Green & White Invite,2025-04-17,100H,,16.14,(3.5)
111,Green & White Invite,2025-04-17,100H,,16.47,(2.3)
111,Marquette Invitational,2025-04-10,400H,,,
111,Redbird Challenge,2025-03-28,100H,,,
111,Redbird Challenge,2025-03-28,400H,,,
111,2025 Horizon League Indoor Track & Field Championship,2025-03-01,60H,,9.29,
111,Panther Tune-up,2025-02-22,400,,1:08.55,
111,Panther Tune-up,2025-02-22,60H,,9.22,
111,Panther Tune-up,2025-02-22,60H,,9.17,
111,UW-La Crosse Mark Guthrie Legacy Invitational,2025-02-08,200,,28.14,
111,UW-La Crosse Mark Guthrie Legacy Invitational,2025-02-08,60H,,10.10,
111,John Tierney Classic,2025-01-25,400,,,
111,John Tierney Classic,2025-01-25,60H,,,
111,Badgers Midwest Invite,2025-01-11,300,,46.89,
111,Badgers Midwest Invite,2025-01-11,60H,,9.90,
111,2024 Blue Demon Holiday Invite,2024-12-13,300,,45.10,
111,2024 Blue Demon Holiday Invite,2024-12-13,60H,,,
111,Marquette Invitational,2024-04-12,100H,,16.13,(1.4)
111,Marquette Invitational,2024-04-12,4x100,,48.91,
111,Redbird Challenge,2024-03-29,400H,,1:08.80,
111,PANTHER TUNE-UP,2024-02-17,60,,8.45,
111,PANTHER TUNE-UP,2024-02-17,60,,8.39,
111,PANTHER TUNE-UP,2024-02-17,200,,27.94,
111,Mark Guthrie Legacy Invite,2024-02-03,200,,28.41,
111,John Tierney Classic,2024-01-20,60H,,11.18,
111,Marquette Invitational,2023-04-22,400H,,1:10.71,
111,Green & White Invite,2023-04-15,100H,,16.42,(2.8)
111,Green & White Invite,2023-04-15,400H,,1:10.57,
111,Warrior Invitational,2023-04-06,100H,,24.46,(-1.6)
111,Panther Tune-Up,2023-02-18,400,,1:05.07,
111,Panther Tune-Up,2023-02-18,60H,,9.85,
111,Mark Guthrie Legacy Invitational,2023-02-04,200,,28.28,
111,Mark Guthrie Legacy Invitational,2023-02-04,60H,,9.62,
111,Mark Guthrie Legacy Invitational,2023-02-04,60H,,9.55,
111,Mark Guthrie Legacy Invitational,2023-02-04,4x400,,4:05.38,
111,John Tierney Classic,2023-01-21,60H,,9.45,
111,John Tierney Classic,2023-01-21,60H,,9.28,
111,Wisconsin Badgers Midwest Invite,2023-01-14,60H,,9.94,
111,Wisconsin Badgers Midwest Invite,2023-01-14,4x400,,4:07.47,
111,2022 Blue Demon Holiday Invite,2022-12-09,60H,,9.44,
111,Horizon League Indoor Track & Field Championships,2022-02-26,60H,,9.15,
111,Horizon League Indoor Track & Field Championships,2022-02-26,4x400,,,
111,Horizon League Indoor Track & Field Championships,2022-02-26,DMR,,12:20.85,
111,St. Valentines Open,2022-02-18,60H,,9.21,
111,St. Valentines Open,2022-02-18,60H,,9.16,
111,GVSU Big Meet-FRIDAY,2022-02-11,400,,1:00.25,
111,GVSU Big Meet-FRIDAY,2022-02-11,60H,,9.36,
111,Red Hawk Invite,2022-02-05,200,,27.04,
111,Red Hawk Invite,2022-02-05,60H,,9.36,
111,Red Hawk Invite,2022-02-05,60H,,9.47,
111,John Tierney Classic,2022-01-29,60H,,9.43,
111,John Tierney Classic,2022-01-29,60H,,9.15,
111,John Tierney Classic,2022-01-29,4x400,,3:58.17,
111,John Gartland Invitational,2022-01-21,60H,,9.18,
111,John Gartland Invitational,2022-01-21,60H,,9.21,
111,Hawkeye Invite,2022-01-14,400,,1:01.37,
111,Hawkeye Invite,2022-01-14,60H,,9.47,
121,Panther Tune-up,2025-02-22,LJ,,,
121,Panther Tune-up,2025-02-22,TJ,11.5,,
125,2026 Legacy Track & Field Meet,2026-04-17,100,,11.82,(1.4)
125,2026 Legacy Track & Field Meet,2026-04-17,100,,11.70,(2.2)
125,2026 Legacy Track & Field Meet,2026-04-17,200,,,
125,2026 Legacy Track & Field Meet,2026-04-17,4x100,,46.65,
125,Duke Invitational,2026-04-10,100,,11.98,(3.0)
125,Duke Invitational,2026-04-10,4x100,,46.74,
125,2025 Horizon League Indoor Track & Field Championship,2025-03-01,60,,7.45,
125,2025 Horizon League Indoor Track & Field Championship,2025-03-01,60,,7.57,
125,2025 Horizon League Indoor Track & Field Championship,2025-03-01,200,,25.09,
125,2025 Horizon League Indoor Track & Field Championship,2025-03-01,200,,25.18,
125,Panther Tune-up,2025-02-22,60,,,
125,Meyo Invitational (2025 Notre Dame Indoor Track & Field),2025-01-31,60,,7.64,
125,Meyo Invitational (2025 Notre Dame Indoor Track & Field),2025-01-31,60,,7.56,
125,Meyo Invitational (2025 Notre Dame Indoor Track & Field),2025-01-31,200,,24.59,
125,John Tierney Classic,2025-01-25,60,,7.60,
125,John Tierney Classic,2025-01-25,60,,7.63,
125,Badgers Midwest Invite,2025-01-11,60,,7.46,
125,Badgers Midwest Invite,2025-01-11,60,,7.53,
125,Gibson Invitational,2024-04-18,100,,11.95,(1.5)
125,Gibson Invitational,2024-04-18,4x100,,48.05,
125,2024 Bryan Clay Invitational,2024-04-11,100,,11.94,(0.8)
125,2024 Bryan Clay Invitational,2024-04-11,200,,24.65,(1.1)
125,Golden Grizzly T&F Invite,2024-04-06,100,,11.81,(1.8)
125,Golden Grizzly T&F Invite,2024-04-06,200,,24.57,(1.3)
125,Golden Grizzly T&F Invite,2024-04-06,4x100,,47.52,
125,Raleigh Relays,2024-03-28,100,,11.89,(-1.9)
125,Horizon League Indoor Track & Field Championship,2024-02-24,60,,7.44,
125,Horizon League Indoor Track & Field Championship,2024-02-24,60,,7.46,
125,Horizon League Indoor Track & Field Championship,2024-02-24,200,,24.30,
125,Horizon League Indoor Track & Field Championship,2024-02-24,200,,24.69,
125,GVSU Big Meet- (Friday),2024-02-09,60,,7.41,
125,GVSU Big Meet- (Friday),2024-02-09,60,,7.52,
125,GVSU Big Meet- (Friday),2024-02-09,200,,24.27,
125,Mark Guthrie Legacy Invite,2024-02-03,60,,7.52,
125,Mark Guthrie Legacy Invite,2024-02-03,60,,7.47,
125,Mark Guthrie Legacy Invite,2024-02-03,200,,25.30,
125,Illini Challenge,2024-01-26,60,,7.45,
125,Illini Challenge,2024-01-26,60,,7.49,
125,Illini Challenge,2024-01-26,200,,25.00,
125,John Tierney Classic,2024-01-20,60,,7.52,
125,John Tierney Classic,2024-01-20,60,,7.49,
125,Badgers Midwest Invite,2024-01-13,60,,7.47,
125,Badgers Midwest Invite,2024-01-13,60,,7.57,
125,Badgers Midwest Invite,2024-01-13,300,,40.09,
125,2023 Blue Demon Holiday Invite,2023-12-08,60,,7.48,
125,2023 Blue Demon Holiday Invite,2023-12-08,60,,7.48,
125,2023 Blue Demon Holiday Invite,2023-12-08,200,,24.31,
125,Horizon League Championship,2023-05-05,100,,11.82,(0.9)
125,Horizon League Championship,2023-05-05,100,,11.75,(-0.1)
125,Horizon League Championship,2023-05-05,200,,24.26,(0.2)
125,Horizon League Championship,2023-05-05,200,,24.30,(0.2)
125,Horizon League Championship,2023-05-05,4x100,,46.72,
125,Clark Wood Open 2023,2023-04-28,100,,11.81,(2.0)
125,Clark Wood Open 2023,2023-04-28,100,,11.78,(2.7)
125,Clark Wood Open 2023,2023-04-28,200,,24.82,(-0.5)
125,Fighting Illini Challenge,2023-04-08,100,,11.63,(1.4)
125,Fighting Illini Challenge,2023-04-08,200,,24.89,(-0.6)
125,Fighting Illini Challenge,2023-04-08,4x100,,47.47,
125,2023 Horizon League Indoor Track & Field Championship,2023-02-25,60,,7.54,
125,2023 Horizon League Indoor Track & Field Championship,2023-02-25,60,,7.54,
125,2023 Horizon League Indoor Track & Field Championship,2023-02-25,200,,25.40,
125,GVSU Big Meet (Friday),2023-02-10,60,,7.54,
125,GVSU Big Meet (Friday),2023-02-10,60,,7.57,
125,GVSU Big Meet (Friday),2023-02-10,200,,25.05,
125,Mark Guthrie Legacy Invitational,2023-02-04,200,,25.33,
125,Jack Johnson Classic,2023-01-27,60,,7.54,
125,Jack Johnson Classic,2023-01-27,60,,7.55,
125,Jack Johnson Classic,2023-01-27,200,,25.64,
125,John Tierney Classic,2023-01-21,60,,7.59,
125,John Tierney Classic,2023-01-21,60,,7.59,
125,John Tierney Classic,2023-01-21,200,,25.33,
125,Wisconsin Badgers Midwest Invite,2023-01-14,60,,7.61,
125,Wisconsin Badgers Midwest Invite,2023-01-14,60,,7.55,
125,Wisconsin Badgers Midwest Invite,2023-01-14,300,,41.43,
125,2022 Blue Demon Holiday Invite,2022-12-09,60,,7.52,
125,2022 Blue Demon Holiday Invite,2022-12-09,60,,7.50,
125,2022 Blue Demon Holiday Invite,2022-12-09,200,,25.03,
125,Horizon League Outdoor Track & Field Championships,2022-05-06,100,,11.86,(2.9)
125,Horizon League Outdoor Track & Field Championships,2022-05-06,100,,11.93,(2.7)
125,Horizon League Outdoor Track & Field Championships,2022-05-06,4x100,,46.56,
125,Valparaiso Beacan Invite,2022-04-30,100,,12.06,(3.1)
125,44 Farms Team Invitational,2022-04-08,100,,12.17,(4.8)
125,44 Farms Team Invitational,2022-04-08,200,,25.43,(1.9)
125,Redbird Invite,2022-04-01,100,,12.25,(-0.2)
125,Redbird Invite,2022-04-01,100,,12.12,(1.3)
125,Horizon League Indoor Track & Field Championships,2022-02-26,60,,7.70,
125,Horizon League Indoor Track & Field Championships,2022-02-26,60,,7.68,
125,Horizon League Indoor Track & Field Championships,2022-02-26,200,,25.15,
125,Horizon League Indoor Track & Field Championships,2022-02-26,4x400,,,
125,GVSU Big Meet-FRIDAY,2022-02-11,60,,7.69,
125,GVSU Big Meet-FRIDAY,2022-02-11,200,,25.60,
125,Red Hawk Invite,2022-02-05,60,,7.73,
125,Red Hawk Invite,2022-02-05,60,,7.74,
125,Red Hawk Invite,2022-02-05,4x400,,4:11.96,
125,John Tierney Classic,2022-01-29,60,,7.69,
125,John Tierney Classic,2022-01-29,60,,7.68,
125,John Gartland Invitational,2022-01-21,60,,7.76,
125,John Gartland Invitational,2022-01-21,60,,7.70,
125,John Gartland Invitational,2022-01-21,200,,26.17,
125,Hawkeye Invite,2022-01-14,60,,7.65,
125,Hawkeye Invite,2022-01-14,60,,7.63,
125,Hawkeye Invite,2022-01-14,200,,25.47,
37,2024 Horizon League Outdoor Track & Field Championship,2024-05-03,100H,,14.39,(2.4)
37,2024 Horizon League Outdoor Track & Field Championship,2024-05-03,100H,,14.18,(2.5)
37,2024 Horizon League Outdoor Track & Field Championship,2024-05-03,4x100,,46.72,
37,Clark Wood Open 2024,2024-04-26,100H,,14.07,(1.5)
37,Clark Wood Open 2024,2024-04-26,4x100,,47.44,
37,Green & White Invite,2024-04-20,100H,,14.21,(0.2)
37,Green & White Invite,2024-04-20,100H,,14.01,(3.6)
37,Marquette Invitational,2024-04-12,100H,,14.11,(1.4)
37,Marquette Invitational,2024-04-12,4x100,,48.91,
37,Golden Grizzly T&F Invite,2024-04-06,100H,,14.39,(2.6)
37,Golden Grizzly T&F Invite,2024-04-06,100H,,14.32,(1.3)
37,Raleigh Relays,2024-03-28,100H,,14.13,(1.7)
37,Horizon League Indoor Track & Field Championship,2024-02-24,60H,,8.77,
37,Horizon League Indoor Track & Field Championship,2024-02-24,60H,,8.68,
37,PANTHER TUNE-UP,2024-02-17,60,,8.05,
37,PANTHER TUNE-UP,2024-02-17,60,,8.00,
37,PANTHER TUNE-UP,2024-02-17,60H,,8.71,
37,PANTHER TUNE-UP,2024-02-17,60H,,8.73,
37,GVSU Big Meet- (Friday),2024-02-09,200,,26.68,
37,GVSU Big Meet- (Friday),2024-02-09,60H,,8.76,
37,Mark Guthrie Legacy Invite,2024-02-03,200,,27.38,
37,Mark Guthrie Legacy Invite,2024-02-03,60H,,8.79,
37,Mark Guthrie Legacy Invite,2024-02-03,60H,,8.82,
37,Illini Challenge,2024-01-26,200,,27.25,
37,Illini Challenge,2024-01-26,60H,,8.87,
37,Illini Challenge,2024-01-26,60H,,8.84,
37,John Tierney Classic,2024-01-20,60H,,8.90,
37,John Tierney Classic,2024-01-20,60H,,8.83,
37,Badgers Midwest Invite,2024-01-13,300,,44.24,
37,Badgers Midwest Invite,2024-01-13,60H,,8.97,
37,Badgers Midwest Invite,2024-01-13,60H,,8.93,
37,2023 Blue Demon Holiday Invite,2023-12-08,60H,,8.82,
37,2023 Blue Demon Holiday Invite,2023-12-08,60H,,8.87,
37,Horizon League Championship,2023-05-05,100H,,14.05,(1.1)
37,Horizon League Championship,2023-05-05,100H,,14.04,(1.0)
37,Clark Wood Open 2023,2023-04-28,100H,,14.18,(2.8)
37,Clark Wood Open 2023,2023-04-28,100H,,14.26,(1.4)
37,Gary Wieneke Memorial,2023-04-21,100H,,14.28,(2.0)
37,Gibson Invitational & Multis,2023-04-13,100H,,14.43,(1.9)
37,Fighting Illini Challenge,2023-04-08,100H,,14.80,(0.3)
37,Fighting Illini Challenge,2023-04-08,400H,,1:07.55,
37,2023 Horizon League Indoor Track & Field Championship,2023-02-25,60H,,8.69,
37,2023 Horizon League Indoor Track & Field Championship,2023-02-25,60H,,8.60,
37,Panther Tune-Up,2023-02-18,60H,,8.65,
37,Panther Tune-Up,2023-02-18,60H,,8.82,
37,Mark Guthrie Legacy Invitational,2023-02-04,60H,,8.77,
37,Mark Guthrie Legacy Invitational,2023-02-04,60H,,8.79,
37,Jack Johnson Classic,2023-01-27,200,,27.79,
37,Jack Johnson Classic,2023-01-27,60H,,8.83,
37,Jack Johnson Classic,2023-01-27,60H,,8.70,
37,John Tierney Classic,2023-01-21,200,,27.47,
37,John Tierney Classic,2023-01-21,60H,,8.79,
37,John Tierney Classic,2023-01-21,60H,,8.85,
37,Wisconsin Badgers Midwest Invite,2023-01-14,60H,,9.00,
37,Wisconsin Badgers Midwest Invite,2023-01-14,60H,,8.81,
37,2022 Blue Demon Holiday Invite,2022-12-09,60H,,8.81,
37,2022 Blue Demon Holiday Invite,2022-12-09,60H,,8.75,
37,Horizon League Outdoor Track & Field Championships,2022-05-06,100H,,14.26,(0.2)
37,Horizon League Outdoor Track & Field Championships,2022-05-06,100H,,14.44,(+0.0)
37,Valparaiso Beacan Invite,2022-04-30,100H,,14.63,(1.5)
37,44 Farms Team Invitational,2022-04-08,100H,,14.42,(5.1)
37,44 Farms Team Invitational,2022-04-08,400H,,1:09.81,
37,Redbird Invite,2022-04-01,100H,,14.99,(-3.0)
37,Redbird Invite,2022-04-01,100H,,14.64,(2.1)
37,Horizon League Indoor Track & Field Championships,2022-02-26,60H,,8.86,
37,Horizon League Indoor Track & Field Championships,2022-02-26,60H,,8.81,
37,St. Valentines Open,2022-02-18,60H,,8.84,
37,St. Valentines Open,2022-02-18,60H,,8.80,
37,GVSU Big Meet-FRIDAY,2022-02-11,60H,,8.83,
37,Red Hawk Invite,2022-02-05,60H,,9.27,
37,Red Hawk Invite,2022-02-05,60H,,9.01,
37,Red Hawk Invite,2022-02-05,4x400,,4:11.96,
37,John Tierney Classic,2022-01-29,60H,,8.93,
37,John Tierney Classic,2022-01-29,60H,,8.87,
37,John Tierney Classic,2022-01-29,4x400,,4:23.18,
37,Hawkeye Invite,2022-01-14,60H,,9.03,
37,Hawkeye Invite,2022-01-14,60H,,8.92,
37,Horizon League Outdoor Track & Field Championships,2021-05-07,100H,,14.97,(2.8)
37,Valpo Invitational,2021-05-01,100H,,15.18,(2.0)
37,Valpo Invitational,2021-05-01,400H,,1:10.73,
37,2021 Green & White Invite,2021-04-24,100H,,14.97,(1.4)
37,2021 Green & White Invite,2021-04-24,400H,,1:09.22,
37,Gibson Invitational sponsored by the Terre Haute CVB,2021-04-16,100H,,14.94,(3.1)
37,Gibson Invitational sponsored by the Terre Haute CVB,2021-04-16,100H,,15.13,(-0.3)
37,Gibson Invitational sponsored by the Terre Haute CVB,2021-04-16,400H,,1:10.50,
37,Big Blue Classic,2021-04-09,100H,,15.42,(1.1)
37,Big Blue Classic,2021-04-09,400H,,1:10.71,
37,Big Blue Classic,2021-04-09,4x400,,4:18.67,
37,Illinois State Redbird Invitational,2021-04-02,100H,,15.20,(2.4)
37,Illinois State Redbird Invitational,2021-04-02,400H,,1:12.23,
37,Horizon League Indoor Track & Field Championships,2021-02-26,60H,,9.27,
37,Horizon League Indoor Track & Field Championships,2021-02-26,60H,,9.15,
37,UW-Parkside Triangular,2021-02-19,55H,,8.34,
37,UW-Parkside Triangular,2021-02-19,4x400,,4:16.24,
37,Panther Tune-Up,2021-02-14,200,,28.98,
37,Panther Tune-Up,2021-02-14,60H,,9.34,
37,UW-Parkside Triangular,2021-02-05,55H,,8.54,
37,UW-Parkside Triangular,2021-02-05,4x400,,4:18.43,
37,John Tierney Classic,2021-01-23,200,,29.04,
37,John Tierney Classic,2021-01-23,60H,,9.49,
37,The Panther Invite,2021-01-09,60H,,9.52,
37,The Panther Invite,2021-01-09,60H,,9.43,
37,The Panther Invite,2021-01-09,4x400,,4:14.38,
46,2024 Horizon League Outdoor Track & Field Championship,2024-05-03,LJ,,,
46,2024 Horizon League Outdoor Track & Field Championship,2024-05-03,Hep,,4175,
46,2024 Horizon League Outdoor Track & Field Championship,2024-05-03,100H,,15.15,(-1.6)
46,2024 Horizon League Outdoor Track & Field Championship,2024-05-03,HJ,1.42,,
46,2024 Horizon League Outdoor Track & Field Championship,2024-05-03,SP,9.03,,
46,2024 Horizon League Outdoor Track & Field Championship,2024-05-03,200,,27.36,(-1.9)
46,2024 Horizon League Outdoor Track & Field Championship,2024-05-03,LJ,5.31,,(-0.4)
46,2024 Horizon League Outdoor Track & Field Championship,2024-05-03,JT,18.09,,
46,2024 Horizon League Outdoor Track & Field Championship,2024-05-03,800,,2:23.76,
46,UW-Whitewater Drake Alternative,2024-04-25,200,,27.24,(1.9)
46,UW-Whitewater Drake Alternative,2024-04-25,100H,,14.82,(1.8)
46,UW-Whitewater Drake Alternative,2024-04-25,100H,,15.09,(-1.3)
46,UW-Whitewater Drake Alternative,2024-04-25,JT,18.31,,
46,Gibson Invitational,2024-04-18,Hep,,4210,
46,Gibson Invitational,2024-04-18,100H,,15.13,(0.1)
46,Gibson Invitational,2024-04-18,HJ,1.41,,
46,Gibson Invitational,2024-04-18,SP,8.9,,
46,Gibson Invitational,2024-04-18,200,,27.17,(1.6)
46,Gibson Invitational,2024-04-18,LJ,5.46,,(3.9)
46,Gibson Invitational,2024-04-18,JT,18.41,,
46,Gibson Invitational,2024-04-18,800,,2:24.82,
46,Gary Wieneke Memorial,2024-04-13,100H,,15.11,(0.9)
46,Gary Wieneke Memorial,2024-04-13,LJ,5.35,,(0.6)
46,Marquette Invitational,2024-04-12,SP,8.8,,
46,Golden Grizzly T&F Invite,2024-04-06,200,,27.27,(1.0)
46,Golden Grizzly T&F Invite,2024-04-06,100H,,15.03,(2.6)
46,Golden Grizzly T&F Invite,2024-04-06,100H,,14.92,(2.8)
46,Golden Grizzly T&F Invite,2024-04-06,LJ,5.37,,(2.4)
46,Golden Grizzly T&F Invite,2024-04-06,JT,18.73,,
46,Redbird Challenge,2024-03-29,100H,,15.29,(0.4)
46,Redbird Challenge,2024-03-29,HJ,,,
46,Redbird Challenge,2024-03-29,JT,18.14,,
46,Horizon League Indoor Track & Field Championship,2024-02-24,LJ,5.57,,
46,Horizon League Indoor Track & Field Championship,2024-02-24,Pent,,3336,
46,Horizon League Indoor Track & Field Championship,2024-02-24,60H,,9.19,
46,Horizon League Indoor Track & Field Championship,2024-02-24,HJ,1.49,,
46,Horizon League Indoor Track & Field Championship,2024-02-24,SP,8.96,,
46,Horizon League Indoor Track & Field Championship,2024-02-24,LJ,5.54,,
46,Horizon League Indoor Track & Field Championship,2024-02-24,800,,2:30.98,
46,PANTHER TUNE-UP,2024-02-17,60H,,9.28,
46,PANTHER TUNE-UP,2024-02-17,HJ,1.45,,
46,PANTHER TUNE-UP,2024-02-17,LJ,5.58,,
46,PANTHER TUNE-UP,2024-02-17,SP,9.22,,
46,Mark Guthrie Legacy Invite,2024-02-03,60H,,9.24,
46,Mark Guthrie Legacy Invite,2024-02-03,LJ,5.47,,
46,Illini Challenge,2024-01-26,Pent,,3238,
46,Illini Challenge,2024-01-26,60H,,9.27,
46,Illini Challenge,2024-01-26,HJ,1.47,,
46,Illini Challenge,2024-01-26,SP,8.58,,
46,Illini Challenge,2024-01-26,LJ,5.32,,
46,Illini Challenge,2024-01-26,800,,2:28.53,
46,John Tierney Classic,2024-01-20,60H,,9.23,
46,John Tierney Classic,2024-01-20,60H,,9.30,
46,John Tierney Classic,2024-01-20,HJ,1.4,,
46,John Tierney Classic,2024-01-20,SP,8.6,,
46,Badgers Midwest Invite,2024-01-13,60H,,9.58,
46,Badgers Midwest Invite,2024-01-13,LJ,5.35,,
46,Badgers Midwest Invite,2024-01-13,SP,8.59,,
46,Illini Open,2024-01-06,600,,1:46.89,
46,Illini Open,2024-01-06,60H,,9.39,
46,Illini Open,2024-01-06,LJ,5.35,,
46,Gary Wieneke Memorial,2023-04-21,100H,,15.29,(-0.2)
46,Gary Wieneke Memorial,2023-04-21,LJ,5.32,,(+0.0)
46,Gary Wieneke Memorial,2023-04-21,JT,19.87,,
46,Gibson Invitational & Multis,2023-04-13,Hep,,3972,
46,Gibson Invitational & Multis,2023-04-13,100H,,15.50,(1.8)
46,Gibson Invitational & Multis,2023-04-13,HJ,1.45,,
46,Gibson Invitational & Multis,2023-04-13,SP,8.77,,
46,Gibson Invitational & Multis,2023-04-13,200,,27.59,(0.6)
46,Gibson Invitational & Multis,2023-04-13,LJ,5.28,,(-0.1)
46,Gibson Invitational & Multis,2023-04-13,JT,17.46,,
46,Gibson Invitational & Multis,2023-04-13,800,,2:34.56,
46,Fighting Illini Challenge,2023-04-08,200,,27.78,(0.2)
46,Fighting Illini Challenge,2023-04-08,100H,,15.28,(2.0)
46,Fighting Illini Challenge,2023-04-08,LJ,5.21,,
46,Warrior Invitational,2023-04-06,SP,9.35,,
46,Warrior Invitational,2023-04-06,JT,16.4,,
46,2023 Horizon League Indoor Track & Field Championship,2023-02-25,60H,,9.02,
46,2023 Horizon League Indoor Track & Field Championship,2023-02-25,LJ,5.45,,
46,2023 Horizon League Indoor Track & Field Championship,2023-02-25,Pent,,1298,
46,2023 Horizon League Indoor Track & Field Championship,2023-02-25,60H,,12.07,
46,2023 Horizon League Indoor Track & Field Championship,2023-02-25,HJ,1.35,,
46,2023 Horizon League Indoor Track & Field Championship,2023-02-25,SP,8.99,,
46,2023 Horizon League Indoor Track & Field Championship,2023-02-25,LJ,,,
46,2023 Horizon League Indoor Track & Field Championship,2023-02-25,800,,,
46,Panther Tune-Up,2023-02-18,60H,,8.93,
46,Panther Tune-Up,2023-02-18,60H,,8.92,
46,Panther Tune-Up,2023-02-18,HJ,1.4,,
46,GVSU Big Meet (Friday),2023-02-10,60H,,9.10,
46,GVSU Big Meet (Friday),2023-02-10,LJ,5.4,,
46,Mark Guthrie Legacy Invitational,2023-02-04,60H,,9.18,
46,Jack Johnson Classic,2023-01-27,Pent,,3246,
46,Jack Johnson Classic,2023-01-27,60H,,9.11,
46,Jack Johnson Classic,2023-01-27,HJ,1.39,,
46,Jack Johnson Classic,2023-01-27,SP,8.98,,
46,Jack Johnson Classic,2023-01-27,LJ,5.42,,
46,Jack Johnson Classic,2023-01-27,800,,2:28.10,
46,John Tierney Classic,2023-01-21,60H,,9.09,
46,John Tierney Classic,2023-01-21,60H,,8.98,
46,John Tierney Classic,2023-01-21,LJ,,,
46,John Tierney Classic,2023-01-21,SP,8.91,,
46,Wisconsin Badgers Midwest Invite,2023-01-14,600,,1:46.26,
46,Wisconsin Badgers Midwest Invite,2023-01-14,60H,,9.30,
46,Wisconsin Badgers Midwest Invite,2023-01-14,4x400,,4:07.47,
46,Wisconsin Badgers Midwest Invite,2023-01-14,HJ,,,
46,2022 Blue Demon Holiday Invite,2022-12-09,60H,,9.07,
46,2022 Blue Demon Holiday Invite,2022-12-09,HJ,,,
46,Horizon League Outdoor Track & Field Championships,2022-05-06,TJ,10.57,,(+0.0)
46,Horizon League Outdoor Track & Field Championships,2022-05-06,Hep,,3041,
46,Horizon League Outdoor Track & Field Championships,2022-05-06,100H,,16.25,(-0.4)
46,Horizon League Outdoor Track & Field Championships,2022-05-06,HJ,1.39,,
46,Horizon League Outdoor Track & Field Championships,2022-05-06,SP,8.76,,
46,Horizon League Outdoor Track & Field Championships,2022-05-06,200,,28.12,(2.8)
46,Horizon League Outdoor Track & Field Championships,2022-05-06,LJ,4.98,,
46,Horizon League Outdoor Track & Field Championships,2022-05-06,JT,16.87,,
46,Horizon League Outdoor Track & Field Championships,2022-05-06,800,,,
46,Valparaiso Beacan Invite,2022-04-30,JT,17.02,,
46,Illini Invitational,2022-04-22,200,,28.47,(4.9)
46,Illini Invitational,2022-04-22,100H,,15.32,(6.7)
46,Illini Invitational,2022-04-22,TJ,10.91,,(6.5)
46,2022 Warrior Invitational,2022-04-14,SP,8.74,,
46,Marquette Invitational,2022-04-10,100H,,15.54,(3.4)
46,Marquette Invitational,2022-04-10,LJ,5.35,,(2.2)
46,Marquette Invitational,2022-04-10,JT,18.39,,
46,Redbird Invite,2022-04-01,100H,,16.26,(2.1)
46,Redbird Invite,2022-04-01,TJ,,,
46,Redbird Invite,2022-04-01,JT,16.3,,
46,Horizon League Indoor Track & Field Championships,2022-02-26,TJ,10.72,,
46,Horizon League Indoor Track & Field Championships,2022-02-26,Pent,,3043,
46,Horizon League Indoor Track & Field Championships,2022-02-26,60H,,9.42,
46,Horizon League Indoor Track & Field Championships,2022-02-26,HJ,1.35,,
46,Horizon League Indoor Track & Field Championships,2022-02-26,SP,9.46,,
46,Horizon League Indoor Track & Field Championships,2022-02-26,LJ,5.25,,
46,Horizon League Indoor Track & Field Championships,2022-02-26,800,,2:34.56,
46,St. Valentines Open,2022-02-18,60H,,9.58,
46,St. Valentines Open,2022-02-18,LJ,5.21,,
46,Red Hawk Invite,2022-02-05,60H,,9.68,
46,Red Hawk Invite,2022-02-05,HJ,1.36,,
46,Red Hawk Invite,2022-02-05,TJ,10.78,,
46,John Tierney Classic,2022-01-29,60H,,9.57,
46,John Tierney Classic,2022-01-29,60H,,9.47,
46,John Tierney Classic,2022-01-29,LJ,5.33,,
46,John Tierney Classic,2022-01-29,SP,8.82,,
46,John Gartland Invitational,2022-01-21,Pent,,2935,
46,John Gartland Invitational,2022-01-21,60H,,9.45,
46,John Gartland Invitational,2022-01-21,HJ,1.35,,
46,John Gartland Invitational,2022-01-21,SP,9.13,,
46,John Gartland Invitational,2022-01-21,LJ,5.13,,
46,John Gartland Invitational,2022-01-21,800,,2:38.58,
46,Hawkeye Invite,2022-01-14,60H,,9.69,
46,Hawkeye Invite,2022-01-14,LJ,,,
46,2021 Green & White Invite,2021-04-24,100H,,16.37,(1.4)
46,2021 Green & White Invite,2021-04-24,LJ,5.03,,(+0.0)
46,2021 Green & White Invite,2021-04-24,SP,8.41,,
46,2021 Warrior Invitational,2021-04-17,100H,,16.18,(1.9)
46,2021 Warrior Invitational,2021-04-17,LJ,5.04,,(1.7)
46,2021 Warrior Invitational,2021-04-17,SP,8.0,,
46,Horizon League Indoor Track & Field Championships,2021-02-26,LJ,4.89,,
46,Horizon League Indoor Track & Field Championships,2021-02-26,TJ,10.49,,
46,Horizon League Indoor Track & Field Championships,2021-02-26,Pent,,2542,
46,Horizon League Indoor Track & Field Championships,2021-02-26,60H,,9.61,
46,Horizon League Indoor Track & Field Championships,2021-02-26,HJ,1.33,,
46,Horizon League Indoor Track & Field Championships,2021-02-26,SP,8.03,,
46,Horizon League Indoor Track & Field Championships,2021-02-26,LJ,4.81,,
46,Horizon League Indoor Track & Field Championships,2021-02-26,800,,2:55.58,
46,John Tierney Classic,2021-01-23,60H,,9.33,
46,John Tierney Classic,2021-01-23,HJ,1.38,,
46,John Tierney Classic,2021-01-23,TJ,10.95,,
46,The Panther Invite,2021-01-09,60H,,9.36,
46,The Panther Invite,2021-01-09,60H,,9.36,
46,The Panther Invite,2021-01-09,LJ,5.19,,
54,2024 Horizon League Outdoor Track & Field Championship,2024-05-03,DT,42.4,,
54,2024 Horizon League Outdoor Track & Field Championship,2024-05-03,HT,42.38,,
54,UW-Whitewater Drake Alternative,2024-04-25,DT,41.91,,
54,UW-Whitewater Drake Alternative,2024-04-25,HT,41.75,,
54,Gibson Invitational,2024-04-18,DT,36.29,,
54,Gary Wieneke Memorial,2024-04-13,DT,,,
54,Golden Grizzly T&F Invite,2024-04-06,DT,34.49,,
54,Redbird Challenge,2024-03-29,DT,36.07,,
54,Horizon League Indoor Track & Field Championship,2024-02-24,WT,16.66,,
54,PANTHER TUNE-UP,2024-02-17,WT,16.52,,
54,Illini Challenge,2024-01-26,WT,16.16,,
54,John Tierney Classic,2024-01-20,WT,16.71,,
54,Badgers Midwest Invite,2024-01-13,WT,16.57,,
54,Illini Open,2024-01-06,WT,16.18,,
54,Horizon League Championship,2023-05-05,DT,42.68,,
54,Horizon League Championship,2023-05-05,HT,47.82,,
54,UW-Whitewater Drake Alternative,2023-04-28,DT,,,
54,UW-Whitewater Drake Alternative,2023-04-28,HT,47.12,,
54,Gary Wieneke Memorial,2023-04-21,DT,39.35,,
54,Gary Wieneke Memorial,2023-04-21,HT,45.81,,
54,Gibson Invitational & Multis,2023-04-13,DT,40.29,,
54,Fighting Illini Challenge,2023-04-08,DT,35.93,,
54,Fighting Illini Challenge,2023-04-08,HT,44.56,,
54,Warrior Invitational,2023-04-06,HT,44.58,,
54,2023 Horizon League Indoor Track & Field Championship,2023-02-25,WT,16.61,,
54,Panther Tune-Up,2023-02-18,WT,16.54,,
54,Mark Guthrie Legacy Invitational,2023-02-04,WT,16.13,,
54,Jack Johnson Classic,2023-01-27,WT,15.83,,
54,John Tierney Classic,2023-01-21,WT,15.93,,
54,Wisconsin Badgers Midwest Invite,2023-01-14,WT,15.08,,
54,2022 Blue Demon Holiday Invite,2022-12-09,WT,15.34,,
54,Horizon League Indoor Track & Field Championships,2022-02-26,WT,16.79,,
54,St. Valentines Open,2022-02-18,WT,16.48,,
54,2022 Hoosier Hills,2022-02-11,WT,17.06,,
54,Red Hawk Invite,2022-02-05,SP,10.46,,
54,Red Hawk Invite,2022-02-05,WT,16.35,,
54,John Tierney Classic,2022-01-29,SP,11.52,,
54,John Tierney Classic,2022-01-29,WT,16.15,,
54,John Gartland Invitational,2022-01-21,SP,11.5,,
54,John Gartland Invitational,2022-01-21,WT,16.7,,
54,Hawkeye Invite,2022-01-14,SP,10.69,,
54,Hawkeye Invite,2022-01-14,WT,15.39,,
54,Horizon League Outdoor Track & Field Championships,2021-05-07,SP,10.42,,
54,Horizon League Outdoor Track & Field Championships,2021-05-07,DT,43.13,,
54,Horizon League Outdoor Track & Field Championships,2021-05-07,HT,45.27,,
54,Valpo Invitational,2021-05-01,SP,12.57,,
54,Valpo Invitational,2021-05-01,DT,39.2,,
54,Valpo Invitational,2021-05-01,HT,42.28,,
54,2021 Green & White Invite,2021-04-24,SP,11.69,,
54,2021 Green & White Invite,2021-04-24,DT,42.12,,
54,2021 Green & White Invite,2021-04-24,HT,44.64,,
54,Gibson Invitational sponsored by the Terre Haute CVB,2021-04-16,SP,11.58,,
54,Gibson Invitational sponsored by the Terre Haute CVB,2021-04-16,DT,42.99,,
54,Gibson Invitational sponsored by the Terre Haute CVB,2021-04-16,HT,43.29,,
54,Big Blue Classic,2021-04-09,DT,41.48,,
54,Illinois State Redbird Invitational,2021-04-02,SP,10.61,,
54,Illinois State Redbird Invitational,2021-04-02,DT,39.1,,
54,Illinois State Redbird Invitational,2021-04-02,HT,40.32,,
54,Horizon League Indoor Track & Field Championships,2021-02-26,SP,11.75,,
54,Horizon League Indoor Track & Field Championships,2021-02-26,WT,14.99,,
54,UW-Parkside Triangular,2021-02-05,SP,13.58,,
54,UW-Parkside Triangular,2021-02-05,WT,16.18,,
54,John Tierney Classic,2021-01-23,SP,11.43,,
54,John Tierney Classic,2021-01-23,WT,15.61,,
54,The Panther Invite,2021-01-09,SP,11.84,,
54,The Panther Invite,2021-01-09,WT,16.0,,
72,2024 Horizon League Outdoor Track & Field Championship,2024-05-03,100,,12.24,(0.6)
72,2024 Horizon League Outdoor Track & Field Championship,2024-05-03,4x100,,46.72,
72,Clark Wood Open 2024,2024-04-26,100,,12.30,(2.3)
72,Clark Wood Open 2024,2024-04-26,200,,25.82,(-0.7)
72,Clark Wood Open 2024,2024-04-26,4x100,,47.44,
72,Gibson Invitational,2024-04-18,100,,12.33,(1.7)
72,Gibson Invitational,2024-04-18,200,,26.24,(0.3)
72,Gibson Invitational,2024-04-18,4x100,,48.05,
72,Gary Wieneke Memorial,2024-04-13,100,,,
72,Gary Wieneke Memorial,2024-04-13,200,,,
72,Golden Grizzly T&F Invite,2024-04-06,100,,12.46,(1.0)
72,Golden Grizzly T&F Invite,2024-04-06,200,,26.05,(1.3)
72,Golden Grizzly T&F Invite,2024-04-06,4x100,,47.52,
72,Redbird Challenge,2024-03-29,100,,12.37,(2.6)
72,Redbird Challenge,2024-03-29,100,,,
72,Redbird Challenge,2024-03-29,200,,,
72,Horizon League Indoor Track & Field Championship,2024-02-24,60,,7.78,
72,Horizon League Indoor Track & Field Championship,2024-02-24,200,,25.61,
72,PANTHER TUNE-UP,2024-02-17,60,,7.83,
72,PANTHER TUNE-UP,2024-02-17,60,,7.86,
72,GVSU Big Meet- (Friday),2024-02-09,60,,7.85,
72,GVSU Big Meet- (Friday),2024-02-09,200,,25.79,
72,Mark Guthrie Legacy Invite,2024-02-03,60,,7.99,
72,Mark Guthrie Legacy Invite,2024-02-03,60,,7.96,
72,Mark Guthrie Legacy Invite,2024-02-03,200,,26.76,
72,Illini Challenge,2024-01-26,60,,8.00,
72,Illini Challenge,2024-01-26,200,,27.25,
72,John Tierney Classic,2024-01-20,60,,8.10,
72,John Tierney Classic,2024-01-20,60,,8.00,
72,John Tierney Classic,2024-01-20,200,,27.53,
72,Badgers Midwest Invite,2024-01-13,60,,8.05,
72,2023 Blue Demon Holiday Invite,2023-12-08,60,,7.97,
72,2023 Blue Demon Holiday Invite,2023-12-08,200,,26.93,
72,Horizon League Championship,2023-05-05,100,,12.66,(-0.1)
72,Horizon League Championship,2023-05-05,4x100,,46.72,
72,Gary Wieneke Memorial,2023-04-21,200,,26.39,(-0.1)
72,Gibson Invitational & Multis,2023-04-13,100,,12.69,(0.7)
72,Fighting Illini Challenge,2023-04-08,100,,12.48,(1.6)
72,Fighting Illini Challenge,2023-04-08,4x100,,47.47,
72,Mark Guthrie Legacy Invitational,2023-02-04,60,,8.02,
72,Wisconsin Badgers Midwest Invite,2023-01-14,60,,7.90,
72,2022 Blue Demon Holiday Invite,2022-12-09,60,,7.76,
72,2022 Blue Demon Holiday Invite,2022-12-09,60,,7.84,
72,2022 Blue Demon Holiday Invite,2022-12-09,200,,25.70,
72,Horizon League Outdoor Track & Field Championships,2022-05-06,100,,12.26,(0.9)
72,Horizon League Outdoor Track & Field Championships,2022-05-06,200,,25.36,(3.3)
72,Horizon League Outdoor Track & Field Championships,2022-05-06,4x100,,46.56,
72,Valparaiso Beacan Invite,2022-04-30,100,,12.40,(3.1)
72,Illini Invitational,2022-04-22,100,,12.06,(5.9)
72,Illini Invitational,2022-04-22,200,,25.14,(6.3)
72,Illini Invitational,2022-04-22,4x100,,49.06,
72,2022 Warrior Invitational,2022-04-14,100,,12.40,(5.1)
72,Redbird Invite,2022-04-01,100,,12.59,(3.6)
72,Horizon League Indoor Track & Field Championships,2022-02-26,60,,7.75,
72,Horizon League Indoor Track & Field Championships,2022-02-26,200,,25.63,
72,St. Valentines Open,2022-02-18,60,,7.78,
72,GVSU Big Meet-FRIDAY,2022-02-11,60,,7.79,
72,GVSU Big Meet-FRIDAY,2022-02-11,200,,25.60,
72,Red Hawk Invite,2022-02-05,60,,7.76,
72,Red Hawk Invite,2022-02-05,200,,26.09,
72,John Tierney Classic,2022-01-29,60,,7.78,
72,John Tierney Classic,2022-01-29,60,,7.73,
72,John Gartland Invitational,2022-01-21,60,,7.88,
72,John Gartland Invitational,2022-01-21,60,,7.81,
72,Hawkeye Invite,2022-01-14,60,,7.79,
72,Hawkeye Invite,2022-01-14,200,,26.29,
72,Horizon League Outdoor Track & Field Championships,2021-05-07,100,,12.38,(2.5)
72,Horizon League Outdoor Track & Field Championships,2021-05-07,4x100,,48.20,
72,Valpo Invitational,2021-05-01,100,,12.85,(-0.4)
72,Valpo Invitational,2021-05-01,4x100,,48.11,
72,Clark Wood Invitational,2021-04-23,100,,12.66,(0.6)
72,Clark Wood Invitational,2021-04-23,200,,26.27,(1.3)
72,Gibson Invitational sponsored by the Terre Haute CVB,2021-04-16,100,,12.68,(3.2)
72,Gibson Invitational sponsored by the Terre Haute CVB,2021-04-16,200,,26.78,(0.7)
72,Gibson Invitational sponsored by the Terre Haute CVB,2021-04-16,4x100,,48.47,
72,Big Blue Classic,2021-04-09,100,,12.56,(1.7)
72,Big Blue Classic,2021-04-09,200,,26.88,(0.1)
72,Illinois State Redbird Invitational,2021-04-02,100,,12.47,(2.2)
72,Illinois State Redbird Invitational,2021-04-02,200,,,(3.0)
72,Horizon League Indoor Track & Field Championships,2021-02-26,60,,7.95,
72,Horizon League Indoor Track & Field Championships,2021-02-26,200,,26.80,
72,UW-Parkside Triangular,2021-02-19,55,,7.34,
72,Panther Tune-Up,2021-02-14,60,,7.97,
72,Panther Tune-Up,2021-02-14,60,,7.98,
72,Panther Tune-Up,2021-02-14,200,,27.23,
72,UW-Parkside Triangular,2021-02-05,55,,7.42,
72,UW-Parkside Triangular,2021-02-05,200,,27.09,
72,John Tierney Classic,2021-01-23,60,,8.01,
72,John Tierney Classic,2021-01-23,200,,27.80,
72,The Panther Invite,2021-01-09,60,,8.11,
72,The Panther Invite,2021-01-09,200,,27.92,
77,UW-La Crosse Eagle Open,2024-05-10,100H,,13.81,(0.6)
77,UW-La Crosse Eagle Open,2024-05-10,100H,,13.84,(-0.3)
77,2024 Horizon League Outdoor Track & Field Championship,2024-05-03,200,,25.02,(1.1)
77,2024 Horizon League Outdoor Track & Field Championship,2024-05-03,100H,,13.63,(2.4)
77,2024 Horizon League Outdoor Track & Field Championship,2024-05-03,100H,,13.96,(2.5)
77,2024 Horizon League Outdoor Track & Field Championship,2024-05-03,4x100,,46.72,
77,Clark Wood Open 2024,2024-04-26,200,,24.96,(1.9)
77,Clark Wood Open 2024,2024-04-26,100H,,13.66,(2.4)
77,Clark Wood Open 2024,2024-04-26,100H,,13.88,(3.9)
77,Clark Wood Open 2024,2024-04-26,4x100,,47.44,
77,Gibson Invitational,2024-04-18,200,,25.55,(0.3)
77,Gibson Invitational,2024-04-18,100H,,14.04,(1.2)
77,Gibson Invitational,2024-04-18,4x100,,48.05,
77,2024 Bryan Clay Invitational,2024-04-11,100H,,14.07,(-0.1)
77,Golden Grizzly T&F Invite,2024-04-06,100H,,13.92,(2.6)
77,Golden Grizzly T&F Invite,2024-04-06,100H,,14.03,(2.8)
77,Golden Grizzly T&F Invite,2024-04-06,4x100,,47.52,
77,Raleigh Relays,2024-03-28,200,,25.10,(2.3)
77,Raleigh Relays,2024-03-28,100H,,13.81,(2.1)
77,Horizon League Indoor Track & Field Championship,2024-02-24,200,,25.30,
77,Horizon League Indoor Track & Field Championship,2024-02-24,200,,25.29,
77,Horizon League Indoor Track & Field Championship,2024-02-24,60H,,8.53,
77,Horizon League Indoor Track & Field Championship,2024-02-24,60H,,8.54,
77,GVSU Big Meet- (Friday),2024-02-09,60,,7.80,
77,GVSU Big Meet- (Friday),2024-02-09,200,,25.01,
77,GVSU Big Meet- (Friday),2024-02-09,60H,,8.57,
77,GVSU Big Meet- (Friday),2024-02-09,60H,,8.62,
77,Mark Guthrie Legacy Invite,2024-02-03,200,,25.76,
77,Mark Guthrie Legacy Invite,2024-02-03,60H,,8.82,
77,Mark Guthrie Legacy Invite,2024-02-03,60H,,8.68,
77,Illini Challenge,2024-01-26,200,,25.79,
77,Illini Challenge,2024-01-26,60H,,8.64,
77,Illini Challenge,2024-01-26,60H,,8.75,
77,John Tierney Classic,2024-01-20,60,,7.76,
77,John Tierney Classic,2024-01-20,60,,7.78,
77,John Tierney Classic,2024-01-20,60H,,8.61,
77,John Tierney Classic,2024-01-20,60H,,8.79,
77,Badgers Midwest Invite,2024-01-13,300,,42.15,
77,Badgers Midwest Invite,2024-01-13,60H,,8.66,
77,Badgers Midwest Invite,2024-01-13,60H,,8.75,
77,2023 Blue Demon Holiday Invite,2023-12-08,200,,26.08,
77,2023 Blue Demon Holiday Invite,2023-12-08,60H,,8.67,
77,2023 Blue Demon Holiday Invite,2023-12-08,60H,,8.79,
104,2024 Horizon League Outdoor Track & Field Championship,2024-05-03,SP,12.94,,
104,2024 Horizon League Outdoor Track & Field Championship,2024-05-03,DT,40.4,,
104,2024 Horizon League Outdoor Track & Field Championship,2024-05-03,HT,49.73,,
104,UW-Whitewater Drake Alternative,2024-04-25,SP,11.54,,
104,UW-Whitewater Drake Alternative,2024-04-25,DT,38.52,,
104,UW-Whitewater Drake Alternative,2024-04-25,HT,49.78,,
104,Gibson Invitational,2024-04-18,SP,12.54,,
104,Gibson Invitational,2024-04-18,DT,38.28,,
104,Gibson Invitational,2024-04-18,HT,49.6,,
104,Gary Wieneke Memorial,2024-04-13,SP,12.8,,
104,Gary Wieneke Memorial,2024-04-13,DT,41.11,,
104,Gary Wieneke Memorial,2024-04-13,HT,50.19,,
104,Golden Grizzly T&F Invite,2024-04-06,SP,12.58,,
104,Golden Grizzly T&F Invite,2024-04-06,DT,42.08,,
104,Golden Grizzly T&F Invite,2024-04-06,HT,50.52,,
104,Redbird Challenge,2024-03-29,SP,13.17,,
104,Redbird Challenge,2024-03-29,DT,38.08,,
104,Redbird Challenge,2024-03-29,HT,47.48,,
104,Horizon League Indoor Track & Field Championship,2024-02-24,SP,13.22,,
104,Horizon League Indoor Track & Field Championship,2024-02-24,WT,16.12,,
104,PANTHER TUNE-UP,2024-02-17,SP,12.84,,
104,PANTHER TUNE-UP,2024-02-17,WT,15.9,,
104,Mark Guthrie Legacy Invite,2024-02-03,SP,13.02,,
104,Mark Guthrie Legacy Invite,2024-02-03,WT,14.91,,
104,Illini Challenge,2024-01-26,SP,12.66,,
104,Illini Challenge,2024-01-26,WT,15.65,,
104,John Tierney Classic,2024-01-20,SP,12.54,,
104,John Tierney Classic,2024-01-20,WT,16.85,,
104,Badgers Midwest Invite,2024-01-13,WT,15.31,,
104,Illini Open,2024-01-06,SP,11.91,,
104,Illini Open,2024-01-06,WT,16.14,,
104,Horizon League Championship,2023-05-05,SP,11.92,,
104,Horizon League Championship,2023-05-05,DT,38.52,,
104,Horizon League Championship,2023-05-05,HT,49.48,,
104,UW-Whitewater Drake Alternative,2023-04-28,SP,12.89,,
104,UW-Whitewater Drake Alternative,2023-04-28,DT,41.13,,
104,UW-Whitewater Drake Alternative,2023-04-28,HT,50.5,,
104,Gary Wieneke Memorial,2023-04-21,SP,12.61,,
104,Gary Wieneke Memorial,2023-04-21,DT,37.77,,
104,Gary Wieneke Memorial,2023-04-21,HT,50.93,,
104,Gibson Invitational & Multis,2023-04-13,SP,12.41,,
104,Gibson Invitational & Multis,2023-04-13,HT,50.02,,
104,Fighting Illini Challenge,2023-04-08,SP,12.97,,
104,Fighting Illini Challenge,2023-04-08,HT,50.72,,
104,2023 Horizon League Indoor Track & Field Championship,2023-02-25,SP,12.87,,
104,2023 Horizon League Indoor Track & Field Championship,2023-02-25,WT,15.94,,
104,Panther Tune-Up,2023-02-18,SP,12.35,,
104,Panther Tune-Up,2023-02-18,WT,16.43,,
104,Mark Guthrie Legacy Invitational,2023-02-04,SP,13.07,,
104,Mark Guthrie Legacy Invitational,2023-02-04,WT,16.16,,
104,Jack Johnson Classic,2023-01-27,SP,11.66,,
104,Jack Johnson Classic,2023-01-27,WT,15.74,,
104,John Tierney Classic,2023-01-21,SP,13.09,,
104,John Tierney Classic,2023-01-21,WT,,,
104,Wisconsin Badgers Midwest Invite,2023-01-14,SP,11.64,,
104,Wisconsin Badgers Midwest Invite,2023-01-14,WT,,,
104,2022 Blue Demon Holiday Invite,2022-12-09,SP,11.8,,
104,2022 Blue Demon Holiday Invite,2022-12-09,WT,14.57,,
104,Horizon League Outdoor Track & Field Championships,2022-05-06,SP,13.14,,
104,Horizon League Outdoor Track & Field Championships,2022-05-06,DT,35.7,,
104,Horizon League Outdoor Track & Field Championships,2022-05-06,HT,50.84,,
104,Valparaiso Beacan Invite,2022-04-30,SP,13.45,,
104,Valparaiso Beacan Invite,2022-04-30,DT,40.79,,
104,Valparaiso Beacan Invite,2022-04-30,HT,47.67,,
104,Illini Invitational,2022-04-22,SP,12.86,,
104,Illini Invitational,2022-04-22,DT,37.74,,
104,Illini Invitational,2022-04-22,HT,47.28,,
104,2022 Warrior Invitational,2022-04-14,SP,11.36,,
104,2022 Warrior Invitational,2022-04-14,DT,32.93,,
104,2022 Warrior Invitational,2022-04-14,HT,46.09,,
104,44 Farms Team Invitational,2022-04-08,SP,11.98,,
104,44 Farms Team Invitational,2022-04-08,DT,34.6,,
104,44 Farms Team Invitational,2022-04-08,HT,47.35,,
104,Redbird Invite,2022-04-01,SP,11.86,,
104,Redbird Invite,2022-04-01,DT,32.63,,
104,Redbird Invite,2022-04-01,HT,47.92,,
104,Horizon League Indoor Track & Field Championships,2022-02-26,SP,13.27,,
104,Horizon League Indoor Track & Field Championships,2022-02-26,WT,16.32,,
104,St. Valentines Open,2022-02-18,SP,13.08,,
104,St. Valentines Open,2022-02-18,WT,17.83,,
104,2022 Hoosier Hills,2022-02-11,SP,,,
104,2022 Hoosier Hills,2022-02-11,WT,14.75,,
104,Red Hawk Invite,2022-02-05,SP,13.0,,
104,Red Hawk Invite,2022-02-05,WT,15.78,,
104,John Tierney Classic,2022-01-29,SP,12.66,,
104,John Tierney Classic,2022-01-29,WT,15.71,,
104,John Gartland Invitational,2022-01-21,SP,13.32,,
104,John Gartland Invitational,2022-01-21,WT,15.81,,
104,Hawkeye Invite,2022-01-14,SP,12.78,,
104,Hawkeye Invite,2022-01-14,WT,14.34,,
104,Horizon League Outdoor Track & Field Championships,2021-05-07,SP,11.35,,
104,Horizon League Outdoor Track & Field Championships,2021-05-07,HT,44.59,,
104,Valpo Invitational,2021-05-01,SP,13.23,,
104,Valpo Invitational,2021-05-01,HT,44.53,,
104,2021 Green & White Invite,2021-04-24,SP,12.22,,
104,2021 Green & White Invite,2021-04-24,HT,43.85,,
104,Gibson Invitational sponsored by the Terre Haute CVB,2021-04-16,SP,12.34,,
104,Gibson Invitational sponsored by the Terre Haute CVB,2021-04-16,HT,42.72,,
104,Big Blue Classic,2021-04-09,SP,12.75,,
104,Big Blue Classic,2021-04-09,HT,39.13,,
104,Illinois State Redbird Invitational,2021-04-02,SP,11.45,,
104,Illinois State Redbird Invitational,2021-04-02,DT,,,
104,Illinois State Redbird Invitational,2021-04-02,HT,41.27,,
104,Horizon League Indoor Track & Field Championships,2021-02-26,SP,11.73,,
104,Horizon League Indoor Track & Field Championships,2021-02-26,WT,15.53,,
104,Panther Tune-Up,2021-02-14,SP,12.3,,
104,Panther Tune-Up,2021-02-14,WT,15.09,,
104,UW-Parkside Triangular,2021-02-05,SP,12.71,,
104,UW-Parkside Triangular,2021-02-05,WT,14.35,,
104,John Tierney Classic,2021-01-23,SP,12.17,,
104,John Tierney Classic,2021-01-23,WT,15.11,,
104,The Panther Invite,2021-01-09,SP,11.51,,
104,The Panther Invite,2021-01-09,WT,13.1,,
135,2024 Horizon League Outdoor Track & Field Championship,2024-05-03,HJ,1.52,,
135,2024 Horizon League Outdoor Track & Field Championship,2024-05-03,LJ,5.59,,(-1.4)
135,UW-Whitewater Drake Alternative,2024-04-25,LJ,5.38,,(0.5)
135,Gibson Invitational,2024-04-18,HJ,1.57,,
135,Gibson Invitational,2024-04-18,LJ,5.28,,(0.8)
135,Gary Wieneke Memorial,2024-04-13,LJ,5.7,,(1.3)
135,Golden Grizzly T&F Invite,2024-04-06,HJ,1.55,,
135,Golden Grizzly T&F Invite,2024-04-06,LJ,5.56,,(4.3)
135,Redbird Challenge,2024-03-29,HJ,1.5,,
135,Horizon League Indoor Track & Field Championship,2024-02-24,HJ,1.56,,
135,Horizon League Indoor Track & Field Championship,2024-02-24,LJ,5.61,,
135,PANTHER TUNE-UP,2024-02-17,LJ,5.52,,
135,Mark Guthrie Legacy Invite,2024-02-03,HJ,1.53,,
135,John Tierney Classic,2024-01-20,LJ,5.65,,
135,Badgers Midwest Invite,2024-01-13,LJ,5.33,,
135,2023 Blue Demon Holiday Invite,2023-12-08,HJ,1.58,,
135,Horizon League Championship,2023-05-05,HJ,1.55,,
135,Horizon League Championship,2023-05-05,LJ,5.42,,(+0.0)
135,Clark Wood Open 2023,2023-04-28,LJ,5.57,,(0.8)
135,Gary Wieneke Memorial,2023-04-21,LJ,5.44,,(1.7)
135,Gibson Invitational & Multis,2023-04-13,HJ,1.55,,
135,Gibson Invitational & Multis,2023-04-13,LJ,5.43,,(0.2)
135,Fighting Illini Challenge,2023-04-08,LJ,5.52,,
135,2023 Horizon League Indoor Track & Field Championship,2023-02-25,HJ,1.6,,
135,2023 Horizon League Indoor Track & Field Championship,2023-02-25,LJ,5.61,,
135,Panther Tune-Up,2023-02-18,HJ,1.55,,
135,Panther Tune-Up,2023-02-18,LJ,5.64,,
135,Mark Guthrie Legacy Invitational,2023-02-04,LJ,5.63,,
135,Jack Johnson Classic,2023-01-27,LJ,5.58,,
135,John Tierney Classic,2023-01-21,HJ,1.62,,
135,John Tierney Classic,2023-01-21,LJ,5.75,,
135,Wisconsin Badgers Midwest Invite,2023-01-14,LJ,5.46,,
135,2022 Blue Demon Holiday Invite,2022-12-09,LJ,5.54,,
135,Horizon League Outdoor Track & Field Championships,2022-05-06,HJ,1.54,,
135,Horizon League Outdoor Track & Field Championships,2022-05-06,LJ,5.86,,(+0.0)
135,Valparaiso Beacan Invite,2022-04-30,LJ,5.71,,(4.6)
135,Illini Invitational,2022-04-22,HJ,1.55,,
135,Illini Invitational,2022-04-22,LJ,5.64,,(2.2)
135,44 Farms Team Invitational,2022-04-08,HJ,,,
135,44 Farms Team Invitational,2022-04-08,LJ,5.16,,(2.4)
135,Horizon League Indoor Track & Field Championships,2022-02-26,HJ,1.65,,
135,Horizon League Indoor Track & Field Championships,2022-02-26,LJ,5.62,,
135,St. Valentines Open,2022-02-18,HJ,1.49,,
135,John Tierney Classic,2022-01-29,LJ,5.85,,
135,John Gartland Invitational,2022-01-21,LJ,5.5,,
135,Hawkeye Invite,2022-01-14,LJ,5.46,,
135,Horizon League Outdoor Track & Field Championships,2021-05-07,HJ,1.65,,
135,Horizon League Outdoor Track & Field Championships,2021-05-07,LJ,5.64,,(2.1)
135,Valpo Invitational,2021-05-01,LJ,5.66,,(3.2)
135,Clark Wood Invitational,2021-04-23,LJ,5.75,,(1.4)
135,Gibson Invitational sponsored by the Terre Haute CVB,2021-04-16,LJ,5.42,,(+0.0)
135,Illinois State Redbird Invitational,2021-04-02,HJ,1.57,,
135,Illinois State Redbird Invitational,2021-04-02,LJ,5.22,,(2.0)
135,Horizon League Indoor Track & Field Championships,2021-02-26,HJ,1.6,,
135,Horizon League Indoor Track & Field Championships,2021-02-26,LJ,5.61,,
135,UW-Parkside Triangular,2021-02-19,HJ,1.65,,
135,Panther Tune-Up,2021-02-14,HJ,1.63,,
135,Panther Tune-Up,2021-02-14,LJ,5.61,,
135,UW-Parkside Triangular,2021-02-05,LJ,5.13,,
135,John Tierney Classic,2021-01-23,HJ,1.53,,
135,John Tierney Classic,2021-01-23,LJ,5.79,,
135,The Panther Invite,2021-01-09,HJ,1.52,,
135,The Panther Invite,2021-01-09,LJ,5.54,,
136,2024 Horizon League Outdoor Track & Field Championship,2024-05-03,4x400,,3:51.99,
136,2024 Horizon League Outdoor Track & Field Championship,2024-05-03,LJ,5.6,,(-0.2)
136,2024 Horizon League Outdoor Track & Field Championship,2024-05-03,JT,32.66,,
136,2024 Horizon League Outdoor Track & Field Championship,2024-05-03,Hep,,4609,
136,2024 Horizon League Outdoor Track & Field Championship,2024-05-03,100H,,15.04,(-0.6)
136,2024 Horizon League Outdoor Track & Field Championship,2024-05-03,HJ,1.39,,
136,2024 Horizon League Outdoor Track & Field Championship,2024-05-03,SP,10.36,,
136,2024 Horizon League Outdoor Track & Field Championship,2024-05-03,200,,26.16,(-1.9)
136,2024 Horizon League Outdoor Track & Field Championship,2024-05-03,LJ,5.48,,(-1.7)
136,2024 Horizon League Outdoor Track & Field Championship,2024-05-03,JT,29.27,,
136,2024 Horizon League Outdoor Track & Field Championship,2024-05-03,800,,2:23.38,
136,UW-Whitewater Drake Alternative,2024-04-25,100H,,15.29,(1.3)
136,UW-Whitewater Drake Alternative,2024-04-25,JT,32.41,,
136,Gibson Invitational,2024-04-18,Hep,,4690,
136,Gibson Invitational,2024-04-18,100H,,15.41,(0.8)
136,Gibson Invitational,2024-04-18,HJ,1.41,,
136,Gibson Invitational,2024-04-18,SP,11.52,,
136,Gibson Invitational,2024-04-18,200,,25.97,(+0.0)
136,Gibson Invitational,2024-04-18,LJ,5.61,,(-0.2)
136,Gibson Invitational,2024-04-18,JT,28.62,,
136,Gibson Invitational,2024-04-18,800,,2:24.19,
136,Marquette Invitational,2024-04-12,100H,,15.55,(1.4)
136,Marquette Invitational,2024-04-12,LJ,5.32,,(-2.2)
136,Marquette Invitational,2024-04-12,SP,10.4,,
136,Golden Grizzly T&F Invite,2024-04-06,200,,26.20,(3.9)
136,Golden Grizzly T&F Invite,2024-04-06,100H,,15.91,(1.3)
136,Golden Grizzly T&F Invite,2024-04-06,SP,10.44,,
136,Golden Grizzly T&F Invite,2024-04-06,JT,29.86,,
136,Redbird Challenge,2024-03-29,100H,,15.59,(0.4)
136,Redbird Challenge,2024-03-29,HJ,1.45,,
136,Redbird Challenge,2024-03-29,JT,26.85,,
136,Horizon League Indoor Track & Field Championship,2024-02-24,4x400,,3:55.74,
136,Horizon League Indoor Track & Field Championship,2024-02-24,DMR,,12:02.90,
136,Horizon League Indoor Track & Field Championship,2024-02-24,LJ,5.75,,
136,Horizon League Indoor Track & Field Championship,2024-02-24,Pent,,3473,
136,Horizon League Indoor Track & Field Championship,2024-02-24,60H,,9.06,
136,Horizon League Indoor Track & Field Championship,2024-02-24,HJ,1.43,,
136,Horizon League Indoor Track & Field Championship,2024-02-24,SP,10.77,,
136,Horizon League Indoor Track & Field Championship,2024-02-24,LJ,5.66,,
136,Horizon League Indoor Track & Field Championship,2024-02-24,800,,2:29.02,
136,PANTHER TUNE-UP,2024-02-17,60H,,9.32,
136,PANTHER TUNE-UP,2024-02-17,LJ,,,
136,PANTHER TUNE-UP,2024-02-17,SP,10.64,,
136,GVSU Big Meet- (Friday),2024-02-09,400,,58.77,
136,GVSU Big Meet- (Friday),2024-02-09,60H,,9.50,
136,GVSU Big Meet- (Friday),2024-02-09,SP,11.12,,
136,Mark Guthrie Legacy Invite,2024-02-03,60H,,9.37,
136,Mark Guthrie Legacy Invite,2024-02-03,LJ,5.58,,
136,Illini Challenge,2024-01-26,Pent,,3396,
136,Illini Challenge,2024-01-26,60H,,9.31,
136,Illini Challenge,2024-01-26,HJ,1.41,,
136,Illini Challenge,2024-01-26,SP,11.03,,
136,Illini Challenge,2024-01-26,LJ,5.51,,
136,Illini Challenge,2024-01-26,800,,2:27.33,
136,John Tierney Classic,2024-01-20,60H,,9.32,
136,John Tierney Classic,2024-01-20,60H,,9.50,
136,John Tierney Classic,2024-01-20,HJ,1.4,,
136,John Tierney Classic,2024-01-20,SP,10.39,,
136,Badgers Midwest Invite,2024-01-13,300,,41.89,
136,Badgers Midwest Invite,2024-01-13,LJ,5.54,,
136,Badgers Midwest Invite,2024-01-13,SP,10.16,,
136,Illini Open,2024-01-06,600,,1:44.27,
136,Illini Open,2024-01-06,60H,,9.59,
136,Illini Open,2024-01-06,LJ,5.44,,
136,2023 Blue Demon Holiday Invite,2023-12-08,60H,,9.40,
136,2023 Blue Demon Holiday Invite,2023-12-08,LJ,5.52,,
136,Horizon League Championship,2023-05-05,4x400,,3:53.61,
136,Horizon League Championship,2023-05-05,LJ,5.66,,(+0.0)
136,Horizon League Championship,2023-05-05,JT,31.05,,
136,Horizon League Championship,2023-05-05,Hep,,4606,
136,Horizon League Championship,2023-05-05,100H,,15.63,(-0.3)
136,Horizon League Championship,2023-05-05,HJ,1.42,,
136,Horizon League Championship,2023-05-05,SP,10.86,,
136,Horizon League Championship,2023-05-05,200,,26.02,(1.5)
136,Horizon League Championship,2023-05-05,LJ,5.47,,(-1.8)
136,Horizon League Championship,2023-05-05,JT,32.91,,
136,Horizon League Championship,2023-05-05,800,,2:28.77,
136,UW-Whitewater Drake Alternative,2023-04-28,400,,58.71,
136,UW-Whitewater Drake Alternative,2023-04-28,100H,,15.28,(0.3)
136,UW-Whitewater Drake Alternative,2023-04-28,JT,32.74,,
136,Marquette Invitational,2023-04-22,SP,10.54,,
136,Gary Wieneke Memorial,2023-04-21,LJ,5.74,,(2.1)
136,Gary Wieneke Memorial,2023-04-21,JT,,,
136,Gibson Invitational & Multis,2023-04-13,Hep,,4622,
136,Gibson Invitational & Multis,2023-04-13,100H,,15.84,(1.8)
136,Gibson Invitational & Multis,2023-04-13,HJ,1.36,,
136,Gibson Invitational & Multis,2023-04-13,SP,11.05,,
136,Gibson Invitational & Multis,2023-04-13,200,,26.12,(0.9)
136,Gibson Invitational & Multis,2023-04-13,LJ,5.62,,(1.3)
136,Gibson Invitational & Multis,2023-04-13,JT,32.73,,
136,Gibson Invitational & Multis,2023-04-13,800,,2:24.02,
136,Fighting Illini Challenge,2023-04-08,200,,26.47,(-0.7)
136,Fighting Illini Challenge,2023-04-08,100H,,15.32,(2.0)
136,Fighting Illini Challenge,2023-04-08,LJ,5.31,,
136,Warrior Invitational,2023-04-06,SP,10.69,,
136,Warrior Invitational,2023-04-06,JT,28.97,,
136,2023 Horizon League Indoor Track & Field Championship,2023-02-25,4x400,,3:54.28,
136,2023 Horizon League Indoor Track & Field Championship,2023-02-25,LJ,5.34,,
136,2023 Horizon League Indoor Track & Field Championship,2023-02-25,Pent,,3330,
136,2023 Horizon League Indoor Track & Field Championship,2023-02-25,60H,,9.32,
136,2023 Horizon League Indoor Track & Field Championship,2023-02-25,HJ,1.38,,
136,2023 Horizon League Indoor Track & Field Championship,2023-02-25,SP,10.64,,
136,2023 Horizon League Indoor Track & Field Championship,2023-02-25,LJ,5.4,,
136,2023 Horizon League Indoor Track & Field Championship,2023-02-25,800,,2:25.27,
136,Panther Tune-Up,2023-02-18,60H,,9.66,
136,Panther Tune-Up,2023-02-18,HJ,1.4,,
136,Panther Tune-Up,2023-02-18,SP,10.71,,
136,GVSU Big Meet (Friday),2023-02-10,400,,58.96,
136,GVSU Big Meet (Friday),2023-02-10,LJ,5.24,,
136,Mark Guthrie Legacy Invitational,2023-02-04,60H,,9.76,
136,Mark Guthrie Legacy Invitational,2023-02-04,LJ,5.63,,
136,Jack Johnson Classic,2023-01-27,Pent,,3229,
136,Jack Johnson Classic,2023-01-27,60H,,10.82,
136,Jack Johnson Classic,2023-01-27,HJ,1.48,,
136,Jack Johnson Classic,2023-01-27,SP,11.72,,
136,Jack Johnson Classic,2023-01-27,LJ,5.47,,
136,Jack Johnson Classic,2023-01-27,800,,2:27.09,
136,John Tierney Classic,2023-01-21,200,,26.76,
136,John Tierney Classic,2023-01-21,60H,,9.96,
136,John Tierney Classic,2023-01-21,HJ,1.42,,
136,John Tierney Classic,2023-01-21,SP,11.01,,
136,Wisconsin Badgers Midwest Invite,2023-01-14,300,,41.96,
136,Wisconsin Badgers Midwest Invite,2023-01-14,LJ,5.51,,
136,2022 Blue Demon Holiday Invite,2022-12-09,400,,59.44,
136,2022 Blue Demon Holiday Invite,2022-12-09,HJ,1.45,,
136,Horizon League Outdoor Track & Field Championships,2022-05-06,4x400,,3:58.79,
136,Horizon League Outdoor Track & Field Championships,2022-05-06,LJ,5.35,,(+0.0)
136,Horizon League Outdoor Track & Field Championships,2022-05-06,Hep,,4409,
136,Horizon League Outdoor Track & Field Championships,2022-05-06,100H,,15.91,(0.1)
136,Horizon League Outdoor Track & Field Championships,2022-05-06,HJ,1.36,,
136,Horizon League Outdoor Track & Field Championships,2022-05-06,SP,11.07,,
136,Horizon League Outdoor Track & Field Championships,2022-05-06,200,,26.35,(-0.2)
136,Horizon League Outdoor Track & Field Championships,2022-05-06,LJ,5.42,,
136,Horizon League Outdoor Track & Field Championships,2022-05-06,JT,26.63,,
136,Horizon League Outdoor Track & Field Championships,2022-05-06,800,,2:24.98,
136,Valparaiso Beacan Invite,2022-04-30,200,,26.30,(1.5)
136,Valparaiso Beacan Invite,2022-04-30,HJ,1.4,,
136,Valparaiso Beacan Invite,2022-04-30,JT,25.77,,
136,Illini Invitational,2022-04-22,100H,,15.79,(6.5)
136,Illini Invitational,2022-04-22,LJ,5.61,,(5.3)
136,2022 Warrior Invitational,2022-04-14,JT,26.94,,
136,44 Farms Team Invitational,2022-04-08,Hep,,4288,
136,44 Farms Team Invitational,2022-04-08,100H,,16.30,(5.7)
136,44 Farms Team Invitational,2022-04-08,HJ,1.48,,
136,44 Farms Team Invitational,2022-04-08,SP,10.42,,
136,44 Farms Team Invitational,2022-04-08,200,,26.25,(4.5)
136,44 Farms Team Invitational,2022-04-08,LJ,5.23,,(0.5)
136,44 Farms Team Invitational,2022-04-08,JT,24.08,,
136,44 Farms Team Invitational,2022-04-08,800,,2:30.13,
136,Redbird Invite,2022-04-01,100H,,17.48,(2.2)
136,Redbird Invite,2022-04-01,LJ,5.24,,
136,Redbird Invite,2022-04-01,JT,22.83,,
136,Horizon League Indoor Track & Field Championships,2022-02-26,LJ,5.36,,
136,Horizon League Indoor Track & Field Championships,2022-02-26,Pent,,3234,
136,Horizon League Indoor Track & Field Championships,2022-02-26,60H,,9.86,
136,Horizon League Indoor Track & Field Championships,2022-02-26,HJ,1.47,,
136,Horizon League Indoor Track & Field Championships,2022-02-26,SP,10.7,,
136,Horizon League Indoor Track & Field Championships,2022-02-26,LJ,5.21,,
136,Horizon League Indoor Track & Field Championships,2022-02-26,800,,2:28.14,
136,St. Valentines Open,2022-02-18,LJ,5.46,,
136,2022 Hoosier Hills,2022-02-11,400,,1:00.67,
136,2022 Hoosier Hills,2022-02-11,LJ,5.19,,
136,Red Hawk Invite,2022-02-05,400,,1:01.83,
136,Red Hawk Invite,2022-02-05,60H,,10.05,
136,Red Hawk Invite,2022-02-05,HJ,1.36,,
136,John Tierney Classic,2022-01-29,60H,,9.99,
136,John Tierney Classic,2022-01-29,LJ,5.55,,
136,John Tierney Classic,2022-01-29,SP,10.7,,
136,John Gartland Invitational,2022-01-21,Pent,,3087,
136,John Gartland Invitational,2022-01-21,60H,,10.05,
136,John Gartland Invitational,2022-01-21,HJ,1.41,,
136,John Gartland Invitational,2022-01-21,SP,11.14,,
136,John Gartland Invitational,2022-01-21,LJ,5.28,,
136,John Gartland Invitational,2022-01-21,800,,2:35.95,
136,Hawkeye Invite,2022-01-14,200,,27.41,
136,Hawkeye Invite,2022-01-14,LJ,5.11,,
136,2021 Green & White Invite,2021-04-24,200,,26.96,(1.5)
136,2021 Green & White Invite,2021-04-24,LJ,5.24,,(-0.7)
136,2021 Green & White Invite,2021-04-24,SP,8.39,,
136,2021 Warrior Invitational,2021-04-17,200,,27.27,(2.7)
136,2021 Warrior Invitational,2021-04-17,LJ,5.22,,(+0.0)
136,2021 Warrior Invitational,2021-04-17,SP,8.91,,
136,Horizon League Indoor Track & Field Championships,2021-02-26,LJ,5.13,,
136,Horizon League Indoor Track & Field Championships,2021-02-26,TJ,10.04,,
136,Horizon League Indoor Track & Field Championships,2021-02-26,Pent,,2772,
136,Horizon League Indoor Track & Field Championships,2021-02-26,60H,,10.16,
136,Horizon League Indoor Track & Field Championships,2021-02-26,HJ,1.36,,
136,Horizon League Indoor Track & Field Championships,2021-02-26,SP,8.89,,
136,Horizon League Indoor Track & Field Championships,2021-02-26,LJ,5.12,,
136,Horizon League Indoor Track & Field Championships,2021-02-26,800,,2:40.20,
136,John Tierney Classic,2021-01-23,60H,,10.05,
136,John Tierney Classic,2021-01-23,HJ,1.38,,
136,John Tierney Classic,2021-01-23,LJ,5.32,,
136,John Tierney Classic,2021-01-23,SP,9.17,,
136,The Panther Invite,2021-01-09,200,,27.68,
136,The Panther Invite,2021-01-09,60H,,10.05,
136,The Panther Invite,2021-01-09,60H,,9.85,
136,The Panther Invite,2021-01-09,TJ,10.89,,
142,NCAA West First Round,2024-05-22,SP,13.48,,
142,2024 Horizon League Outdoor Track & Field Championship,2024-05-03,SP,15.33,,
142,2024 Horizon League Outdoor Track & Field Championship,2024-05-03,DT,40.58,,
142,UW-Whitewater Drake Alternative,2024-04-25,DT,37.97,,
142,UW-Whitewater Drake Alternative,2024-04-25,HT,41.07,,
142,Gibson Invitational,2024-04-18,SP,13.79,,
142,Gibson Invitational,2024-04-18,DT,37.24,,
142,Gary Wieneke Memorial,2024-04-13,SP,14.38,,
142,Golden Grizzly T&F Invite,2024-04-06,SP,13.96,,
142,Golden Grizzly T&F Invite,2024-04-06,DT,37.82,,
142,Raleigh Relays,2024-03-28,SP,13.32,,
142,Raleigh Relays,2024-03-28,DT,33.93,,
142,Horizon League Indoor Track & Field Championship,2024-02-24,SP,14.74,,
142,Horizon League Indoor Track & Field Championship,2024-02-24,WT,14.96,,
142,PANTHER TUNE-UP,2024-02-17,SP,13.84,,
142,PANTHER TUNE-UP,2024-02-17,WT,15.02,,
142,Mark Guthrie Legacy Invite,2024-02-03,SP,14.28,,
142,Mark Guthrie Legacy Invite,2024-02-03,WT,13.19,,
142,Illini Challenge,2024-01-26,SP,13.76,,
142,John Tierney Classic,2024-01-20,SP,14.7,,
142,John Tierney Classic,2024-01-20,WT,15.3,,
142,Badgers Midwest Invite,2024-01-13,SP,14.14,,
142,Badgers Midwest Invite,2024-01-13,WT,13.99,,
142,Illini Open,2024-01-06,SP,14.07,,
142,Illini Open,2024-01-06,WT,15.41,,
142,Horizon League Championship,2023-05-05,SP,14.49,,
142,Horizon League Championship,2023-05-05,DT,38.41,,
142,Horizon League Championship,2023-05-05,HT,42.76,,
142,UW-Whitewater Drake Alternative,2023-04-28,SP,13.82,,
142,UW-Whitewater Drake Alternative,2023-04-28,DT,37.48,,
142,UW-Whitewater Drake Alternative,2023-04-28,HT,40.71,,
142,Gary Wieneke Memorial,2023-04-21,SP,14.24,,
142,Gary Wieneke Memorial,2023-04-21,DT,32.44,,
142,Gibson Invitational & Multis,2023-04-13,SP,14.36,,
142,Gibson Invitational & Multis,2023-04-13,DT,40.45,,
142,Fighting Illini Challenge,2023-04-08,SP,14.53,,
142,Fighting Illini Challenge,2023-04-08,DT,33.83,,
142,Warrior Invitational,2023-04-06,DT,35.85,,
142,Warrior Invitational,2023-04-06,HT,39.87,,
142,2023 Horizon League Indoor Track & Field Championship,2023-02-25,SP,14.12,,
142,2023 Horizon League Indoor Track & Field Championship,2023-02-25,WT,14.81,,
142,Panther Tune-Up,2023-02-18,SP,13.95,,
142,Panther Tune-Up,2023-02-18,WT,14.66,,
142,Mark Guthrie Legacy Invitational,2023-02-04,SP,14.24,,
142,Mark Guthrie Legacy Invitational,2023-02-04,WT,,,
142,Jack Johnson Classic,2023-01-27,SP,13.32,,
142,Jack Johnson Classic,2023-01-27,WT,15.0,,
142,John Tierney Classic,2023-01-21,SP,14.05,,
142,John Tierney Classic,2023-01-21,WT,14.32,,
142,Wisconsin Badgers Midwest Invite,2023-01-14,SP,13.65,,
142,Wisconsin Badgers Midwest Invite,2023-01-14,WT,14.62,,
142,Horizon League Outdoor Track & Field Championships,2022-05-06,SP,14.67,,
142,Horizon League Outdoor Track & Field Championships,2022-05-06,DT,38.7,,
142,Horizon League Outdoor Track & Field Championships,2022-05-06,HT,42.85,,
142,Valparaiso Beacan Invite,2022-04-30,SP,14.12,,
142,Valparaiso Beacan Invite,2022-04-30,DT,38.85,,
142,Valparaiso Beacan Invite,2022-04-30,HT,42.26,,
142,Illini Invitational,2022-04-22,SP,13.3,,
142,Illini Invitational,2022-04-22,DT,37.93,,
142,Illini Invitational,2022-04-22,HT,41.0,,
142,2022 Warrior Invitational,2022-04-14,SP,14.26,,
142,2022 Warrior Invitational,2022-04-14,DT,36.17,,
142,2022 Warrior Invitational,2022-04-14,HT,39.05,,
142,44 Farms Team Invitational,2022-04-08,SP,14.07,,
142,44 Farms Team Invitational,2022-04-08,DT,35.13,,
142,44 Farms Team Invitational,2022-04-08,HT,42.82,,
142,Redbird Invite,2022-04-01,SP,12.94,,
142,Redbird Invite,2022-04-01,HT,38.32,,
142,Horizon League Indoor Track & Field Championships,2022-02-26,SP,13.67,,
142,Horizon League Indoor Track & Field Championships,2022-02-26,WT,14.57,,
142,St. Valentines Open,2022-02-18,SP,13.05,,
142,St. Valentines Open,2022-02-18,WT,13.36,,
142,2022 Hoosier Hills,2022-02-11,SP,13.53,,
142,Red Hawk Invite,2022-02-05,SP,13.38,,
142,Red Hawk Invite,2022-02-05,WT,15.13,,
142,John Tierney Classic,2022-01-29,SP,12.73,,
142,John Tierney Classic,2022-01-29,WT,15.03,,
142,Hawkeye Invite,2022-01-14,SP,12.67,,
142,Hawkeye Invite,2022-01-14,WT,14.17,,
142,Horizon League Outdoor Track & Field Championships,2021-05-07,SP,13.08,,
142,Horizon League Outdoor Track & Field Championships,2021-05-07,DT,30.14,,
142,Horizon League Outdoor Track & Field Championships,2021-05-07,HT,36.35,,
142,Valpo Invitational,2021-05-01,SP,12.19,,
142,Valpo Invitational,2021-05-01,DT,35.92,,
142,Valpo Invitational,2021-05-01,HT,40.07,,
142,2021 Green & White Invite,2021-04-24,SP,12.42,,
142,2021 Green & White Invite,2021-04-24,DT,35.39,,
142,2021 Green & White Invite,2021-04-24,HT,36.94,,
142,2021 Warrior Invitational,2021-04-17,SP,11.54,,
142,2021 Warrior Invitational,2021-04-17,DT,33.38,,
142,2021 Warrior Invitational,2021-04-17,HT,42.63,,
142,Big Blue Classic,2021-04-09,SP,10.66,,
142,Big Blue Classic,2021-04-09,HT,,,
142,Horizon League Indoor Track & Field Championships,2021-02-26,SP,11.05,,
142,Horizon League Indoor Track & Field Championships,2021-02-26,WT,13.72,,
142,UW-Parkside Triangular,2021-02-19,SP,12.6,,
142,UW-Parkside Triangular,2021-02-19,WT,14.09,,
142,Panther Tune-Up,2021-02-14,SP,11.83,,
142,Panther Tune-Up,2021-02-14,WT,13.59,,
142,UW-Parkside Triangular,2021-02-05,SP,11.92,,
142,UW-Parkside Triangular,2021-02-05,WT,11.84,,
142,John Tierney Classic,2021-01-23,SP,11.49,,
142,John Tierney Classic,2021-01-23,WT,13.63,,
142,The Panther Invite,2021-01-09,SP,11.61,,
142,The Panther Invite,2021-01-09,WT,13.03,,
17,UW-Whitewater Drake Alternative,2023-04-28,100H,,14.99,(0.7)
17,UW-Whitewater Drake Alternative,2023-04-28,100H,,,(0.7)
17,Marquette Invitational,2023-04-22,400H,,1:09.12,
17,Gary Wieneke Memorial,2023-04-21,100H,,14.78,(-0.2)
17,Green & White Invite,2023-04-15,100H,,14.83,(2.8)
17,Green & White Invite,2023-04-15,400H,,1:07.75,
17,Fighting Illini Challenge,2023-04-08,200,,27.05,(-0.7)
17,Fighting Illini Challenge,2023-04-08,400H,,1:08.06,
17,2023 Horizon League Indoor Track & Field Championship,2023-02-25,60H,,9.14,
17,GVSU Big Meet (Friday),2023-02-10,60H,,9.05,
17,Mark Guthrie Legacy Invitational,2023-02-04,200,,27.00,
17,Mark Guthrie Legacy Invitational,2023-02-04,60H,,9.05,
17,Jack Johnson Classic,2023-01-27,60H,,,
17,Jack Johnson Classic,2023-01-27,60H,,9.42,
17,John Tierney Classic,2023-01-21,200,,26.87,
17,John Tierney Classic,2023-01-21,60H,,8.77,
17,John Tierney Classic,2023-01-21,60H,,8.76,
17,Wisconsin Badgers Midwest Invite,2023-01-14,60H,,8.83,
17,Wisconsin Badgers Midwest Invite,2023-01-14,60H,,8.94,
17,Wisconsin Badgers Midwest Invite,2023-01-14,4x400,,4:07.47,
17,2022 Blue Demon Holiday Invite,2022-12-09,60H,,8.92,
17,2022 Blue Demon Holiday Invite,2022-12-09,60H,,8.88,
17,Horizon League Outdoor Track & Field Championships,2022-05-06,100H,,15.89,(0.2)
17,Horizon League Outdoor Track & Field Championships,2022-05-06,100H,,14.68,(+0.0)
17,Horizon League Outdoor Track & Field Championships,2022-05-06,400H,,,
17,Horizon League Outdoor Track & Field Championships,2022-05-06,4x400,,3:58.79,
17,Illini Invitational,2022-04-22,400H,,1:05.91,
17,2022 Warrior Invitational,2022-04-14,100H,,14.70,(1.0)
17,2022 Warrior Invitational,2022-04-14,100H,,15.24,(2.1)
17,44 Farms Team Invitational,2022-04-08,100H,,14.88,(5.1)
17,44 Farms Team Invitational,2022-04-08,400H,,1:06.70,
17,Redbird Invite,2022-04-01,100H,,15.11,(2.2)
17,Redbird Invite,2022-04-01,400H,,1:10.76,
17,Horizon League Indoor Track & Field Championships,2022-02-26,60H,,8.87,
17,Horizon League Indoor Track & Field Championships,2022-02-26,60H,,8.76,
17,St. Valentines Open,2022-02-18,60H,,8.88,
17,St. Valentines Open,2022-02-18,60H,,8.95,
17,GVSU Big Meet-FRIDAY,2022-02-11,200,,26.47,
17,GVSU Big Meet-FRIDAY,2022-02-11,60H,,8.91,
17,Red Hawk Invite,2022-02-05,60H,,9.07,
17,Red Hawk Invite,2022-02-05,60H,,8.94,
17,Red Hawk Invite,2022-02-05,4x400,,4:11.96,
17,John Tierney Classic,2022-01-29,200,,26.65,
17,John Tierney Classic,2022-01-29,60H,,8.83,
17,John Tierney Classic,2022-01-29,60H,,9.50,
17,John Gartland Invitational,2022-01-21,200,,26.87,
17,John Gartland Invitational,2022-01-21,60H,,9.04,
17,John Gartland Invitational,2022-01-21,60H,,8.96,
17,Horizon League Outdoor Track & Field Championships,2021-05-07,100H,,15.26,(2.8)
17,Horizon League Outdoor Track & Field Championships,2021-05-07,400H,,1:07.40,
17,Valpo Invitational,2021-05-01,100H,,15.23,(2.0)
17,Valpo Invitational,2021-05-01,400H,,1:07.67,
17,Clark Wood Invitational,2021-04-23,100H,,15.13,(0.4)
17,Clark Wood Invitational,2021-04-23,400H,,1:08.55,
17,Gibson Invitational sponsored by the Terre Haute CVB,2021-04-16,100H,,15.44,(0.5)
17,Gibson Invitational sponsored by the Terre Haute CVB,2021-04-16,400H,,1:07.59,
17,Big Blue Classic,2021-04-09,100H,,15.69,(1.0)
17,Big Blue Classic,2021-04-09,400H,,1:13.39,
17,Big Blue Classic,2021-04-09,4x400,,4:18.67,
17,Illinois State Redbird Invitational,2021-04-02,100H,,15.08,(2.4)
17,Illinois State Redbird Invitational,2021-04-02,400H,,1:09.92,
17,Horizon League Indoor Track & Field Championships,2021-02-26,60H,,9.06,
17,UW-Parkside Triangular,2021-02-19,4x400,,4:16.24,
17,Panther Tune-Up,2021-02-14,200,,27.67,
17,Panther Tune-Up,2021-02-14,60H,,9.27,
17,UW-Parkside Triangular,2021-02-05,55H,,8.66,
17,UW-Parkside Triangular,2021-02-05,4x400,,4:18.43,
17,John Tierney Classic,2021-01-23,200,,27.95,
17,John Tierney Classic,2021-01-23,60H,,9.26,
17,The Panther Invite,2021-01-09,60H,,9.70,
17,The Panther Invite,2021-01-09,60H,,9.40,
17,The Panther Invite,2021-01-09,4x400,,,
17,Horizon League Indoor Track & Field Championships,2020-02-29,60H,,9.66,
17,Panther Tune-Up,2020-02-22,400,,1:05.87,
17,Panther Tune-Up,2020-02-22,60H,,9.42,
17,GVSU Big Meet (Saturday),2020-02-15,60H,,9.74,
17,2020 ONU Invitational,2020-02-01,200,,29.20,
17,2020 ONU Invitational,2020-02-01,60H,,9.68,
17,2020 ONU Invitational,2020-02-01,60H,,9.40,
17,Illini Invitational,2020-01-24,60H,,9.61,
17,John Tierney Classic,2020-01-18,60H,,9.47,
17,John Tierney Classic,2020-01-18,4x400,,4:11.79,
17,Gene Edmonds Memorial,2020-01-10,60H,,9.74,
17,Gene Edmonds Memorial,2020-01-10,4x400,,4:08.37,
17,Horizon League Outdoor Track & Field Championships,2019-05-03,400H,,1:08.92,
17,2019 Lenny Lyles-Clark Wood Invitational,2019-04-26,100H,,16.84,(1.6)
17,2019 Lenny Lyles-Clark Wood Invitational,2019-04-26,400H,,1:10.56,
17,Kentucky Track & Field Invitational,2019-04-20,100H,,15.59,(0.9)
17,Kentucky Track & Field Invitational,2019-04-20,400H,,1:06.32,
17,Kentucky Track & Field Invitational,2019-04-20,4x400,,4:08.32,
17,Illinois Twilight,2019-04-13,100H,,15.48,(1.3)
17,Illinois Twilight,2019-04-13,400H,,1:10.07,
17,Jack Shaw Classic,2019-04-05,100H,,15.75,(0.8)
17,Jack Shaw Classic,2019-04-05,400H,,1:07.71,
17,2019 Drury Hotels Joey Haines Invite,2019-03-29,100H,,15.68,(2.1)
17,Horizon League Indoor Track & Field Championships,2019-02-23,60H,,9.67,
17,Panther TuneUp,2019-02-16,60H,,9.37,
17,GVSU Big Meet (Saturday),2019-02-09,400,,1:04.66,
17,GVSU Big Meet (Saturday),2019-02-09,60H,,9.75,
17,2019 Illini Invitational,2019-01-25,60H,,9.76,
17,John Tierney Classic,2019-01-19,60H,,9.58,
17,John Tierney Classic,2019-01-19,4x400,,4:10.81,
17,Badger Icebreaker,2019-01-12,60H,,9.73,
17,Badger Icebreaker,2019-01-12,4x400,,4:08.09,
49,NCAA West Preliminary Round,2023-05-24,HJ,1.67,,
49,Eagle Open,2023-05-12,HJ,1.75,,
49,Horizon League Championship,2023-05-05,HJ,1.68,,
49,Clark Wood Open 2023,2023-04-28,HJ,1.7,,
49,Gibson Invitational & Multis,2023-04-13,HJ,1.74,,
49,Fighting Illini Challenge,2023-04-08,HJ,1.75,,
49,2023 Horizon League Indoor Track & Field Championship,2023-02-25,HJ,1.65,,
49,Panther Tune-Up,2023-02-18,HJ,1.7,,
49,GVSU Big Meet (Friday),2023-02-10,HJ,1.63,,
49,Jack Johnson Classic,2023-01-27,HJ,1.62,,
49,John Tierney Classic,2023-01-21,HJ,1.67,,
49,Wisconsin Badgers Midwest Invite,2023-01-14,HJ,1.71,,
49,2022 Blue Demon Holiday Invite,2022-12-09,HJ,1.68,,
49,Horizon League Outdoor Track & Field Championships,2022-05-06,HJ,1.68,,
49,Valparaiso Beacan Invite,2022-04-30,HJ,1.6,,
49,Illini Invitational,2022-04-22,HJ,1.65,,
49,44 Farms Team Invitational,2022-04-08,HJ,1.66,,
49,Redbird Invite,2022-04-01,HJ,1.7,,
49,Horizon League Indoor Track & Field Championships,2022-02-26,HJ,1.68,,
49,St. Valentines Open,2022-02-18,HJ,1.64,,
49,2022 Hoosier Hills,2022-02-11,HJ,1.71,,
49,Red Hawk Invite,2022-02-05,HJ,1.66,,
49,John Tierney Classic,2022-01-29,HJ,1.71,,
49,John Gartland Invitational,2022-01-21,HJ,1.65,,
49,NCAA Division I West Preliminary Round,2021-05-26,HJ,,,
49,John Kruchoski Open,2021-05-15,HJ,1.75,,
49,Horizon League Outdoor Track & Field Championships,2021-05-07,HJ,1.62,,
49,Valpo Invitational,2021-05-01,HJ,1.55,,
49,Clark Wood Invitational,2021-04-23,HJ,1.61,,
49,Gibson Invitational sponsored by the Terre Haute CVB,2021-04-16,HJ,1.6,,
49,Big Blue Classic,2021-04-09,HJ,1.7,,
49,Illinois State Redbird Invitational,2021-04-02,HJ,1.62,,
49,Horizon League Indoor Track & Field Championships,2021-02-26,HJ,1.74,,
49,UW-Parkside Triangular,2021-02-19,HJ,1.65,,
49,Panther Tune-Up,2021-02-14,HJ,1.68,,
49,UW-Parkside Triangular,2021-02-05,HJ,1.65,,
49,John Tierney Classic,2021-01-23,HJ,1.68,,
49,The Panther Invite,2021-01-09,HJ,1.67,,
49,Horizon League Indoor Track & Field Championships,2020-02-29,HJ,1.7,,
49,Panther Tune-Up,2020-02-22,HJ,1.65,,
49,GVSU Big Meet (Saturday),2020-02-15,HJ,1.64,,
49,2020 Meyo Invitational,2020-02-07,HJ,1.64,,
49,2020 ONU Invitational,2020-02-01,HJ,1.6,,
49,Illini Invitational,2020-01-24,HJ,1.68,,
49,John Tierney Classic,2020-01-18,HJ,1.72,,
49,Gene Edmonds Memorial,2020-01-10,HJ,1.56,,
49,Eagle Open at UW-La Crosse,2019-05-10,HJ,1.71,,
49,Horizon League Outdoor Track & Field Championships,2019-05-03,HJ,1.6,,
49,2019 Lenny Lyles-Clark Wood Invitational,2019-04-26,HJ,1.66,,
49,Kentucky Track & Field Invitational,2019-04-20,HJ,1.6,,
49,Illinois Twilight,2019-04-13,HJ,1.65,,
49,Jack Shaw Classic,2019-04-05,HJ,1.67,,
49,2019 Drury Hotels Joey Haines Invite,2019-03-29,HJ,1.6,,
49,Horizon League Indoor Track & Field Championships,2019-02-23,HJ,1.56,,
49,Panther TuneUp,2019-02-16,HJ,1.68,,
49,GVSU Big Meet (Saturday),2019-02-09,HJ,1.64,,
49,2019 Meyo Invitational,2019-02-01,HJ,1.7,,
49,2019 Illini Invitational,2019-01-25,HJ,1.6,,
49,John Tierney Classic,2019-01-19,HJ,1.67,,
49,Badger Icebreaker,2019-01-12,HJ,1.68,,
57,UW-Whitewater Drake Alternative,2023-04-28,200,,27.34,(0.6)
57,UW-Whitewater Drake Alternative,2023-04-28,400,,1:02.54,
57,Marquette Invitational,2023-04-22,400,,1:02.93,
57,Fighting Illini Challenge,2023-04-08,400,,1:03.53,
57,Fighting Illini Challenge,2023-04-08,4x400,,4:03.58,
57,Panther Tune-Up,2023-02-18,400,,1:01.50,
57,GVSU Big Meet (Friday),2023-02-10,400,,1:01.30,
57,GVSU Big Meet (Friday),2023-02-10,4x400,,3:57.79,
57,Mark Guthrie Legacy Invitational,2023-02-04,400,,1:02.37,
57,Mark Guthrie Legacy Invitational,2023-02-04,4x400,,4:02.38,
57,John Tierney Classic,2023-01-21,400,,1:02.06,
57,Wisconsin Badgers Midwest Invite,2023-01-14,600,,1:40.72,
57,Wisconsin Badgers Midwest Invite,2023-01-14,4x400,,3:59.25,
57,2022 Blue Demon Holiday Invite,2022-12-09,400,,1:00.32,
57,2022 Blue Demon Holiday Invite,2022-12-09,4x400,,3:58.16,
57,Horizon League Outdoor Track & Field Championships,2022-05-06,400,,1:01.61,
57,Horizon League Outdoor Track & Field Championships,2022-05-06,4x400,,3:58.79,
57,Valparaiso Beacan Invite,2022-04-30,400,,1:00.33,
57,Marquette Invitational,2022-04-10,400,,1:01.78,
57,Redbird Invite,2022-04-01,400,,1:01.71,
57,Horizon League Indoor Track & Field Championships,2022-02-26,400,,59.70,
57,Horizon League Indoor Track & Field Championships,2022-02-26,4x400,,,
57,GVSU Big Meet-FRIDAY,2022-02-11,200,,26.81,
57,GVSU Big Meet-FRIDAY,2022-02-11,400,,1:00.87,
57,Red Hawk Invite,2022-02-05,200,,26.90,
57,Red Hawk Invite,2022-02-05,400,,1:00.22,
57,John Tierney Classic,2022-01-29,400,,1:00.90,
57,John Tierney Classic,2022-01-29,4x400,,3:58.17,
57,John Gartland Invitational,2022-01-21,400,,1:00.77,
57,Hawkeye Invite,2022-01-14,200,,27.06,
57,Hawkeye Invite,2022-01-14,400,,1:01.01,
57,Valpo Invitational,2021-05-01,400,,1:00.97,
57,2021 Green & White Invite,2021-04-24,200,,26.89,(1.5)
57,2021 Green & White Invite,2021-04-24,400,,1:02.32,
57,Gibson Invitational sponsored by the Terre Haute CVB,2021-04-16,400,,1:01.80,
57,Gibson Invitational sponsored by the Terre Haute CVB,2021-04-16,4x400,,4:09.93,
57,Big Blue Classic,2021-04-09,400,,1:02.94,
57,Big Blue Classic,2021-04-09,4x400,,3:58.92,
57,Horizon League Indoor Track & Field Championships,2021-02-26,400,,1:01.30,
57,Horizon League Indoor Track & Field Championships,2021-02-26,4x400,,3:59.75,
57,UW-Parkside Triangular,2021-02-19,200,,27.14,
57,Panther Tune-Up,2021-02-14,400,,1:01.88,
57,Panther Tune-Up,2021-02-14,4x400,,,
57,UW-Parkside Triangular,2021-02-05,400,,1:01.32,
57,UW-Parkside Triangular,2021-02-05,4x400,,4:10.65,
57,John Tierney Classic,2021-01-23,4x400,,4:11.65,
57,The Panther Invite,2021-01-09,4x400,,4:14.38,
68,Gibson Invitational & Multis,2023-04-13,400,,1:03.44,
68,GVSU Big Meet (Friday),2023-02-10,400,,1:00.58,
68,GVSU Big Meet (Friday),2023-02-10,4x400,,3:57.79,
68,Mark Guthrie Legacy Invitational,2023-02-04,400,,1:00.93,
68,Mark Guthrie Legacy Invitational,2023-02-04,4x400,,4:02.38,
68,John Tierney Classic,2023-01-21,400,,1:01.84,
68,Wisconsin Badgers Midwest Invite,2023-01-14,600,,,
68,Wisconsin Badgers Midwest Invite,2023-01-14,4x400,,3:59.25,
74,Horizon League Championship,2023-05-05,SP,14.01,,
74,Horizon League Championship,2023-05-05,DT,45.3,,
74,Horizon League Championship,2023-05-05,HT,49.51,,
74,UW-Whitewater Drake Alternative,2023-04-28,SP,13.33,,
74,UW-Whitewater Drake Alternative,2023-04-28,DT,45.53,,
74,UW-Whitewater Drake Alternative,2023-04-28,HT,46.13,,
74,Gary Wieneke Memorial,2023-04-21,SP,13.62,,
74,Gary Wieneke Memorial,2023-04-21,DT,44.36,,
74,Gary Wieneke Memorial,2023-04-21,HT,48.96,,
74,Gibson Invitational & Multis,2023-04-13,SP,12.78,,
74,Gibson Invitational & Multis,2023-04-13,DT,42.56,,
74,Gibson Invitational & Multis,2023-04-13,HT,47.74,,
74,Fighting Illini Challenge,2023-04-08,SP,12.94,,
74,Fighting Illini Challenge,2023-04-08,DT,43.6,,
74,Warrior Invitational,2023-04-06,HT,45.54,,
74,2023 Horizon League Indoor Track & Field Championship,2023-02-25,SP,14.21,,
74,2023 Horizon League Indoor Track & Field Championship,2023-02-25,WT,16.96,,
74,Panther Tune-Up,2023-02-18,SP,13.79,,
74,Panther Tune-Up,2023-02-18,WT,16.75,,
74,Mark Guthrie Legacy Invitational,2023-02-04,SP,13.53,,
74,Mark Guthrie Legacy Invitational,2023-02-04,WT,15.97,,
74,Jack Johnson Classic,2023-01-27,SP,13.3,,
74,Jack Johnson Classic,2023-01-27,WT,16.3,,
74,John Tierney Classic,2023-01-21,SP,12.8,,
74,John Tierney Classic,2023-01-21,WT,15.69,,
74,Wisconsin Badgers Midwest Invite,2023-01-14,SP,13.61,,
74,Wisconsin Badgers Midwest Invite,2023-01-14,WT,15.5,,
74,2022 Blue Demon Holiday Invite,2022-12-09,SP,12.69,,
74,2022 Blue Demon Holiday Invite,2022-12-09,WT,16.65,,
74,Horizon League Outdoor Track & Field Championships,2022-05-06,SP,14.18,,
74,Horizon League Outdoor Track & Field Championships,2022-05-06,DT,43.52,,
74,Horizon League Outdoor Track & Field Championships,2022-05-06,HT,50.82,,
74,Valparaiso Beacan Invite,2022-04-30,SP,14.85,,
74,Valparaiso Beacan Invite,2022-04-30,DT,43.93,,
74,Valparaiso Beacan Invite,2022-04-30,HT,48.62,,
74,Illini Invitational,2022-04-22,SP,14.36,,
74,Illini Invitational,2022-04-22,DT,44.26,,
74,Illini Invitational,2022-04-22,HT,45.73,,
74,2022 Warrior Invitational,2022-04-14,DT,42.66,,
74,2022 Warrior Invitational,2022-04-14,HT,40.79,,
74,44 Farms Team Invitational,2022-04-08,SP,14.6,,
74,44 Farms Team Invitational,2022-04-08,DT,42.4,,
74,44 Farms Team Invitational,2022-04-08,HT,43.91,,
74,Redbird Invite,2022-04-01,SP,14.0,,
74,Redbird Invite,2022-04-01,DT,37.56,,
74,Redbird Invite,2022-04-01,HT,41.11,,
74,Horizon League Indoor Track & Field Championships,2022-02-26,SP,14.27,,
74,Horizon League Indoor Track & Field Championships,2022-02-26,WT,16.97,,
74,St. Valentines Open,2022-02-18,SP,14.67,,
74,St. Valentines Open,2022-02-18,WT,16.84,,
74,2022 Hoosier Hills,2022-02-11,SP,13.62,,
74,2022 Hoosier Hills,2022-02-11,WT,16.28,,
74,Red Hawk Invite,2022-02-05,SP,13.72,,
74,John Tierney Classic,2022-01-29,SP,13.63,,
74,John Tierney Classic,2022-01-29,WT,16.8,,
74,John Gartland Invitational,2022-01-21,SP,13.69,,
74,John Gartland Invitational,2022-01-21,WT,16.54,,
74,Hawkeye Invite,2022-01-14,SP,13.48,,
74,Hawkeye Invite,2022-01-14,WT,16.65,,
74,Horizon League Outdoor Track & Field Championships,2021-05-07,SP,14.01,,
74,Horizon League Outdoor Track & Field Championships,2021-05-07,DT,43.8,,
74,Horizon League Outdoor Track & Field Championships,2021-05-07,HT,45.28,,
74,Valpo Invitational,2021-05-01,SP,13.82,,
74,Valpo Invitational,2021-05-01,DT,41.93,,
74,Valpo Invitational,2021-05-01,HT,,,
74,2021 Green & White Invite,2021-04-24,SP,13.81,,
74,2021 Green & White Invite,2021-04-24,DT,42.88,,
74,2021 Green & White Invite,2021-04-24,HT,47.88,,
74,Gibson Invitational sponsored by the Terre Haute CVB,2021-04-16,SP,12.95,,
74,Gibson Invitational sponsored by the Terre Haute CVB,2021-04-16,DT,41.19,,
74,Gibson Invitational sponsored by the Terre Haute CVB,2021-04-16,HT,45.58,,
74,Big Blue Classic,2021-04-09,SP,12.62,,
74,Big Blue Classic,2021-04-09,HT,46.48,,
74,Illinois State Redbird Invitational,2021-04-02,SP,,,
74,Illinois State Redbird Invitational,2021-04-02,DT,42.79,,
74,Illinois State Redbird Invitational,2021-04-02,HT,48.21,,
74,Horizon League Indoor Track & Field Championships,2021-02-26,SP,14.06,,
74,Horizon League Indoor Track & Field Championships,2021-02-26,WT,16.6,,
74,Panther Tune-Up,2021-02-14,SP,13.46,,
74,Panther Tune-Up,2021-02-14,WT,17.06,,
74,UW-Parkside Triangular,2021-02-05,SP,13.05,,
74,UW-Parkside Triangular,2021-02-05,WT,16.4,,
74,John Tierney Classic,2021-01-23,SP,12.6,,
74,John Tierney Classic,2021-01-23,WT,16.36,,
74,The Panther Invite,2021-01-09,SP,12.17,,
74,The Panther Invite,2021-01-09,WT,14.99,,
74,Horizon League Indoor Track & Field Championships,2020-02-29,SP,13.69,,
74,Horizon League Indoor Track & Field Championships,2020-02-29,WT,15.67,,
74,Panther Tune-Up,2020-02-22,SP,12.99,,
74,Panther Tune-Up,2020-02-22,WT,15.09,,
74,GVSU Big Meet (Saturday),2020-02-15,SP,,,
74,GVSU Big Meet (Saturday),2020-02-15,WT,14.98,,
74,Illini Invitational,2020-01-24,SP,11.77,,
74,Illini Invitational,2020-01-24,WT,15.18,,
74,John Tierney Classic,2020-01-18,SP,12.45,,
74,John Tierney Classic,2020-01-18,WT,15.99,,
74,Gene Edmonds Memorial,2020-01-10,SP,11.85,,
74,Gene Edmonds Memorial,2020-01-10,WT,15.88,,
74,Horizon League Outdoor Track & Field Championships,2019-05-03,SP,12.71,,
74,Horizon League Outdoor Track & Field Championships,2019-05-03,DT,40.25,,
74,Horizon League Outdoor Track & Field Championships,2019-05-03,HT,31.18,,
74,2019 Lenny Lyles-Clark Wood Invitational,2019-04-26,SP,11.46,,
74,2019 Lenny Lyles-Clark Wood Invitational,2019-04-26,DT,42.27,,
74,Marquette Mid-Week Challenge,2019-04-24,SP,11.65,,
74,Marquette Mid-Week Challenge,2019-04-24,DT,41.06,,
74,Marquette Mid-Week Challenge,2019-04-24,HT,38.0,,
74,Kentucky Track & Field Invitational,2019-04-20,SP,,,
74,Kentucky Track & Field Invitational,2019-04-20,DT,37.34,,
74,Illinois Twilight,2019-04-13,SP,12.19,,
74,Illinois Twilight,2019-04-13,DT,40.77,,
74,Jack Shaw Classic,2019-04-05,SP,11.37,,
74,Jack Shaw Classic,2019-04-05,DT,42.0,,
74,Jack Shaw Classic,2019-04-05,HT,33.73,,
74,2019 Drury Hotels Joey Haines Invite,2019-03-29,SP,10.38,,
74,2019 Drury Hotels Joey Haines Invite,2019-03-29,DT,35.79,,
74,2019 Drury Hotels Joey Haines Invite,2019-03-29,HT,,,
74,Horizon League Indoor Track & Field Championships,2019-02-23,SP,11.18,,
74,Horizon League Indoor Track & Field Championships,2019-02-23,WT,14.34,,
74,Panther TuneUp,2019-02-16,SP,11.23,,
74,Panther TuneUp,2019-02-16,WT,15.57,,
74,GVSU Big Meet (Saturday),2019-02-09,SP,11.12,,
74,GVSU Big Meet (Saturday),2019-02-09,WT,14.23,,
74,2019 Illini Invitational,2019-01-25,WT,13.06,,
74,John Tierney Classic,2019-01-19,SP,10.81,,
74,John Tierney Classic,2019-01-19,WT,13.94,,
74,Badger Icebreaker,2019-01-12,SP,11.12,,
74,Badger Icebreaker,2019-01-12,DT,37.71,,
74,Badger Icebreaker,2019-01-12,WT,14.32,,
109,Horizon League Championship,2023-05-05,JT,33.64,,
109,Horizon League Championship,2023-05-05,Hep,,4146,
109,Horizon League Championship,2023-05-05,100H,,15.41,(-0.3)
109,Horizon League Championship,2023-05-05,HJ,1.36,,
109,Horizon League Championship,2023-05-05,SP,9.19,,
109,Horizon League Championship,2023-05-05,200,,27.18,(-0.9)
109,Horizon League Championship,2023-05-05,LJ,4.74,,(+0.0)
109,Horizon League Championship,2023-05-05,JT,34.06,,
109,Horizon League Championship,2023-05-05,800,,2:31.81,
109,UW-Whitewater Drake Alternative,2023-04-28,100H,,15.76,(0.7)
109,UW-Whitewater Drake Alternative,2023-04-28,100H,,15.54,(0.7)
109,UW-Whitewater Drake Alternative,2023-04-28,JT,31.52,,
109,Marquette Invitational,2023-04-22,200,,27.81,(-0.4)
109,Marquette Invitational,2023-04-22,SP,9.35,,
109,Gary Wieneke Memorial,2023-04-21,100H,,15.31,(-0.2)
109,Gary Wieneke Memorial,2023-04-21,LJ,5.14,,(3.3)
109,Gary Wieneke Memorial,2023-04-21,JT,32.06,,
109,Gibson Invitational & Multis,2023-04-13,Hep,,4067,
109,Gibson Invitational & Multis,2023-04-13,100H,,15.51,(1.8)
109,Gibson Invitational & Multis,2023-04-13,HJ,1.39,,
109,Gibson Invitational & Multis,2023-04-13,SP,8.8,,
109,Gibson Invitational & Multis,2023-04-13,200,,27.33,(1.3)
109,Gibson Invitational & Multis,2023-04-13,LJ,4.97,,(1.0)
109,Gibson Invitational & Multis,2023-04-13,JT,30.83,,
109,Gibson Invitational & Multis,2023-04-13,800,,2:36.76,
109,Fighting Illini Challenge,2023-04-08,200,,27.71,(-0.3)
109,Fighting Illini Challenge,2023-04-08,100H,,15.35,(2.0)
109,Fighting Illini Challenge,2023-04-08,LJ,4.88,,(3.3)
109,Fighting Illini Challenge,2023-04-08,JT,32.23,,
109,Warrior Invitational,2023-04-06,SP,8.67,,
109,Warrior Invitational,2023-04-06,JT,28.34,,
109,2023 Horizon League Indoor Track & Field Championship,2023-02-25,Pent,,2885,
109,2023 Horizon League Indoor Track & Field Championship,2023-02-25,60H,,9.51,
109,2023 Horizon League Indoor Track & Field Championship,2023-02-25,HJ,1.38,,
109,2023 Horizon League Indoor Track & Field Championship,2023-02-25,SP,9.4,,
109,2023 Horizon League Indoor Track & Field Championship,2023-02-25,LJ,4.8,,
109,2023 Horizon League Indoor Track & Field Championship,2023-02-25,800,,2:38.37,
109,Panther Tune-Up,2023-02-18,60H,,9.31,
109,Panther Tune-Up,2023-02-18,60H,,9.31,
109,Panther Tune-Up,2023-02-18,HJ,1.45,,
109,Panther Tune-Up,2023-02-18,SP,9.17,,
109,Dick Hendricks Invite,2023-02-11,60H,,9.37,
109,Dick Hendricks Invite,2023-02-11,60H,,9.38,
109,Dick Hendricks Invite,2023-02-11,LJ,5.05,,
109,Dick Hendricks Invite,2023-02-11,SP,8.77,,
109,Jack Johnson Classic,2023-01-27,Pent,,2873,
109,Jack Johnson Classic,2023-01-27,60H,,9.64,
109,Jack Johnson Classic,2023-01-27,HJ,1.42,,
109,Jack Johnson Classic,2023-01-27,SP,9.14,,
109,Jack Johnson Classic,2023-01-27,LJ,4.81,,
109,Jack Johnson Classic,2023-01-27,800,,2:39.62,
109,John Tierney Classic,2023-01-21,200,,28.14,
109,John Tierney Classic,2023-01-21,60H,,9.43,
109,John Tierney Classic,2023-01-21,60H,,9.43,
109,John Tierney Classic,2023-01-21,HJ,1.42,,
109,John Tierney Classic,2023-01-21,SP,9.23,,
109,Wisconsin Badgers Midwest Invite,2023-01-14,600,,1:49.76,
109,Wisconsin Badgers Midwest Invite,2023-01-14,60H,,9.57,
109,Wisconsin Badgers Midwest Invite,2023-01-14,LJ,5.04,,
109,2022 Blue Demon Holiday Invite,2022-12-09,60H,,9.60,
109,2022 Blue Demon Holiday Invite,2022-12-09,LJ,4.97,,
109,Horizon League Outdoor Track & Field Championships,2022-05-06,JT,31.35,,
109,Horizon League Outdoor Track & Field Championships,2022-05-06,Hep,,3985,
109,Horizon League Outdoor Track & Field Championships,2022-05-06,100H,,15.94,(-0.1)
109,Horizon League Outdoor Track & Field Championships,2022-05-06,HJ,1.33,,
109,Horizon League Outdoor Track & Field Championships,2022-05-06,SP,8.42,,
109,Horizon League Outdoor Track & Field Championships,2022-05-06,200,,27.09,(-0.2)
109,Horizon League Outdoor Track & Field Championships,2022-05-06,LJ,4.95,,
109,Horizon League Outdoor Track & Field Championships,2022-05-06,JT,30.86,,
109,Horizon League Outdoor Track & Field Championships,2022-05-06,800,,2:33.18,
109,Valparaiso Beacan Invite,2022-04-30,200,,27.22,(1.3)
109,Valparaiso Beacan Invite,2022-04-30,100H,,15.40,(1.5)
109,Valparaiso Beacan Invite,2022-04-30,JT,28.46,,
109,Illini Invitational,2022-04-22,200,,27.13,(2.6)
109,Illini Invitational,2022-04-22,100H,,15.00,(6.7)
109,Illini Invitational,2022-04-22,LJ,5.12,,(5.6)
109,2022 Warrior Invitational,2022-04-14,100H,,15.99,(2.1)
109,2022 Warrior Invitational,2022-04-14,LJ,5.1,,(4.4)
109,2022 Warrior Invitational,2022-04-14,JT,25.27,,
109,Marquette Invitational,2022-04-10,100H,,15.22,(3.4)
109,Marquette Invitational,2022-04-10,JT,31.09,,
109,Redbird Invite,2022-04-01,100H,,16.48,(2.2)
109,Redbird Invite,2022-04-01,LJ,4.75,,
109,Redbird Invite,2022-04-01,JT,28.3,,
109,Horizon League Indoor Track & Field Championships,2022-02-26,Pent,,2213,
109,Horizon League Indoor Track & Field Championships,2022-02-26,60H,,9.85,
109,Horizon League Indoor Track & Field Championships,2022-02-26,HJ,1.41,,
109,Horizon League Indoor Track & Field Championships,2022-02-26,SP,8.73,,
109,Horizon League Indoor Track & Field Championships,2022-02-26,LJ,4.79,,
109,Horizon League Indoor Track & Field Championships,2022-02-26,800,,,
109,St. Valentines Open,2022-02-18,60H,,9.31,
109,St. Valentines Open,2022-02-18,LJ,4.94,,
109,2022 Hoosier Hills,2022-02-11,200,,27.86,
109,2022 Hoosier Hills,2022-02-11,60H,,9.39,
109,2022 Hoosier Hills,2022-02-11,60H,,9.24,
109,Red Hawk Invite,2022-02-05,60H,,9.73,
109,Red Hawk Invite,2022-02-05,60H,,9.63,
109,Red Hawk Invite,2022-02-05,LJ,5.08,,
109,John Tierney Classic,2022-01-29,200,,28.05,
109,John Tierney Classic,2022-01-29,60H,,9.40,
109,John Tierney Classic,2022-01-29,60H,,9.41,
109,John Tierney Classic,2022-01-29,SP,9.2,,
109,John Gartland Invitational,2022-01-21,Pent,,2655,
109,John Gartland Invitational,2022-01-21,60H,,9.36,
109,John Gartland Invitational,2022-01-21,HJ,1.41,,
109,John Gartland Invitational,2022-01-21,SP,8.96,,
109,John Gartland Invitational,2022-01-21,LJ,4.82,,
109,John Gartland Invitational,2022-01-21,800,,3:04.68,
109,Hawkeye Invite,2022-01-14,60H,,9.52,
109,Hawkeye Invite,2022-01-14,LJ,5.0,,
109,Horizon League Outdoor Track & Field Championships,2021-05-07,JT,28.45,,
109,Horizon League Outdoor Track & Field Championships,2021-05-07,Hep,,4000,
109,Horizon League Outdoor Track & Field Championships,2021-05-07,100H,,15.28,(2.0)
109,Horizon League Outdoor Track & Field Championships,2021-05-07,HJ,1.4,,
109,Horizon League Outdoor Track & Field Championships,2021-05-07,SP,8.8,,
109,Horizon League Outdoor Track & Field Championships,2021-05-07,200,,27.52,(1.2)
109,Horizon League Outdoor Track & Field Championships,2021-05-07,LJ,4.92,,(3.0)
109,Horizon League Outdoor Track & Field Championships,2021-05-07,JT,29.14,,
109,Horizon League Outdoor Track & Field Championships,2021-05-07,800,,2:40.68,
109,Valpo Invitational,2021-05-01,100H,,15.58,(2.0)
109,Valpo Invitational,2021-05-01,HJ,1.4,,
109,Valpo Invitational,2021-05-01,LJ,4.63,,(0.2)
109,Valpo Invitational,2021-05-01,JT,31.02,,
109,Clark Wood Invitational,2021-04-23,100H,,15.91,(0.4)
109,Clark Wood Invitational,2021-04-23,JT,25.17,,
109,Big Blue Classic,2021-04-09,100H,,,(1.1)
109,Big Blue Classic,2021-04-09,HJ,,,
109,Big Blue Classic,2021-04-09,JT,,,
109,Illinois State Redbird Invitational,2021-04-02,100H,,16.15,(2.4)
109,Illinois State Redbird Invitational,2021-04-02,LJ,4.7,,(1.9)
109,Illinois State Redbird Invitational,2021-04-02,JT,28.51,,
109,Horizon League Indoor Track & Field Championships,2021-02-26,LJ,4.79,,
109,Horizon League Indoor Track & Field Championships,2021-02-26,Pent,,2733,
109,Horizon League Indoor Track & Field Championships,2021-02-26,60H,,9.49,
109,Horizon League Indoor Track & Field Championships,2021-02-26,HJ,1.39,,
109,Horizon League Indoor Track & Field Championships,2021-02-26,SP,9.25,,
109,Horizon League Indoor Track & Field Championships,2021-02-26,LJ,4.74,,
109,Horizon League Indoor Track & Field Championships,2021-02-26,800,,2:51.20,
109,Panther Tune-Up,2021-02-14,200,,27.70,
109,Panther Tune-Up,2021-02-14,60H,,9.70,
109,Panther Tune-Up,2021-02-14,LJ,5.1,,
109,Panther Tune-Up,2021-02-14,SP,9.08,,
109,UW-Parkside Triangular,2021-02-05,Pent,,2665,
109,UW-Parkside Triangular,2021-02-05,55H,,8.94,
109,UW-Parkside Triangular,2021-02-05,HJ,1.34,,
109,UW-Parkside Triangular,2021-02-05,SP,8.19,,
109,UW-Parkside Triangular,2021-02-05,LJ,4.86,,
109,UW-Parkside Triangular,2021-02-05,800,,2:46.81,
109,John Tierney Classic,2021-01-23,60H,,9.45,
109,John Tierney Classic,2021-01-23,HJ,1.38,,
109,The Panther Invite,2021-01-09,60H,,9.61,
109,The Panther Invite,2021-01-09,60H,,9.67,
109,The Panther Invite,2021-01-09,LJ,5.11,,
109,The Panther Invite,2021-01-09,SP,8.14,,
109,Horizon League Indoor Track & Field Championships,2020-02-29,TJ,10.1,,
109,Horizon League Indoor Track & Field Championships,2020-02-29,Pent,,2932,
109,Horizon League Indoor Track & Field Championships,2020-02-29,60H,,9.35,
109,Horizon League Indoor Track & Field Championships,2020-02-29,HJ,1.37,,
109,Horizon League Indoor Track & Field Championships,2020-02-29,SP,8.57,,
109,Horizon League Indoor Track & Field Championships,2020-02-29,LJ,4.96,,
109,Horizon League Indoor Track & Field Championships,2020-02-29,800,,2:35.17,
109,Panther Tune-Up,2020-02-22,60H,,9.42,
109,Panther Tune-Up,2020-02-22,HJ,1.35,,
109,Panther Tune-Up,2020-02-22,TJ,10.6,,
109,GVSU Big Meet (Saturday),2020-02-15,60H,,9.49,
109,GVSU Big Meet (Saturday),2020-02-15,LJ,4.55,,
109,GVSU Big Meet (Saturday),2020-02-15,SP,8.32,,
109,2020 ONU Invitational,2020-02-01,200,,27.78,
109,2020 ONU Invitational,2020-02-01,60H,,9.44,
109,2020 ONU Invitational,2020-02-01,60H,,9.43,
109,2020 ONU Invitational,2020-02-01,LJ,4.92,,
109,Illini Invitational,2020-01-24,Pent,,2864,
109,Illini Invitational,2020-01-24,60H,,9.51,
109,Illini Invitational,2020-01-24,HJ,1.39,,
109,Illini Invitational,2020-01-24,SP,8.95,,
109,Illini Invitational,2020-01-24,LJ,4.94,,
109,Illini Invitational,2020-01-24,800,,2:41.85,
109,John Tierney Classic,2020-01-18,60H,,9.52,
109,John Tierney Classic,2020-01-18,HJ,1.42,,
109,John Tierney Classic,2020-01-18,LJ,4.96,,
109,Gene Edmonds Memorial,2020-01-10,60H,,9.80,
109,Gene Edmonds Memorial,2020-01-10,LJ,4.92,,
109,Horizon League Outdoor Track & Field Championships,2019-05-03,LJ,4.59,,(1.1)
109,Horizon League Outdoor Track & Field Championships,2019-05-03,TJ,9.99,,(1.1)
109,Horizon League Outdoor Track & Field Championships,2019-05-03,JT,31.52,,
109,Horizon League Outdoor Track & Field Championships,2019-05-03,Hep,,4196,
109,Horizon League Outdoor Track & Field Championships,2019-05-03,100H,,15.40,(-0.7)
109,Horizon League Outdoor Track & Field Championships,2019-05-03,HJ,1.44,,
109,Horizon League Outdoor Track & Field Championships,2019-05-03,SP,8.24,,
109,Horizon League Outdoor Track & Field Championships,2019-05-03,200,,26.67,(1.0)
109,Horizon League Outdoor Track & Field Championships,2019-05-03,LJ,4.87,,(0.9)
109,Horizon League Outdoor Track & Field Championships,2019-05-03,JT,32.99,,
109,Horizon League Outdoor Track & Field Championships,2019-05-03,800,,2:34.37,
109,2019 Lenny Lyles-Clark Wood Invitational,2019-04-26,200,,27.05,(1.1)
109,2019 Lenny Lyles-Clark Wood Invitational,2019-04-26,100H,,15.40,(1.6)
109,2019 Lenny Lyles-Clark Wood Invitational,2019-04-26,LJ,5.13,,(2.2)
109,2019 Lenny Lyles-Clark Wood Invitational,2019-04-26,TJ,10.5,,(1.1)
109,2019 Lenny Lyles-Clark Wood Invitational,2019-04-26,JT,33.66,,
109,Kentucky Track & Field Invitational,2019-04-20,200,,27.56,(0.6)
109,Kentucky Track & Field Invitational,2019-04-20,100H,,15.84,(0.9)
109,Kentucky Track & Field Invitational,2019-04-20,LJ,4.84,,(0.5)
109,Kentucky Track & Field Invitational,2019-04-20,TJ,10.29,,(+0.0)
109,Illinois Twilight,2019-04-13,200,,,(3.0)
109,Illinois Twilight,2019-04-13,100H,,16.29,(0.6)
109,Illinois Twilight,2019-04-13,LJ,5.17,,(0.6)
109,Illinois Twilight,2019-04-13,JT,29.45,,
109,Jack Shaw Classic,2019-04-05,200,,,(+0.0)
109,Jack Shaw Classic,2019-04-05,100H,,15.88,(0.8)
109,Jack Shaw Classic,2019-04-05,HJ,1.4,,
109,Jack Shaw Classic,2019-04-05,TJ,10.29,,(1.3)
109,Jack Shaw Classic,2019-04-05,JT,30.7,,
109,2019 Drury Hotels Joey Haines Invite,2019-03-29,100H,,15.64,(2.1)
109,2019 Drury Hotels Joey Haines Invite,2019-03-29,LJ,5.04,,(2.3)
109,Horizon League Indoor Track & Field Championships,2019-02-23,LJ,5.04,,
109,Horizon League Indoor Track & Field Championships,2019-02-23,TJ,10.71,,
109,Horizon League Indoor Track & Field Championships,2019-02-23,Pent,,2970,
109,Horizon League Indoor Track & Field Championships,2019-02-23,60H,,9.62,
109,Horizon League Indoor Track & Field Championships,2019-02-23,HJ,1.43,,
109,Horizon League Indoor Track & Field Championships,2019-02-23,SP,8.2,,
109,Horizon League Indoor Track & Field Championships,2019-02-23,LJ,5.14,,
109,Horizon League Indoor Track & Field Championships,2019-02-23,800,,2:35.02,
109,Panther TuneUp,2019-02-16,60H,,9.32,
109,Panther TuneUp,2019-02-16,LJ,,,
109,Panther TuneUp,2019-02-16,TJ,10.89,,
109,GVSU Big Meet (Saturday),2019-02-09,60H,,9.80,
109,GVSU Big Meet (Saturday),2019-02-09,HJ,,,
109,GVSU Big Meet (Saturday),2019-02-09,SP,7.5,,
109,John Tierney Classic,2019-01-19,200,,27.65,
109,John Tierney Classic,2019-01-19,60H,,9.69,
109,John Tierney Classic,2019-01-19,LJ,5.19,,
109,John Tierney Classic,2019-01-19,TJ,10.53,,
109,Badger Icebreaker,2019-01-12,300,,45.75,
109,Badger Icebreaker,2019-01-12,60H,,9.58,
109,Badger Icebreaker,2019-01-12,HJ,,,
128,Horizon League Championship,2023-05-05,4x100,,46.72,
128,Horizon League Championship,2023-05-05,LJ,,,
128,Clark Wood Open 2023,2023-04-28,LJ,5.53,,(0.4)
128,Gibson Invitational & Multis,2023-04-13,100,,12.53,(1.1)
128,Gibson Invitational & Multis,2023-04-13,LJ,5.41,,(1.3)
128,Fighting Illini Challenge,2023-04-08,4x100,,47.47,
128,Fighting Illini Challenge,2023-04-08,LJ,5.36,,
128,2023 Horizon League Indoor Track & Field Championship,2023-02-25,LJ,5.58,,
128,Panther Tune-Up,2023-02-18,LJ,,,
128,GVSU Big Meet (Friday),2023-02-10,60,,7.96,
128,Mark Guthrie Legacy Invitational,2023-02-04,60,,7.82,
128,Mark Guthrie Legacy Invitational,2023-02-04,LJ,5.58,,
128,Jack Johnson Classic,2023-01-27,60,,7.85,
128,Jack Johnson Classic,2023-01-27,LJ,5.63,,
128,John Tierney Classic,2023-01-21,60,,8.01,
128,John Tierney Classic,2023-01-21,LJ,5.3,,
128,Wisconsin Badgers Midwest Invite,2023-01-14,LJ,5.48,,
128,2022 Blue Demon Holiday Invite,2022-12-09,60,,7.79,
128,2022 Blue Demon Holiday Invite,2022-12-09,LJ,5.64,,
128,Horizon League Outdoor Track & Field Championships,2022-05-06,100,,12.02,(2.9)
128,Horizon League Outdoor Track & Field Championships,2022-05-06,100,,12.08,(2.6)
128,Horizon League Outdoor Track & Field Championships,2022-05-06,4x100,,46.56,
128,Horizon League Outdoor Track & Field Championships,2022-05-06,LJ,5.63,,(+0.0)
128,Valparaiso Beacan Invite,2022-04-30,LJ,5.78,,(4.3)
128,Illini Invitational,2022-04-22,100,,11.94,(5.9)
128,Illini Invitational,2022-04-22,LJ,5.14,,(5.6)
128,44 Farms Team Invitational,2022-04-08,LJ,5.36,,(3.2)
128,St. Valentines Open,2022-02-18,60,,7.84,
128,St. Valentines Open,2022-02-18,LJ,5.71,,
128,2022 Hoosier Hills,2022-02-11,60,,7.72,
128,2022 Hoosier Hills,2022-02-11,60,,7.72,
128,2022 Hoosier Hills,2022-02-11,LJ,5.66,,
128,John Tierney Classic,2022-01-29,60,,7.61,
128,John Tierney Classic,2022-01-29,60,,7.73,
128,John Tierney Classic,2022-01-29,200,,25.54,
128,John Tierney Classic,2022-01-29,LJ,5.42,,
128,John Gartland Invitational,2022-01-21,60,,7.67,
128,John Gartland Invitational,2022-01-21,60,,7.69,
128,John Gartland Invitational,2022-01-21,LJ,5.75,,
128,Hawkeye Invite,2022-01-14,60,,7.67,
128,Hawkeye Invite,2022-01-14,60,,7.76,
128,Hawkeye Invite,2022-01-14,LJ,5.66,,
128,2021 Warrior Invitational,2021-04-17,100,,,(2.0)
128,2021 Warrior Invitational,2021-04-17,100,,12.37,(1.5)
128,2021 Warrior Invitational,2021-04-17,LJ,5.52,,(1.1)
140,Eagle Open,2023-05-12,PV,3.78,,
140,Horizon League Championship,2023-05-05,PV,3.83,,
140,Clark Wood Open 2023,2023-04-28,PV,3.92,,
140,Gary Wieneke Memorial,2023-04-21,PV,3.96,,
140,Gibson Invitational & Multis,2023-04-13,PV,3.9,,
140,Fighting Illini Challenge,2023-04-08,PV,,,
140,2023 Horizon League Indoor Track & Field Championship,2023-02-25,PV,4.05,,
140,Panther Tune-Up,2023-02-18,PV,4.0,,
140,Mark Guthrie Legacy Invitational,2023-02-04,PV,3.86,,
140,Jack Johnson Classic,2023-01-27,PV,3.82,,
140,John Tierney Classic,2023-01-21,PV,,,
140,Wisconsin Badgers Midwest Invite,2023-01-14,PV,3.97,,
140,NCAA West Preliminary Round,2022-05-25,PV,3.96,,
140,Carius/Gregory Invitational 2022,2022-05-12,PV,3.9,,
140,Horizon League Outdoor Track & Field Championships,2022-05-06,PV,3.75,,
140,Valparaiso Beacan Invite,2022-04-30,PV,3.7,,
140,Illini Invitational,2022-04-22,PV,4.03,,
140,44 Farms Team Invitational,2022-04-08,PV,3.71,,
140,Redbird Invite,2022-04-01,PV,3.7,,
140,Horizon League Indoor Track & Field Championships,2022-02-26,PV,3.89,,
140,St. Valentines Open,2022-02-18,PV,3.82,,
140,2022 Hoosier Hills,2022-02-11,PV,3.77,,
140,Red Hawk Invite,2022-02-05,PV,3.75,,
140,John Tierney Classic,2022-01-29,PV,3.85,,
140,John Gartland Invitational,2022-01-21,PV,3.87,,
140,Hawkeye Invite,2022-01-14,PV,3.8,,
140,Horizon League Outdoor Track & Field Championships,2021-05-07,PV,3.51,,
140,Valpo Invitational,2021-05-01,PV,3.4,,
140,Clark Wood Invitational,2021-04-23,PV,3.53,,
140,Big Blue Classic,2021-04-09,PV,,,
140,Illinois State Redbird Invitational,2021-04-02,PV,3.52,,
140,Horizon League Indoor Track & Field Championships,2021-02-26,PV,3.43,,
140,UW-Parkside Triangular,2021-02-19,PV,3.46,,
140,Panther Tune-Up,2021-02-14,PV,3.6,,
140,UW-Parkside Triangular,2021-02-05,PV,3.45,,
140,John Tierney Classic,2021-01-23,PV,,,
140,Horizon League Indoor Track & Field Championships,2020-02-29,PV,3.7,,
140,Panther Tune-Up,2020-02-22,PV,3.53,,
140,GVSU Big Meet (Saturday),2020-02-15,PV,3.61,,
140,2020 ONU Invitational,2020-02-01,PV,3.62,,
140,Illini Invitational,2020-01-24,PV,3.52,,
140,John Tierney Classic,2020-01-18,PV,3.48,,
140,Gene Edmonds Memorial,2020-01-10,PV,,,
140,Horizon League Outdoor Track & Field Championships,2019-05-03,PV,3.45,,
140,2019 Lenny Lyles-Clark Wood Invitational,2019-04-26,PV,3.27,,
140,Kentucky Track & Field Invitational,2019-04-20,PV,3.55,,
140,Illinois Twilight,2019-04-13,PV,3.3,,
140,Jack Shaw Classic,2019-04-05,PV,,,
140,Horizon League Indoor Track & Field Championships,2019-02-23,PV,3.51,,
140,Panther TuneUp,2019-02-16,PV,3.36,,
140,GVSU Big Meet (Saturday),2019-02-09,PV,3.27,,
140,2019 Meyo Invitational,2019-02-01,PV,3.3,,
140,2019 Illini Invitational,2019-01-25,PV,3.17,,
140,John Tierney Classic,2019-01-19,PV,3.3,,
140,Badger Icebreaker,2019-01-12,PV,3.2,,
4,Carius/Gregory Invitational 2022,2022-05-12,400,,1:00.38,
4,Valparaiso Beacan Invite,2022-04-30,200,,26.02,(1.5)
4,Illini Invitational,2022-04-22,100,,12.73,(5.9)
4,Illini Invitational,2022-04-22,200,,26.23,(5.4)
4,Illini Invitational,2022-04-22,4x100,,49.06,
4,Horizon League Indoor Track & Field Championships,2022-02-26,400,,58.17,
4,Horizon League Indoor Track & Field Championships,2022-02-26,4x400,,,
4,GVSU Big Meet-FRIDAY,2022-02-11,200,,25.69,
4,GVSU Big Meet-FRIDAY,2022-02-11,400,,58.48,
4,Red Hawk Invite,2022-02-05,200,,26.26,
4,Red Hawk Invite,2022-02-05,400,,59.51,
4,John Tierney Classic,2022-01-29,200,,26.02,
4,John Tierney Classic,2022-01-29,4x400,,3:58.17,
4,Hawkeye Invite,2022-01-14,200,,26.28,
4,Hawkeye Invite,2022-01-14,400,,1:00.10,
4,Horizon League Outdoor Track & Field Championships,2021-05-07,400,,1:01.64,
4,Valpo Invitational,2021-05-01,400,,59.76,
4,Clark Wood Invitational,2021-04-23,400,,1:02.58,
4,2021 Warrior Invitational,2021-04-17,400,,59.91,
4,Big Blue Classic,2021-04-09,200,,26.73,(0.1)
4,Big Blue Classic,2021-04-09,4x400,,3:58.92,
4,Illinois State Redbird Invitational,2021-04-02,200,,,(3.3)
4,Illinois State Redbird Invitational,2021-04-02,4x400,,4:13.30,
4,UW-Parkside Triangular,2021-02-19,200,,26.84,
4,UW-Parkside Triangular,2021-02-19,4x400,,4:16.24,
4,UW-Parkside Triangular,2021-02-19,LJ,5.16,,
4,Panther Tune-Up,2021-02-14,200,,26.84,
4,Panther Tune-Up,2021-02-14,400,,1:02.93,
4,Panther Tune-Up,2021-02-14,LJ,5.15,,
4,UW-Parkside Triangular,2021-02-05,4x400,,4:10.65,
4,John Tierney Classic,2021-01-23,200,,27.03,
4,John Tierney Classic,2021-01-23,400,,1:01.72,
4,John Tierney Classic,2021-01-23,4x400,,4:11.65,
4,The Panther Invite,2021-01-09,400,,1:02.87,
4,The Panther Invite,2021-01-09,4x400,,4:14.38,
4,Horizon League Indoor Track & Field Championships,2020-02-29,4x400,,3:56.97,
4,Horizon League Indoor Track & Field Championships,2020-02-29,DMR,,12:18.50,
4,Horizon League Indoor Track & Field Championships,2020-02-29,LJ,5.43,,
4,Panther Tune-Up,2020-02-22,400,,1:02.10,
4,Panther Tune-Up,2020-02-22,4x400,,,
4,Panther Tune-Up,2020-02-22,LJ,5.3,,
4,GVSU Big Meet (Saturday),2020-02-15,200,,26.70,
4,GVSU Big Meet (Saturday),2020-02-15,400,,1:00.56,
4,GVSU Big Meet (Saturday),2020-02-15,LJ,5.11,,
4,John Tierney Classic,2020-01-18,200,,27.06,
4,John Tierney Classic,2020-01-18,4x400,,4:11.79,
4,John Tierney Classic,2020-01-18,LJ,5.26,,
4,GVSU Big Meet- Friday,2018-02-09,4x400,,4:02.50,
4,2018 Mark Messersmith Invitational,2018-01-27,400,,1:01.07,
4,2018 Mark Messersmith Invitational,2018-01-27,LJ,5.05,,
4,John Tierney Classic,2018-01-20,300,,43.42,
4,John Tierney Classic,2018-01-20,4x400,,4:02.53,
4,Karl Schlender Invitational,2018-01-13,60,,8.46,
4,Karl Schlender Invitational,2018-01-13,60,,8.45,
4,Karl Schlender Invitational,2018-01-13,200,,27.53,
4,Horizon League Outdoor Track & Field Championships,2017-05-05,200,,27.43,(2.6)
4,Horizon League Outdoor Track & Field Championships,2017-05-05,400,,1:00.82,
4,Horizon League Outdoor Track & Field Championships,2017-05-05,4x400,,3:52.19,
4,UW-Whitewater Drake Alternative Meet,2017-04-29,400,,1:00.44,
4,Pacesetter Sports Invitational,2017-04-21,100,,12.95,(3.2)
4,Pacesetter Sports Invitational,2017-04-21,200,,26.35,(4.0)
4,Benedictine Eagle Relays 2017,2017-04-14,400,,58.08,
4,Marquette Duals,2017-04-07,200,,27.74,(0.5)
4,Marquette Duals,2017-04-07,4x100,,48.50,
4,Marquette Duals,2017-04-07,4x400,,3:57.72,
4,EIU Big Blue Classic 2017,2017-03-31,400,,59.78,
4,Gene and Rose Edmonds Invitational,2017-03-25,200,,27.05,(1.9)
4,Gene and Rose Edmonds Invitational,2017-03-25,400,,1:01.44,
4,Gene and Rose Edmonds Invitational,2017-03-25,4x100,,49.41,
4,Horizon League Indoor Track & Field Championships,2017-02-25,4x400,,3:53.85,
4,Horizon League Indoor Track & Field Championships,2017-02-25,DMR,,12:33.46,
4,Horizon League Indoor Track & Field Championships,2017-02-25,LJ,5.2,,
4,Panther TuneUp,2017-02-18,60,,8.33,
4,Panther TuneUp,2017-02-18,LJ,4.99,,
4,GVSU Big Meet (Saturday),2017-02-11,400,,59.60,
4,GVSU Big Meet (Saturday),2017-02-11,4x400,,3:54.48,
4,UW Parkside Classic,2017-02-04,55,,7.73,
4,UW Parkside Classic,2017-02-04,55,,7.72,
4,UW Parkside Classic,2017-02-04,200,,27.06,
4,2017 Mark Messersmith Invitational,2017-01-28,200,,27.42,
4,2017 Mark Messersmith Invitational,2017-01-28,400,,1:01.28,
4,John Tierney Classic,2017-01-21,300,,42.81,
4,John Tierney Classic,2017-01-21,4x400,,3:57.83,
4,Karl Schlender Invitational,2017-01-14,200,,27.54,
4,Karl Schlender Invitational,2017-01-14,400,,1:00.51,
9,Valparaiso Beacan Invite,2022-04-30,800,,2:28.65,
9,Illini Invitational,2022-04-22,800,,2:30.14,
9,2022 Warrior Invitational,2022-04-14,800,,2:33.74,
9,Marquette Invitational,2022-04-10,800,,2:36.63,
9,Redbird Invite,2022-04-01,800,,2:35.10,
9,St. Valentines Open,2022-02-18,800,,,
9,Red Hawk Invite,2022-02-05,200,,29.58,
9,Red Hawk Invite,2022-02-05,400,,1:05.73,
9,John Tierney Classic,2022-01-29,400,,1:06.42,
9,John Tierney Classic,2022-01-29,4x400,,4:23.18,
9,UW-Parkside Triangular,2021-02-19,400,,1:05.94,
9,UW-Parkside Triangular,2021-02-19,4x400,,4:16.24,
9,Panther Tune-Up,2021-02-14,400,,1:05.94,
9,Panther Tune-Up,2021-02-14,4x400,,,
9,UW-Parkside Triangular,2021-02-05,400,,1:06.57,
9,UW-Parkside Triangular,2021-02-05,4x400,,4:18.43,
9,John Tierney Classic,2021-01-23,400,,1:06.87,
9,Panther Tune-Up,2020-02-22,400,,1:06.09,
9,GVSU Big Meet (Saturday),2020-02-15,400,,1:06.41,
9,2020 ONU Invitational,2020-02-01,400,,1:07.37,
9,John Tierney Classic,2020-01-18,400,,1:08.62,
33,Horizon League Outdoor Track & Field Championships,2022-05-06,LJ,5.11,,(+0.0)
33,Valparaiso Beacan Invite,2022-04-30,LJ,5.22,,(4.0)
33,Illini Invitational,2022-04-22,LJ,5.47,,(2.9)
33,2022 Warrior Invitational,2022-04-14,LJ,4.91,,(2.3)
33,Red Hawk Invite,2022-02-05,LJ,5.18,,
33,Horizon League Outdoor Track & Field Championships,2021-05-07,LJ,5.43,,(0.9)
33,Valpo Invitational,2021-05-01,LJ,5.68,,(6.0)
33,Horizon League Indoor Track & Field Championships,2020-02-29,60,,7.76,
33,Horizon League Indoor Track & Field Championships,2020-02-29,LJ,5.11,,
33,Panther Tune-Up,2020-02-22,60,,7.95,
33,Panther Tune-Up,2020-02-22,LJ,5.84,,
33,GVSU Big Meet (Saturday),2020-02-15,LJ,5.45,,
33,GVSU Big Meet Invite (Friday),2020-02-14,60,,7.88,
33,2020 Meyo Invitational,2020-02-07,60,,7.96,
33,2020 ONU Invitational,2020-02-01,60,,7.86,
33,2020 ONU Invitational,2020-02-01,60,,7.95,
33,Illini Invitational,2020-01-24,60,,7.89,
33,Illini Invitational,2020-01-24,LJ,5.29,,
33,John Tierney Classic,2020-01-18,60,,7.98,
33,John Tierney Classic,2020-01-18,LJ,5.23,,
40,Hawkeye Invite,2022-01-14,SP,10.92,,
40,Horizon League Outdoor Track & Field Championships,2021-05-07,SP,11.27,,
40,Horizon League Outdoor Track & Field Championships,2021-05-07,DT,40.56,,
40,Horizon League Outdoor Track & Field Championships,2021-05-07,HT,40.5,,
40,Valpo Invitational,2021-05-01,SP,12.77,,
40,Valpo Invitational,2021-05-01,DT,,,
40,Valpo Invitational,2021-05-01,HT,,,
40,2021 Green & White Invite,2021-04-24,SP,12.56,,
40,2021 Green & White Invite,2021-04-24,DT,41.64,,
40,2021 Green & White Invite,2021-04-24,HT,42.01,,
40,2021 Warrior Invitational,2021-04-17,SP,11.78,,
40,2021 Warrior Invitational,2021-04-17,DT,42.22,,
40,2021 Warrior Invitational,2021-04-17,HT,42.56,,
40,Big Blue Classic,2021-04-09,DT,40.46,,
40,Big Blue Classic,2021-04-09,HT,39.65,,
40,Illinois State Redbird Invitational,2021-04-02,SP,11.44,,
40,Illinois State Redbird Invitational,2021-04-02,DT,40.54,,
40,Illinois State Redbird Invitational,2021-04-02,HT,40.51,,
40,Horizon League Indoor Track & Field Championships,2021-02-26,SP,,,
40,Horizon League Indoor Track & Field Championships,2021-02-26,WT,15.72,,
40,UW-Parkside Triangular,2021-02-19,SP,12.44,,
40,UW-Parkside Triangular,2021-02-19,WT,15.25,,
40,Panther Tune-Up,2021-02-14,SP,12.0,,
40,Panther Tune-Up,2021-02-14,WT,14.65,,
40,UW-Parkside Triangular,2021-02-05,SP,11.03,,
40,UW-Parkside Triangular,2021-02-05,WT,15.38,,
40,John Tierney Classic,2021-01-23,SP,11.72,,
40,John Tierney Classic,2021-01-23,WT,14.51,,
89,Horizon League Outdoor Track & Field Championships,2022-05-06,100,,12.27,(0.9)
89,Horizon League Outdoor Track & Field Championships,2022-05-06,4x100,,46.56,
89,Valparaiso Beacan Invite,2022-04-30,100,,12.34,(3.1)
89,Illini Invitational,2022-04-22,100,,12.01,(6.9)
89,Illini Invitational,2022-04-22,4x100,,49.06,
89,44 Farms Team Invitational,2022-04-08,100,,12.20,(4.8)
89,Redbird Invite,2022-04-01,100,,12.53,(-0.2)
89,Redbird Invite,2022-04-01,100,,12.20,(4.4)
89,Horizon League Outdoor Track & Field Championships,2021-05-07,100,,12.29,(2.5)
89,Horizon League Outdoor Track & Field Championships,2021-05-07,4x100,,48.20,
89,Valpo Invitational,2021-05-01,100,,12.38,(-0.4)
89,Valpo Invitational,2021-05-01,4x100,,48.11,
89,Clark Wood Invitational,2021-04-23,100,,12.82,(0.8)
89,Clark Wood Invitational,2021-04-23,200,,26.65,(2.8)
89,Gibson Invitational sponsored by the Terre Haute CVB,2021-04-16,100,,12.34,(1.9)
89,Gibson Invitational sponsored by the Terre Haute CVB,2021-04-16,200,,26.59,(0.7)
89,Gibson Invitational sponsored by the Terre Haute CVB,2021-04-16,4x100,,48.47,
89,Big Blue Classic,2021-04-09,100,,12.38,(1.5)
89,Big Blue Classic,2021-04-09,200,,,(0.5)
89,Panther Tune-Up,2021-02-14,200,,27.00,
89,Horizon League Indoor Track & Field Championships,2020-02-29,60,,7.73,
89,Horizon League Indoor Track & Field Championships,2020-02-29,60,,7.73,
89,Horizon League Indoor Track & Field Championships,2020-02-29,200,,25.52,
89,Panther Tune-Up,2020-02-22,60,,7.69,
89,Panther Tune-Up,2020-02-22,200,,25.98,
89,2020 Meyo Invitational,2020-02-07,60,,7.81,
89,2020 Meyo Invitational,2020-02-07,200,,25.99,
89,2020 ONU Invitational,2020-02-01,60,,7.82,
89,2020 ONU Invitational,2020-02-01,60,,7.85,
89,Illini Invitational,2020-01-24,60,,7.86,
89,John Tierney Classic,2020-01-18,60,,7.77,
89,John Tierney Classic,2020-01-18,200,,25.98,
89,Gene Edmonds Memorial,2020-01-10,60,,7.84,
89,Gene Edmonds Memorial,2020-01-10,200,,26.16,
89,Horizon League Outdoor Track & Field Championships,2019-05-03,100,,12.16,(1.7)
89,Horizon League Outdoor Track & Field Championships,2019-05-03,100,,12.04,(0.8)
89,Horizon League Outdoor Track & Field Championships,2019-05-03,200,,25.25,(2.1)
89,Horizon League Outdoor Track & Field Championships,2019-05-03,200,,25.41,(1.3)
89,Horizon League Outdoor Track & Field Championships,2019-05-03,4x100,,48.57,
89,Marquette Mid-Week Challenge,2019-04-24,100,,12.15,(0.2)
89,Marquette Mid-Week Challenge,2019-04-24,200,,25.56,(-1.7)
89,Kentucky Track & Field Invitational,2019-04-20,100,,12.27,(0.5)
89,Kentucky Track & Field Invitational,2019-04-20,200,,25.95,(0.6)
89,Kentucky Track & Field Invitational,2019-04-20,4x100,,48.85,
89,Illinois Twilight,2019-04-13,200,,,(2.7)
89,Illinois Twilight,2019-04-13,4x100,,48.30,
89,Jack Shaw Classic,2019-04-05,100,,12.40,(-0.2)
89,Jack Shaw Classic,2019-04-05,200,,,(0.2)
89,Jack Shaw Classic,2019-04-05,4x100,,48.85,
89,2019 Drury Hotels Joey Haines Invite,2019-03-29,100,,12.34,(2.5)
89,2019 Drury Hotels Joey Haines Invite,2019-03-29,4x100,,50.22,
89,Horizon League Indoor Track & Field Championships,2019-02-23,60,,7.64,
89,Horizon League Indoor Track & Field Championships,2019-02-23,60,,7.66,
89,Panther TuneUp,2019-02-16,60,,7.70,
89,GVSU Big Meet (Saturday),2019-02-09,60,,7.83,
89,GVSU Big Meet (Saturday),2019-02-09,60,,7.89,
89,GVSU Big Meet (Friday),2019-02-08,60,,7.84,
89,2019 Meyo Invitational,2019-02-01,60,,7.81,
89,2019 Meyo Invitational,2019-02-01,60,,7.76,
89,2019 Meyo Invitational,2019-02-01,200,,26.35,
89,2019 Illini Invitational,2019-01-25,60,,7.83,
89,2019 Illini Invitational,2019-01-25,60,,7.82,
89,John Tierney Classic,2019-01-19,200,,26.23,
89,Badger Icebreaker,2019-01-12,60,,7.82,
89,Badger Icebreaker,2019-01-12,60,,7.83,
89,Horizon League Indoor Track & Field Championships,2018-02-23,60,,,
89,Horizon League Indoor Track & Field Championships,2018-02-23,200,,26.00,
89,Panther TuneUp,2018-02-17,60,,7.82,
89,GVSU Big Meet- Saturday,2018-02-10,60,,7.87,
89,GVSU Big Meet- Saturday,2018-02-10,60,,7.87,
89,GVSU Big Meet- Friday,2018-02-09,60,,7.81,
89,GVSU Big Meet- Friday,2018-02-09,200,,25.76,
89,2018 Mark Messersmith Invitational,2018-01-27,60,,7.69,
89,2018 Mark Messersmith Invitational,2018-01-27,60,,7.79,
89,John Tierney Classic,2018-01-20,60,,7.78,
89,Karl Schlender Invitational,2018-01-13,60,,7.87,
89,Karl Schlender Invitational,2018-01-13,60,,7.93,
89,Horizon League Outdoor Track & Field Championships,2017-05-05,100,,12.34,(3.6)
89,Horizon League Outdoor Track & Field Championships,2017-05-05,100,,12.33,(2.2)
89,Horizon League Outdoor Track & Field Championships,2017-05-05,200,,26.35,(3.8)
89,Horizon League Outdoor Track & Field Championships,2017-05-05,4x100,,48.62,
89,2017 Drake Relays presented by Hy-Vee,2017-04-26,4x200,,1:39.93,
89,Pacesetter Sports Invitational,2017-04-21,200,,25.93,(3.3)
89,Pacesetter Sports Invitational,2017-04-21,4x100,,47.99,
89,Benedictine Eagle Relays 2017,2017-04-14,100,,12.06,(3.5)
89,Marquette Duals,2017-04-07,100,,12.48,(+0.0)
89,Horizon League Indoor Track & Field Championships,2017-02-25,60,,7.70,
89,Horizon League Indoor Track & Field Championships,2017-02-25,60,,7.65,
89,Horizon League Indoor Track & Field Championships,2017-02-25,200,,25.12,
89,Horizon League Indoor Track & Field Championships,2017-02-25,200,,25.37,
89,Panther TuneUp,2017-02-18,60,,7.75,
89,GVSU Big Meet (Saturday),2017-02-11,200,,25.49,
89,GVSU Big Meet Invite (Friday),2017-02-10,60,,7.72,
89,GVSU Big Meet Invite (Friday),2017-02-10,60,,7.78,
89,2017 Meyo Invitational,2017-02-03,60,,7.69,
89,2017 Mark Messersmith Invitational,2017-01-28,60,,7.67,
89,2017 Mark Messersmith Invitational,2017-01-28,60,,7.83,
89,John Tierney Classic,2017-01-21,60,,7.77,
89,Karl Schlender Invitational,2017-01-14,60,,7.90,
89,Karl Schlender Invitational,2017-01-14,60,,7.95,
89,Karl Schlender Invitational,2017-01-14,200,,26.95,
94,Horizon League Outdoor Track & Field Championships,2022-05-06,100,,12.81,(0.9)
94,Horizon League Outdoor Track & Field Championships,2022-05-06,200,,26.65,(-0.2)
94,Valparaiso Beacan Invite,2022-04-30,100,,12.71,(3.1)
94,Valparaiso Beacan Invite,2022-04-30,200,,26.08,(1.3)
94,Illini Invitational,2022-04-22,100,,12.63,(5.5)
94,Illini Invitational,2022-04-22,200,,26.79,(2.6)
94,Illini Invitational,2022-04-22,4x100,,49.06,
94,2022 Warrior Invitational,2022-04-14,100,,13.02,(0.3)
94,2022 Warrior Invitational,2022-04-14,100,,12.69,(4.9)
94,Marquette Invitational,2022-04-10,100,,12.76,(2.1)
94,Marquette Invitational,2022-04-10,200,,26.98,(4.0)
94,Redbird Invite,2022-04-01,100,,12.93,(3.6)
94,Redbird Invite,2022-04-01,200,,27.98,(-2.1)
94,St. Valentines Open,2022-02-18,60,,8.19,
94,St. Valentines Open,2022-02-18,200,,27.68,
94,GVSU Big Meet-FRIDAY,2022-02-11,60,,8.10,
94,GVSU Big Meet-FRIDAY,2022-02-11,200,,27.03,
94,John Tierney Classic,2022-01-29,60,,8.13,
94,John Tierney Classic,2022-01-29,60,,8.07,
94,John Tierney Classic,2022-01-29,200,,27.20,
94,Valpo Invitational,2021-05-01,100,,13.09,(-0.4)
94,Valpo Invitational,2021-05-01,200,,26.77,(2.9)
94,2021 Green & White Invite,2021-04-24,100,,12.81,(2.3)
94,2021 Green & White Invite,2021-04-24,100,,12.89,(0.9)
94,2021 Green & White Invite,2021-04-24,200,,26.62,(1.5)
94,Gibson Invitational sponsored by the Terre Haute CVB,2021-04-16,100,,13.07,(1.9)
94,Gibson Invitational sponsored by the Terre Haute CVB,2021-04-16,200,,26.89,(0.7)
94,Gibson Invitational sponsored by the Terre Haute CVB,2021-04-16,4x100,,48.47,
94,Big Blue Classic,2021-04-09,100,,12.89,(0.9)
94,Big Blue Classic,2021-04-09,200,,26.62,(0.1)
94,UW-Parkside Triangular,2021-02-19,55,,7.44,
94,UW-Parkside Triangular,2021-02-19,200,,27.04,
94,Panther Tune-Up,2021-02-14,60,,8.11,
94,Panther Tune-Up,2021-02-14,60,,8.15,
94,Panther Tune-Up,2021-02-14,200,,26.87,
94,UW-Parkside Triangular,2021-02-05,55,,7.56,
94,UW-Parkside Triangular,2021-02-05,200,,27.00,
94,John Tierney Classic,2021-01-23,60,,8.19,
94,John Tierney Classic,2021-01-23,200,,27.15,
94,The Panther Invite,2021-01-09,60,,8.16,
94,The Panther Invite,2021-01-09,200,,27.52,
94,Horizon League Indoor Track & Field Championships,2020-02-29,60,,7.96,
94,Horizon League Indoor Track & Field Championships,2020-02-29,200,,26.70,
94,Panther Tune-Up,2020-02-22,60,,7.97,
94,Panther Tune-Up,2020-02-22,200,,27.23,
94,GVSU Big Meet (Saturday),2020-02-15,60,,8.10,
94,GVSU Big Meet (Saturday),2020-02-15,200,,27.03,
94,2020 ONU Invitational,2020-02-01,60,,8.08,
94,2020 ONU Invitational,2020-02-01,60,,8.10,
94,2020 ONU Invitational,2020-02-01,200,,27.35,
94,Illini Invitational,2020-01-24,60,,8.09,
94,John Tierney Classic,2020-01-18,60,,8.07,
94,John Tierney Classic,2020-01-18,200,,27.67,
94,Gene Edmonds Memorial,2020-01-10,60,,8.20,
94,Gene Edmonds Memorial,2020-01-10,200,,28.03,
94,Horizon League Outdoor Track & Field Championships,2019-05-03,100,,12.46,(1.7)
94,Horizon League Outdoor Track & Field Championships,2019-05-03,100,,12.42,(0.8)
94,Horizon League Outdoor Track & Field Championships,2019-05-03,4x100,,48.57,
94,2019 Lenny Lyles-Clark Wood Invitational,2019-04-26,100,,12.59,(3.0)
94,2019 Lenny Lyles-Clark Wood Invitational,2019-04-26,200,,26.08,(0.8)
94,Kentucky Track & Field Invitational,2019-04-20,100,,12.81,(0.2)
94,Kentucky Track & Field Invitational,2019-04-20,200,,26.70,(0.6)
94,Kentucky Track & Field Invitational,2019-04-20,4x100,,48.85,
94,Illinois Twilight,2019-04-13,100,,12.70,(2.4)
94,Illinois Twilight,2019-04-13,200,,26.48,(1.8)
94,Illinois Twilight,2019-04-13,4x100,,48.30,
94,Jack Shaw Classic,2019-04-05,200,,26.61,(0.2)
94,Jack Shaw Classic,2019-04-05,4x100,,48.85,
94,2019 Drury Hotels Joey Haines Invite,2019-03-29,100,,12.81,(3.1)
94,2019 Drury Hotels Joey Haines Invite,2019-03-29,4x100,,50.22,
94,Horizon League Indoor Track & Field Championships,2019-02-23,60,,8.05,
94,Panther TuneUp,2019-02-16,60,,8.02,
94,GVSU Big Meet (Saturday),2019-02-09,60,,8.02,
94,GVSU Big Meet (Saturday),2019-02-09,200,,26.88,
94,2019 Illini Invitational,2019-01-25,60,,8.05,
94,John Tierney Classic,2019-01-19,60,,8.17,
94,John Tierney Classic,2019-01-19,200,,27.75,
94,Badger Icebreaker,2019-01-12,60,,8.10,
94,Badger Icebreaker,2019-01-12,60,,8.12,
94,Badger Icebreaker,2019-01-12,300,,44.96,
94,Horizon League Outdoor Track & Field Championships,2018-05-04,100,,12.61,(2.7)
94,Horizon League Outdoor Track & Field Championships,2018-05-04,200,,26.48,(2.4)
94,Horizon League Outdoor Track & Field Championships,2018-05-04,4x100,,48.07,
94,2018 Lenny Lyles-Clark Wood Invitational,2018-04-27,100,,12.72,(3.0)
94,2018 Lenny Lyles-Clark Wood Invitational,2018-04-27,200,,26.60,(3.0)
94,DePaul Invitational,2018-04-21,100,,13.17,(0.5)
94,DePaul Invitational,2018-04-21,200,,27.18,(0.8)
94,Gibson Invitational,2018-04-06,100,,13.04,(1.4)
94,2018 EIU Big Blue Classic,2018-03-30,100,,13.05,(3.6)
94,2018 EIU Big Blue Classic,2018-03-30,200,,28.34,(-2.6)
94,2018 EIU Big Blue Classic,2018-03-30,4x100,,51.03,
94,SIU Bill Cornell Spring Classic,2018-03-23,100,,13.23,(1.4)
94,SIU Bill Cornell Spring Classic,2018-03-23,200,,27.65,(2.9)
94,Panther TuneUp,2018-02-17,60,,8.33,
94,Panther TuneUp,2018-02-17,200,,27.71,
94,GVSU Big Meet- Saturday,2018-02-10,60,,8.33,
94,GVSU Big Meet- Saturday,2018-02-10,200,,28.07,
94,UW Parkside Classic,2018-02-03,55,,7.75,
94,UW Parkside Classic,2018-02-03,55,,7.70,
94,UW Parkside Classic,2018-02-03,200,,27.88,
94,2018 Mark Messersmith Invitational,2018-01-27,60,,8.37,
94,2018 Mark Messersmith Invitational,2018-01-27,200,,28.43,
94,John Tierney Classic,2018-01-20,60,,8.38,
94,John Tierney Classic,2018-01-20,300,,45.96,
94,Karl Schlender Invitational,2018-01-13,60,,8.50,
94,Karl Schlender Invitational,2018-01-13,200,,28.63,
129,Horizon League Outdoor Track & Field Championships,2022-05-06,TJ,11.21,,(+0.0)
129,Valparaiso Beacan Invite,2022-04-30,TJ,11.32,,(3.4)
129,Illini Invitational,2022-04-22,TJ,11.91,,(6.9)
129,2022 Warrior Invitational,2022-04-14,LJ,5.07,,(5.5)
129,2022 Warrior Invitational,2022-04-14,TJ,10.9,,(0.5)
129,Redbird Invite,2022-04-01,TJ,,,
129,Horizon League Indoor Track & Field Championships,2022-02-26,TJ,11.4,,
129,St. Valentines Open,2022-02-18,TJ,11.27,,
129,2022 Hoosier Hills,2022-02-11,60,,8.02,
129,2022 Hoosier Hills,2022-02-11,60,,7.94,
129,2022 Hoosier Hills,2022-02-11,TJ,,,
129,Red Hawk Invite,2022-02-05,TJ,11.2,,
129,John Tierney Classic,2022-01-29,TJ,,,
129,John Gartland Invitational,2022-01-21,60,,7.93,
129,Hawkeye Invite,2022-01-14,TJ,11.2,,
129,Horizon League Outdoor Track & Field Championships,2021-05-07,4x100,,48.20,
129,Horizon League Outdoor Track & Field Championships,2021-05-07,TJ,11.68,,
129,Valpo Invitational,2021-05-01,4x100,,48.11,
129,Valpo Invitational,2021-05-01,TJ,11.84,,(0.9)
129,Gibson Invitational sponsored by the Terre Haute CVB,2021-04-16,4x100,,48.47,
129,Big Blue Classic,2021-04-09,100,,12.65,(0.9)
129,Big Blue Classic,2021-04-09,TJ,,,
129,Illinois State Redbird Invitational,2021-04-02,TJ,11.56,,
129,Horizon League Indoor Track & Field Championships,2021-02-26,60,,7.81,
129,Horizon League Indoor Track & Field Championships,2021-02-26,60,,7.81,
129,Horizon League Indoor Track & Field Championships,2021-02-26,TJ,11.61,,
129,Panther Tune-Up,2021-02-14,60,,7.94,
129,Panther Tune-Up,2021-02-14,60,,7.98,
129,Panther Tune-Up,2021-02-14,TJ,,,
129,UW-Parkside Triangular,2021-02-05,55,,7.34,
129,UW-Parkside Triangular,2021-02-05,TJ,10.92,,
129,John Tierney Classic,2021-01-23,60,,7.90,
129,John Tierney Classic,2021-01-23,TJ,12.09,,
129,The Panther Invite,2021-01-09,TJ,11.71,,
129,Horizon League Indoor Track & Field Championships,2020-02-29,TJ,11.51,,
129,GVSU Big Meet Invite (Friday),2020-02-14,TJ,11.36,,
129,2020 Meyo Invitational,2020-02-07,TJ,,,
129,Illini Invitational,2020-01-24,LJ,5.04,,
129,Illini Invitational,2020-01-24,TJ,11.13,,
129,John Tierney Classic,2020-01-18,TJ,11.31,,
129,Gene Edmonds Memorial,2020-01-10,TJ,11.19,,
130,John Tierney Classic,2022-01-29,200,,27.84,
130,John Tierney Classic,2022-01-29,4x400,,4:23.18,
130,Hawkeye Invite,2022-01-14,200,,27.79,
130,Hawkeye Invite,2022-01-14,400,,1:04.17,
138,Illini Invitational,2022-04-22,TJ,10.42,,(7.8)
138,2022 Warrior Invitational,2022-04-14,LJ,4.85,,(3.9)
138,Redbird Invite,2022-04-01,TJ,,,
138,St. Valentines Open,2022-02-18,LJ,4.98,,
138,St. Valentines Open,2022-02-18,TJ,,,
138,Red Hawk Invite,2022-02-05,LJ,4.81,,
138,Red Hawk Invite,2022-02-05,TJ,10.07,,
138,John Tierney Classic,2022-01-29,LJ,4.88,,
138,John Tierney Classic,2022-01-29,TJ,10.64,,
138,Horizon League Indoor Track & Field Championships,2020-02-29,LJ,5.09,,
138,Horizon League Indoor Track & Field Championships,2020-02-29,TJ,10.45,,
138,Panther Tune-Up,2020-02-22,LJ,5.0,,
138,GVSU Big Meet (Saturday),2020-02-15,LJ,4.94,,
138,GVSU Big Meet (Saturday),2020-02-15,TJ,10.14,,
138,2020 ONU Invitational,2020-02-01,LJ,5.16,,
138,2020 ONU Invitational,2020-02-01,TJ,9.88,,
138,John Tierney Classic,2020-01-18,LJ,5.03,,
138,Gene Edmonds Memorial,2020-01-10,LJ,4.85,,
138,Gene Edmonds Memorial,2020-01-10,TJ,9.45,,
3,Horizon League Outdoor Track & Field Championships,2021-05-07,LJ,5.59,,(1.8)
3,Horizon League Outdoor Track & Field Championships,2021-05-07,TJ,12.1,,
3,Valpo Invitational,2021-05-01,LJ,4.9,,(0.9)
3,Valpo Invitational,2021-05-01,TJ,12.01,,(2.8)
3,Horizon League Indoor Track & Field Championships,2021-02-26,TJ,11.95,,
3,The Panther Invite,2021-01-09,LJ,5.43,,
3,The Panther Invite,2021-01-09,TJ,,,
3,Horizon League Indoor Track & Field Championships,2020-02-29,LJ,5.84,,
3,Horizon League Indoor Track & Field Championships,2020-02-29,TJ,12.31,,
3,Panther Tune-Up,2020-02-22,LJ,5.82,,
3,Panther Tune-Up,2020-02-22,TJ,12.5,,
3,GVSU Big Meet (Saturday),2020-02-15,LJ,5.26,,
3,GVSU Big Meet Invite (Friday),2020-02-14,TJ,12.29,,
3,2020 Meyo Invitational,2020-02-07,TJ,12.42,,(+0.0)
3,2020 ONU Invitational,2020-02-01,LJ,5.69,,
3,Illini Invitational,2020-01-24,TJ,11.75,,
3,John Tierney Classic,2020-01-18,LJ,5.69,,
3,John Tierney Classic,2020-01-18,TJ,12.21,,
3,Gene Edmonds Memorial,2020-01-10,LJ,5.24,,
3,Gene Edmonds Memorial,2020-01-10,TJ,11.69,,
3,Eagle Open at UW-La Crosse,2019-05-10,TJ,12.36,,(2.2)
3,Horizon League Outdoor Track & Field Championships,2019-05-03,4x100,,48.57,
3,Horizon League Outdoor Track & Field Championships,2019-05-03,LJ,5.43,,(2.0)
3,Horizon League Outdoor Track & Field Championships,2019-05-03,TJ,12.08,,(1.9)
3,2019 Lenny Lyles-Clark Wood Invitational,2019-04-26,LJ,5.82,,(2.8)
3,2019 Lenny Lyles-Clark Wood Invitational,2019-04-26,TJ,12.2,,(1.0)
3,Kentucky Track & Field Invitational,2019-04-20,4x100,,48.85,
3,Kentucky Track & Field Invitational,2019-04-20,TJ,11.97,,(0.4)
3,Illinois Twilight,2019-04-13,4x100,,48.30,
3,Illinois Twilight,2019-04-13,TJ,12.15,,(1.4)
3,Jack Shaw Classic,2019-04-05,4x100,,48.85,
3,Jack Shaw Classic,2019-04-05,LJ,5.35,,(0.2)
3,Jack Shaw Classic,2019-04-05,TJ,11.6,,(0.7)
3,2019 Drury Hotels Joey Haines Invite,2019-03-29,4x100,,50.22,
3,2019 Drury Hotels Joey Haines Invite,2019-03-29,LJ,5.06,,(2.4)
3,Horizon League Indoor Track & Field Championships,2019-02-23,LJ,5.59,,
3,Horizon League Indoor Track & Field Championships,2019-02-23,TJ,12.26,,
3,GVSU Big Meet (Friday),2019-02-08,LJ,5.38,,
3,GVSU Big Meet (Friday),2019-02-08,TJ,12.19,,
3,2019 Meyo Invitational,2019-02-01,LJ,,,
3,2019 Meyo Invitational,2019-02-01,TJ,12.22,,(+0.0)
3,John Tierney Classic,2019-01-19,60,,8.15,
3,John Tierney Classic,2019-01-19,TJ,12.29,,
3,Badger Icebreaker,2019-01-12,LJ,5.48,,
3,Badger Icebreaker,2019-01-12,TJ,12.1,,
3,Eagle Open at UW-La Crosse,2018-05-13,TJ,12.15,,(1.7)
3,Horizon League Outdoor Track & Field Championships,2018-05-04,4x100,,48.07,
3,Horizon League Outdoor Track & Field Championships,2018-05-04,LJ,5.61,,(2.0)
3,Horizon League Outdoor Track & Field Championships,2018-05-04,TJ,12.11,,(+0.0)
3,2018 Lenny Lyles-Clark Wood Invitational,2018-04-27,LJ,5.28,,(1.4)
3,2018 Lenny Lyles-Clark Wood Invitational,2018-04-27,TJ,12.25,,(0.9)
3,Beach Invitational,2018-04-20,TJ,12.23,,(1.1)
3,Bryan Clay Invitational,2018-04-19,TJ,12.16,,(+0.0)
3,Benedictine Relays and Invitational,2018-04-13,100,,12.93,(3.2)
3,Benedictine Relays and Invitational,2018-04-13,LJ,5.27,,(4.1)
3,Gibson Invitational,2018-04-06,200,,26.57,(1.5)
3,Gibson Invitational,2018-04-06,TJ,12.01,,(1.1)
3,2018 EIU Big Blue Classic,2018-03-30,4x100,,51.03,
3,2018 EIU Big Blue Classic,2018-03-30,LJ,5.48,,(1.7)
3,2018 EIU Big Blue Classic,2018-03-30,TJ,12.08,,(3.6)
3,SIU Bill Cornell Spring Classic,2018-03-23,200,,,(2.5)
3,SIU Bill Cornell Spring Classic,2018-03-23,TJ,11.54,,(2.6)
3,Horizon League Indoor Track & Field Championships,2018-02-23,LJ,5.67,,
3,Horizon League Indoor Track & Field Championships,2018-02-23,TJ,11.83,,
3,Panther TuneUp,2018-02-17,LJ,5.52,,
3,Panther TuneUp,2018-02-17,TJ,11.97,,
3,GVSU Big Meet- Saturday,2018-02-10,200,,26.49,
3,GVSU Big Meet- Saturday,2018-02-10,LJ,5.31,,
3,GVSU Big Meet- Friday,2018-02-09,TJ,11.8,,
3,2018 Meyo Invitational,2018-02-02,LJ,5.41,,
3,2018 Meyo Invitational,2018-02-02,TJ,11.92,,
3,2018 Mark Messersmith Invitational,2018-01-27,200,,27.04,
3,2018 Mark Messersmith Invitational,2018-01-27,TJ,11.56,,
3,John Tierney Classic,2018-01-20,60,,8.26,
3,John Tierney Classic,2018-01-20,LJ,5.34,,
3,John Tierney Classic,2018-01-20,TJ,12.15,,
3,Karl Schlender Invitational,2018-01-13,200,,27.10,
3,Karl Schlender Invitational,2018-01-13,TJ,11.56,,
7,Valpo Invitational,2021-05-01,100H,,15.33,(2.0)
7,2021 Green & White Invite,2021-04-24,100H,,15.33,(1.4)
7,2021 Warrior Invitational,2021-04-17,100H,,15.76,(1.9)
7,Illinois State Redbird Invitational,2021-04-02,100H,,27.51,(3.2)
7,Horizon League Indoor Track & Field Championships,2020-02-29,60H,,9.15,
7,Horizon League Indoor Track & Field Championships,2020-02-29,60H,,9.03,
7,Panther Tune-Up,2020-02-22,60H,,9.20,
7,GVSU Big Meet (Saturday),2020-02-15,60H,,9.23,
7,2020 Meyo Invitational,2020-02-07,60H,,9.23,
7,2020 ONU Invitational,2020-02-01,60H,,9.37,
7,2020 ONU Invitational,2020-02-01,60H,,9.66,
7,Illini Invitational,2020-01-24,60H,,9.62,
7,John Tierney Classic,2020-01-18,60H,,9.15,
7,Gene Edmonds Memorial,2020-01-10,60H,,9.52,
7,Horizon League Outdoor Track & Field Championships,2019-05-03,100H,,,(-0.2)
7,Horizon League Outdoor Track & Field Championships,2019-05-03,4x100,,48.57,
7,2019 Lenny Lyles-Clark Wood Invitational,2019-04-26,100H,,15.85,(1.1)
7,Kentucky Track & Field Invitational,2019-04-20,100H,,,(0.1)
7,Kentucky Track & Field Invitational,2019-04-20,4x100,,48.85,
7,Illinois Twilight,2019-04-13,100H,,14.95,(1.2)
7,Illinois Twilight,2019-04-13,4x100,,48.30,
7,Jack Shaw Classic,2019-04-05,100H,,15.52,(0.8)
7,Jack Shaw Classic,2019-04-05,4x100,,48.85,
7,2019 Drury Hotels Joey Haines Invite,2019-03-29,100H,,15.81,(2.8)
7,2019 Drury Hotels Joey Haines Invite,2019-03-29,4x100,,50.22,
7,Horizon League Indoor Track & Field Championships,2019-02-23,60H,,8.89,
7,Horizon League Indoor Track & Field Championships,2019-02-23,60H,,8.97,
7,GVSU Big Meet (Saturday),2019-02-09,60H,,9.27,
7,GVSU Big Meet (Friday),2019-02-08,60H,,9.13,
7,2019 Meyo Invitational,2019-02-01,60H,,9.20,
7,John Tierney Classic,2019-01-19,60,,8.14,
7,John Tierney Classic,2019-01-19,60H,,8.99,
7,Badger Icebreaker,2019-01-12,60H,,9.11,
7,Badger Icebreaker,2019-01-12,60H,,9.09,
7,Horizon League Outdoor Track & Field Championships,2018-05-04,100H,,15.75,(1.3)
7,Horizon League Outdoor Track & Field Championships,2018-05-04,100H,,15.51,(2.6)
7,2018 Lenny Lyles-Clark Wood Invitational,2018-04-27,100,,13.16,(1.6)
7,2018 Lenny Lyles-Clark Wood Invitational,2018-04-27,100H,,15.11,(2.0)
7,DePaul Invitational,2018-04-21,100,,13.44,(0.5)
7,DePaul Invitational,2018-04-21,100H,,15.53,(1.1)
7,Gibson Invitational,2018-04-06,100H,,14.89,(3.4)
7,2018 EIU Big Blue Classic,2018-03-30,100H,,,(2.9)
7,2018 EIU Big Blue Classic,2018-03-30,100H,,15.29,(4.7)
7,Horizon League Indoor Track & Field Championships,2018-02-23,60H,,,
7,Horizon League Indoor Track & Field Championships,2018-02-23,60H,,9.00,
7,Panther TuneUp,2018-02-17,60H,,9.09,
7,GVSU Big Meet- Saturday,2018-02-10,60H,,9.19,
7,GVSU Big Meet- Saturday,2018-02-10,60H,,9.22,
7,2018 Mark Messersmith Invitational,2018-01-27,60,,8.46,
7,2018 Mark Messersmith Invitational,2018-01-27,60H,,9.35,
7,John Tierney Classic,2018-01-20,60,,8.37,
7,John Tierney Classic,2018-01-20,60H,,9.27,
7,Karl Schlender Invitational,2018-01-13,60,,8.38,
7,Karl Schlender Invitational,2018-01-13,60,,8.48,
7,Karl Schlender Invitational,2018-01-13,60H,,9.43,
7,Karl Schlender Invitational,2018-01-13,60H,,9.59,
7,Horizon League Outdoor Track & Field Championships,2017-05-05,100,,13.18,(2.2)
7,Horizon League Outdoor Track & Field Championships,2017-05-05,100H,,15.31,(2.9)
7,2017 Kip Janvrin Open,2017-04-27,100H,,16.09,(0.8)
7,2017 Drake Relays presented by Hy-Vee,2017-04-26,SHR (400),,1:05.84,
7,Pacesetter Sports Invitational,2017-04-21,100H,,15.28,(3.2)
7,Benedictine Eagle Relays 2017,2017-04-14,100,,12.67,(7.0)
7,Benedictine Eagle Relays 2017,2017-04-14,100H,,15.40,(1.8)
7,EIU Big Blue Classic 2017,2017-03-31,100H,,19.96,(1.7)
7,Gene and Rose Edmonds Invitational,2017-03-25,100,,13.29,(2.3)
7,Gene and Rose Edmonds Invitational,2017-03-25,100H,,16.11,(2.6)
7,Horizon League Indoor Track & Field Championships,2017-02-25,60H,,9.23,
7,Panther TuneUp,2017-02-18,60,,8.25,
7,Panther TuneUp,2017-02-18,60H,,,
7,GVSU Big Meet (Saturday),2017-02-11,60H,,9.71,
7,UW Parkside Classic,2017-02-04,55H,,8.64,
7,UW Parkside Classic,2017-02-04,55H,,9.11,
7,2017 Mark Messersmith Invitational,2017-01-28,60,,8.34,
7,2017 Mark Messersmith Invitational,2017-01-28,60H,,9.32,
7,John Tierney Classic,2017-01-21,60,,8.27,
7,John Tierney Classic,2017-01-21,60H,,9.35,
7,Karl Schlender Invitational,2017-01-14,200,,29.18,
7,Karl Schlender Invitational,2017-01-14,60H,,9.55,
7,Karl Schlender Invitational,2017-01-14,60H,,9.36,
39,Horizon League Outdoor Track & Field Championships,2021-05-07,HJ,,,
39,Valpo Invitational,2021-05-01,HJ,1.55,,
39,Clark Wood Invitational,2021-04-23,HJ,1.56,,
39,Gibson Invitational sponsored by the Terre Haute CVB,2021-04-16,HJ,1.5,,
39,Big Blue Classic,2021-04-09,HJ,1.6,,
39,Illinois State Redbird Invitational,2021-04-02,HJ,1.57,,
39,Horizon League Indoor Track & Field Championships,2021-02-26,HJ,1.55,,
39,UW-Parkside Triangular,2021-02-19,HJ,1.5,,
39,Panther Tune-Up,2021-02-14,HJ,1.53,,
39,UW-Parkside Triangular,2021-02-05,HJ,1.6,,
39,John Tierney Classic,2021-01-23,HJ,1.58,,
39,Horizon League Indoor Track & Field Championships,2020-02-29,HJ,1.56,,
39,Panther Tune-Up,2020-02-22,HJ,1.5,,
39,GVSU Big Meet (Saturday),2020-02-15,HJ,1.49,,
39,2020 ONU Invitational,2020-02-01,HJ,1.55,,
39,John Tierney Classic,2020-01-18,HJ,1.57,,
39,Gene Edmonds Memorial,2020-01-10,HJ,,,
44,Horizon League Outdoor Track & Field Championships,2021-05-07,400,,1:01.33,
44,Horizon League Outdoor Track & Field Championships,2021-05-07,4x400,,3:59.43,
44,Valpo Invitational,2021-05-01,400,,59.60,
44,Clark Wood Invitational,2021-04-23,400,,1:01.04,
44,Gibson Invitational sponsored by the Terre Haute CVB,2021-04-16,400,,1:00.55,
44,Gibson Invitational sponsored by the Terre Haute CVB,2021-04-16,4x400,,4:09.93,
44,Big Blue Classic,2021-04-09,4x400,,4:18.67,
44,UW-Parkside Triangular,2021-02-19,400,,1:02.14,
44,Panther Tune-Up,2021-02-14,400,,1:02.42,
44,Panther Tune-Up,2021-02-14,4x400,,,
44,UW-Parkside Triangular,2021-02-05,200,,27.61,
44,UW-Parkside Triangular,2021-02-05,4x400,,4:18.43,
44,Horizon League Indoor Track & Field Championships,2020-02-29,400,,1:00.66,
44,Horizon League Indoor Track & Field Championships,2020-02-29,4x400,,3:56.97,
44,Panther Tune-Up,2020-02-22,200,,26.88,
44,Panther Tune-Up,2020-02-22,4x400,,,
44,GVSU Big Meet (Saturday),2020-02-15,400,,1:00.22,
44,2020 ONU Invitational,2020-02-01,200,,27.70,
44,2020 ONU Invitational,2020-02-01,400,,1:01.92,
44,Illini Invitational,2020-01-24,400,,1:03.13,
44,John Tierney Classic,2020-01-18,400,,1:02.17,
44,John Tierney Classic,2020-01-18,4x400,,4:11.79,
44,Gene Edmonds Memorial,2020-01-10,200,,27.82,
44,Gene Edmonds Memorial,2020-01-10,4x400,,4:08.37,
44,Horizon League Outdoor Track & Field Championships,2019-05-03,400,,,
44,Horizon League Outdoor Track & Field Championships,2019-05-03,4x400,,3:58.20,
44,2019 Lenny Lyles-Clark Wood Invitational,2019-04-26,800,,2:23.62,
44,2019 Lenny Lyles-Clark Wood Invitational,2019-04-26,4x400,,4:00.79,
44,Marquette Mid-Week Challenge,2019-04-24,400,,1:01.17,
44,Illinois Twilight,2019-04-13,800,,2:22.47,
44,Jack Shaw Classic,2019-04-05,800,,2:24.94,
44,Jack Shaw Classic,2019-04-05,4x400,,4:07.69,
44,Horizon League Indoor Track & Field Championships,2019-02-23,800,,2:22.53,
44,Horizon League Indoor Track & Field Championships,2019-02-23,4x400,,3:57.48,
44,Horizon League Indoor Track & Field Championships,2019-02-23,DMR,,12:32.00,
44,GVSU Big Meet (Saturday),2019-02-09,800,,2:20.68,
44,2019 Illini Invitational,2019-01-25,800,,2:22.35,
44,John Tierney Classic,2019-01-19,800,,2:20.10,
44,Badger Icebreaker,2019-01-12,600,,1:41.60,
44,UW-Whitewater Drake Alternative,2018-04-28,800,,2:24.94,
44,DePaul Invitational,2018-04-21,800,,2:24.91,
44,Benedictine Relays and Invitational,2018-04-13,4x800,,9:27.61,
44,Gibson Invitational,2018-04-06,800,,2:27.20,
44,2018 EIU Big Blue Classic,2018-03-30,800,,2:30.26,
44,2018 EIU Big Blue Classic,2018-03-30,4x800,,9:26.45,
44,SIU Bill Cornell Spring Classic,2018-03-23,800,,,
44,Horizon League Indoor Track & Field Championships,2018-02-23,800,,2:23.13,
44,Horizon League Indoor Track & Field Championships,2018-02-23,DMR,,12:35.60,
44,Panther TuneUp,2018-02-17,800,,2:20.13,
44,GVSU Big Meet- Saturday,2018-02-10,800,,2:25.61,
44,UW Parkside Classic,2018-02-03,800,,2:25.24,
44,Warhawk Classic Invitational & Multi-Event,2018-01-26,DMR,,12:57.62,
44,John Tierney Classic,2018-01-20,600,,1:42.79,
44,John Tierney Classic,2018-01-20,4x400,,4:18.42,
44,Bradley Pink Classic,2017-10-13,4.97M,,28:23.5,
44,Wisconsin Green Bay vs Wisconsin Milwaukee,2017-09-15,3M,,19:56.1,
44,Western Illinois vs Wisconsin Milwaukee,2017-09-15,3M,,19:56.1,
44,Eastern Illinois vs Wisconsin Milwaukee,2017-09-15,3M,,19:56.1,
44,Chicago State vs Wisconsin Milwaukee,2017-09-15,3M,,19:56.1,
44,Bradley vs Wisconsin Milwaukee,2017-09-15,3M,,19:56.1,
44,Bradley Intercollegiate,2017-09-15,3M,,19:56.1,
56,Horizon League Outdoor Track & Field Championships,2021-05-07,HJ,1.49,,
56,Valpo Invitational,2021-05-01,HJ,1.55,,
56,2021 Green & White Invite,2021-04-24,HJ,1.5,,
56,UW-Parkside Triangular,2021-02-19,HJ,1.45,,
56,Panther Tune-Up,2021-02-14,HJ,1.48,,
56,UW-Parkside Triangular,2021-02-05,HJ,1.4,,
56,John Tierney Classic,2021-01-23,HJ,1.48,,
56,Horizon League Indoor Track & Field Championships,2020-02-29,HJ,1.51,,
56,Panther Tune-Up,2020-02-22,HJ,1.5,,
56,GVSU Big Meet (Saturday),2020-02-15,HJ,,,
56,2020 ONU Invitational,2020-02-01,HJ,1.5,,
56,John Tierney Classic,2020-01-18,HJ,1.42,,
56,Marquette Mid-Week Challenge,2019-04-24,HJ,,,
56,Illinois Twilight,2019-04-13,HJ,,,
56,Jack Shaw Classic,2019-04-05,HJ,1.43,,
56,2019 Drury Hotels Joey Haines Invite,2019-03-29,HJ,,,
56,Panther TuneUp,2019-02-16,HJ,1.48,,
56,GVSU Big Meet (Saturday),2019-02-09,HJ,,,
56,2019 Illini Invitational,2019-01-25,HJ,,,
56,John Tierney Classic,2019-01-19,HJ,1.42,,
56,Panther TuneUp,2018-02-17,HJ,1.48,,
56,GVSU Big Meet- Saturday,2018-02-10,HJ,1.48,,
56,2018 Mark Messersmith Invitational,2018-01-27,HJ,1.45,,
56,John Tierney Classic,2018-01-20,HJ,1.55,,
56,Karl Schlender Invitational,2018-01-13,HJ,1.55,,
79,Horizon League Outdoor Track & Field Championships,2021-05-07,400,,59.84,
79,Horizon League Outdoor Track & Field Championships,2021-05-07,4x100,,48.20,
79,Horizon League Outdoor Track & Field Championships,2021-05-07,4x400,,3:59.43,
79,Valpo Invitational,2021-05-01,400,,59.58,
79,Valpo Invitational,2021-05-01,4x100,,48.11,
79,Clark Wood Invitational,2021-04-23,200,,25.38,(2.8)
79,Clark Wood Invitational,2021-04-23,400,,1:01.01,
79,Gibson Invitational sponsored by the Terre Haute CVB,2021-04-16,200,,25.92,(0.5)
79,Gibson Invitational sponsored by the Terre Haute CVB,2021-04-16,400,,1:00.84,
79,Big Blue Classic,2021-04-09,400,,59.63,
79,Big Blue Classic,2021-04-09,4x400,,3:58.92,
79,Illinois State Redbird Invitational,2021-04-02,200,,25.86,(5.7)
79,Illinois State Redbird Invitational,2021-04-02,4x400,,4:13.30,
79,Horizon League Indoor Track & Field Championships,2021-02-26,200,,26.38,
79,Horizon League Indoor Track & Field Championships,2021-02-26,4x400,,3:59.75,
79,Horizon League Indoor Track & Field Championships,2021-02-26,DMR,,12:40.97,
79,UW-Parkside Triangular,2021-02-19,400,,1:02.14,
79,Panther Tune-Up,2021-02-14,200,,26.71,
79,Panther Tune-Up,2021-02-14,400,,1:01.97,
79,UW-Parkside Triangular,2021-02-05,400,,1:03.28,
79,UW-Parkside Triangular,2021-02-05,4x400,,4:10.65,
79,John Tierney Classic,2021-01-23,400,,1:02.95,
79,John Tierney Classic,2021-01-23,4x400,,4:11.65,
79,The Panther Invite,2021-01-09,200,,27.28,
79,The Panther Invite,2021-01-09,4x400,,4:14.38,
79,Horizon League Indoor Track & Field Championships,2020-02-29,200,,25.66,
79,Horizon League Indoor Track & Field Championships,2020-02-29,400,,59.34,
79,Horizon League Indoor Track & Field Championships,2020-02-29,4x400,,3:56.97,
79,Panther Tune-Up,2020-02-22,4x400,,,
79,GVSU Big Meet (Saturday),2020-02-15,200,,25.91,
79,GVSU Big Meet Invite (Friday),2020-02-14,400,,59.67,
79,2020 ONU Invitational,2020-02-01,200,,25.98,
79,2020 ONU Invitational,2020-02-01,400,,1:00.87,
79,Illini Invitational,2020-01-24,400,,1:00.82,
79,John Tierney Classic,2020-01-18,400,,1:00.63,
79,John Tierney Classic,2020-01-18,4x400,,4:11.79,
79,Gene Edmonds Memorial,2020-01-10,200,,26.98,
79,Gene Edmonds Memorial,2020-01-10,4x400,,4:08.37,
79,Horizon League Outdoor Track & Field Championships,2019-05-03,200,,25.72,(1.3)
79,Horizon League Outdoor Track & Field Championships,2019-05-03,400,,59.57,
79,Horizon League Outdoor Track & Field Championships,2019-05-03,4x400,,3:58.20,
79,2019 Lenny Lyles-Clark Wood Invitational,2019-04-26,200,,25.41,(2.0)
79,2019 Lenny Lyles-Clark Wood Invitational,2019-04-26,4x400,,4:00.79,
79,Kentucky Track & Field Invitational,2019-04-20,400,,1:00.54,
79,Kentucky Track & Field Invitational,2019-04-20,4x400,,4:08.32,
79,Illinois Twilight,2019-04-13,400,,59.95,
79,Illinois Twilight,2019-04-13,4x400,,,
79,Jack Shaw Classic,2019-04-05,200,,26.33,(0.6)
79,Jack Shaw Classic,2019-04-05,4x400,,4:07.69,
79,2019 Drury Hotels Joey Haines Invite,2019-03-29,400,,1:03.07,
79,Horizon League Indoor Track & Field Championships,2019-02-23,400,,58.94,
79,Horizon League Indoor Track & Field Championships,2019-02-23,400,,58.72,
79,Horizon League Indoor Track & Field Championships,2019-02-23,4x400,,3:57.48,
79,Panther TuneUp,2019-02-16,200,,26.67,
79,GVSU Big Meet (Saturday),2019-02-09,200,,26.43,
79,GVSU Big Meet (Saturday),2019-02-09,400,,59.73,
79,2019 Meyo Invitational,2019-02-01,200,,26.43,
79,2019 Illini Invitational,2019-01-25,200,,26.87,
79,2019 Illini Invitational,2019-01-25,400,,1:01.05,
79,John Tierney Classic,2019-01-19,200,,27.18,
79,John Tierney Classic,2019-01-19,4x400,,4:10.81,
79,Badger Icebreaker,2019-01-12,60,,8.37,
79,Badger Icebreaker,2019-01-12,60,,8.40,
79,Badger Icebreaker,2019-01-12,4x400,,4:08.09,
79,Horizon League Outdoor Track & Field Championships,2018-05-04,200,,25.93,(1.4)
79,Horizon League Outdoor Track & Field Championships,2018-05-04,400,,1:00.52,
79,Horizon League Outdoor Track & Field Championships,2018-05-04,4x400,,3:57.77,
79,UW-Whitewater Drake Alternative,2018-04-28,100,,12.78,(2.7)
79,UW-Whitewater Drake Alternative,2018-04-28,100,,12.88,(2.1)
79,UW-Whitewater Drake Alternative,2018-04-28,200,,26.06,(2.8)
79,DePaul Invitational,2018-04-21,400,,1:01.55,
79,DePaul Invitational,2018-04-21,4x400,,4:01.25,
79,Gibson Invitational,2018-04-06,200,,26.38,(1.5)
79,2018 EIU Big Blue Classic,2018-03-30,100,,12.97,(2.8)
79,2018 EIU Big Blue Classic,2018-03-30,400,,1:02.51,
79,SIU Bill Cornell Spring Classic,2018-03-23,200,,26.47,(1.9)
79,SIU Bill Cornell Spring Classic,2018-03-23,400,,1:02.91,
79,Horizon League Indoor Track & Field Championships,2018-02-23,400,,1:00.43,
79,Horizon League Indoor Track & Field Championships,2018-02-23,4x400,,3:59.55,
79,Panther TuneUp,2018-02-17,60,,8.32,
79,Panther TuneUp,2018-02-17,200,,26.79,
79,GVSU Big Meet- Saturday,2018-02-10,400,,1:01.67,
79,GVSU Big Meet- Friday,2018-02-09,4x400,,4:02.50,
79,UW Parkside Classic,2018-02-03,55,,7.77,
79,UW Parkside Classic,2018-02-03,55,,7.84,
79,UW Parkside Classic,2018-02-03,200,,27.08,
79,2018 Mark Messersmith Invitational,2018-01-27,200,,27.30,
79,2018 Mark Messersmith Invitational,2018-01-27,400,,1:01.58,
79,John Tierney Classic,2018-01-20,300,,42.76,
79,John Tierney Classic,2018-01-20,4x400,,4:02.53,
79,Karl Schlender Invitational,2018-01-13,60,,8.51,
79,Karl Schlender Invitational,2018-01-13,60,,8.55,
79,Karl Schlender Invitational,2018-01-13,200,,27.65,
83,NCAA Division I West Preliminary Round,2021-05-26,HJ,1.67,,
83,John Kruchoski Open,2021-05-15,HJ,1.64,,
83,Horizon League Outdoor Track & Field Championships,2021-05-07,HJ,1.65,,
83,Valpo Invitational,2021-05-01,HJ,1.65,,
83,Clark Wood Invitational,2021-04-23,HJ,1.71,,
83,Gibson Invitational sponsored by the Terre Haute CVB,2021-04-16,HJ,1.75,,
83,Big Blue Classic,2021-04-09,HJ,1.7,,
83,Illinois State Redbird Invitational,2021-04-02,HJ,1.72,,
83,UW-Parkside Triangular,2021-02-19,HJ,1.7,,
83,Panther Tune-Up,2021-02-14,HJ,1.73,,
83,UW-Parkside Triangular,2021-02-05,HJ,1.7,,
83,Horizon League Indoor Track & Field Championships,2020-02-29,HJ,1.73,,
83,Panther Tune-Up,2020-02-22,HJ,1.7,,
83,GVSU Big Meet (Saturday),2020-02-15,HJ,1.78,,
83,2020 Meyo Invitational,2020-02-07,HJ,1.74,,
83,2020 ONU Invitational,2020-02-01,HJ,1.77,,
83,Illini Invitational,2020-01-24,HJ,1.71,,
83,John Tierney Classic,2020-01-18,HJ,1.72,,
83,Gene Edmonds Memorial,2020-01-10,HJ,1.71,,
83,Eagle Open at UW-La Crosse,2019-05-10,HJ,1.68,,
83,Horizon League Outdoor Track & Field Championships,2019-05-03,HJ,1.72,,
83,2019 Lenny Lyles-Clark Wood Invitational,2019-04-26,HJ,1.71,,
83,Kentucky Track & Field Invitational,2019-04-20,4x400,,4:08.32,
83,Kentucky Track & Field Invitational,2019-04-20,HJ,1.65,,
83,Illinois Twilight,2019-04-13,200,,27.19,(2.4)
83,Illinois Twilight,2019-04-13,4x400,,,
83,Illinois Twilight,2019-04-13,HJ,1.65,,
83,Jack Shaw Classic,2019-04-05,200,,,(+0.0)
83,Jack Shaw Classic,2019-04-05,4x400,,4:07.69,
83,Jack Shaw Classic,2019-04-05,HJ,1.64,,
83,2019 Drury Hotels Joey Haines Invite,2019-03-29,HJ,1.65,,
83,Horizon League Indoor Track & Field Championships,2019-02-23,4x400,,3:57.48,
83,Horizon League Indoor Track & Field Championships,2019-02-23,HJ,1.69,,
83,Panther TuneUp,2019-02-16,200,,27.53,
83,Panther TuneUp,2019-02-16,HJ,1.58,,
83,GVSU Big Meet (Saturday),2019-02-09,400,,1:01.16,
83,GVSU Big Meet (Saturday),2019-02-09,HJ,1.69,,
83,2019 Meyo Invitational,2019-02-01,HJ,1.7,,
83,2019 Illini Invitational,2019-01-25,HJ,1.7,,
83,John Tierney Classic,2019-01-19,400,,1:04.36,
83,John Tierney Classic,2019-01-19,4x400,,4:10.81,
83,John Tierney Classic,2019-01-19,HJ,1.67,,
83,Badger Icebreaker,2019-01-12,600,,1:42.74,
83,Badger Icebreaker,2019-01-12,4x400,,4:08.09,
83,Badger Icebreaker,2019-01-12,HJ,1.64,,
83,Horizon League Outdoor Track & Field Championships,2018-05-04,400,,59.82,
83,Horizon League Outdoor Track & Field Championships,2018-05-04,4x400,,3:57.77,
83,Horizon League Outdoor Track & Field Championships,2018-05-04,HJ,1.6,,
83,UW-Whitewater Drake Alternative,2018-04-28,200,,26.80,(3.1)
83,UW-Whitewater Drake Alternative,2018-04-28,HJ,1.57,,
83,DePaul Invitational,2018-04-21,400,,1:00.06,
83,DePaul Invitational,2018-04-21,4x400,,4:01.25,
83,DePaul Invitational,2018-04-21,HJ,1.6,,
83,Gibson Invitational,2018-04-06,200,,26.96,(1.5)
83,Gibson Invitational,2018-04-06,HJ,1.65,,
83,2018 EIU Big Blue Classic,2018-03-30,200,,27.53,(-2.0)
83,2018 EIU Big Blue Classic,2018-03-30,400,,1:02.81,
83,2018 EIU Big Blue Classic,2018-03-30,HJ,1.55,,
83,SIU Bill Cornell Spring Classic,2018-03-23,400,,1:02.92,
83,SIU Bill Cornell Spring Classic,2018-03-23,HJ,1.55,,
83,Horizon League Indoor Track & Field Championships,2018-02-23,400,,59.78,
83,Horizon League Indoor Track & Field Championships,2018-02-23,4x400,,3:59.55,
83,Horizon League Indoor Track & Field Championships,2018-02-23,HJ,1.69,,
83,Panther TuneUp,2018-02-17,400,,1:11.88,
83,Panther TuneUp,2018-02-17,HJ,1.68,,
83,GVSU Big Meet- Saturday,2018-02-10,400,,1:01.10,
83,GVSU Big Meet- Saturday,2018-02-10,HJ,1.63,,
83,GVSU Big Meet- Friday,2018-02-09,4x400,,4:02.50,
83,2018 Meyo Invitational,2018-02-02,400,,59.86,
83,2018 Meyo Invitational,2018-02-02,HJ,1.64,,
83,2018 Mark Messersmith Invitational,2018-01-27,200,,27.73,
83,2018 Mark Messersmith Invitational,2018-01-27,HJ,1.65,,
83,John Tierney Classic,2018-01-20,600,,1:39.01,
83,John Tierney Classic,2018-01-20,4x400,,4:02.53,
83,John Tierney Classic,2018-01-20,HJ,1.65,,
83,Karl Schlender Invitational,2018-01-13,400,,1:01.81,
83,Karl Schlender Invitational,2018-01-13,HJ,1.6,,
83,Horizon League Outdoor Track & Field Championships,2017-05-05,400,,1:01.68,
83,Horizon League Outdoor Track & Field Championships,2017-05-05,4x400,,3:52.19,
83,Horizon League Outdoor Track & Field Championships,2017-05-05,HJ,1.62,,
83,UW-Whitewater Drake Alternative Meet,2017-04-29,200,,26.88,(3.1)
83,UW-Whitewater Drake Alternative Meet,2017-04-29,HJ,1.5,,
83,Pacesetter Sports Invitational,2017-04-21,400,,1:02.24,
83,Pacesetter Sports Invitational,2017-04-21,HJ,1.58,,
83,Benedictine Eagle Relays 2017,2017-04-14,400,,58.66,
83,Benedictine Eagle Relays 2017,2017-04-14,HJ,1.55,,
83,Marquette Duals,2017-04-07,400,,59.99,
83,Marquette Duals,2017-04-07,4x400,,3:57.72,
83,Marquette Duals,2017-04-07,HJ,1.56,,
83,EIU Big Blue Classic 2017,2017-03-31,200,,27.17,(0.8)
83,EIU Big Blue Classic 2017,2017-03-31,HJ,1.58,,
83,Gene and Rose Edmonds Invitational,2017-03-25,200,,26.90,(1.6)
83,Gene and Rose Edmonds Invitational,2017-03-25,400,,1:00.90,
83,Gene and Rose Edmonds Invitational,2017-03-25,HJ,1.6,,
83,Horizon League Indoor Track & Field Championships,2017-02-25,400,,58.55,
83,Horizon League Indoor Track & Field Championships,2017-02-25,4x400,,3:53.85,
83,Horizon League Indoor Track & Field Championships,2017-02-25,HJ,1.6,,
83,Panther TuneUp,2017-02-18,60,,8.32,
83,Panther TuneUp,2017-02-18,HJ,1.6,,
83,GVSU Big Meet (Saturday),2017-02-11,400,,59.18,
83,GVSU Big Meet (Saturday),2017-02-11,4x400,,3:54.48,
83,GVSU Big Meet (Saturday),2017-02-11,HJ,1.62,,
83,UW Parkside Classic,2017-02-04,200,,26.83,
83,2017 Mark Messersmith Invitational,2017-01-28,400,,59.91,
83,2017 Mark Messersmith Invitational,2017-01-28,HJ,1.56,,
83,John Tierney Classic,2017-01-21,300,,42.19,
83,John Tierney Classic,2017-01-21,4x400,,3:57.83,
83,John Tierney Classic,2017-01-21,HJ,1.62,,
83,Karl Schlender Invitational,2017-01-14,400,,1:00.41,
83,Karl Schlender Invitational,2017-01-14,HJ,1.62,,
84,Valpo Invitational,2021-05-01,400,,1:01.84,
84,Clark Wood Invitational,2021-04-23,400,,1:03.16,
84,Big Blue Classic,2021-04-09,400,,1:00.53,
84,Big Blue Classic,2021-04-09,4x400,,3:58.92,
84,Illinois State Redbird Invitational,2021-04-02,200,,26.99,(3.3)
84,Illinois State Redbird Invitational,2021-04-02,4x400,,4:13.30,
84,UW-Parkside Triangular,2021-02-19,400,,1:00.84,
84,Panther Tune-Up,2021-02-14,200,,27.04,
84,Panther Tune-Up,2021-02-14,400,,1:00.98,
84,UW-Parkside Triangular,2021-02-05,400,,1:01.19,
84,UW-Parkside Triangular,2021-02-05,4x400,,4:10.65,
84,John Tierney Classic,2021-01-23,200,,27.60,
84,John Tierney Classic,2021-01-23,4x400,,4:11.65,
84,Horizon League Indoor Track & Field Championships,2020-02-29,200,,26.14,
84,Horizon League Indoor Track & Field Championships,2020-02-29,400,,57.92,
84,Horizon League Indoor Track & Field Championships,2020-02-29,400,,57.89,
84,Horizon League Indoor Track & Field Championships,2020-02-29,4x400,,3:56.97,
84,Panther Tune-Up,2020-02-22,4x400,,,
84,GVSU Big Meet (Saturday),2020-02-15,200,,26.18,
84,GVSU Big Meet Invite (Friday),2020-02-14,400,,59.72,
84,2020 Meyo Invitational,2020-02-07,DMR,,12:14.89,
84,2020 ONU Invitational,2020-02-01,400,,59.73,
84,Illini Invitational,2020-01-24,200,,26.62,
84,Illini Invitational,2020-01-24,400,,1:00.00,
84,John Tierney Classic,2020-01-18,400,,1:03.21,
84,Gene Edmonds Memorial,2020-01-10,200,,26.56,
84,Gene Edmonds Memorial,2020-01-10,4x400,,4:08.37,
84,Horizon League Outdoor Track & Field Championships,2019-05-03,400,,59.02,
84,Horizon League Outdoor Track & Field Championships,2019-05-03,400,,58.49,
84,Horizon League Outdoor Track & Field Championships,2019-05-03,4x400,,3:58.20,
84,2019 Lenny Lyles-Clark Wood Invitational,2019-04-26,400,,58.98,
84,2019 Lenny Lyles-Clark Wood Invitational,2019-04-26,4x400,,4:00.79,
84,Kentucky Track & Field Invitational,2019-04-20,400,,59.22,
84,Kentucky Track & Field Invitational,2019-04-20,4x400,,4:08.32,
84,Illinois Twilight,2019-04-13,400,,59.78,
84,Illinois Twilight,2019-04-13,4x400,,,
84,2019 Drury Hotels Joey Haines Invite,2019-03-29,400,,1:02.43,
84,Horizon League Indoor Track & Field Championships,2019-02-23,400,,57.65,
84,Horizon League Indoor Track & Field Championships,2019-02-23,400,,58.56,
84,Horizon League Indoor Track & Field Championships,2019-02-23,4x400,,3:57.48,
84,Panther TuneUp,2019-02-16,200,,27.14,
84,GVSU Big Meet (Saturday),2019-02-09,200,,27.02,
84,GVSU Big Meet (Saturday),2019-02-09,400,,,
84,2019 Meyo Invitational,2019-02-01,400,,58.62,
84,2019 Illini Invitational,2019-01-25,LJ,4.83,,
84,John Tierney Classic,2019-01-19,400,,59.95,
84,John Tierney Classic,2019-01-19,4x400,,4:10.81,
84,Badger Icebreaker,2019-01-12,60,,8.48,
84,Badger Icebreaker,2019-01-12,4x400,,4:08.09,
84,Badger Icebreaker,2019-01-12,LJ,5.11,,
84,Horizon League Outdoor Track & Field Championships,2018-05-04,400,,59.00,
84,Horizon League Outdoor Track & Field Championships,2018-05-04,400,,59.09,
84,Horizon League Outdoor Track & Field Championships,2018-05-04,4x400,,3:57.77,
84,Horizon League Outdoor Track & Field Championships,2018-05-04,PV,,,
84,UW-Whitewater Drake Alternative,2018-04-28,200,,26.40,(3.1)
84,UW-Whitewater Drake Alternative,2018-04-28,PV,2.99,,
84,DePaul Invitational,2018-04-21,400,,1:01.40,
84,DePaul Invitational,2018-04-21,4x400,,4:01.25,
84,Benedictine Relays and Invitational,2018-04-13,DMR,,12:51.94,
84,Benedictine Relays and Invitational,2018-04-13,PV,,,
84,Gibson Invitational,2018-04-06,200,,27.01,(1.5)
84,Gibson Invitational,2018-04-06,PV,3.2,,
84,2018 EIU Big Blue Classic,2018-03-30,200,,27.62,(-2.0)
84,2018 EIU Big Blue Classic,2018-03-30,400,,1:02.25,
84,2018 EIU Big Blue Classic,2018-03-30,PV,2.95,,
84,SIU Bill Cornell Spring Classic,2018-03-23,400,,1:00.95,
84,SIU Bill Cornell Spring Classic,2018-03-23,PV,,,
84,Horizon League Indoor Track & Field Championships,2018-02-23,400,,58.99,
84,Horizon League Indoor Track & Field Championships,2018-02-23,4x400,,3:59.55,
84,Horizon League Indoor Track & Field Championships,2018-02-23,PV,3.0,,
84,Panther TuneUp,2018-02-17,400,,59.65,
84,Panther TuneUp,2018-02-17,PV,2.9,,
84,GVSU Big Meet- Friday,2018-02-09,4x400,,4:02.50,
84,UW Parkside Classic,2018-02-03,200,,26.87,
84,UW Parkside Classic,2018-02-03,PV,,,
84,2018 Mark Messersmith Invitational,2018-01-27,400,,1:00.52,
84,2018 Mark Messersmith Invitational,2018-01-27,PV,,,
84,John Tierney Classic,2018-01-20,300,,42.98,
84,John Tierney Classic,2018-01-20,4x400,,4:02.53,
84,John Tierney Classic,2018-01-20,PV,2.95,,
84,Karl Schlender Invitational,2018-01-13,200,,27.35,
84,Karl Schlender Invitational,2018-01-13,PV,3.04,,
148,Horizon League Outdoor Track & Field Championships,2021-05-07,PV,3.81,,
148,Valpo Invitational,2021-05-01,PV,3.85,,
148,Clark Wood Invitational,2021-04-23,PV,3.53,,
148,Gibson Invitational sponsored by the Terre Haute CVB,2021-04-16,PV,3.6,,
148,Big Blue Classic,2021-04-09,PV,3.51,,
148,Horizon League Indoor Track & Field Championships,2021-02-26,PV,3.73,,
148,UW-Parkside Triangular,2021-02-19,PV,3.61,,
148,Panther Tune-Up,2021-02-14,PV,3.75,,
148,UW-Parkside Triangular,2021-02-05,PV,3.9,,
148,John Tierney Classic,2021-01-23,PV,3.5,,
148,The Panther Invite,2021-01-09,PV,3.45,,
148,Horizon League Indoor Track & Field Championships,2020-02-29,PV,,,
148,Panther Tune-Up,2020-02-22,PV,3.38,,
148,GVSU Big Meet (Saturday),2020-02-15,PV,3.36,,
148,2020 ONU Invitational,2020-02-01,PV,3.12,,
148,John Tierney Classic,2020-01-18,PV,,,
148,Gene Edmonds Memorial,2020-01-10,PV,3.3,,
148,Horizon League Outdoor Track & Field Championships,2019-05-03,PV,3.2,,
148,Kentucky Track & Field Invitational,2019-04-20,PV,,,
148,Illinois Twilight,2019-04-13,PV,3.15,,
148,Jack Shaw Classic,2019-04-05,PV,,,
148,Horizon League Indoor Track & Field Championships,2019-02-23,PV,3.36,,
148,Panther TuneUp,2019-02-16,PV,3.36,,
148,GVSU Big Meet (Saturday),2019-02-09,PV,3.12,,
148,2019 Meyo Invitational,2019-02-01,PV,3.15,,
148,2019 Illini Invitational,2019-01-25,PV,,,
148,John Tierney Classic,2019-01-19,PV,3.3,,
148,Badger Icebreaker,2019-01-12,PV,3.2,,
148,Horizon League Outdoor Track & Field Championships,2018-05-04,PV,3.27,,
148,UW-Whitewater Drake Alternative,2018-04-28,PV,3.29,,
148,DePaul Invitational,2018-04-21,PV,,,
148,Benedictine Relays and Invitational,2018-04-13,PV,3.0,,
148,Gibson Invitational,2018-04-06,PV,3.35,,
148,2018 EIU Big Blue Classic,2018-03-30,100,,13.71,(4.5)
148,2018 EIU Big Blue Classic,2018-03-30,PV,3.25,,
148,SIU Bill Cornell Spring Classic,2018-03-23,PV,3.05,,
148,Horizon League Indoor Track & Field Championships,2018-02-23,PV,3.3,,
148,Panther TuneUp,2018-02-17,PV,3.2,,
148,GVSU Big Meet- Saturday,2018-02-10,PV,3.27,,
148,UW Parkside Classic,2018-02-03,PV,3.15,,
148,2018 Mark Messersmith Invitational,2018-01-27,PV,3.0,,
148,John Tierney Classic,2018-01-20,PV,3.1,,
148,Karl Schlender Invitational,2018-01-13,PV,3.04,,
76,Gibson Invitational,2026-04-16,LJ,6.07,,(0.7)
76,Marquette Invitational,2026-04-10,LJ,6.47,,(-0.1)
76,UW-La Crosse Ashton May Invitational,2026-04-03,LJ,6.57,,(1.4)
76,Joyce Morton-Kief Invite,2026-03-27,LJ,6.4,,(3.4)
76,2026 Horizon League Indoor Track & Field Championship,2026-02-28,LJ,6.48,,
76,Panther Tune-up,2026-02-21,LJ,6.33,,
76,2026 Blue Demon Alumni Classic,2026-02-13,LJ,6.47,,
76,UW-La Crosse Mark Guthrie Legacy Invitational,2026-02-07,LJ,6.6,,
76,Horizon League Championship,2025-05-09,LJ,6.36,,(1.1)
76,Badger Challenge,2025-05-02,LJ,6.47,,(-0.3)
76,Badger Challenge,2025-05-02,TJ,,,
76,UW-Whitewater Drake Alternative,2025-04-24,LJ,6.52,,(0.2)
76,Gibson Invitational,2025-04-17,LJ,6.38,,(1.9)
76,Marquette Invitational,2025-04-10,LJ,6.32,,(-0.6)
76,Redbird Challenge,2025-03-28,LJ,,,
76,2025 Horizon League Indoor Track & Field Championship,2025-03-01,LJ,6.59,,
76,2025 Horizon League Indoor Track & Field Championship,2025-03-01,TJ,11.59,,
76,Panther Tune-up,2025-02-22,LJ,6.74,,
76,Panther Tune-up,2025-02-22,TJ,11.86,,
76,UW-La Crosse Mark Guthrie Legacy Invitational,2025-02-08,60,,7.30,
76,UW-La Crosse Mark Guthrie Legacy Invitational,2025-02-08,LJ,6.38,,
76,John Tierney Classic,2025-01-25,LJ,6.78,,
76,Badgers Midwest Invite,2025-01-11,LJ,6.52,,
76,2024 Horizon League Outdoor Track & Field Championship,2024-05-03,LJ,6.76,,(1.7)
76,UW-Whitewater Drake Alternative,2024-04-25,LJ,6.18,,(0.6)
76,Gibson Invitational,2024-04-18,LJ,6.52,,(0.5)
76,Golden Grizzly T&F Invite,2024-04-06,LJ,6.29,,(3.0)
76,Redbird Challenge,2024-03-29,LJ,6.64,,
76,PANTHER TUNE-UP,2024-02-17,60,,7.37,
76,PANTHER TUNE-UP,2024-02-17,LJ,6.74,,
76,Mark Guthrie Legacy Invite,2024-02-03,LJ,6.85,,
76,John Tierney Classic,2024-01-20,200,,23.76,
76,John Tierney Classic,2024-01-20,LJ,6.48,,
76,Badgers Midwest Invite,2024-01-13,LJ,6.36,,
76,Illini Open,2024-01-06,60,,7.47,
76,Illini Open,2024-01-06,LJ,6.69,,
76,2023 Blue Demon Holiday Invite,2023-12-08,LJ,6.55,,
76,Horizon League Championship,2023-05-05,LJ,6.76,,(2.8)
76,Clark Wood Open 2023,2023-04-28,LJ,6.68,,(0.2)
76,Gary Wieneke Memorial,2023-04-21,LJ,6.47,,(1.9)
76,Green & White Invite,2023-04-15,LJ,6.8,,(2.4)
76,Warrior Invitational,2023-04-06,LJ,6.32,,(0.1)
76,2023 Horizon League Indoor Track & Field Championship,2023-02-25,LJ,6.19,,
76,Dick Hendricks Invite,2023-02-11,LJ,6.51,,
76,Mark Guthrie Legacy Invitational,2023-02-04,LJ,6.07,,
76,John Tierney Classic,2023-01-21,200,,23.99,
76,John Tierney Classic,2023-01-21,LJ,6.5,,
76,Wisconsin Badgers Midwest Invite,2023-01-14,LJ,5.97,,
76,2022 Blue Demon Holiday Invite,2022-12-09,60,,7.46,
76,2022 Blue Demon Holiday Invite,2022-12-09,LJ,6.21,,
107,Gibson Invitational,2026-04-16,400,,48.16,
108,Gibson Invitational,2026-04-16,400,,48.16,
107,Gibson Invitational,2026-04-16,4x400,,3:19.19,
108,Gibson Invitational,2026-04-16,4x400,,3:19.19,
107,Duke Invitational,2026-04-10,200,,22.07,(-0.6)
108,Duke Invitational,2026-04-10,200,,22.07,(-0.6)
107,Duke Invitational,2026-04-10,400,,48.13,
108,Duke Invitational,2026-04-10,400,,48.13,
107,Raleigh Relays,2026-03-26,400,,47.92,
108,Raleigh Relays,2026-03-26,400,,47.92,
107,2026 Horizon League Indoor Track & Field Championship,2026-02-28,400,,49.11,
108,2026 Horizon League Indoor Track & Field Championship,2026-02-28,400,,49.11,
107,2026 Horizon League Indoor Track & Field Championship,2026-02-28,400,,48.64,
108,2026 Horizon League Indoor Track & Field Championship,2026-02-28,400,,48.64,
107,2026 Horizon League Indoor Track & Field Championship,2026-02-28,4x400,,3:15.65,
108,2026 Horizon League Indoor Track & Field Championship,2026-02-28,4x400,,3:15.65,
107,GVSU Big Meet-Friday,2026-02-13,400,,49.28,
108,GVSU Big Meet-Friday,2026-02-13,400,,49.28,
107,GVSU Big Meet-Friday,2026-02-13,4x400,,3:18.19,
108,GVSU Big Meet-Friday,2026-02-13,4x400,,3:18.19,
107,Iowa State Classic,2026-02-06,400,,50.03,
108,Iowa State Classic,2026-02-06,400,,50.03,
107,Iowa State Classic,2026-02-06,4x400,,,
108,Iowa State Classic,2026-02-06,4x400,,,
107,2026 Meyo Invitational (Notre Dame Indoor T&F),2026-01-30,200,,22.49,
108,2026 Meyo Invitational (Notre Dame Indoor T&F),2026-01-30,200,,22.49,
107,2026 Meyo Invitational (Notre Dame Indoor T&F),2026-01-30,400,,49.93,
108,2026 Meyo Invitational (Notre Dame Indoor T&F),2026-01-30,400,,49.93,
107,Larry Wieczorek Invitational,2026-01-23,200,,22.60,
108,Larry Wieczorek Invitational,2026-01-23,200,,22.60,
107,Larry Wieczorek Invitational,2026-01-23,400,,50.43,
108,Larry Wieczorek Invitational,2026-01-23,400,,50.43,
107,Tierney Classic,2026-01-18,4x400,,3:28.52,
108,Tierney Classic,2026-01-18,4x400,,3:28.52,
107,Minnesota Open,2026-01-10,200,,22.63,
108,Minnesota Open,2026-01-10,200,,22.63,
107,Minnesota Open,2026-01-10,400,,,
108,Minnesota Open,2026-01-10,400,,,
107,2025 Blue Demon Holiday Invite,2025-12-12,300,,34.89,
108,2025 Blue Demon Holiday Invite,2025-12-12,300,,34.89,
107,2024 Horizon League Outdoor Track & Field Championship,2024-05-03,200,,22.30,(1.3)
108,2024 Horizon League Outdoor Track & Field Championship,2024-05-03,200,,22.30,(1.3)
107,2024 Horizon League Outdoor Track & Field Championship,2024-05-03,200,,21.94,(3.1)
108,2024 Horizon League Outdoor Track & Field Championship,2024-05-03,200,,21.94,(3.1)
107,2024 Horizon League Outdoor Track & Field Championship,2024-05-03,400,,48.05,
108,2024 Horizon League Outdoor Track & Field Championship,2024-05-03,400,,48.05,
107,2024 Horizon League Outdoor Track & Field Championship,2024-05-03,400,,48.24,
108,2024 Horizon League Outdoor Track & Field Championship,2024-05-03,400,,48.24,
107,2024 Horizon League Outdoor Track & Field Championship,2024-05-03,4x100,,41.18,
108,2024 Horizon League Outdoor Track & Field Championship,2024-05-03,4x100,,41.18,
107,2024 Horizon League Outdoor Track & Field Championship,2024-05-03,4x400,,3:13.34,
108,2024 Horizon League Outdoor Track & Field Championship,2024-05-03,4x400,,3:13.34,
107,Clark Wood Open 2024,2024-04-26,200,,21.95,(1.8)
108,Clark Wood Open 2024,2024-04-26,200,,21.95,(1.8)
107,Clark Wood Open 2024,2024-04-26,400,,48.22,
108,Clark Wood Open 2024,2024-04-26,400,,48.22,
107,Clark Wood Open 2024,2024-04-26,4x100,,40.70,
108,Clark Wood Open 2024,2024-04-26,4x100,,40.70,
107,Gibson Invitational,2024-04-18,200,,22.05,(-0.1)
108,Gibson Invitational,2024-04-18,200,,22.05,(-0.1)
107,Gibson Invitational,2024-04-18,400,,48.78,
108,Gibson Invitational,2024-04-18,400,,48.78,
107,Gibson Invitational,2024-04-18,4x400,,3:18.70,
108,Gibson Invitational,2024-04-18,4x400,,3:18.70,
107,Gary Wieneke Memorial,2024-04-13,400,,49.37,
108,Gary Wieneke Memorial,2024-04-13,400,,49.37,
107,Gary Wieneke Memorial,2024-04-13,4x400,,,
108,Gary Wieneke Memorial,2024-04-13,4x400,,,
107,Golden Grizzly T&F Invite,2024-04-06,200,,22.17,(2.2)
108,Golden Grizzly T&F Invite,2024-04-06,200,,22.17,(2.2)
107,Golden Grizzly T&F Invite,2024-04-06,400,,49.06,
108,Golden Grizzly T&F Invite,2024-04-06,400,,49.06,
107,Golden Grizzly T&F Invite,2024-04-06,4x400,,3:17.14,
108,Golden Grizzly T&F Invite,2024-04-06,4x400,,3:17.14,
107,Redbird Challenge,2024-03-29,400,,48.97,
108,Redbird Challenge,2024-03-29,400,,48.97,
107,Horizon League Indoor Track & Field Championship,2024-02-24,400,,49.22,
108,Horizon League Indoor Track & Field Championship,2024-02-24,400,,49.22,
107,Horizon League Indoor Track & Field Championship,2024-02-24,400,,49.39,
108,Horizon League Indoor Track & Field Championship,2024-02-24,400,,49.39,
107,Horizon League Indoor Track & Field Championship,2024-02-24,4x400,,3:15.85,
108,Horizon League Indoor Track & Field Championship,2024-02-24,4x400,,3:15.85,
107,GVSU Big Meet- (Friday),2024-02-09,400,,49.52,
108,GVSU Big Meet- (Friday),2024-02-09,400,,49.52,
107,Mark Guthrie Legacy Invite,2024-02-03,400,,50.32,
108,Mark Guthrie Legacy Invite,2024-02-03,400,,50.32,
107,Illini Challenge,2024-01-26,200,,22.88,
108,Illini Challenge,2024-01-26,200,,22.88,
107,Illini Challenge,2024-01-26,400,,50.24,
108,Illini Challenge,2024-01-26,400,,50.24,
107,Illini Challenge,2024-01-26,4x400,,3:28.46,
108,Illini Challenge,2024-01-26,4x400,,3:28.46,
107,Illini Challenge,2024-01-26,DMR,,10:21.73,
108,Illini Challenge,2024-01-26,DMR,,10:21.73,
107,John Tierney Classic,2024-01-20,200,,22.75,
108,John Tierney Classic,2024-01-20,200,,22.75,
107,John Tierney Classic,2024-01-20,4x400,,3:22.20,
108,John Tierney Classic,2024-01-20,4x400,,3:22.20,
107,Badgers Midwest Invite,2024-01-13,300,,34.60,
108,Badgers Midwest Invite,2024-01-13,300,,34.60,
107,Horizon League Championship,2023-05-05,400,,49.89,
108,Horizon League Championship,2023-05-05,400,,49.89,
107,Horizon League Championship,2023-05-05,400,,49.31,
108,Horizon League Championship,2023-05-05,400,,49.31,
107,Horizon League Championship,2023-05-05,4x400,,3:18.75,
108,Horizon League Championship,2023-05-05,4x400,,3:18.75,
107,Clark Wood Open 2023,2023-04-28,400,,49.83,
108,Clark Wood Open 2023,2023-04-28,400,,49.83,
107,Clark Wood Open 2023,2023-04-28,4x400,,3:23.45,
108,Clark Wood Open 2023,2023-04-28,4x400,,3:23.45,
107,Marquette Invitational,2023-04-22,200,,22.60,(-0.7)
108,Marquette Invitational,2023-04-22,200,,22.60,(-0.7)
107,Marquette Invitational,2023-04-22,400,,49.98,
108,Marquette Invitational,2023-04-22,400,,49.98,
107,Gibson Invitational & Multis,2023-04-13,400,,49.09,
108,Gibson Invitational & Multis,2023-04-13,400,,49.09,
107,Gibson Invitational & Multis,2023-04-13,4x400,,3:22.23,
108,Gibson Invitational & Multis,2023-04-13,4x400,,3:22.23,
107,Fighting Illini Challenge,2023-04-08,400,,49.12,
108,Fighting Illini Challenge,2023-04-08,400,,49.12,
107,Fighting Illini Challenge,2023-04-08,4x400,,3:29.95,
108,Fighting Illini Challenge,2023-04-08,4x400,,3:29.95,
107,2023 Horizon League Indoor Track & Field Championship,2023-02-25,400,,51.18,
108,2023 Horizon League Indoor Track & Field Championship,2023-02-25,400,,51.18,
107,2023 Horizon League Indoor Track & Field Championship,2023-02-25,4x400,,3:21.77,
108,2023 Horizon League Indoor Track & Field Championship,2023-02-25,4x400,,3:21.77,
107,2023 Horizon League Indoor Track & Field Championship,2023-02-25,DMR,,10:34.13,
108,2023 Horizon League Indoor Track & Field Championship,2023-02-25,DMR,,10:34.13,
107,Panther Tune-Up,2023-02-18,400,,50.99,
108,Panther Tune-Up,2023-02-18,400,,50.99,
107,Wisconsin Badgers Midwest Invite,2023-01-14,600,,1:26.86,
108,Wisconsin Badgers Midwest Invite,2023-01-14,600,,1:26.86,
107,Wisconsin Badgers Midwest Invite,2023-01-14,4x400,,3:20.69,
108,Wisconsin Badgers Midwest Invite,2023-01-14,4x400,,3:20.69,
107,2022 Blue Demon Holiday Invite,2022-12-09,400,,49.96,
108,2022 Blue Demon Holiday Invite,2022-12-09,400,,49.96,
107,2022 Blue Demon Holiday Invite,2022-12-09,4x400,,,
108,2022 Blue Demon Holiday Invite,2022-12-09,4x400,,,
126,2025 Blue Demon Holiday Invite,2025-12-12,HJ,1.98,,
126,UWL Final Qualifier,2025-05-14,HJ,1.94,,
126,Horizon League Championship,2025-05-09,HJ,2.02,,
126,Badger Challenge,2025-05-02,HJ,1.92,,
126,Fighting Illini Twilight,2025-04-26,HJ,2.03,,
126,Gibson Invitational,2025-04-17,HJ,2.03,,
126,Marquette Invitational,2025-04-10,HJ,1.95,,
126,Ashton May Invitational,2025-04-05,HJ,,,
126,Raleigh Relays,2025-03-27,HJ,1.95,,
126,2025 Horizon League Indoor Track & Field Championship,2025-03-01,HJ,2.01,,
126,Panther Tune-up,2025-02-22,HJ,1.98,,
126,UW-La Crosse Mark Guthrie Legacy Invitational,2025-02-08,HJ,1.97,,
126,Meyo Invitational (2025 Notre Dame Indoor Track & Field),2025-01-31,HJ,1.96,,
126,John Tierney Classic,2025-01-25,HJ,2.05,,
126,Badgers Midwest Invite,2025-01-11,HJ,2.0,,
126,2024 Blue Demon Holiday Invite,2024-12-13,HJ,1.98,,
126,2024 Horizon League Outdoor Track & Field Championship,2024-05-03,HJ,1.98,,
126,Clark Wood Open 2024,2024-04-26,HJ,1.9,,
126,Gibson Invitational,2024-04-18,HJ,1.96,,
126,Marquette Invitational,2024-04-12,HJ,1.92,,
126,Golden Grizzly T&F Invite,2024-04-06,HJ,1.95,,
126,Redbird Challenge,2024-03-29,HJ,1.9,,
126,Horizon League Indoor Track & Field Championship,2024-02-24,HJ,1.96,,
126,PANTHER TUNE-UP,2024-02-17,HJ,1.9,,
126,Illini Open,2024-01-06,HJ,1.98,,
126,Horizon League Championship,2023-05-05,HJ,2.0,,
126,Clark Wood Open 2023,2023-04-28,HJ,1.9,,
126,Marquette Invitational,2023-04-22,HJ,1.95,,
126,Gibson Invitational & Multis,2023-04-13,HJ,1.9,,
126,Fighting Illini Challenge,2023-04-08,HJ,,,
126,2023 Horizon League Indoor Track & Field Championship,2023-02-25,HJ,1.96,,
126,Panther Tune-Up,2023-02-18,HJ,1.9,,
126,GVSU Big Meet (Friday),2023-02-10,HJ,1.91,,
126,Jack Johnson Classic,2023-01-27,HJ,,,
126,John Tierney Classic,2023-01-21,HJ,1.95,,
126,Wisconsin Badgers Midwest Invite,2023-01-14,HJ,1.91,,
14,Joyce Morton-Kief Invite,2026-03-27,TJ,13.69,,(3.7)
14,2026 Horizon League Indoor Track & Field Championship,2026-02-28,TJ,14.32,,
14,Panther Tune-up,2026-02-21,LJ,6.1,,
14,Panther Tune-up,2026-02-21,TJ,13.29,,
14,2026 Blue Demon Alumni Classic,2026-02-13,LJ,6.28,,
14,UW-La Crosse Mark Guthrie Legacy Invitational,2026-02-07,TJ,13.81,,
14,Larry Wieczorek Invitational,2026-01-23,TJ,13.87,,
14,Tierney Classic,2026-01-18,LJ,6.39,,
14,Tierney Classic,2026-01-18,TJ,13.97,,
14,Minnesota Open,2026-01-10,TJ,14.03,,
14,Horizon League Championship,2025-05-09,TJ,13.5,,(0.2)
14,Gibson Invitational,2025-04-17,TJ,13.17,,(2.1)
14,Marquette Invitational,2025-04-10,TJ,,,
14,Ashton May Invitational,2025-04-05,TJ,13.38,,(2.0)
14,Redbird Challenge,2025-03-28,TJ,13.73,,(2.1)
14,2025 Horizon League Indoor Track & Field Championship,2025-03-01,TJ,13.96,,
14,Panther Tune-up,2025-02-22,TJ,13.44,,
14,John Tierney Classic,2025-01-25,TJ,13.3,,
14,2024 Blue Demon Holiday Invite,2024-12-13,TJ,13.04,,
14,2024 Horizon League Outdoor Track & Field Championship,2024-05-03,TJ,14.14,,(+0.0)
14,Clark Wood Open 2024,2024-04-26,TJ,14.43,,(3.5)
14,Gibson Invitational,2024-04-18,TJ,13.61,,(0.8)
14,Marquette Invitational,2024-04-12,TJ,13.0,,(-1.6)
14,Golden Grizzly T&F Invite,2024-04-06,LJ,6.23,,(1.4)
14,Golden Grizzly T&F Invite,2024-04-06,TJ,13.25,,(2.1)
14,Redbird Challenge,2024-03-29,TJ,13.12,,(1.8)
14,Horizon League Indoor Track & Field Championship,2024-02-24,TJ,13.68,,
14,Illini Open,2024-01-06,TJ,13.62,,
14,2023 Blue Demon Holiday Invite,2023-12-08,TJ,14.11,,
14,Horizon League Championship,2023-05-05,TJ,13.98,,(0.7)
14,Clark Wood Open 2023,2023-04-28,TJ,13.91,,(1.9)
14,Gary Wieneke Memorial,2023-04-21,TJ,13.71,,(0.6)
14,Gibson Invitational & Multis,2023-04-13,LJ,6.18,,(1.8)
14,Gibson Invitational & Multis,2023-04-13,TJ,13.76,,(1.0)
14,Warrior Invitational,2023-04-06,LJ,6.25,,(0.1)
14,Warrior Invitational,2023-04-06,TJ,12.8,,(2.1)
14,2023 Horizon League Indoor Track & Field Championship,2023-02-25,LJ,6.2,,
14,2023 Horizon League Indoor Track & Field Championship,2023-02-25,TJ,13.89,,
14,Panther Tune-Up,2023-02-18,TJ,13.73,,
14,Mark Guthrie Legacy Invitational,2023-02-04,LJ,6.01,,
14,Mark Guthrie Legacy Invitational,2023-02-04,TJ,13.34,,
14,John Tierney Classic,2023-01-21,LJ,6.13,,
14,John Tierney Classic,2023-01-21,TJ,13.27,,
14,Wisconsin Badgers Midwest Invite,2023-01-14,LJ,5.81,,
14,Wisconsin Badgers Midwest Invite,2023-01-14,TJ,13.15,,
14,2022 Blue Demon Holiday Invite,2022-12-09,LJ,6.03,,
14,2022 Blue Demon Holiday Invite,2022-12-09,TJ,12.93,,
15,Gibson Invitational,2026-04-16,200,,22.09,(0.4)
15,Gibson Invitational,2026-04-16,400,,48.93,
15,Gibson Invitational,2026-04-16,4x400,,3:19.19,
15,Duke Invitational,2026-04-10,200,,22.34,(-0.1)
15,Duke Invitational,2026-04-10,400,,48.56,
15,Duke Invitational,2026-04-10,LJ,6.97,,(2.0)
15,Raleigh Relays,2026-03-26,400,,48.69,
15,Raleigh Relays,2026-03-26,LJ,7.2,,(0.6)
15,2026 Horizon League Indoor Track & Field Championship,2026-02-28,400,,48.79,
15,2026 Horizon League Indoor Track & Field Championship,2026-02-28,400,,,
15,2026 Horizon League Indoor Track & Field Championship,2026-02-28,LJ,6.37,,
15,Panther Tune-up,2026-02-21,LJ,7.5,,
15,GVSU Big Meet-Friday,2026-02-13,200,,22.31,
15,GVSU Big Meet-Friday,2026-02-13,400,,48.90,
15,GVSU Big Meet-Friday,2026-02-13,4x400,,3:18.19,
15,Iowa State Classic,2026-02-06,400,,49.58,
15,Iowa State Classic,2026-02-06,4x400,,,
15,2026 Meyo Invitational (Notre Dame Indoor T&F),2026-01-30,200,,22.51,
15,2026 Meyo Invitational (Notre Dame Indoor T&F),2026-01-30,400,,49.69,
15,Larry Wieczorek Invitational,2026-01-23,400,,50.47,
15,Larry Wieczorek Invitational,2026-01-23,LJ,6.79,,
15,Tierney Classic,2026-01-18,LJ,7.29,,
15,Minnesota Open,2026-01-10,400,,51.01,
15,Minnesota Open,2026-01-10,LJ,6.6,,
15,2025 Blue Demon Holiday Invite,2025-12-12,300,,35.11,
15,2025 Blue Demon Holiday Invite,2025-12-12,LJ,7.01,,
15,UWL Final Qualifier,2025-05-14,LJ,7.01,,(0.5)
15,Horizon League Championship,2025-05-09,400,,49.19,
15,Horizon League Championship,2025-05-09,400,,49.98,
15,Horizon League Championship,2025-05-09,4x400,,3:23.73,
15,Horizon League Championship,2025-05-09,LJ,7.39,,(1.9)
15,Badger Challenge,2025-05-02,200,,22.44,(1.5)
15,Fighting Illini Twilight,2025-04-26,400,,,
15,Fighting Illini Twilight,2025-04-26,LJ,7.1,,(0.9)
15,Gibson Invitational,2025-04-17,400,,49.49,
15,Gibson Invitational,2025-04-17,4x400,,3:26.23,
15,Duke Invitational,2025-04-10,400,,49.52,
15,Duke Invitational,2025-04-10,LJ,7.03,,(-0.1)
15,Ashton May Invitational,2025-04-05,LJ,7.51,,(3.8)
15,Redbird Challenge,2025-03-28,400,,,
15,Redbird Challenge,2025-03-28,LJ,7.41,,(2.2)
15,2025 Horizon League Indoor Track & Field Championship,2025-03-01,400,,51.19,
15,2025 Horizon League Indoor Track & Field Championship,2025-03-01,400,,51.22,
15,2025 Horizon League Indoor Track & Field Championship,2025-03-01,4x400,,3:27.50,
15,2025 Horizon League Indoor Track & Field Championship,2025-03-01,LJ,7.2,,
15,Panther Tune-up,2025-02-22,400,,,
15,Panther Tune-up,2025-02-22,LJ,7.04,,
15,GVSU Big Meet- Friday,2025-02-14,200,,23.13,
15,GVSU Big Meet- Friday,2025-02-14,400,,50.06,
15,UW-La Crosse Mark Guthrie Legacy Invitational,2025-02-08,400,,50.65,
15,UW-La Crosse Mark Guthrie Legacy Invitational,2025-02-08,LJ,7.05,,
15,Meyo Invitational (2025 Notre Dame Indoor Track & Field),2025-01-31,400,,49.99,
15,Meyo Invitational (2025 Notre Dame Indoor Track & Field),2025-01-31,LJ,7.15,,(+0.0)
15,John Tierney Classic,2025-01-25,LJ,7.01,,
41,Marquette Invitational,2026-04-10,PV,4.07,,
41,UW-La Crosse Ashton May Invitational,2026-04-03,PV,,,
41,Joyce Morton-Kief Invite,2026-03-27,PV,,,
41,2026 Horizon League Indoor Track & Field Championship,2026-02-28,PV,,,
41,Panther Tune-up,2026-02-21,PV,,,
41,UW-La Crosse Mark Guthrie Legacy Invitational,2026-02-07,PV,4.4,,
41,Larry Wieczorek Invitational,2026-01-23,PV,4.25,,
41,Tierney Classic,2026-01-18,PV,4.3,,
41,Minnesota Open,2026-01-10,PV,,,
41,Horizon League Championship,2025-05-09,PV,,,
41,Badger Challenge,2025-05-02,PV,,,
41,UW-Whitewater Drake Alternative,2025-04-24,PV,4.32,,
41,Gibson Invitational,2025-04-17,PV,4.3,,
41,Marquette Invitational,2025-04-10,PV,4.28,,
41,Ashton May Invitational,2025-04-05,PV,4.31,,
41,Redbird Challenge,2025-03-28,PV,4.17,,
41,2025 Horizon League Indoor Track & Field Championship,2025-03-01,PV,4.4,,
41,Panther Tune-up,2025-02-22,PV,4.55,,
41,UW-La Crosse Mark Guthrie Legacy Invitational,2025-02-08,PV,,,
41,Meyo Invitational (2025 Notre Dame Indoor Track & Field),2025-01-31,PV,,,
41,John Tierney Classic,2025-01-25,PV,4.4,,
91,Tierney Classic,2026-01-18,SP,10.89,,
91,Horizon League Championship,2025-05-09,Dec,,4151,
91,Horizon League Championship,2025-05-09,1500,,6:15.39,
91,Horizon League Championship,2025-05-09,JT,30.23,,
91,Horizon League Championship,2025-05-09,PV,3.4,,
91,Horizon League Championship,2025-05-09,DT,29.78,,
91,Horizon League Championship,2025-05-09,110H,,20.24,(0.9)
91,Horizon League Championship,2025-05-09,400,,58.99,
91,Horizon League Championship,2025-05-09,HJ,1.55,,
91,Horizon League Championship,2025-05-09,SP,10.38,,
91,Horizon League Championship,2025-05-09,LJ,5.14,,(2.2)
91,Horizon League Championship,2025-05-09,100,,12.23,(1.6)
91,Badger Challenge,2025-05-02,SP,11.36,,
91,Badger Challenge,2025-05-02,DT,34.59,,
91,Badger Challenge,2025-05-02,JT,26.81,,
91,Gibson Invitational,2025-04-17,Dec,,4054,
91,Gibson Invitational,2025-04-17,100,,12.16,(2.3)
91,Gibson Invitational,2025-04-17,LJ,4.97,,(3.5)
91,Gibson Invitational,2025-04-17,SP,10.92,,
91,Gibson Invitational,2025-04-17,HJ,1.43,,
91,Gibson Invitational,2025-04-17,400,,59.40,
91,Gibson Invitational,2025-04-17,110H,,20.06,(5.1)
91,Gibson Invitational,2025-04-17,DT,31.62,,
91,Gibson Invitational,2025-04-17,PV,3.55,,
91,Gibson Invitational,2025-04-17,JT,27.6,,
91,Gibson Invitational,2025-04-17,1500,,6:34.14,
91,Marquette Invitational,2025-04-10,100,,12.21,(1.7)
91,Marquette Invitational,2025-04-10,110H,,20.67,(2.2)
91,Marquette Invitational,2025-04-10,LJ,5.17,,(-0.2)
91,Marquette Invitational,2025-04-10,SP,10.29,,
91,Ashton May Invitational,2025-04-05,HJ,,,
91,Ashton May Invitational,2025-04-05,PV,,,
91,Ashton May Invitational,2025-04-05,JT,28.79,,
91,Redbird Challenge,2025-03-28,LJ,5.09,,(5.7)
91,Redbird Challenge,2025-03-28,SP,10.61,,
91,Redbird Challenge,2025-03-28,DT,31.34,,
91,Redbird Challenge,2025-03-28,JT,,,
91,2025 Horizon League Indoor Track & Field Championship,2025-03-01,Hep,,2637,
91,2025 Horizon League Indoor Track & Field Championship,2025-03-01,60,,7.84,
91,2025 Horizon League Indoor Track & Field Championship,2025-03-01,LJ,5.21,,
91,2025 Horizon League Indoor Track & Field Championship,2025-03-01,SP,10.82,,
91,2025 Horizon League Indoor Track & Field Championship,2025-03-01,HJ,1.52,,
91,2025 Horizon League Indoor Track & Field Championship,2025-03-01,60H,,,
91,2025 Horizon League Indoor Track & Field Championship,2025-03-01,PV,3.1,,
91,2025 Horizon League Indoor Track & Field Championship,2025-03-01,1000,,3:45.75,
91,Panther Tune-up,2025-02-22,60H,,11.65,
91,Panther Tune-up,2025-02-22,HJ,1.53,,
91,Panther Tune-up,2025-02-22,PV,3.2,,
91,Panther Tune-up,2025-02-22,SP,11.43,,
91,UW-La Crosse Mark Guthrie Legacy Invitational,2025-02-08,LJ,5.14,,
91,UW-La Crosse Mark Guthrie Legacy Invitational,2025-02-08,SP,10.99,,
91,John Tierney Classic,2025-01-25,PV,,,
91,John Tierney Classic,2025-01-25,SP,10.42,,
91,Mastodon Invitational 2025,2025-01-17,Hep,,2844,
91,Mastodon Invitational 2025,2025-01-17,1000,,3:54.26,
91,Mastodon Invitational 2025,2025-01-17,PV,3.1,,
91,Mastodon Invitational 2025,2025-01-17,60H,,11.38,
91,Mastodon Invitational 2025,2025-01-17,HJ,1.48,,
91,Mastodon Invitational 2025,2025-01-17,SP,11.2,,
91,Mastodon Invitational 2025,2025-01-17,LJ,5.12,,
91,Mastodon Invitational 2025,2025-01-17,60,,7.92,
91,Badgers Midwest Invite,2025-01-11,LJ,5.18,,
91,Badgers Midwest Invite,2025-01-11,SP,9.95,,
106,GVSU Big Meet-Friday,2026-02-13,400,,51.91,
106,Larry Wieczorek Invitational,2026-01-23,200,,23.73,
106,Larry Wieczorek Invitational,2026-01-23,400,,,
106,Tierney Classic,2026-01-18,200,,23.33,
106,Tierney Classic,2026-01-18,4x400,,3:28.52,
106,Minnesota Open,2026-01-10,200,,,
106,Horizon League Championship,2025-05-09,400,,51.09,
106,Horizon League Championship,2025-05-09,4x400,,3:23.73,
106,Badger Challenge,2025-05-02,200,,23.00,(0.6)
106,Badger Challenge,2025-05-02,400,,50.93,
106,Fighting Illini Twilight,2025-04-26,400,,51.93,
106,Gibson Invitational,2025-04-17,400,,50.82,
106,Gibson Invitational,2025-04-17,4x400,,3:26.23,
106,Marquette Invitational,2025-04-10,400,,50.19,
106,Marquette Invitational,2025-04-10,4x400,,3:33.34,
106,Redbird Challenge,2025-03-28,200,,,
106,Redbird Challenge,2025-03-28,400,,,
106,2025 Horizon League Indoor Track & Field Championship,2025-03-01,400,,52.10,
106,2025 Horizon League Indoor Track & Field Championship,2025-03-01,4x400,,3:27.50,
106,2025 Horizon League Indoor Track & Field Championship,2025-03-01,DMR,,10:21.17,
106,Panther Tune-up,2025-02-22,200,,,
106,Panther Tune-up,2025-02-22,400,,51.98,
106,GVSU Big Meet- Friday,2025-02-14,200,,23.09,
106,GVSU Big Meet- Friday,2025-02-14,400,,50.89,
106,UW-La Crosse Mark Guthrie Legacy Invitational,2025-02-08,200,,22.90,
106,UW-La Crosse Mark Guthrie Legacy Invitational,2025-02-08,400,,51.41,
106,UW-La Crosse Mark Guthrie Legacy Invitational,2025-02-08,4x400,,3:30.58,
106,John Tierney Classic,2025-01-25,200,,,
106,John Tierney Classic,2025-01-25,400,,52.84,
106,John Tierney Classic,2025-01-25,4x400,,,
106,Badgers Midwest Invite,2025-01-11,300,,36.42,
27,Gibson Invitational,2026-04-16,110H,,16.25,(0.4)
27,Gibson Invitational,2026-04-16,400H,,57.41,
27,Marquette Invitational,2026-04-10,110H,,15.88,(3.2)
27,UW-La Crosse Ashton May Invitational,2026-04-03,200,,23.34,(2.0)
27,UW-La Crosse Ashton May Invitational,2026-04-03,110H,,15.93,(-0.2)
27,Joyce Morton-Kief Invite,2026-03-27,400H,,,
27,2026 Horizon League Indoor Track & Field Championship,2026-02-28,60H,,8.57,
27,Panther Tune-up,2026-02-21,60H,,8.59,
27,Panther Tune-up,2026-02-21,60H,,8.83,
27,GVSU Big Meet-Friday,2026-02-13,200,,23.66,
27,GVSU Big Meet-Friday,2026-02-13,60H,,8.89,
27,2026 Meyo Invitational (Notre Dame Indoor T&F),2026-01-30,400,,52.49,
27,2026 Meyo Invitational (Notre Dame Indoor T&F),2026-01-30,60H,,9.12,
27,Larry Wieczorek Invitational,2026-01-23,200,,23.63,
27,Larry Wieczorek Invitational,2026-01-23,60H,,8.68,
27,Tierney Classic,2026-01-18,60,,7.33,
27,Tierney Classic,2026-01-18,60,,7.25,
27,Tierney Classic,2026-01-18,60H,,8.67,
27,Minnesota Open,2026-01-10,400,,54.17,
27,Minnesota Open,2026-01-10,60H,,,
27,2025 Blue Demon Holiday Invite,2025-12-12,60H,,8.71,
27,Horizon League Championship,2025-05-09,400H,,,
27,Badger Challenge,2025-05-02,110H,,16.44,(-0.2)
27,Fighting Illini Twilight,2025-04-26,400H,,57.87,
27,Gibson Invitational,2025-04-17,400H,,59.03,
27,Marquette Invitational,2025-04-10,400H,,57.37,
27,Marquette Invitational,2025-04-10,4x400,,3:33.34,
27,Redbird Challenge,2025-03-28,110H,,,
27,2025 Horizon League Indoor Track & Field Championship,2025-03-01,60H,,9.05,
27,2025 Horizon League Indoor Track & Field Championship,2025-03-01,60H,,8.79,
27,Panther Tune-up,2025-02-22,60H,,8.98,
27,Panther Tune-up,2025-02-22,60H,,8.87,
27,UW-La Crosse Mark Guthrie Legacy Invitational,2025-02-08,200,,24.21,
27,UW-La Crosse Mark Guthrie Legacy Invitational,2025-02-08,60H,,8.81,
27,UW-La Crosse Mark Guthrie Legacy Invitational,2025-02-08,4x400,,3:30.58,
27,John Tierney Classic,2025-01-25,400,,,
27,John Tierney Classic,2025-01-25,60H,,9.09,
27,John Tierney Classic,2025-01-25,60H,,8.96,
27,John Tierney Classic,2025-01-25,4x400,,,
27,Badgers Midwest Invite,2025-01-11,300,,37.52,
27,Badgers Midwest Invite,2025-01-11,60H,,8.88,
27,2024 Blue Demon Holiday Invite,2024-12-13,60H,,8.75,
27,2024 Horizon League Outdoor Track & Field Championship,2024-05-03,400H,,58.80,
27,2024 Horizon League Outdoor Track & Field Championship,2024-05-03,400H,,58.48,
27,Clark Wood Open 2024,2024-04-26,110H,,16.97,(2.2)
27,Clark Wood Open 2024,2024-04-26,400H,,59.47,
27,Gibson Invitational,2024-04-18,110H,,16.54,(-0.2)
27,Gibson Invitational,2024-04-18,400H,,58.48,
27,Marquette Invitational,2024-04-12,110H,,17.24,(1.5)
27,Golden Grizzly T&F Invite,2024-04-06,110H,,16.47,(3.0)
27,Golden Grizzly T&F Invite,2024-04-06,400H,,58.75,
27,Golden Grizzly T&F Invite,2024-04-06,4x400,,3:17.14,
27,Redbird Challenge,2024-03-29,110H,,16.67,(0.8)
27,Redbird Challenge,2024-03-29,110H,,16.77,(0.1)
27,Redbird Challenge,2024-03-29,400H,,59.47,
27,Horizon League Indoor Track & Field Championship,2024-02-24,60H,,8.91,
27,Horizon League Indoor Track & Field Championship,2024-02-24,60H,,8.81,
27,PANTHER TUNE-UP,2024-02-17,60H,,8.97,
27,Mark Guthrie Legacy Invite,2024-02-03,400,,53.83,
27,Mark Guthrie Legacy Invite,2024-02-03,60H,,8.88,
27,John Tierney Classic,2024-01-20,400,,54.07,
27,John Tierney Classic,2024-01-20,60H,,9.25,
27,John Tierney Classic,2024-01-20,60H,,9.04,
27,Badgers Midwest Invite,2024-01-13,300,,37.58,
27,Badgers Midwest Invite,2024-01-13,60H,,8.97,
27,2023 Blue Demon Holiday Invite,2023-12-08,60H,,9.05,
27,2023 Blue Demon Holiday Invite,2023-12-08,4x400,,3:34.38,
75,Gibson Invitational,2026-04-16,LJ,,,
75,Marquette Invitational,2026-04-10,LJ,6.22,,(0.4)
75,UW-La Crosse Ashton May Invitational,2026-04-03,LJ,6.13,,(+0.0)
75,2026 Horizon League Indoor Track & Field Championship,2026-02-28,LJ,6.78,,
75,Panther Tune-up,2026-02-21,LJ,6.7,,
75,2026 Blue Demon Alumni Classic,2026-02-13,LJ,6.49,,
75,UW-La Crosse Mark Guthrie Legacy Invitational,2026-02-07,LJ,6.23,,
75,Tierney Classic,2026-01-18,LJ,6.46,,
75,2025 Blue Demon Holiday Invite,2025-12-12,LJ,6.26,,
75,Horizon League Championship,2025-05-09,LJ,6.74,,(1.6)
75,Badger Challenge,2025-05-02,LJ,6.58,,(0.1)
75,UW-Whitewater Drake Alternative,2025-04-24,LJ,6.35,,(0.9)
75,Marquette Invitational,2025-04-10,LJ,6.45,,(-0.2)
75,Ashton May Invitational,2025-04-05,LJ,6.5,,(3.0)
75,Redbird Challenge,2025-03-28,LJ,6.32,,(3.3)
75,2025 Horizon League Indoor Track & Field Championship,2025-03-01,LJ,6.45,,
75,Panther Tune-up,2025-02-22,LJ,6.7,,
75,John Tierney Classic,2025-01-25,LJ,6.64,,
75,Badgers Midwest Invite,2025-01-11,LJ,6.29,,
75,2024 Horizon League Outdoor Track & Field Championship,2024-05-03,LJ,6.92,,(1.5)
75,UW-Whitewater Drake Alternative,2024-04-25,LJ,6.77,,(2.0)
75,Gibson Invitational,2024-04-18,LJ,6.61,,(+0.0)
75,Marquette Invitational,2024-04-12,LJ,6.41,,(3.0)
75,Redbird Challenge,2024-03-29,LJ,6.37,,
75,Horizon League Indoor Track & Field Championship,2024-02-24,LJ,6.65,,
75,PANTHER TUNE-UP,2024-02-17,60,,7.16,
75,PANTHER TUNE-UP,2024-02-17,60,,7.21,
75,PANTHER TUNE-UP,2024-02-17,LJ,6.72,,
75,Mark Guthrie Legacy Invite,2024-02-03,LJ,6.7,,
75,Illini Challenge,2024-01-26,LJ,6.42,,
75,John Tierney Classic,2024-01-20,LJ,6.66,,
75,Illini Open,2024-01-06,60,,7.28,
75,Illini Open,2024-01-06,LJ,6.25,,
75,2023 Blue Demon Holiday Invite,2023-12-08,LJ,6.81,,
100,Horizon League Championship,2025-05-09,110H,,14.81,(0.9)
100,Horizon League Championship,2025-05-09,110H,,14.97,(1.7)
100,Horizon League Championship,2025-05-09,PV,4.41,,
100,Horizon League Championship,2025-05-09,JT,46.55,,
100,Horizon League Championship,2025-05-09,Dec,,7038,
100,Horizon League Championship,2025-05-09,1500,,5:06.44,
100,Horizon League Championship,2025-05-09,JT,46.7,,
100,Horizon League Championship,2025-05-09,PV,4.2,,
100,Horizon League Championship,2025-05-09,DT,42.59,,
100,Horizon League Championship,2025-05-09,110H,,15.36,(0.9)
100,Horizon League Championship,2025-05-09,400,,51.76,
100,Horizon League Championship,2025-05-09,HJ,1.88,,
100,Horizon League Championship,2025-05-09,SP,12.97,,
100,Horizon League Championship,2025-05-09,LJ,6.86,,(2.5)
100,Horizon League Championship,2025-05-09,100,,10.82,(1.6)
100,Badger Challenge,2025-05-02,SP,12.52,,
100,Badger Challenge,2025-05-02,DT,36.35,,
100,Fighting Illini Twilight,2025-04-26,110H,,15.02,(2.6)
100,Fighting Illini Twilight,2025-04-26,LJ,6.96,,(3.1)
100,Fighting Illini Twilight,2025-04-26,JT,47.66,,
100,Duke Invitational,2025-04-10,Dec,,6959,
100,Duke Invitational,2025-04-10,100,,10.93,(-0.1)
100,Duke Invitational,2025-04-10,LJ,6.96,,(0.3)
100,Duke Invitational,2025-04-10,SP,12.13,,
100,Duke Invitational,2025-04-10,HJ,1.87,,
100,Duke Invitational,2025-04-10,400,,50.30,
100,Duke Invitational,2025-04-10,110H,,14.75,(0.4)
100,Duke Invitational,2025-04-10,DT,35.99,,
100,Duke Invitational,2025-04-10,PV,4.0,,
100,Duke Invitational,2025-04-10,JT,45.95,,
100,Duke Invitational,2025-04-10,1500,,4:58.66,
100,Ashton May Invitational,2025-04-05,DT,37.16,,
100,Ashton May Invitational,2025-04-05,JT,44.27,,
100,Redbird Challenge,2025-03-28,400,,,
100,Redbird Challenge,2025-03-28,110H,,15.10,(1.9)
100,Redbird Challenge,2025-03-28,110H,,,
100,Redbird Challenge,2025-03-28,LJ,6.5,,(2.8)
100,Redbird Challenge,2025-03-28,DT,25.63,,
100,Redbird Challenge,2025-03-28,JT,45.89,,
100,2025 Horizon League Indoor Track & Field Championship,2025-03-01,LJ,6.81,,
100,2025 Horizon League Indoor Track & Field Championship,2025-03-01,Hep,,5125,
100,2025 Horizon League Indoor Track & Field Championship,2025-03-01,60,,7.10,
100,2025 Horizon League Indoor Track & Field Championship,2025-03-01,LJ,7.09,,
100,2025 Horizon League Indoor Track & Field Championship,2025-03-01,SP,12.49,,
100,2025 Horizon League Indoor Track & Field Championship,2025-03-01,HJ,1.88,,
100,2025 Horizon League Indoor Track & Field Championship,2025-03-01,60H,,8.42,
100,2025 Horizon League Indoor Track & Field Championship,2025-03-01,PV,4.2,,
100,2025 Horizon League Indoor Track & Field Championship,2025-03-01,1000,,3:11.13,
100,Panther Tune-up,2025-02-22,60H,,,
100,Panther Tune-up,2025-02-22,PV,4.55,,
100,Panther Tune-up,2025-02-22,LJ,6.94,,
100,Panther Tune-up,2025-02-22,SP,12.44,,
100,UW-La Crosse Mark Guthrie Legacy Invitational,2025-02-08,60H,,8.21,
100,UW-La Crosse Mark Guthrie Legacy Invitational,2025-02-08,60H,,8.30,
100,UW-La Crosse Mark Guthrie Legacy Invitational,2025-02-08,PV,4.1,,
100,UW-La Crosse Mark Guthrie Legacy Invitational,2025-02-08,LJ,6.84,,
100,UW-La Crosse Mark Guthrie Legacy Invitational,2025-02-08,SP,12.09,,
100,John Tierney Classic,2025-01-25,SP,11.89,,
100,Mastodon Invitational 2025,2025-01-17,Hep,,4269,
100,Mastodon Invitational 2025,2025-01-17,1000,,3:02.15,
100,Mastodon Invitational 2025,2025-01-17,PV,4.3,,
100,Mastodon Invitational 2025,2025-01-17,60H,,,
100,Mastodon Invitational 2025,2025-01-17,HJ,1.9,,
100,Mastodon Invitational 2025,2025-01-17,SP,12.34,,
100,Mastodon Invitational 2025,2025-01-17,LJ,6.65,,
100,Mastodon Invitational 2025,2025-01-17,60,,7.09,
100,Badgers Midwest Invite,2025-01-11,60H,,8.36,
100,Badgers Midwest Invite,2025-01-11,60H,,8.39,
100,Badgers Midwest Invite,2025-01-11,LJ,6.76,,
100,Badgers Midwest Invite,2025-01-11,SP,11.88,,
100,2024 Horizon League Outdoor Track & Field Championship,2024-05-03,110H,,15.42,(1.4)
100,2024 Horizon League Outdoor Track & Field Championship,2024-05-03,LJ,6.67,,(-1.6)
100,2024 Horizon League Outdoor Track & Field Championship,2024-05-03,JT,50.41,,
100,2024 Horizon League Outdoor Track & Field Championship,2024-05-03,Dec,,6332,
100,2024 Horizon League Outdoor Track & Field Championship,2024-05-03,100,,11.15,(-1.0)
100,2024 Horizon League Outdoor Track & Field Championship,2024-05-03,LJ,6.61,,(-1.8)
100,2024 Horizon League Outdoor Track & Field Championship,2024-05-03,SP,11.51,,
100,2024 Horizon League Outdoor Track & Field Championship,2024-05-03,HJ,1.76,,
100,2024 Horizon League Outdoor Track & Field Championship,2024-05-03,400,,52.24,
100,2024 Horizon League Outdoor Track & Field Championship,2024-05-03,110H,,15.60,(-0.1)
100,2024 Horizon League Outdoor Track & Field Championship,2024-05-03,DT,33.58,,
100,2024 Horizon League Outdoor Track & Field Championship,2024-05-03,PV,4.1,,
100,2024 Horizon League Outdoor Track & Field Championship,2024-05-03,JT,45.67,,
100,2024 Horizon League Outdoor Track & Field Championship,2024-05-03,1500,,5:26.87,
100,Gary Wieneke Memorial,2024-04-13,400,,52.34,
100,Gary Wieneke Memorial,2024-04-13,110H,,32.38,(2.7)
100,Gary Wieneke Memorial,2024-04-13,LJ,7.18,,(3.3)
100,Marquette Invitational,2024-04-12,DT,29.08,,
100,Golden Grizzly T&F Invite,2024-04-06,110H,,15.03,(2.2)
100,Golden Grizzly T&F Invite,2024-04-06,110H,,15.05,(2.5)
100,Golden Grizzly T&F Invite,2024-04-06,HJ,,,
100,Golden Grizzly T&F Invite,2024-04-06,PV,,,
100,Golden Grizzly T&F Invite,2024-04-06,DT,31.52,,
100,Redbird Challenge,2024-03-29,400,,52.60,
100,Redbird Challenge,2024-03-29,110H,,15.15,(0.8)
100,Redbird Challenge,2024-03-29,110H,,15.08,(0.1)
100,Redbird Challenge,2024-03-29,HJ,1.75,,
100,Redbird Challenge,2024-03-29,JT,48.32,,
100,Horizon League Indoor Track & Field Championship,2024-02-24,60H,,8.32,
100,Horizon League Indoor Track & Field Championship,2024-02-24,60H,,8.45,
100,Horizon League Indoor Track & Field Championship,2024-02-24,LJ,6.93,,
100,Horizon League Indoor Track & Field Championship,2024-02-24,Hep,,4833,
100,Horizon League Indoor Track & Field Championship,2024-02-24,60,,7.09,
100,Horizon League Indoor Track & Field Championship,2024-02-24,LJ,7.05,,
100,Horizon League Indoor Track & Field Championship,2024-02-24,SP,10.99,,
100,Horizon League Indoor Track & Field Championship,2024-02-24,HJ,1.76,,
100,Horizon League Indoor Track & Field Championship,2024-02-24,60H,,8.47,
100,Horizon League Indoor Track & Field Championship,2024-02-24,PV,3.7,,
100,Horizon League Indoor Track & Field Championship,2024-02-24,1000,,3:05.03,
100,PANTHER TUNE-UP,2024-02-17,60H,,8.34,
100,PANTHER TUNE-UP,2024-02-17,PV,3.5,,
100,PANTHER TUNE-UP,2024-02-17,SP,9.91,,
100,Mark Guthrie Legacy Invite,2024-02-03,60H,,8.44,
100,Mark Guthrie Legacy Invite,2024-02-03,60H,,8.36,
100,Mark Guthrie Legacy Invite,2024-02-03,LJ,6.79,,
100,Mark Guthrie Legacy Invite,2024-02-03,SP,10.81,,
100,John Tierney Classic,2024-01-20,60H,,8.31,
100,John Tierney Classic,2024-01-20,HJ,1.8,,
100,John Tierney Classic,2024-01-20,PV,3.8,,
100,Badgers Midwest Invite,2024-01-13,60H,,8.49,
100,Badgers Midwest Invite,2024-01-13,LJ,6.39,,
100,Badgers Midwest Invite,2024-01-13,SP,9.53,,
100,Illini Open,2024-01-06,60H,,8.53,
100,Illini Open,2024-01-06,60H,,8.73,
100,Illini Open,2024-01-06,LJ,6.62,,
100,Illini Open,2024-01-06,SP,9.75,,
100,2023 Blue Demon Holiday Invite,2023-12-08,60H,,8.43,
100,2023 Blue Demon Holiday Invite,2023-12-08,60H,,8.54,
100,2023 Blue Demon Holiday Invite,2023-12-08,LJ,,,
141,Warriors Quad,2026-04-18,100,,11.27,(-0.1)
141,Warriors Quad,2026-04-18,100,,11.47,(-0.5)
141,Warriors Quad,2026-04-18,200,,22.84,(0.3)
141,Joyce Morton-Kief Invite,2026-03-27,200,,,
141,Joyce Morton-Kief Invite,2026-03-27,400,,,
141,2026 Horizon League Indoor Track & Field Championship,2026-02-28,60,,7.25,
141,2026 Horizon League Indoor Track & Field Championship,2026-02-28,200,,22.84,
141,Panther Tune-up,2026-02-21,60,,,
141,Panther Tune-up,2026-02-21,200,,23.28,
141,GVSU Big Meet-Friday,2026-02-13,200,,22.87,
141,UW-La Crosse Mark Guthrie Legacy Invitational,2026-02-07,400,,53.37,
141,Larry Wieczorek Invitational,2026-01-23,60,,7.35,
141,Larry Wieczorek Invitational,2026-01-23,200,,23.25,
141,Tierney Classic,2026-01-18,60,,7.30,
141,Tierney Classic,2026-01-18,60,,7.21,
141,Tierney Classic,2026-01-18,200,,23.17,
141,Tierney Classic,2026-01-18,4x400,,3:28.52,
141,Minnesota Open,2026-01-10,60,,7.28,
141,Minnesota Open,2026-01-10,60,,7.24,
141,Minnesota Open,2026-01-10,200,,23.05,
141,Horizon League Championship,2025-05-09,200,,22.44,(-0.2)
141,Horizon League Championship,2025-05-09,4x100,,52.64,
141,Badger Challenge,2025-05-02,100,,11.10,(-1.3)
141,Fighting Illini Twilight,2025-04-26,200,,22.05,(-0.2)
141,Fighting Illini Twilight,2025-04-26,4x100,,41.33,
141,Gibson Invitational,2025-04-17,4x100,,42.17,
141,Marquette Invitational,2025-04-10,100,,,(0.3)
141,Marquette Invitational,2025-04-10,200,,,(-0.5)
141,Marquette Invitational,2025-04-10,4x100,,,
141,Ashton May Invitational,2025-04-05,200,,22.36,(2.6)
141,Redbird Challenge,2025-03-28,100,,11.27,(2.7)
141,Redbird Challenge,2025-03-28,200,,,
141,Redbird Challenge,2025-03-28,LJ,5.85,,(2.7)
141,2025 Horizon League Indoor Track & Field Championship,2025-03-01,LJ,6.5,,
141,Panther Tune-up,2025-02-22,200,,23.28,
141,Panther Tune-up,2025-02-22,LJ,6.65,,
141,UW-La Crosse Mark Guthrie Legacy Invitational,2025-02-08,LJ,6.04,,
141,John Tierney Classic,2025-01-25,LJ,6.51,,
141,2023 Blue Demon Holiday Invite,2023-12-08,LJ,6.5,,
6,Gibson Invitational,2026-04-16,400,,47.47,
6,Gibson Invitational,2026-04-16,4x400,,3:19.19,
6,Duke Invitational,2026-04-10,200,,21.49,(0.3)
6,Duke Invitational,2026-04-10,400,,47.45,
6,Raleigh Relays,2026-03-26,400,,47.89,
6,Raleigh Relays,2026-03-26,HJ,1.91,,
6,2026 Horizon League Indoor Track & Field Championship,2026-02-28,200,,21.88,
6,2026 Horizon League Indoor Track & Field Championship,2026-02-28,200,,22.56,
6,2026 Horizon League Indoor Track & Field Championship,2026-02-28,400,,48.40,
6,2026 Horizon League Indoor Track & Field Championship,2026-02-28,400,,47.77,
6,2026 Horizon League Indoor Track & Field Championship,2026-02-28,4x400,,3:15.65,
6,2026 Horizon League Indoor Track & Field Championship,2026-02-28,HJ,2.0,,
6,Panther Tune-up,2026-02-21,HJ,2.0,,
6,GVSU Big Meet-Friday,2026-02-13,400,,48.49,
6,GVSU Big Meet-Friday,2026-02-13,4x400,,3:18.19,
6,Iowa State Classic,2026-02-06,200,,22.08,
6,Iowa State Classic,2026-02-06,4x400,,,
6,Iowa State Classic,2026-02-06,HJ,1.98,,
6,2026 Meyo Invitational (Notre Dame Indoor T&F),2026-01-30,400,,48.93,
6,2026 Meyo Invitational (Notre Dame Indoor T&F),2026-01-30,HJ,2.02,,
6,Larry Wieczorek Invitational,2026-01-23,400,,51.14,
6,Larry Wieczorek Invitational,2026-01-23,HJ,1.98,,
6,Tierney Classic,2026-01-18,400,,50.33,
6,Tierney Classic,2026-01-18,HJ,1.95,,
6,Minnesota Open,2026-01-10,400,,50.78,
6,Minnesota Open,2026-01-10,HJ,1.95,,
6,2025 Blue Demon Holiday Invite,2025-12-12,400,,50.48,
6,2025 Blue Demon Holiday Invite,2025-12-12,HJ,1.98,,
10,Gibson Invitational,2026-04-16,110H,,15.96,(0.8)
10,Gibson Invitational,2026-04-16,PV,,,
10,UW-La Crosse Ashton May Invitational,2026-04-03,110H,,15.32,(0.2)
10,UW-La Crosse Ashton May Invitational,2026-04-03,PV,4.25,,
10,Joyce Morton-Kief Invite,2026-03-27,400,,,
10,Joyce Morton-Kief Invite,2026-03-27,110H,,15.43,(2.5)
10,Joyce Morton-Kief Invite,2026-03-27,PV,4.23,,
10,2026 Horizon League Indoor Track & Field Championship,2026-02-28,PV,,,
10,2026 Horizon League Indoor Track & Field Championship,2026-02-28,Hep,,4326,
10,2026 Horizon League Indoor Track & Field Championship,2026-02-28,1000,,2:56.47,
10,2026 Horizon League Indoor Track & Field Championship,2026-02-28,PV,4.25,,
10,2026 Horizon League Indoor Track & Field Championship,2026-02-28,60H,,8.75,
10,2026 Horizon League Indoor Track & Field Championship,2026-02-28,HJ,1.65,,
10,2026 Horizon League Indoor Track & Field Championship,2026-02-28,SP,9.14,,
10,2026 Horizon League Indoor Track & Field Championship,2026-02-28,LJ,5.81,,
10,2026 Horizon League Indoor Track & Field Championship,2026-02-28,60,,7.69,
10,Panther Tune-up,2026-02-21,60H,,,
10,Panther Tune-up,2026-02-21,HJ,,,
10,Panther Tune-up,2026-02-21,PV,4.3,,
10,Panther Tune-up,2026-02-21,SP,,,
10,2026 Blue Demon Alumni Classic,2026-02-13,60H,,8.70,
10,2026 Blue Demon Alumni Classic,2026-02-13,PV,4.2,,
10,UW-La Crosse Mark Guthrie Legacy Invitational,2026-02-07,60H,,8.78,
10,UW-La Crosse Mark Guthrie Legacy Invitational,2026-02-07,PV,4.1,,
10,UW-La Crosse Mark Guthrie Legacy Invitational,2026-02-07,LJ,5.86,,
10,2026 Meyo Invitational (Notre Dame Indoor T&F),2026-01-30,400,,,
10,2026 Meyo Invitational (Notre Dame Indoor T&F),2026-01-30,60H,,8.70,
10,Larry Wieczorek Invitational,2026-01-23,60H,,8.72,
10,Larry Wieczorek Invitational,2026-01-23,PV,4.1,,
10,Tierney Classic,2026-01-18,60H,,8.88,
10,Tierney Classic,2026-01-18,HJ,1.7,,
10,Tierney Classic,2026-01-18,PV,4.0,,
10,Minnesota Open,2026-01-10,60H,,8.84,
10,Minnesota Open,2026-01-10,PV,,,
10,Minnesota Open,2026-01-10,SP,8.54,,
10,2025 Blue Demon Holiday Invite,2025-12-12,300,,37.80,
10,2025 Blue Demon Holiday Invite,2025-12-12,60H,,8.68,
29,Gibson Invitational,2026-04-16,HJ,,,
29,Gibson Invitational,2026-04-16,TJ,13.88,,(0.5)
29,UW-La Crosse Ashton May Invitational,2026-04-03,HJ,,,
29,UW-La Crosse Ashton May Invitational,2026-04-03,TJ,13.56,,(1.0)
29,Raleigh Relays,2026-03-26,HJ,1.91,,
29,Raleigh Relays,2026-03-26,TJ,13.18,,(-0.1)
29,2026 Horizon League Indoor Track & Field Championship,2026-02-28,HJ,1.92,,
29,2026 Horizon League Indoor Track & Field Championship,2026-02-28,TJ,13.89,,
29,Panther Tune-up,2026-02-21,HJ,2.0,,
29,Panther Tune-up,2026-02-21,TJ,14.05,,
29,2026 Blue Demon Alumni Classic,2026-02-13,HJ,1.9,,
29,UW-La Crosse Mark Guthrie Legacy Invitational,2026-02-07,TJ,13.3,,
29,2026 Meyo Invitational (Notre Dame Indoor T&F),2026-01-30,HJ,1.92,,
29,Larry Wieczorek Invitational,2026-01-23,HJ,1.93,,
29,Larry Wieczorek Invitational,2026-01-23,TJ,13.57,,
29,Tierney Classic,2026-01-18,HJ,1.9,,
29,Tierney Classic,2026-01-18,TJ,13.39,,
29,Minnesota Open,2026-01-10,400,,52.51,
29,Minnesota Open,2026-01-10,HJ,,,
29,2025 Blue Demon Holiday Invite,2025-12-12,HJ,1.93,,
29,2025 Blue Demon Holiday Invite,2025-12-12,TJ,13.04,,
48,Gibson Invitational,2026-04-16,TJ,14.6,,(1.2)
48,Raleigh Relays,2026-03-26,LJ,6.58,,(2.3)
48,Raleigh Relays,2026-03-26,TJ,14.15,,(1.2)
48,2026 Horizon League Indoor Track & Field Championship,2026-02-28,LJ,6.73,,
48,2026 Horizon League Indoor Track & Field Championship,2026-02-28,TJ,14.56,,
48,Panther Tune-up,2026-02-21,TJ,14.46,,
48,2026 Blue Demon Alumni Classic,2026-02-13,LJ,6.57,,
48,UW-La Crosse Mark Guthrie Legacy Invitational,2026-02-07,TJ,14.06,,
48,Larry Wieczorek Invitational,2026-01-23,LJ,6.35,,
48,Larry Wieczorek Invitational,2026-01-23,TJ,13.68,,
48,Tierney Classic,2026-01-18,LJ,6.76,,
48,Tierney Classic,2026-01-18,TJ,14.31,,
48,Minnesota Open,2026-01-10,LJ,6.84,,
48,Minnesota Open,2026-01-10,TJ,14.24,,
92,Warriors Quad,2026-04-18,100,,11.20,(-0.1)
92,Joyce Morton-Kief Invite,2026-03-27,400,,,
92,Joyce Morton-Kief Invite,2026-03-27,LJ,6.17,,(1.7)
92,2026 Horizon League Indoor Track & Field Championship,2026-02-28,Hep,,4325,
92,2026 Horizon League Indoor Track & Field Championship,2026-02-28,1000,,2:54.29,
92,2026 Horizon League Indoor Track & Field Championship,2026-02-28,PV,3.05,,
92,2026 Horizon League Indoor Track & Field Championship,2026-02-28,60H,,9.83,
92,2026 Horizon League Indoor Track & Field Championship,2026-02-28,HJ,1.77,,
92,2026 Horizon League Indoor Track & Field Championship,2026-02-28,SP,12.03,,
92,2026 Horizon League Indoor Track & Field Championship,2026-02-28,LJ,6.3,,
92,2026 Horizon League Indoor Track & Field Championship,2026-02-28,60,,7.24,
92,Panther Tune-up,2026-02-21,60H,,,
92,Panther Tune-up,2026-02-21,HJ,1.75,,
92,Panther Tune-up,2026-02-21,PV,2.95,,
92,Panther Tune-up,2026-02-21,SP,11.97,,
92,2026 Blue Demon Alumni Classic,2026-02-13,60H,,9.79,
92,2026 Blue Demon Alumni Classic,2026-02-13,HJ,1.7,,
92,UW-La Crosse Mark Guthrie Legacy Invitational,2026-02-07,60H,,9.85,
92,UW-La Crosse Mark Guthrie Legacy Invitational,2026-02-07,LJ,6.26,,
92,Tierney Classic,2026-01-18,SP,10.85,,
92,Minnesota Open,2026-01-10,60,,7.29,
92,Minnesota Open,2026-01-10,HJ,1.75,,
92,Minnesota Open,2026-01-10,SP,10.16,,
93,Warriors Quad,2026-04-18,TJ,13.46,,
93,Marquette Invitational,2026-04-10,TJ,,,
93,UW-La Crosse Ashton May Invitational,2026-04-03,TJ,12.3,,(+0.0)
93,Joyce Morton-Kief Invite,2026-03-27,TJ,12.65,,(0.8)
93,2026 Horizon League Indoor Track & Field Championship,2026-02-28,TJ,13.2,,
93,Panther Tune-up,2026-02-21,LJ,5.49,,
93,Panther Tune-up,2026-02-21,TJ,,,
93,2026 Blue Demon Alumni Classic,2026-02-13,TJ,13.56,,
93,UW-La Crosse Mark Guthrie Legacy Invitational,2026-02-07,LJ,,,
93,UW-La Crosse Mark Guthrie Legacy Invitational,2026-02-07,TJ,,,
93,Tierney Classic,2026-01-18,LJ,,,
93,Tierney Classic,2026-01-18,TJ,,,
93,Minnesota Open,2026-01-10,LJ,5.94,,
93,Minnesota Open,2026-01-10,TJ,13.26,,
93,2025 Blue Demon Holiday Invite,2025-12-12,TJ,12.91,,
105,Gibson Invitational,2026-04-16,100,,11.13,(1.3)
105,Gibson Invitational,2026-04-16,200,,22.55,(0.4)
105,Gibson Invitational,2026-04-16,4x400,,3:19.19,
105,Marquette Invitational,2026-04-10,400,,50.33,
105,UW-La Crosse Ashton May Invitational,2026-04-03,100,,11.11,(2.0)
105,UW-La Crosse Ashton May Invitational,2026-04-03,200,,22.54,(0.6)
105,Joyce Morton-Kief Invite,2026-03-27,100,,11.15,(2.1)
105,Joyce Morton-Kief Invite,2026-03-27,200,,22.33,(2.9)
105,2026 Horizon League Indoor Track & Field Championship,2026-02-28,60,,7.09,
105,2026 Horizon League Indoor Track & Field Championship,2026-02-28,200,,22.53,
105,2026 Horizon League Indoor Track & Field Championship,2026-02-28,200,,22.76,
105,2026 Horizon League Indoor Track & Field Championship,2026-02-28,4x400,,3:15.65,
105,2026 Horizon League Indoor Track & Field Championship,2026-02-28,DMR,,10:22.36,
105,Panther Tune-up,2026-02-21,60,,7.08,
105,Panther Tune-up,2026-02-21,60,,7.05,
105,GVSU Big Meet-Friday,2026-02-13,60,,7.04,
105,GVSU Big Meet-Friday,2026-02-13,200,,22.68,
105,GVSU Big Meet-Friday,2026-02-13,4x400,,3:18.19,
105,Iowa State Classic,2026-02-06,60,,7.06,
105,Iowa State Classic,2026-02-06,200,,,
105,Iowa State Classic,2026-02-06,4x400,,,
105,2026 Meyo Invitational (Notre Dame Indoor T&F),2026-01-30,60,,7.01,
105,2026 Meyo Invitational (Notre Dame Indoor T&F),2026-01-30,60,,7.02,
105,2026 Meyo Invitational (Notre Dame Indoor T&F),2026-01-30,200,,22.50,
105,Larry Wieczorek Invitational,2026-01-23,60,,7.08,
105,Larry Wieczorek Invitational,2026-01-23,200,,22.77,
105,Tierney Classic,2026-01-18,60,,6.99,
105,Tierney Classic,2026-01-18,60,,7.03,
105,Minnesota Open,2026-01-10,60,,7.08,
105,Minnesota Open,2026-01-10,60,,7.08,
105,Minnesota Open,2026-01-10,200,,22.91,
105,2025 Blue Demon Holiday Invite,2025-12-12,60,,7.05,
105,2025 Blue Demon Holiday Invite,2025-12-12,60,,7.07,
105,2025 Blue Demon Holiday Invite,2025-12-12,200,,22.67,
127,Marquette Invitational,2026-04-10,PV,4.37,,
127,UW-La Crosse Ashton May Invitational,2026-04-03,PV,,,
127,Joyce Morton-Kief Invite,2026-03-27,PV,4.38,,
127,2026 Horizon League Indoor Track & Field Championship,2026-02-28,PV,4.55,,
127,Panther Tune-up,2026-02-21,PV,,,
127,2026 Meyo Invitational (Notre Dame Indoor T&F),2026-01-30,PV,4.35,,
127,Larry Wieczorek Invitational,2026-01-23,PV,4.7,,
127,Tierney Classic,2026-01-18,PV,4.45,,
127,Minnesota Open,2026-01-10,PV,4.36,,
134,Gibson Invitational,2026-04-16,110H,,14.71,(2.3)
134,Gibson Invitational,2026-04-16,400H,,56.74,
134,Marquette Invitational,2026-04-10,110H,,14.91,(3.2)
134,UW-La Crosse Ashton May Invitational,2026-04-03,110H,,14.94,(1.4)
134,UW-La Crosse Ashton May Invitational,2026-04-03,110H,,14.91,(1.1)
134,Joyce Morton-Kief Invite,2026-03-27,110H,,,
134,Joyce Morton-Kief Invite,2026-03-27,400H,,,
134,2026 Horizon League Indoor Track & Field Championship,2026-02-28,60H,,8.56,
134,GVSU Big Meet-Friday,2026-02-13,400,,52.57,
134,GVSU Big Meet-Friday,2026-02-13,60H,,8.51,
134,2026 Meyo Invitational (Notre Dame Indoor T&F),2026-01-30,60,,7.32,
134,2026 Meyo Invitational (Notre Dame Indoor T&F),2026-01-30,400,,,
134,2026 Meyo Invitational (Notre Dame Indoor T&F),2026-01-30,60H,,8.41,
134,2026 Meyo Invitational (Notre Dame Indoor T&F),2026-01-30,60H,,8.42,
134,Larry Wieczorek Invitational,2026-01-23,200,,23.59,
134,Larry Wieczorek Invitational,2026-01-23,60H,,8.28,
134,Tierney Classic,2026-01-18,60,,7.24,
134,Tierney Classic,2026-01-18,60,,7.24,
134,Tierney Classic,2026-01-18,60H,,8.49,
134,Minnesota Open,2026-01-10,200,,23.82,
134,Minnesota Open,2026-01-10,60H,,8.47,
134,2025 Blue Demon Holiday Invite,2025-12-12,60H,,8.19,
147,Warriors Quad,2026-04-18,100,,11.00,(-0.1)
147,Warriors Quad,2026-04-18,LJ,6.75,,
147,UW-La Crosse Ashton May Invitational,2026-04-03,LJ,,,
147,Minnesota Open,2026-01-10,60,,,
147,Minnesota Open,2026-01-10,200,,,
147,Minnesota Open,2026-01-10,LJ,4.56,,
147,2025 Blue Demon Holiday Invite,2025-12-12,60,,7.14,
147,2025 Blue Demon Holiday Invite,2025-12-12,200,,23.35,
147,2025 Blue Demon Holiday Invite,2025-12-12,LJ,6.34,,
98,Tom Tellez Invitational,2026-04-17,100,,10.32,(1.7)
98,Tom Tellez Invitational,2026-04-17,100,,10.43,(1.1)
98,2026 44 Farms Invitational,2026-04-09,100,,10.36,(5.2)
98,2026 44 Farms Invitational,2026-04-09,200,,20.66,(2.1)
98,2026 98th Clyde Littlefield Texas Relays (Univ/College),2026-04-01,200,,21.45,(2.6)
98,2026 98th Clyde Littlefield Texas Relays (Univ/College),2026-04-01,4x200,,1:22.48,
98,The 43rd Victor Lopez Classic,2026-03-26,200,,21.46,(0.8)
98,Kirk Baptiste Invitational,2026-03-19,200,,21.11,(1.5)
98,Howie Ryan Invitational,2026-02-13,200,,21.89,
98,Charlie Thomas Invitational,2026-02-06,200,,21.54,
98,Robert Platt Invitational,2026-01-30,200,,21.89,
98,Ted Nelson Invitational,2026-01-23,60,,7.07,
98,Leonard Hilton Memorial Invitational,2026-01-10,200,,22.68,
98,Leonard Hilton Memorial Invitational,2026-01-10,4x400,,,
98,NCAA Division I West First Round,2025-05-28,100,,10.57,(-0.7)
98,NCAA Division I West First Round,2025-05-28,200,,21.28,(-0.7)
98,Horizon League Championship,2025-05-09,100,,10.24,(3.2)
98,Horizon League Championship,2025-05-09,100,,10.40,(0.4)
98,Horizon League Championship,2025-05-09,200,,20.51,(1.7)
98,Horizon League Championship,2025-05-09,200,,21.01,(-0.2)
98,Jim Green Invitational,2025-05-02,100,,10.53,(1.1)
98,Jim Green Invitational,2025-05-02,200,,20.94,(-0.6)
98,Fighting Illini Twilight,2025-04-26,100,,10.35,(2.9)
98,Fighting Illini Twilight,2025-04-26,200,,20.95,(0.8)
98,Gibson Invitational,2025-04-17,100,,10.93,(-1.8)
98,Duke Invitational,2025-04-10,100,,10.67,(0.2)
98,Duke Invitational,2025-04-10,200,,21.69,(-0.2)
98,Raleigh Relays,2025-03-27,100,,10.53,(0.2)
98,Raleigh Relays,2025-03-27,200,,21.12,(3.6)
98,2025 Horizon League Indoor Track & Field Championship,2025-03-01,60,,6.78,
98,2025 Horizon League Indoor Track & Field Championship,2025-03-01,60,,6.74,
98,2025 Horizon League Indoor Track & Field Championship,2025-03-01,200,,21.82,
98,2025 Horizon League Indoor Track & Field Championship,2025-03-01,200,,21.88,
98,GVSU Big Meet- Friday,2025-02-14,60,,6.70,
98,GVSU Big Meet- Friday,2025-02-14,60,,6.75,
98,GVSU Big Meet- Friday,2025-02-14,200,,21.30,
98,UW-La Crosse Mark Guthrie Legacy Invitational,2025-02-08,60,,6.83,
98,UW-La Crosse Mark Guthrie Legacy Invitational,2025-02-08,60,,6.72,
98,Meyo Invitational (2025 Notre Dame Indoor Track & Field),2025-01-31,60,,6.80,
98,Meyo Invitational (2025 Notre Dame Indoor Track & Field),2025-01-31,60,,6.87,
98,Meyo Invitational (2025 Notre Dame Indoor Track & Field),2025-01-31,200,,21.98,
98,John Tierney Classic,2025-01-25,60,,6.82,
98,John Tierney Classic,2025-01-25,60,,6.85,
98,Badgers Midwest Invite,2025-01-11,60,,6.83,
98,Badgers Midwest Invite,2025-01-11,60,,6.84,
98,Badgers Midwest Invite,2025-01-11,300,,34.10,
98,2024 Blue Demon Holiday Invite,2024-12-13,60,,6.76,
98,2024 Blue Demon Holiday Invite,2024-12-13,60,,6.79,
98,2024 Blue Demon Holiday Invite,2024-12-13,200,,21.61,
98,2024 Horizon League Outdoor Track & Field Championship,2024-05-03,100,,10.83,(2.3)
98,2024 Horizon League Outdoor Track & Field Championship,2024-05-03,100,,10.83,(0.9)
98,2024 Horizon League Outdoor Track & Field Championship,2024-05-03,200,,22.09,(1.5)
98,2024 Horizon League Outdoor Track & Field Championship,2024-05-03,4x100,,41.18,
98,Clark Wood Open 2024,2024-04-26,100,,10.58,(2.4)
98,Clark Wood Open 2024,2024-04-26,200,,22.42,(1.7)
98,Clark Wood Open 2024,2024-04-26,4x100,,40.70,
98,Gibson Invitational,2024-04-18,100,,10.70,(1.5)
98,Gibson Invitational,2024-04-18,200,,22.05,(1.7)
98,Gibson Invitational,2024-04-18,4x100,,41.52,
98,Gary Wieneke Memorial,2024-04-13,100,,10.77,(1.6)
98,Gary Wieneke Memorial,2024-04-13,200,,21.78,(2.5)
98,Gary Wieneke Memorial,2024-04-13,4x100,,42.15,
98,Golden Grizzly T&F Invite,2024-04-06,100,,10.93,(1.0)
98,Golden Grizzly T&F Invite,2024-04-06,100,,10.87,(2.0)
98,Golden Grizzly T&F Invite,2024-04-06,200,,22.25,(1.6)
98,Golden Grizzly T&F Invite,2024-04-06,4x100,,,
98,Raleigh Relays,2024-03-28,100,,11.06,(3.5)
98,Raleigh Relays,2024-03-28,200,,22.47,(0.1)
98,Mark Guthrie Legacy Invite,2024-02-03,60,,7.08,
98,Mark Guthrie Legacy Invite,2024-02-03,200,,23.33,
98,Illini Challenge,2024-01-26,60,,7.07,
98,Illini Challenge,2024-01-26,200,,23.13,
98,John Tierney Classic,2024-01-20,60,,7.05,
98,John Tierney Classic,2024-01-20,60,,7.18,
98,John Tierney Classic,2024-01-20,200,,23.57,
98,Badgers Midwest Invite,2024-01-13,60,,7.05,
98,Badgers Midwest Invite,2024-01-13,300,,35.30,
122,2025 Horizon League Indoor Track & Field Championship,2025-03-01,200,,22.72,
122,2025 Horizon League Indoor Track & Field Championship,2025-03-01,400,,52.90,
122,2025 Horizon League Indoor Track & Field Championship,2025-03-01,400,,51.47,
122,2025 Horizon League Indoor Track & Field Championship,2025-03-01,60H,,8.58,
122,2025 Horizon League Indoor Track & Field Championship,2025-03-01,60H,,8.45,
122,2025 Horizon League Indoor Track & Field Championship,2025-03-01,4x400,,3:27.50,
122,Panther Tune-up,2025-02-22,60H,,,
122,Panther Tune-up,2025-02-22,60H,,8.40,
122,GVSU Big Meet- Friday,2025-02-14,200,,22.07,
122,GVSU Big Meet- Friday,2025-02-14,400,,49.32,
122,GVSU Big Meet- Friday,2025-02-14,60H,,8.48,
122,UW-La Crosse Mark Guthrie Legacy Invitational,2025-02-08,200,,22.53,
122,UW-La Crosse Mark Guthrie Legacy Invitational,2025-02-08,60H,,8.60,
122,Meyo Invitational (2025 Notre Dame Indoor Track & Field),2025-01-31,200,,22.26,
122,Meyo Invitational (2025 Notre Dame Indoor Track & Field),2025-01-31,400,,50.24,
122,Meyo Invitational (2025 Notre Dame Indoor Track & Field),2025-01-31,60H,,,
122,Meyo Invitational (2025 Notre Dame Indoor Track & Field),2025-01-31,60H,,8.61,
122,John Tierney Classic,2025-01-25,200,,,
122,John Tierney Classic,2025-01-25,400,,51.73,
122,Badgers Midwest Invite,2025-01-11,60,,7.10,
122,Badgers Midwest Invite,2025-01-11,60,,7.08,
122,Badgers Midwest Invite,2025-01-11,300,,34.90,
122,2024 Blue Demon Holiday Invite,2024-12-13,400,,51.52,
122,2024 Blue Demon Holiday Invite,2024-12-13,60H,,8.56,
36,Horizon League Championship,2025-05-09,110H,,,(0.9)
36,Horizon League Championship,2025-05-09,110H,,14.35,(1.7)
36,Horizon League Championship,2025-05-09,4x100,,52.64,
36,Badger Challenge,2025-05-02,110H,,14.66,(-0.2)
36,Fighting Illini Twilight,2025-04-26,110H,,14.56,(2.6)
36,Fighting Illini Twilight,2025-04-26,4x100,,41.33,
36,Gibson Invitational,2025-04-17,110H,,14.48,(-0.6)
36,Gibson Invitational,2025-04-17,4x100,,42.17,
36,Marquette Invitational,2025-04-10,110H,,14.32,(2.2)
36,Redbird Challenge,2025-03-28,100,,10.95,(3.1)
36,Redbird Challenge,2025-03-28,100,,,
36,Redbird Challenge,2025-03-28,4x100,,,
36,2025 Horizon League Indoor Track & Field Championship,2025-03-01,60,,6.95,
36,2025 Horizon League Indoor Track & Field Championship,2025-03-01,60,,7.00,
36,2025 Horizon League Indoor Track & Field Championship,2025-03-01,60H,,8.59,
36,2025 Horizon League Indoor Track & Field Championship,2025-03-01,60H,,8.11,
36,Panther Tune-up,2025-02-22,60,,6.86,
36,Panther Tune-up,2025-02-22,60,,6.97,
36,GVSU Big Meet- Friday,2025-02-14,60H,,8.07,
36,GVSU Big Meet- Friday,2025-02-14,60H,,8.08,
36,UW-La Crosse Mark Guthrie Legacy Invitational,2025-02-08,60H,,8.11,
36,UW-La Crosse Mark Guthrie Legacy Invitational,2025-02-08,60H,,8.05,
36,Meyo Invitational (2025 Notre Dame Indoor Track & Field),2025-01-31,200,,22.87,
36,Meyo Invitational (2025 Notre Dame Indoor Track & Field),2025-01-31,60H,,8.05,
36,Meyo Invitational (2025 Notre Dame Indoor Track & Field),2025-01-31,60H,,8.15,
36,John Tierney Classic,2025-01-25,60,,6.94,
36,John Tierney Classic,2025-01-25,60,,7.01,
36,John Tierney Classic,2025-01-25,200,,,
36,Badgers Midwest Invite,2025-01-11,60,,6.98,
36,Badgers Midwest Invite,2025-01-11,60,,6.96,
36,Badgers Midwest Invite,2025-01-11,60H,,8.14,
36,2024 Blue Demon Holiday Invite,2024-12-13,60H,,8.06,
36,2024 Blue Demon Holiday Invite,2024-12-13,60H,,8.12,
86,Horizon League Championship,2025-05-09,110H,,15.24,(0.9)
86,Horizon League Championship,2025-05-09,110H,,15.12,(1.3)
86,Horizon League Championship,2025-05-09,LJ,6.84,,(1.1)
86,Horizon League Championship,2025-05-09,TJ,13.32,,(+0.0)
86,Fighting Illini Twilight,2025-04-26,110H,,15.22,(2.6)
86,Fighting Illini Twilight,2025-04-26,LJ,6.55,,(2.3)
86,Gibson Invitational,2025-04-17,110H,,15.34,(0.9)
86,Gibson Invitational,2025-04-17,LJ,6.28,,(-1.0)
86,Ashton May Invitational,2025-04-05,LJ,6.95,,(4.9)
86,Ashton May Invitational,2025-04-05,TJ,13.54,,(2.4)
86,Redbird Challenge,2025-03-28,110H,,15.08,(2.9)
86,Redbird Challenge,2025-03-28,110H,,,
86,Redbird Challenge,2025-03-28,LJ,6.47,,(2.8)
86,2025 Horizon League Indoor Track & Field Championship,2025-03-01,60H,,8.54,
86,2025 Horizon League Indoor Track & Field Championship,2025-03-01,60H,,9.60,
86,2025 Horizon League Indoor Track & Field Championship,2025-03-01,LJ,6.92,,
86,2025 Horizon League Indoor Track & Field Championship,2025-03-01,TJ,13.24,,
86,Panther Tune-up,2025-02-22,60H,,8.41,
86,Panther Tune-up,2025-02-22,60H,,8.45,
86,Panther Tune-up,2025-02-22,TJ,13.72,,
86,GVSU Big Meet- Friday,2025-02-14,60H,,8.45,
86,GVSU Big Meet- Friday,2025-02-14,LJ,6.66,,
86,UW-La Crosse Mark Guthrie Legacy Invitational,2025-02-08,400,,52.01,
86,UW-La Crosse Mark Guthrie Legacy Invitational,2025-02-08,60H,,8.52,
86,Meyo Invitational (2025 Notre Dame Indoor Track & Field),2025-01-31,60H,,8.71,
86,Meyo Invitational (2025 Notre Dame Indoor Track & Field),2025-01-31,LJ,6.73,,(+0.0)
86,John Tierney Classic,2025-01-25,60H,,8.44,
86,John Tierney Classic,2025-01-25,60H,,8.52,
86,John Tierney Classic,2025-01-25,LJ,6.86,,
86,Badgers Midwest Invite,2025-01-11,300,,36.47,
86,Badgers Midwest Invite,2025-01-11,LJ,6.86,,
86,2024 Blue Demon Holiday Invite,2024-12-13,LJ,6.91,,
86,2024 Blue Demon Holiday Invite,2024-12-13,TJ,13.33,,
2,NCAA Division I West First Round,2025-05-28,TJ,15.42,,(0.2)
2,Horizon League Championship,2025-05-09,TJ,15.39,,(1.1)
2,Fighting Illini Twilight,2025-04-26,TJ,14.97,,(1.5)
2,Gibson Invitational,2025-04-17,TJ,15.11,,(1.1)
2,Marquette Invitational,2025-04-10,TJ,15.01,,(0.3)
2,Ashton May Invitational,2025-04-05,TJ,15.58,,(5.2)
2,Raleigh Relays,2025-03-27,TJ,15.3,,(0.7)
2,Panther Tune-up,2025-02-22,60,,,
2,Panther Tune-up,2025-02-22,60,,7.19,
2,Panther Tune-up,2025-02-22,TJ,16.5,,
2,John Tierney Classic,2025-01-25,TJ,15.75,,
2,2024 Horizon League Outdoor Track & Field Championship,2024-05-03,TJ,14.44,,(0.4)
2,Clark Wood Open 2024,2024-04-26,TJ,13.96,,(2.9)
2,PANTHER TUNE-UP,2024-02-17,TJ,15.42,,
2,Badgers Midwest Invite,2024-01-13,TJ,14.95,,
2,2023 Blue Demon Holiday Invite,2023-12-08,TJ,14.73,,
143,John Tierney Classic,2025-01-25,4x400,,,
143,UW-Whitewater Drake Alternative,2024-04-25,100,,11.05,(1.1)
143,UW-Whitewater Drake Alternative,2024-04-25,100,,11.04,(1.2)
143,UW-Whitewater Drake Alternative,2024-04-25,200,,22.81,(+0.0)
143,Gibson Invitational,2024-04-18,200,,22.56,(-0.1)
143,Gibson Invitational,2024-04-18,4x400,,3:18.70,
143,Marquette Invitational,2024-04-12,200,,22.25,(2.3)
143,Marquette Invitational,2024-04-12,400,,52.08,
143,Redbird Challenge,2024-03-29,400,,50.94,
143,GVSU Big Meet- (Friday),2024-02-09,400,,52.24,
143,Illini Challenge,2024-01-26,60,,7.24,
143,Illini Challenge,2024-01-26,200,,23.06,
143,Illini Challenge,2024-01-26,400,,53.52,
143,Illini Challenge,2024-01-26,4x400,,3:28.46,
143,John Tierney Classic,2024-01-20,200,,23.27,
143,John Tierney Classic,2024-01-20,4x400,,3:22.20,
143,Badgers Midwest Invite,2024-01-13,300,,36.04,
110,Horizon League Championship,2025-05-09,HJ,1.92,,
110,Badger Challenge,2025-05-02,HJ,,,
110,Fighting Illini Twilight,2025-04-26,HJ,,,
110,Marquette Invitational,2025-04-10,HJ,1.95,,
110,Ashton May Invitational,2025-04-05,HJ,1.91,,
110,Redbird Challenge,2025-03-28,HJ,,,
110,2025 Horizon League Indoor Track & Field Championship,2025-03-01,HJ,1.95,,
110,Panther Tune-up,2025-02-22,HJ,1.98,,
110,UW-La Crosse Mark Guthrie Legacy Invitational,2025-02-08,HJ,1.92,,
110,John Tierney Classic,2025-01-25,HJ,,,
110,2024 Horizon League Outdoor Track & Field Championship,2024-05-03,HJ,1.93,,
110,Gibson Invitational,2024-04-18,HJ,1.86,,
110,Marquette Invitational,2024-04-12,HJ,,,
110,Raleigh Relays,2024-03-28,HJ,,,
110,Horizon League Indoor Track & Field Championship,2024-02-24,HJ,,,
110,PANTHER TUNE-UP,2024-02-17,HJ,2.0,,
110,Mark Guthrie Legacy Invite,2024-02-03,HJ,2.0,,
110,Illini Challenge,2024-01-26,HJ,1.94,,
110,John Tierney Classic,2024-01-20,HJ,1.95,,
110,Badgers Midwest Invite,2024-01-13,HJ,1.91,,
110,Illini Open,2024-01-06,HJ,,,
110,2023 Blue Demon Holiday Invite,2023-12-08,HJ,1.98,,
118,Badger Challenge,2025-05-02,200,,22.98,(1.5)
118,Badger Challenge,2025-05-02,400,,51.45,
118,Fighting Illini Twilight,2025-04-26,400,,51.77,
118,UW-Whitewater Drake Alternative,2025-04-24,200,,22.25,(3.3)
118,Green & White Invite,2025-04-17,100,,11.17,(3.5)
118,Green & White Invite,2025-04-17,200,,22.54,(3.3)
118,Green & White Invite,2025-04-17,400,,51.04,
118,Marquette Invitational,2025-04-10,100,,,(0.3)
118,Marquette Invitational,2025-04-10,200,,23.12,(-0.5)
118,Marquette Invitational,2025-04-10,400,,51.25,
118,Marquette Invitational,2025-04-10,4x100,,,
118,Ashton May Invitational,2025-04-05,200,,23.00,(0.4)
118,Ashton May Invitational,2025-04-05,400,,52.10,
118,Redbird Challenge,2025-03-28,100,,11.47,(2.7)
118,Redbird Challenge,2025-03-28,200,,23.02,(5.1)
118,Redbird Challenge,2025-03-28,4x100,,,
118,Panther Tune-up,2025-02-22,60,,7.28,
118,UW-La Crosse Mark Guthrie Legacy Invitational,2025-02-08,60,,7.30,
118,UW-La Crosse Mark Guthrie Legacy Invitational,2025-02-08,200,,23.08,
118,UW-La Crosse Mark Guthrie Legacy Invitational,2025-02-08,4x400,,3:30.58,
118,John Tierney Classic,2025-01-25,60,,7.26,
118,John Tierney Classic,2025-01-25,200,,23.09,
118,John Tierney Classic,2025-01-25,4x400,,,
118,Badgers Midwest Invite,2025-01-11,60,,7.16,
118,Badgers Midwest Invite,2025-01-11,60,,7.20,
118,Badgers Midwest Invite,2025-01-11,300,,35.84,
118,2024 Horizon League Outdoor Track & Field Championship,2024-05-03,100,,10.99,(1.0)
118,2024 Horizon League Outdoor Track & Field Championship,2024-05-03,200,,22.27,(3.1)
118,2024 Horizon League Outdoor Track & Field Championship,2024-05-03,4x400,,3:13.34,
118,UW-Whitewater Drake Alternative,2024-04-25,100,,10.98,(2.4)
118,UW-Whitewater Drake Alternative,2024-04-25,200,,22.86,(+0.0)
118,Gibson Invitational,2024-04-18,400,,50.86,
118,Gibson Invitational,2024-04-18,4x400,,3:18.70,
118,Gary Wieneke Memorial,2024-04-13,4x100,,42.15,
118,Gary Wieneke Memorial,2024-04-13,4x400,,,
118,Marquette Invitational,2024-04-12,100,,11.17,(0.9)
118,Marquette Invitational,2024-04-12,200,,22.29,(1.4)
118,Golden Grizzly T&F Invite,2024-04-06,100,,11.13,(1.0)
118,Golden Grizzly T&F Invite,2024-04-06,100,,11.10,(2.0)
118,Golden Grizzly T&F Invite,2024-04-06,200,,22.54,(1.6)
118,Redbird Challenge,2024-03-29,100,,11.04,(2.1)
118,Redbird Challenge,2024-03-29,200,,22.83,(1.7)
118,Horizon League Indoor Track & Field Championship,2024-02-24,200,,22.88,
118,Horizon League Indoor Track & Field Championship,2024-02-24,4x400,,3:15.85,
118,GVSU Big Meet- (Friday),2024-02-09,60,,7.17,
118,GVSU Big Meet- (Friday),2024-02-09,200,,22.33,
118,Mark Guthrie Legacy Invite,2024-02-03,60,,7.16,
118,Mark Guthrie Legacy Invite,2024-02-03,200,,22.80,
118,Mark Guthrie Legacy Invite,2024-02-03,400,,50.76,
118,John Tierney Classic,2024-01-20,60,,7.20,
118,John Tierney Classic,2024-01-20,60,,7.21,
118,John Tierney Classic,2024-01-20,200,,22.64,
118,Badgers Midwest Invite,2024-01-13,60,,7.19,
118,Badgers Midwest Invite,2024-01-13,300,,35.11,
118,2023 Blue Demon Holiday Invite,2023-12-08,300,,35.44,
133,Redbird Challenge,2024-03-29,LJ,,,
133,PANTHER TUNE-UP,2024-02-17,LJ,6.44,,
133,Mark Guthrie Legacy Invite,2024-02-03,LJ,6.34,,
133,John Tierney Classic,2024-01-20,LJ,6.59,,
133,Illini Open,2024-01-06,LJ,6.2,,
133,2023 Blue Demon Holiday Invite,2023-12-08,LJ,6.11,,
20,Jim Green Invitational,2025-05-02,LJ,,,
20,Gibson Invitational,2025-04-17,LJ,6.88,,(+0.0)
20,Marquette Invitational,2025-04-10,LJ,,,
20,Raleigh Relays,2025-03-27,LJ,7.41,,(-0.2)
20,Panther Tune-up,2025-02-22,LJ,7.43,,
20,NCAA West First Round,2024-05-22,LJ,7.14,,(0.7)
20,2024 Horizon League Outdoor Track & Field Championship,2024-05-03,HJ,2.01,,
20,2024 Horizon League Outdoor Track & Field Championship,2024-05-03,LJ,7.66,,(2.2)
20,Clark Wood Open 2024,2024-04-26,LJ,7.77,,(3.5)
20,Gibson Invitational,2024-04-18,LJ,7.42,,(0.4)
20,2024 Bryan Clay Invitational,2024-04-11,LJ,,,
20,Golden Grizzly T&F Invite,2024-04-06,HJ,2.0,,
20,Raleigh Relays,2024-03-28,LJ,7.4,,(-1.6)
20,Horizon League Indoor Track & Field Championship,2024-02-24,HJ,2.08,,
20,Horizon League Indoor Track & Field Championship,2024-02-24,LJ,7.6,,
20,PANTHER TUNE-UP,2024-02-17,LJ,7.78,,
20,Illini Challenge,2024-01-26,LJ,7.21,,
20,John Tierney Classic,2024-01-20,LJ,7.43,,
20,Badgers Midwest Invite,2024-01-13,HJ,2.09,,
20,Illini Open,2024-01-06,LJ,7.4,,
20,2023 Blue Demon Holiday Invite,2023-12-08,HJ,2.08,,
20,NCAA West Preliminary Round,2023-05-24,LJ,7.28,,(0.5)
20,Horizon League Championship,2023-05-05,HJ,,,
20,Horizon League Championship,2023-05-05,LJ,7.64,,(0.9)
20,Clark Wood Open 2023,2023-04-28,LJ,7.28,,(1.1)
20,Marquette Invitational,2023-04-22,HJ,1.95,,
20,Gibson Invitational & Multis,2023-04-13,LJ,7.35,,(0.7)
20,Fighting Illini Challenge,2023-04-08,LJ,7.38,,(1.6)
20,2023 Horizon League Indoor Track & Field Championship,2023-02-25,HJ,2.01,,
20,2023 Horizon League Indoor Track & Field Championship,2023-02-25,LJ,7.51,,
20,Panther Tune-Up,2023-02-18,HJ,2.05,,
20,Panther Tune-Up,2023-02-18,LJ,,,
20,Mark Guthrie Legacy Invitational,2023-02-04,HJ,1.95,,
20,Jack Johnson Classic,2023-01-27,HJ,2.02,,
20,John Tierney Classic,2023-01-21,LJ,7.04,,
20,Wisconsin Badgers Midwest Invite,2023-01-14,HJ,1.96,,
20,Wisconsin Badgers Midwest Invite,2023-01-14,LJ,6.6,,
20,Horizon League Indoor Track & Field Championships,2022-02-26,LJ,,,
20,St. Valentines Open,2022-02-18,HJ,1.98,,
20,2022 Hoosier Hills,2022-02-11,LJ,6.94,,
20,John Tierney Classic,2022-01-29,HJ,2.04,,
20,John Gartland Invitational,2022-01-21,LJ,7.13,,
20,Hawkeye Invite,2022-01-14,HJ,1.95,,
5,UWL Final Qualifier,2025-05-14,PV,,,
5,Horizon League Championship,2025-05-09,PV,,,
5,Fighting Illini Twilight,2025-04-26,PV,4.88,,
5,Gibson Invitational,2025-04-17,PV,,,
5,Duke Invitational,2025-04-10,PV,4.65,,
5,Ashton May Invitational,2025-04-05,PV,4.76,,
5,Redbird Challenge,2025-03-28,PV,4.62,,
5,2025 Horizon League Indoor Track & Field Championship,2025-03-01,PV,4.7,,
5,Panther Tune-up,2025-02-22,PV,5.0,,
5,GVSU Big Meet- Friday,2025-02-14,PV,,,
5,UW-La Crosse Mark Guthrie Legacy Invitational,2025-02-08,PV,4.7,,
5,Meyo Invitational (2025 Notre Dame Indoor Track & Field),2025-01-31,PV,4.96,,
5,John Tierney Classic,2025-01-25,PV,4.85,,
5,Badgers Midwest Invite,2025-01-11,PV,4.6,,
5,2024 Horizon League Outdoor Track & Field Championship,2024-05-03,PV,4.9,,
5,UW-Whitewater Drake Alternative,2024-04-25,PV,5.0,,
5,Gibson Invitational,2024-04-18,PV,4.71,,
5,2024 Bryan Clay Invitational,2024-04-11,PV,4.75,,
5,Golden Grizzly T&F Invite,2024-04-06,PV,4.85,,
5,Redbird Challenge,2024-03-29,PV,4.72,,
5,Horizon League Indoor Track & Field Championship,2024-02-24,PV,4.63,,
5,PANTHER TUNE-UP,2024-02-17,PV,4.7,,
5,Mark Guthrie Legacy Invite,2024-02-03,PV,4.52,,
5,Illini Challenge,2024-01-26,PV,4.86,,
5,John Tierney Classic,2024-01-20,PV,4.85,,
5,Badgers Midwest Invite,2024-01-13,PV,,,
5,Illini Open,2024-01-06,PV,4.58,,
5,Eagle Open,2023-05-12,PV,4.71,,
5,Horizon League Championship,2023-05-05,PV,4.8,,
5,Clark Wood Open 2023,2023-04-28,PV,4.78,,
5,Gary Wieneke Memorial,2023-04-21,PV,4.6,,
5,Gibson Invitational & Multis,2023-04-13,PV,4.91,,
5,Fighting Illini Challenge,2023-04-08,PV,,,
5,2023 Horizon League Indoor Track & Field Championship,2023-02-25,PV,4.86,,
5,Panther Tune-Up,2023-02-18,PV,4.6,,
5,Mark Guthrie Legacy Invitational,2023-02-04,PV,4.58,,
5,Jack Johnson Classic,2023-01-27,PV,4.63,,
5,John Tierney Classic,2023-01-21,PV,4.6,,
5,Wisconsin Badgers Midwest Invite,2023-01-14,PV,4.67,,
5,Horizon League Outdoor Track & Field Championships,2022-05-06,PV,4.1,,
5,Valparaiso Beacan Invite,2022-04-30,PV,4.3,,
5,Illini Invitational,2022-04-22,PV,4.43,,
5,44 Farms Team Invitational,2022-04-08,PV,4.62,,
5,Redbird Invite,2022-04-01,PV,4.6,,
5,Horizon League Indoor Track & Field Championships,2022-02-26,PV,4.6,,
5,St. Valentines Open,2022-02-18,PV,4.73,,
5,2022 Hoosier Hills,2022-02-11,PV,4.46,,
5,Red Hawk Invite,2022-02-05,PV,4.7,,
5,John Tierney Classic,2022-01-29,PV,4.5,,
5,John Gartland Invitational,2022-01-21,PV,4.31,,
5,Hawkeye Invite,2022-01-14,PV,4.3,,
32,Horizon League Championship,2025-05-09,HJ,,,
32,Horizon League Championship,2025-05-09,TJ,12.88,,(0.2)
32,Badger Challenge,2025-05-02,HJ,1.72,,
32,Redbird Challenge,2025-03-28,HJ,,,
32,Redbird Challenge,2025-03-28,TJ,12.58,,(3.9)
32,2025 Horizon League Indoor Track & Field Championship,2025-03-01,HJ,,,
32,2025 Horizon League Indoor Track & Field Championship,2025-03-01,TJ,13.19,,
32,Panther Tune-up,2025-02-22,HJ,1.88,,
32,Panther Tune-up,2025-02-22,TJ,13.51,,
32,UW-La Crosse Mark Guthrie Legacy Invitational,2025-02-08,HJ,1.82,,
32,John Tierney Classic,2025-01-25,HJ,,,
32,Badgers Midwest Invite,2025-01-11,HJ,1.8,,
32,2024 Blue Demon Holiday Invite,2024-12-13,HJ,,,
32,2024 Blue Demon Holiday Invite,2024-12-13,TJ,12.4,,
32,2024 Horizon League Outdoor Track & Field Championship,2024-05-03,HJ,1.88,,
32,2024 Horizon League Outdoor Track & Field Championship,2024-05-03,TJ,12.75,,(0.8)
32,UW-Whitewater Drake Alternative,2024-04-25,HJ,1.87,,
32,UW-Whitewater Drake Alternative,2024-04-25,TJ,13.07,,(2.2)
32,Gibson Invitational,2024-04-18,HJ,1.81,,
32,Golden Grizzly T&F Invite,2024-04-06,HJ,1.85,,
32,Golden Grizzly T&F Invite,2024-04-06,TJ,12.57,,(3.3)
32,Redbird Challenge,2024-03-29,HJ,1.85,,
32,Redbird Challenge,2024-03-29,TJ,12.29,,(2.8)
32,Horizon League Indoor Track & Field Championship,2024-02-24,HJ,1.81,,
32,Horizon League Indoor Track & Field Championship,2024-02-24,TJ,12.69,,
32,PANTHER TUNE-UP,2024-02-17,HJ,1.85,,
32,Mark Guthrie Legacy Invite,2024-02-03,TJ,12.26,,
32,John Tierney Classic,2024-01-20,HJ,1.85,,
32,John Tierney Classic,2024-01-20,TJ,12.99,,
32,Badgers Midwest Invite,2024-01-13,HJ,,,
32,Illini Open,2024-01-06,HJ,,,
32,2023 Blue Demon Holiday Invite,2023-12-08,HJ,1.88,,
32,Horizon League Championship,2023-05-05,HJ,1.84,,
32,Clark Wood Open 2023,2023-04-28,HJ,,,
32,Marquette Invitational,2023-04-22,HJ,,,
32,Green & White Invite,2023-04-15,HJ,1.86,,
32,2023 Horizon League Indoor Track & Field Championship,2023-02-25,HJ,1.91,,
32,2023 Horizon League Indoor Track & Field Championship,2023-02-25,TJ,13.33,,
32,Panther Tune-Up,2023-02-18,HJ,1.85,,
32,Panther Tune-Up,2023-02-18,TJ,13.06,,
32,GVSU Big Meet (Friday),2023-02-10,HJ,1.86,,
32,Mark Guthrie Legacy Invitational,2023-02-04,HJ,1.85,,
32,John Tierney Classic,2023-01-21,HJ,1.95,,
32,John Tierney Classic,2023-01-21,TJ,13.03,,
32,Wisconsin Badgers Midwest Invite,2023-01-14,HJ,1.91,,
32,2022 Blue Demon Holiday Invite,2022-12-09,HJ,1.8,,
32,Valparaiso Beacan Invite,2022-04-30,HJ,1.85,,
32,Illini Invitational,2022-04-22,HJ,1.75,,
32,Horizon League Indoor Track & Field Championships,2022-02-26,HJ,1.89,,
32,St. Valentines Open,2022-02-18,HJ,1.88,,
32,Red Hawk Invite,2022-02-05,HJ,1.77,,
32,John Tierney Classic,2022-01-29,HJ,1.79,,
70,UWL Final Qualifier,2025-05-14,100,,11.16,(+0.0)
70,UWL Final Qualifier,2025-05-14,200,,22.31,(0.7)
70,Horizon League Championship,2025-05-09,100,,10.93,(2.1)
70,Horizon League Championship,2025-05-09,200,,22.44,(0.8)
70,Horizon League Championship,2025-05-09,4x100,,52.64,
70,Badger Challenge,2025-05-02,100,,11.22,(-0.5)
70,Fighting Illini Twilight,2025-04-26,100,,11.17,(2.9)
70,Fighting Illini Twilight,2025-04-26,200,,22.37,(-0.2)
70,Fighting Illini Twilight,2025-04-26,4x100,,41.33,
70,Gibson Invitational,2025-04-17,100,,11.58,(-2.6)
70,Gibson Invitational,2025-04-17,200,,22.83,(-0.5)
70,Gibson Invitational,2025-04-17,4x100,,42.17,
70,Gibson Invitational,2025-04-17,4x400,,3:26.23,
70,Marquette Invitational,2025-04-10,100,,11.13,(0.3)
70,Marquette Invitational,2025-04-10,200,,23.02,(-0.5)
70,Marquette Invitational,2025-04-10,4x100,,,
70,Ashton May Invitational,2025-04-05,200,,22.86,(0.4)
70,Ashton May Invitational,2025-04-05,400,,53.13,
70,Redbird Challenge,2025-03-28,100,,11.18,(4.7)
70,Redbird Challenge,2025-03-28,200,,22.30,(5.1)
70,Redbird Challenge,2025-03-28,4x100,,,
70,2025 Horizon League Indoor Track & Field Championship,2025-03-01,60,,7.20,
70,2025 Horizon League Indoor Track & Field Championship,2025-03-01,200,,23.09,
70,Panther Tune-up,2025-02-22,60,,7.16,
70,Panther Tune-up,2025-02-22,60,,7.16,
70,Panther Tune-up,2025-02-22,200,,23.05,
70,Dick Hendricks Invite,2025-02-15,60,,,
70,Dick Hendricks Invite,2025-02-15,200,,,
70,UW-La Crosse Mark Guthrie Legacy Invitational,2025-02-08,60,,7.10,
70,UW-La Crosse Mark Guthrie Legacy Invitational,2025-02-08,200,,22.90,
70,UW-La Crosse Mark Guthrie Legacy Invitational,2025-02-08,4x400,,3:30.58,
70,"Leonard ""Squig"" Converse Invitational & Multi",2025-01-31,60,,7.08,
70,"Leonard ""Squig"" Converse Invitational & Multi",2025-01-31,200,,22.88,
70,John Tierney Classic,2025-01-25,60,,7.10,
70,John Tierney Classic,2025-01-25,60,,7.12,
70,John Tierney Classic,2025-01-25,200,,23.02,
70,Badgers Midwest Invite,2025-01-11,60,,7.14,
70,Badgers Midwest Invite,2025-01-11,60,,7.13,
70,Badgers Midwest Invite,2025-01-11,300,,36.68,
70,2024 Horizon League Outdoor Track & Field Championship,2024-05-03,100,,10.87,(2.3)
70,2024 Horizon League Outdoor Track & Field Championship,2024-05-03,100,,10.93,(0.4)
70,2024 Horizon League Outdoor Track & Field Championship,2024-05-03,200,,22.28,(1.5)
70,UW-Whitewater Drake Alternative,2024-04-25,100,,10.90,(2.4)
70,UW-Whitewater Drake Alternative,2024-04-25,100,,11.10,(-0.9)
70,UW-Whitewater Drake Alternative,2024-04-25,200,,22.63,(2.7)
70,Gibson Invitational,2024-04-18,100,,10.91,(1.5)
70,Gibson Invitational,2024-04-18,4x100,,41.52,
70,Gary Wieneke Memorial,2024-04-13,100,,10.92,(1.6)
70,Gary Wieneke Memorial,2024-04-13,200,,22.58,(2.5)
70,Gary Wieneke Memorial,2024-04-13,4x100,,42.15,
70,Golden Grizzly T&F Invite,2024-04-06,100,,11.13,(1.5)
70,Golden Grizzly T&F Invite,2024-04-06,200,,22.65,(1.6)
70,Golden Grizzly T&F Invite,2024-04-06,4x100,,,
70,Redbird Challenge,2024-03-29,100,,10.98,(1.5)
70,Redbird Challenge,2024-03-29,100,,11.00,(0.6)
70,Redbird Challenge,2024-03-29,200,,22.47,(1.7)
70,Horizon League Indoor Track & Field Championship,2024-02-24,60,,7.06,
70,Horizon League Indoor Track & Field Championship,2024-02-24,60,,7.06,
70,Horizon League Indoor Track & Field Championship,2024-02-24,200,,22.96,
70,GVSU Big Meet- (Friday),2024-02-09,60,,7.14,
70,GVSU Big Meet- (Friday),2024-02-09,200,,22.31,
70,Mark Guthrie Legacy Invite,2024-02-03,60,,7.06,
70,Mark Guthrie Legacy Invite,2024-02-03,200,,23.01,
70,Illini Challenge,2024-01-26,60,,7.15,
70,Illini Challenge,2024-01-26,200,,22.83,
70,Illini Challenge,2024-01-26,4x400,,3:28.46,
70,John Tierney Classic,2024-01-20,60,,7.07,
70,John Tierney Classic,2024-01-20,60,,7.10,
70,Badgers Midwest Invite,2024-01-13,60,,7.13,
70,Badgers Midwest Invite,2024-01-13,300,,37.02,
70,2023 Blue Demon Holiday Invite,2023-12-08,60,,7.92,
70,2023 Blue Demon Holiday Invite,2023-12-08,60,,6.99,
70,Horizon League Championship,2023-05-05,100,,10.83,(1.6)
70,Horizon League Championship,2023-05-05,100,,10.75,(1.1)
70,Horizon League Championship,2023-05-05,4x100,,41.31,
70,Gary Wieneke Memorial,2023-04-21,4x100,,41.17,
70,Green & White Invite,2023-04-15,100,,10.81,(2.7)
70,Green & White Invite,2023-04-15,400,,51.36,
70,Fighting Illini Challenge,2023-04-08,400,,50.80,
70,2023 Horizon League Indoor Track & Field Championship,2023-02-25,60,,7.10,
70,Panther Tune-Up,2023-02-18,60,,7.03,
70,Panther Tune-Up,2023-02-18,60,,7.07,
70,Panther Tune-Up,2023-02-18,200,,22.36,
70,Dick Hendricks Invite,2023-02-11,60,,7.05,
70,Dick Hendricks Invite,2023-02-11,60,,7.11,
70,Dick Hendricks Invite,2023-02-11,200,,22.52,
70,Mark Guthrie Legacy Invitational,2023-02-04,60,,7.16,
70,Wisconsin Badgers Midwest Invite,2023-01-14,60,,7.06,
70,2022 Warrior Invitational,2022-04-14,200,,22.51,(3.6)
70,GVSU Big Meet-FRIDAY,2022-02-11,60,,10.05,
81,UWL Final Qualifier,2025-05-14,HJ,1.99,,
81,Horizon League Championship,2025-05-09,HJ,1.97,,
81,Horizon League Championship,2025-05-09,TJ,13.71,,(0.6)
81,Jim Green Invitational,2025-05-02,HJ,,,
81,Fighting Illini Twilight,2025-04-26,HJ,,,
81,Ashton May Invitational,2025-04-05,HJ,2.09,,
81,Redbird Challenge,2025-03-28,TJ,13.53,,(2.3)
81,2025 Horizon League Indoor Track & Field Championship,2025-03-01,HJ,2.01,,
81,2025 Horizon League Indoor Track & Field Championship,2025-03-01,TJ,13.58,,
81,Panther Tune-up,2025-02-22,HJ,1.93,,
81,UW-La Crosse Mark Guthrie Legacy Invitational,2025-02-08,HJ,1.97,,
81,UW-La Crosse Mark Guthrie Legacy Invitational,2025-02-08,TJ,13.43,,
81,Meyo Invitational (2025 Notre Dame Indoor Track & Field),2025-01-31,HJ,,,
81,John Tierney Classic,2025-01-25,HJ,1.9,,
81,2024 Blue Demon Holiday Invite,2024-12-13,HJ,1.93,,
81,2024 Horizon League Outdoor Track & Field Championship,2024-05-03,HJ,1.93,,
81,2024 Horizon League Outdoor Track & Field Championship,2024-05-03,TJ,12.97,,(0.6)
81,Green & White Invite,2024-04-20,TJ,13.14,,(0.5)
81,Gary Wieneke Memorial,2024-04-13,HJ,1.96,,
81,Redbird Challenge,2024-03-29,HJ,2.04,,
81,Horizon League Indoor Track & Field Championship,2024-02-24,HJ,1.96,,
81,Horizon League Indoor Track & Field Championship,2024-02-24,TJ,13.61,,
81,Mark Guthrie Legacy Invite,2024-02-03,TJ,12.88,,
81,John Tierney Classic,2024-01-20,HJ,,,
81,Badgers Midwest Invite,2024-01-13,HJ,1.91,,
81,Illini Open,2024-01-06,HJ,,,
81,2023 Blue Demon Holiday Invite,2023-12-08,HJ,,,
81,Horizon League Championship,2023-05-05,HJ,1.89,,
81,Marquette Invitational,2023-04-22,HJ,1.9,,
81,Green & White Invite,2023-04-15,TJ,12.89,,(1.3)
81,Fighting Illini Challenge,2023-04-08,HJ,,,
81,2023 Horizon League Indoor Track & Field Championship,2023-02-25,HJ,2.01,,
81,2023 Horizon League Indoor Track & Field Championship,2023-02-25,TJ,13.38,,
81,GVSU Big Meet (Friday),2023-02-10,HJ,,,
81,Mark Guthrie Legacy Invitational,2023-02-04,TJ,13.07,,
81,Jack Johnson Classic,2023-01-27,HJ,1.92,,
81,John Tierney Classic,2023-01-21,HJ,1.95,,
81,Wisconsin Badgers Midwest Invite,2023-01-14,HJ,1.86,,
81,2022 Blue Demon Holiday Invite,2022-12-09,HJ,1.9,,
81,Horizon League Outdoor Track & Field Championships,2022-05-06,HJ,1.95,,
81,Valparaiso Beacan Invite,2022-04-30,HJ,,,
81,Illini Invitational,2022-04-22,HJ,1.9,,
81,Redbird Invite,2022-04-01,HJ,1.85,,
81,Redbird Invite,2022-04-01,TJ,12.66,,
81,Horizon League Indoor Track & Field Championships,2022-02-26,HJ,1.89,,
81,Horizon League Indoor Track & Field Championships,2022-02-26,TJ,13.0,,
81,John Tierney Classic,2022-01-29,TJ,13.05,,
81,John Gartland Invitational,2022-01-21,HJ,1.91,,
81,Hawkeye Invite,2022-01-14,HJ,1.9,,
85,Horizon League Championship,2025-05-09,SP,14.11,,
85,Horizon League Championship,2025-05-09,DT,48.7,,
85,Horizon League Championship,2025-05-09,HT,42.9,,
85,Horizon League Championship,2025-05-09,JT,47.65,,
85,Badger Challenge,2025-05-02,DT,49.45,,
85,Badger Challenge,2025-05-02,HT,38.48,,
85,Badger Challenge,2025-05-02,JT,42.06,,
85,Fighting Illini Twilight,2025-04-26,SP,13.3,,
85,Fighting Illini Twilight,2025-04-26,DT,46.02,,
85,Fighting Illini Twilight,2025-04-26,HT,32.23,,
85,Marquette Invitational,2025-04-10,SP,13.52,,
85,Marquette Invitational,2025-04-10,DT,46.84,,
85,Marquette Invitational,2025-04-10,JT,40.64,,
85,Ashton May Invitational,2025-04-05,SP,13.74,,
85,Ashton May Invitational,2025-04-05,DT,47.1,,
85,Redbird Challenge,2025-03-28,SP,13.35,,
85,Redbird Challenge,2025-03-28,DT,49.27,,
85,2025 Horizon League Indoor Track & Field Championship,2025-03-01,SP,13.59,,
85,2025 Horizon League Indoor Track & Field Championship,2025-03-01,WT,14.07,,
85,2025 Horizon League Indoor Track & Field Championship,2025-03-01,Hep,,4025,
85,2025 Horizon League Indoor Track & Field Championship,2025-03-01,60,,7.54,
85,2025 Horizon League Indoor Track & Field Championship,2025-03-01,LJ,5.93,,
85,2025 Horizon League Indoor Track & Field Championship,2025-03-01,SP,13.89,,
85,2025 Horizon League Indoor Track & Field Championship,2025-03-01,HJ,1.76,,
85,2025 Horizon League Indoor Track & Field Championship,2025-03-01,60H,,9.48,
85,2025 Horizon League Indoor Track & Field Championship,2025-03-01,PV,3.4,,
85,2025 Horizon League Indoor Track & Field Championship,2025-03-01,1000,,3:38.37,
85,Panther Tune-up,2025-02-22,60H,,,
85,Panther Tune-up,2025-02-22,60H,,9.11,
85,Panther Tune-up,2025-02-22,SP,13.36,,
85,Panther Tune-up,2025-02-22,WT,15.02,,
85,UW-La Crosse Mark Guthrie Legacy Invitational,2025-02-08,SP,12.45,,
85,UW-La Crosse Mark Guthrie Legacy Invitational,2025-02-08,WT,13.22,,
85,John Tierney Classic,2025-01-25,60H,,,
85,John Tierney Classic,2025-01-25,60H,,9.08,
85,John Tierney Classic,2025-01-25,SP,13.48,,
85,John Tierney Classic,2025-01-25,WT,14.19,,
85,Badgers Midwest Invite,2025-01-11,SP,13.02,,
85,2024 Horizon League Outdoor Track & Field Championship,2024-05-03,DT,46.15,,
85,2024 Horizon League Outdoor Track & Field Championship,2024-05-03,JT,46.16,,
85,2024 Horizon League Outdoor Track & Field Championship,2024-05-03,Dec,,5807,
85,2024 Horizon League Outdoor Track & Field Championship,2024-05-03,100,,11.96,(-1.0)
85,2024 Horizon League Outdoor Track & Field Championship,2024-05-03,LJ,5.71,,(-2.1)
85,2024 Horizon League Outdoor Track & Field Championship,2024-05-03,SP,14.17,,
85,2024 Horizon League Outdoor Track & Field Championship,2024-05-03,HJ,1.79,,
85,2024 Horizon League Outdoor Track & Field Championship,2024-05-03,400,,55.86,
85,2024 Horizon League Outdoor Track & Field Championship,2024-05-03,110H,,17.27,(-0.1)
85,2024 Horizon League Outdoor Track & Field Championship,2024-05-03,DT,44.17,,
85,2024 Horizon League Outdoor Track & Field Championship,2024-05-03,PV,3.8,,
85,2024 Horizon League Outdoor Track & Field Championship,2024-05-03,JT,42.39,,
85,2024 Horizon League Outdoor Track & Field Championship,2024-05-03,1500,,5:47.94,
85,UW-Whitewater Drake Alternative,2024-04-25,SP,12.42,,
85,UW-Whitewater Drake Alternative,2024-04-25,DT,49.15,,
85,Gary Wieneke Memorial,2024-04-13,SP,12.65,,
85,Gary Wieneke Memorial,2024-04-13,DT,47.16,,
85,Marquette Invitational,2024-04-12,110H,,16.77,(1.5)
85,Golden Grizzly T&F Invite,2024-04-06,110H,,16.77,(3.0)
85,Golden Grizzly T&F Invite,2024-04-06,HJ,1.8,,
85,Golden Grizzly T&F Invite,2024-04-06,DT,42.52,,
85,Golden Grizzly T&F Invite,2024-04-06,JT,43.35,,
85,Redbird Challenge,2024-03-29,110H,,16.87,(0.8)
85,Redbird Challenge,2024-03-29,110H,,19.50,(0.1)
85,Redbird Challenge,2024-03-29,LJ,6.05,,
85,Redbird Challenge,2024-03-29,DT,43.66,,
85,2024 Warrior Invitational,2024-03-28,JT,42.48,,
85,Horizon League Indoor Track & Field Championship,2024-02-24,Hep,,4393,
85,Horizon League Indoor Track & Field Championship,2024-02-24,60,,7.58,
85,Horizon League Indoor Track & Field Championship,2024-02-24,LJ,6.04,,
85,Horizon League Indoor Track & Field Championship,2024-02-24,SP,14.33,,
85,Horizon League Indoor Track & Field Championship,2024-02-24,HJ,1.88,,
85,Horizon League Indoor Track & Field Championship,2024-02-24,60H,,9.25,
85,Horizon League Indoor Track & Field Championship,2024-02-24,PV,3.5,,
85,Horizon League Indoor Track & Field Championship,2024-02-24,1000,,3:18.81,
85,PANTHER TUNE-UP,2024-02-17,60H,,9.10,
85,PANTHER TUNE-UP,2024-02-17,PV,3.5,,
85,GVSU Big Meet- (Friday),2024-02-09,60H,,9.15,
85,GVSU Big Meet- (Friday),2024-02-09,HJ,,,
85,GVSU Big Meet- (Friday),2024-02-09,SP,13.33,,
85,Mark Guthrie Legacy Invite,2024-02-03,60H,,9.15,
85,Mark Guthrie Legacy Invite,2024-02-03,LJ,5.93,,
85,Mark Guthrie Legacy Invite,2024-02-03,SP,12.74,,
85,John Tierney Classic,2024-01-20,60H,,9.25,
85,John Tierney Classic,2024-01-20,HJ,1.85,,
85,John Tierney Classic,2024-01-20,PV,3.2,,
85,Badgers Midwest Invite,2024-01-13,60H,,9.26,
85,Badgers Midwest Invite,2024-01-13,LJ,5.88,,
85,Badgers Midwest Invite,2024-01-13,SP,,,
85,2023 Blue Demon Holiday Invite,2023-12-08,60H,,9.21,
85,2023 Blue Demon Holiday Invite,2023-12-08,SP,12.28,,
85,Horizon League Championship,2023-05-05,DT,46.6,,
85,Horizon League Championship,2023-05-05,JT,44.23,,
85,Horizon League Championship,2023-05-05,Dec,,5776,
85,Horizon League Championship,2023-05-05,100,,11.66,(0.8)
85,Horizon League Championship,2023-05-05,LJ,5.9,,(0.5)
85,Horizon League Championship,2023-05-05,SP,12.28,,
85,Horizon League Championship,2023-05-05,HJ,1.79,,
85,Horizon League Championship,2023-05-05,400,,55.55,
85,Horizon League Championship,2023-05-05,110H,,17.33,(-0.7)
85,Horizon League Championship,2023-05-05,DT,46.9,,
85,Horizon League Championship,2023-05-05,PV,3.4,,
85,Horizon League Championship,2023-05-05,JT,45.97,,
85,Horizon League Championship,2023-05-05,1500,,5:53.58,
85,Clark Wood Open 2023,2023-04-28,110H,,16.17,(2.5)
85,Clark Wood Open 2023,2023-04-28,LJ,6.0,,(0.5)
85,Clark Wood Open 2023,2023-04-28,SP,11.71,,
85,Clark Wood Open 2023,2023-04-28,DT,45.38,,
85,Marquette Invitational,2023-04-22,DT,44.6,,
85,Gary Wieneke Memorial,2023-04-21,110H,,16.90,(1.9)
85,Gary Wieneke Memorial,2023-04-21,LJ,5.98,,(2.2)
85,Gibson Invitational & Multis,2023-04-13,110H,,16.53,(2.6)
85,Gibson Invitational & Multis,2023-04-13,HJ,1.75,,
85,Gibson Invitational & Multis,2023-04-13,JT,43.63,,
85,Fighting Illini Challenge,2023-04-08,110H,,17.70,(-0.3)
85,Fighting Illini Challenge,2023-04-08,LJ,5.86,,(2.6)
85,Fighting Illini Challenge,2023-04-08,JT,42.27,,
85,Warrior Invitational,2023-04-06,SP,11.79,,
85,Warrior Invitational,2023-04-06,DT,42.63,,
85,2023 Horizon League Indoor Track & Field Championship,2023-02-25,Hep,,4126,
85,2023 Horizon League Indoor Track & Field Championship,2023-02-25,60,,7.66,
85,2023 Horizon League Indoor Track & Field Championship,2023-02-25,LJ,5.82,,
85,2023 Horizon League Indoor Track & Field Championship,2023-02-25,SP,13.41,,
85,2023 Horizon League Indoor Track & Field Championship,2023-02-25,HJ,1.79,,
85,2023 Horizon League Indoor Track & Field Championship,2023-02-25,60H,,9.15,
85,2023 Horizon League Indoor Track & Field Championship,2023-02-25,PV,3.3,,
85,2023 Horizon League Indoor Track & Field Championship,2023-02-25,1000,,3:22.52,
85,John Tierney Classic,2023-01-21,60H,,9.47,
85,John Tierney Classic,2023-01-21,60H,,9.33,
85,John Tierney Classic,2023-01-21,PV,3.15,,
85,John Tierney Classic,2023-01-21,LJ,5.95,,
85,Wisconsin Badgers Midwest Invite,2023-01-14,60H,,9.23,
85,Wisconsin Badgers Midwest Invite,2023-01-14,HJ,,,
85,Wisconsin Badgers Midwest Invite,2023-01-14,SP,11.59,,
85,Horizon League Outdoor Track & Field Championships,2022-05-06,DT,43.36,,
85,Horizon League Outdoor Track & Field Championships,2022-05-06,Dec,,5133,
85,Horizon League Outdoor Track & Field Championships,2022-05-06,100,,12.17,(-0.1)
85,Horizon League Outdoor Track & Field Championships,2022-05-06,LJ,5.59,,
85,Horizon League Outdoor Track & Field Championships,2022-05-06,SP,12.08,,
85,Horizon League Outdoor Track & Field Championships,2022-05-06,HJ,1.72,,
85,Horizon League Outdoor Track & Field Championships,2022-05-06,400,,1:00.02,
85,Horizon League Outdoor Track & Field Championships,2022-05-06,110H,,17.33,(2.8)
85,Horizon League Outdoor Track & Field Championships,2022-05-06,DT,41.58,,
85,Horizon League Outdoor Track & Field Championships,2022-05-06,PV,3.3,,
85,Horizon League Outdoor Track & Field Championships,2022-05-06,JT,39.66,,
85,Horizon League Outdoor Track & Field Championships,2022-05-06,1500,,5:57.22,
85,Valparaiso Beacan Invite,2022-04-30,110H,,17.40,(1.0)
85,Valparaiso Beacan Invite,2022-04-30,LJ,5.6,,(2.0)
85,Valparaiso Beacan Invite,2022-04-30,DT,41.04,,
85,Valparaiso Beacan Invite,2022-04-30,JT,40.72,,
85,Illini Invitational,2022-04-22,110H,,17.38,(5.9)
85,Illini Invitational,2022-04-22,HJ,1.75,,
85,Illini Invitational,2022-04-22,DT,39.62,,
85,Illini Invitational,2022-04-22,JT,39.19,,
85,2022 Warrior Invitational,2022-04-14,LJ,5.65,,(3.3)
85,Redbird Invite,2022-04-01,110H,,18.37,(0.1)
85,Redbird Invite,2022-04-01,110H,,19.68,(2.1)
85,Redbird Invite,2022-04-01,DT,40.05,,
85,Redbird Invite,2022-04-01,JT,41.09,,
85,Horizon League Indoor Track & Field Championships,2022-02-26,Hep,,3847,
85,Horizon League Indoor Track & Field Championships,2022-02-26,60,,7.69,
85,Horizon League Indoor Track & Field Championships,2022-02-26,LJ,5.4,,
85,Horizon League Indoor Track & Field Championships,2022-02-26,SP,11.45,,
85,Horizon League Indoor Track & Field Championships,2022-02-26,HJ,1.78,,
85,Horizon League Indoor Track & Field Championships,2022-02-26,60H,,9.61,
85,Horizon League Indoor Track & Field Championships,2022-02-26,PV,3.24,,
85,Horizon League Indoor Track & Field Championships,2022-02-26,1000,,3:15.92,
85,St. Valentines Open,2022-02-18,60H,,9.47,
85,St. Valentines Open,2022-02-18,LJ,5.63,,
85,St. Valentines Open,2022-02-18,SP,12.32,,
85,Red Hawk Invite,2022-02-05,60H,,9.51,
85,Red Hawk Invite,2022-02-05,LJ,5.69,,
85,Red Hawk Invite,2022-02-05,SP,10.34,,
85,John Tierney Classic,2022-01-29,60H,,9.64,
85,John Tierney Classic,2022-01-29,60H,,9.62,
85,John Tierney Classic,2022-01-29,HJ,1.74,,
85,John Tierney Classic,2022-01-29,SP,11.24,,
85,John Gartland Invitational,2022-01-21,Hep,,3345,
85,John Gartland Invitational,2022-01-21,60,,7.61,
85,John Gartland Invitational,2022-01-21,LJ,5.96,,
85,John Gartland Invitational,2022-01-21,SP,12.06,,
85,John Gartland Invitational,2022-01-21,HJ,,,
85,John Gartland Invitational,2022-01-21,60H,,9.64,
85,John Gartland Invitational,2022-01-21,PV,3.35,,
85,John Gartland Invitational,2022-01-21,1000,,3:26.97,
85,Hawkeye Invite,2022-01-14,HJ,1.8,,
1,Horizon League Championship,2023-05-05,100,,10.99,(1.6)
1,Horizon League Championship,2023-05-05,100,,10.92,(1.1)
1,Horizon League Championship,2023-05-05,4x400,,3:18.75,
1,Clark Wood Open 2023,2023-04-28,200,,22.57,(-1.3)
1,Clark Wood Open 2023,2023-04-28,4x100,,41.03,
1,Gibson Invitational & Multis,2023-04-13,100,,10.88,(1.1)
1,Gibson Invitational & Multis,2023-04-13,4x400,,3:22.23,
1,Fighting Illini Challenge,2023-04-08,100,,10.78,(2.3)
1,Fighting Illini Challenge,2023-04-08,200,,22.68,(-0.4)
1,Fighting Illini Challenge,2023-04-08,4x100,,42.74,
1,2023 Horizon League Indoor Track & Field Championship,2023-02-25,400,,50.95,
1,2023 Horizon League Indoor Track & Field Championship,2023-02-25,400,,50.32,
1,2023 Horizon League Indoor Track & Field Championship,2023-02-25,4x400,,3:21.77,
1,GVSU Big Meet (Friday),2023-02-10,400,,49.72,
1,GVSU Big Meet (Friday),2023-02-10,4x400,,3:22.00,
1,Mark Guthrie Legacy Invitational,2023-02-04,200,,23.41,
1,Mark Guthrie Legacy Invitational,2023-02-04,400,,,
1,Mark Guthrie Legacy Invitational,2023-02-04,4x400,,,
1,Jack Johnson Classic,2023-01-27,400,,50.56,
1,Jack Johnson Classic,2023-01-27,4x400,,3:28.74,
1,Wisconsin Badgers Midwest Invite,2023-01-14,60,,7.06,
1,Wisconsin Badgers Midwest Invite,2023-01-14,4x400,,3:20.69,
1,2022 Blue Demon Holiday Invite,2022-12-09,400,,49.90,
1,2022 Blue Demon Holiday Invite,2022-12-09,4x400,,,
1,Horizon League Outdoor Track & Field Championships,2022-05-06,400,,50.40,
1,Horizon League Outdoor Track & Field Championships,2022-05-06,4x400,,3:16.87,
1,Illini Invitational,2022-04-22,400,,49.54,
1,2022 Warrior Invitational,2022-04-14,4x100,,42.34,
1,Marquette Invitational,2022-04-10,400,,51.60,
1,Horizon League Indoor Track & Field Championships,2022-02-26,400,,49.29,
1,Horizon League Indoor Track & Field Championships,2022-02-26,400,,49.19,
1,Horizon League Indoor Track & Field Championships,2022-02-26,4x400,,3:18.74,
1,St. Valentines Open,2022-02-18,60,,7.17,
1,St. Valentines Open,2022-02-18,200,,23.01,
1,GVSU Big Meet-FRIDAY,2022-02-11,400,,50.66,
1,GVSU Big Meet-FRIDAY,2022-02-11,4x400,,3:22.56,
1,Red Hawk Invite,2022-02-05,400,,51.09,
1,Red Hawk Invite,2022-02-05,4x400,,3:24.83,
1,John Tierney Classic,2022-01-29,200,,23.53,
1,John Tierney Classic,2022-01-29,4x400,,3:28.86,
1,John Gartland Invitational,2022-01-21,400,,51.25,
1,Hawkeye Invite,2022-01-14,200,,22.89,
1,Hawkeye Invite,2022-01-14,400,,51.50,
12,2024 Horizon League Outdoor Track & Field Championship,2024-05-03,PV,3.8,,
12,2024 Horizon League Outdoor Track & Field Championship,2024-05-03,JT,49.15,,
12,2024 Horizon League Outdoor Track & Field Championship,2024-05-03,Dec,,5955,
12,2024 Horizon League Outdoor Track & Field Championship,2024-05-03,100,,11.97,(-1.0)
12,2024 Horizon League Outdoor Track & Field Championship,2024-05-03,LJ,5.72,,(-0.2)
12,2024 Horizon League Outdoor Track & Field Championship,2024-05-03,SP,12.27,,
12,2024 Horizon League Outdoor Track & Field Championship,2024-05-03,HJ,1.82,,
12,2024 Horizon League Outdoor Track & Field Championship,2024-05-03,400,,54.40,
12,2024 Horizon League Outdoor Track & Field Championship,2024-05-03,110H,,16.38,(-0.1)
12,2024 Horizon League Outdoor Track & Field Championship,2024-05-03,DT,33.11,,
12,2024 Horizon League Outdoor Track & Field Championship,2024-05-03,PV,4.0,,
12,2024 Horizon League Outdoor Track & Field Championship,2024-05-03,JT,47.63,,
12,2024 Horizon League Outdoor Track & Field Championship,2024-05-03,1500,,5:11.85,
12,Gibson Invitational,2024-04-18,Dec,,5963,
12,Gibson Invitational,2024-04-18,100,,11.90,(-0.6)
12,Gibson Invitational,2024-04-18,LJ,5.92,,(+0.0)
12,Gibson Invitational,2024-04-18,SP,12.02,,
12,Gibson Invitational,2024-04-18,HJ,1.82,,
12,Gibson Invitational,2024-04-18,400,,55.74,
12,Gibson Invitational,2024-04-18,110H,,15.80,(3.5)
12,Gibson Invitational,2024-04-18,DT,33.38,,
12,Gibson Invitational,2024-04-18,PV,4.25,,
12,Gibson Invitational,2024-04-18,JT,46.69,,
12,Gibson Invitational,2024-04-18,1500,,5:32.25,
12,Gary Wieneke Memorial,2024-04-13,JT,50.81,,
12,Marquette Invitational,2024-04-12,DT,37.46,,
12,Golden Grizzly T&F Invite,2024-04-06,110H,,15.73,(2.5)
12,Golden Grizzly T&F Invite,2024-04-06,DT,24.48,,
12,Golden Grizzly T&F Invite,2024-04-06,JT,50.2,,
12,Redbird Challenge,2024-03-29,110H,,15.97,(1.3)
12,Redbird Challenge,2024-03-29,110H,,,
12,Redbird Challenge,2024-03-29,JT,54.34,,
12,2024 Warrior Invitational,2024-03-28,SP,11.04,,
12,Horizon League Indoor Track & Field Championship,2024-02-24,Hep,,4577,
12,Horizon League Indoor Track & Field Championship,2024-02-24,60,,7.58,
12,Horizon League Indoor Track & Field Championship,2024-02-24,LJ,5.94,,
12,Horizon League Indoor Track & Field Championship,2024-02-24,SP,12.29,,
12,Horizon League Indoor Track & Field Championship,2024-02-24,HJ,1.85,,
12,Horizon League Indoor Track & Field Championship,2024-02-24,60H,,8.94,
12,Horizon League Indoor Track & Field Championship,2024-02-24,PV,4.2,,
12,Horizon League Indoor Track & Field Championship,2024-02-24,1000,,3:07.82,
12,PANTHER TUNE-UP,2024-02-17,60H,,8.83,
12,PANTHER TUNE-UP,2024-02-17,PV,3.95,,
12,PANTHER TUNE-UP,2024-02-17,SP,12.03,,
12,Mark Guthrie Legacy Invite,2024-02-03,60H,,8.84,
12,Mark Guthrie Legacy Invite,2024-02-03,HJ,1.85,,
12,Illini Challenge,2024-01-26,Hep,,4474,
12,Illini Challenge,2024-01-26,60,,7.56,
12,Illini Challenge,2024-01-26,LJ,6.06,,
12,Illini Challenge,2024-01-26,SP,12.08,,
12,Illini Challenge,2024-01-26,HJ,1.75,,
12,Illini Challenge,2024-01-26,60H,,8.97,
12,Illini Challenge,2024-01-26,PV,4.15,,
12,Illini Challenge,2024-01-26,1000,,3:09.68,
12,John Tierney Classic,2024-01-20,60H,,8.93,
12,John Tierney Classic,2024-01-20,HJ,1.8,,
12,John Tierney Classic,2024-01-20,PV,3.95,,
12,Badgers Midwest Invite,2024-01-13,60H,,8.95,
12,Badgers Midwest Invite,2024-01-13,LJ,5.9,,
12,Illini Open,2024-01-06,60H,,9.04,
12,Illini Open,2024-01-06,HJ,,,
12,Illini Open,2024-01-06,SP,11.9,,
12,2023 Blue Demon Holiday Invite,2023-12-08,60H,,9.05,
12,2023 Blue Demon Holiday Invite,2023-12-08,SP,12.22,,
12,Horizon League Championship,2023-05-05,JT,50.31,,
12,Horizon League Championship,2023-05-05,Dec,,6051,
12,Horizon League Championship,2023-05-05,100,,11.52,(1.1)
12,Horizon League Championship,2023-05-05,LJ,5.73,,(+0.0)
12,Horizon League Championship,2023-05-05,SP,11.65,,
12,Horizon League Championship,2023-05-05,HJ,1.82,,
12,Horizon League Championship,2023-05-05,400,,55.07,
12,Horizon League Championship,2023-05-05,110H,,16.57,(-0.9)
12,Horizon League Championship,2023-05-05,DT,37.97,,
12,Horizon League Championship,2023-05-05,PV,4.2,,
12,Horizon League Championship,2023-05-05,JT,47.46,,
12,Horizon League Championship,2023-05-05,1500,,5:23.43,
12,Marquette Invitational,2023-04-22,DT,37.95,,
12,Gary Wieneke Memorial,2023-04-21,LJ,6.12,,(2.0)
12,Gary Wieneke Memorial,2023-04-21,JT,47.87,,
12,Gibson Invitational & Multis,2023-04-13,HJ,1.75,,
12,Gibson Invitational & Multis,2023-04-13,JT,49.86,,
12,Warrior Invitational,2023-04-06,SP,12.09,,
12,Warrior Invitational,2023-04-06,DT,36.84,,
12,Warrior Invitational,2023-04-06,JT,52.46,,
12,2023 Horizon League Indoor Track & Field Championship,2023-02-25,PV,,,
12,John Tierney Classic,2023-01-21,60H,,9.13,
12,John Tierney Classic,2023-01-21,60H,,8.99,
12,John Tierney Classic,2023-01-21,PV,3.9,,
12,John Tierney Classic,2023-01-21,LJ,6.17,,
12,Wisconsin Badgers Midwest Invite,2023-01-14,60H,,8.86,
12,Wisconsin Badgers Midwest Invite,2023-01-14,HJ,,,
12,Wisconsin Badgers Midwest Invite,2023-01-14,SP,11.75,,
12,2022 Blue Demon Holiday Invite,2022-12-09,60H,,8.95,
12,2022 Blue Demon Holiday Invite,2022-12-09,LJ,6.12,,
12,2022 Blue Demon Holiday Invite,2022-12-09,SP,11.46,,
12,Horizon League Outdoor Track & Field Championships,2022-05-06,110H,,16.51,(+0.0)
12,Horizon League Outdoor Track & Field Championships,2022-05-06,110H,,16.05,(3.0)
12,Horizon League Outdoor Track & Field Championships,2022-05-06,HJ,,,
12,Horizon League Outdoor Track & Field Championships,2022-05-06,PV,4.1,,
12,Horizon League Outdoor Track & Field Championships,2022-05-06,JT,45.62,,
12,Horizon League Outdoor Track & Field Championships,2022-05-06,Dec,,6133,
12,Horizon League Outdoor Track & Field Championships,2022-05-06,100,,11.69,
12,Horizon League Outdoor Track & Field Championships,2022-05-06,LJ,5.95,,
12,Horizon League Outdoor Track & Field Championships,2022-05-06,SP,10.64,,
12,Horizon League Outdoor Track & Field Championships,2022-05-06,HJ,1.84,,
12,Horizon League Outdoor Track & Field Championships,2022-05-06,400,,55.50,
12,Horizon League Outdoor Track & Field Championships,2022-05-06,110H,,15.77,(1.9)
12,Horizon League Outdoor Track & Field Championships,2022-05-06,DT,38.11,,
12,Horizon League Outdoor Track & Field Championships,2022-05-06,PV,4.2,,
12,Horizon League Outdoor Track & Field Championships,2022-05-06,JT,52.04,,
12,Horizon League Outdoor Track & Field Championships,2022-05-06,1500,,5:29.17,
12,Valparaiso Beacan Invite,2022-04-30,110H,,16.12,(1.0)
12,Valparaiso Beacan Invite,2022-04-30,PV,4.0,,
12,Valparaiso Beacan Invite,2022-04-30,DT,35.69,,
12,Valparaiso Beacan Invite,2022-04-30,JT,39.37,,
12,Illini Invitational,2022-04-22,110H,,15.93,(5.9)
12,Illini Invitational,2022-04-22,LJ,5.77,,(6.4)
12,Illini Invitational,2022-04-22,DT,35.04,,
12,Illini Invitational,2022-04-22,JT,43.92,,
12,2022 Warrior Invitational,2022-04-14,DT,35.25,,
12,44 Farms Team Invitational,2022-04-08,Dec,,6122,
12,44 Farms Team Invitational,2022-04-08,100,,11.33,(4.2)
12,44 Farms Team Invitational,2022-04-08,LJ,6.06,,(3.3)
12,44 Farms Team Invitational,2022-04-08,SP,10.91,,
12,44 Farms Team Invitational,2022-04-08,HJ,1.87,,
12,44 Farms Team Invitational,2022-04-08,400,,56.17,
12,44 Farms Team Invitational,2022-04-08,110H,,15.88,(1.7)
12,44 Farms Team Invitational,2022-04-08,DT,36.3,,
12,44 Farms Team Invitational,2022-04-08,PV,4.1,,
12,44 Farms Team Invitational,2022-04-08,JT,48.06,,
12,44 Farms Team Invitational,2022-04-08,1500,,5:27.43,
12,Redbird Invite,2022-04-01,110H,,16.67,(0.1)
12,Redbird Invite,2022-04-01,110H,,16.37,(2.1)
12,Redbird Invite,2022-04-01,LJ,5.52,,
12,Redbird Invite,2022-04-01,DT,35.6,,
12,Redbird Invite,2022-04-01,JT,42.67,,
12,Horizon League Indoor Track & Field Championships,2022-02-26,HJ,1.84,,
12,Horizon League Indoor Track & Field Championships,2022-02-26,PV,4.15,,
12,Horizon League Indoor Track & Field Championships,2022-02-26,Hep,,4629,
12,Horizon League Indoor Track & Field Championships,2022-02-26,60,,7.50,
12,Horizon League Indoor Track & Field Championships,2022-02-26,LJ,5.99,,
12,Horizon League Indoor Track & Field Championships,2022-02-26,SP,11.37,,
12,Horizon League Indoor Track & Field Championships,2022-02-26,HJ,1.87,,
12,Horizon League Indoor Track & Field Championships,2022-02-26,60H,,8.85,
12,Horizon League Indoor Track & Field Championships,2022-02-26,PV,4.24,,
12,Horizon League Indoor Track & Field Championships,2022-02-26,1000,,3:05.37,
12,St. Valentines Open,2022-02-18,60H,,8.96,
12,St. Valentines Open,2022-02-18,LJ,6.03,,
12,St. Valentines Open,2022-02-18,SP,12.0,,
12,2022 Hoosier Hills,2022-02-11,60H,,8.96,
12,2022 Hoosier Hills,2022-02-11,HJ,,,
12,Red Hawk Invite,2022-02-05,60H,,8.81,
12,Red Hawk Invite,2022-02-05,60H,,8.96,
12,Red Hawk Invite,2022-02-05,PV,3.95,,
12,Red Hawk Invite,2022-02-05,LJ,5.74,,
12,John Tierney Classic,2022-01-29,60H,,8.83,
12,John Tierney Classic,2022-01-29,60H,,8.84,
12,John Tierney Classic,2022-01-29,HJ,1.84,,
12,John Tierney Classic,2022-01-29,SP,11.06,,
12,Horizon League Outdoor Track & Field Championships,2021-05-07,HJ,1.89,,
12,Horizon League Outdoor Track & Field Championships,2021-05-07,PV,3.92,,
12,Horizon League Outdoor Track & Field Championships,2021-05-07,Dec,,5724,
12,Horizon League Outdoor Track & Field Championships,2021-05-07,100,,11.61,(2.2)
12,Horizon League Outdoor Track & Field Championships,2021-05-07,LJ,5.71,,(1.4)
12,Horizon League Outdoor Track & Field Championships,2021-05-07,SP,10.48,,
12,Horizon League Outdoor Track & Field Championships,2021-05-07,HJ,1.82,,
12,Horizon League Outdoor Track & Field Championships,2021-05-07,400,,53.43,
12,Horizon League Outdoor Track & Field Championships,2021-05-07,110H,,15.88,(2.7)
12,Horizon League Outdoor Track & Field Championships,2021-05-07,DT,29.31,,
12,Horizon League Outdoor Track & Field Championships,2021-05-07,PV,4.2,,
12,Horizon League Outdoor Track & Field Championships,2021-05-07,JT,44.38,,
12,Horizon League Outdoor Track & Field Championships,2021-05-07,1500,,5:58.23,
12,Valpo Invitational,2021-05-01,110H,,16.22,(1.2)
12,Valpo Invitational,2021-05-01,HJ,1.9,,
12,Valpo Invitational,2021-05-01,PV,3.7,,
12,Valpo Invitational,2021-05-01,JT,43.2,,
12,2021 Green & White Invite,2021-04-24,110H,,16.27,(0.6)
12,2021 Green & White Invite,2021-04-24,LJ,5.66,,(+0.0)
12,2021 Green & White Invite,2021-04-24,SP,11.26,,
12,2021 Green & White Invite,2021-04-24,DT,34.64,,
12,Gibson Invitational Heptathlon & Decathlon,2021-04-15,Dec,,5911,
12,Gibson Invitational Heptathlon & Decathlon,2021-04-15,100,,11.68,(3.4)
12,Gibson Invitational Heptathlon & Decathlon,2021-04-15,LJ,5.63,,(-1.2)
12,Gibson Invitational Heptathlon & Decathlon,2021-04-15,SP,11.92,,
12,Gibson Invitational Heptathlon & Decathlon,2021-04-15,HJ,1.87,,
12,Gibson Invitational Heptathlon & Decathlon,2021-04-15,400,,54.01,
12,Gibson Invitational Heptathlon & Decathlon,2021-04-15,110H,,16.33,(0.1)
12,Gibson Invitational Heptathlon & Decathlon,2021-04-15,DT,33.39,,
12,Gibson Invitational Heptathlon & Decathlon,2021-04-15,PV,3.92,,
12,Gibson Invitational Heptathlon & Decathlon,2021-04-15,JT,43.21,,
12,Gibson Invitational Heptathlon & Decathlon,2021-04-15,1500,,5:20.32,
12,Big Blue Classic,2021-04-09,110H,,16.52,(2.6)
12,Big Blue Classic,2021-04-09,LJ,6.02,,(3.2)
12,Big Blue Classic,2021-04-09,JT,,,
12,Illinois State Redbird Invitational,2021-04-02,110H,,16.49,(2.2)
12,Illinois State Redbird Invitational,2021-04-02,HJ,1.82,,
12,Illinois State Redbird Invitational,2021-04-02,JT,45.65,,
12,Horizon League Indoor Track & Field Championships,2021-02-26,HJ,1.86,,
12,Horizon League Indoor Track & Field Championships,2021-02-26,PV,4.05,,
12,Horizon League Indoor Track & Field Championships,2021-02-26,Hep,,4320,
12,Horizon League Indoor Track & Field Championships,2021-02-26,60,,7.53,
12,Horizon League Indoor Track & Field Championships,2021-02-26,LJ,5.66,,
12,Horizon League Indoor Track & Field Championships,2021-02-26,SP,11.2,,
12,Horizon League Indoor Track & Field Championships,2021-02-26,HJ,1.92,,
12,Horizon League Indoor Track & Field Championships,2021-02-26,60H,,9.11,
12,Horizon League Indoor Track & Field Championships,2021-02-26,PV,3.85,,
12,Horizon League Indoor Track & Field Championships,2021-02-26,1000,,3:15.96,
12,UW-Parkside Triangular,2021-02-19,55H,,8.20,
12,UW-Parkside Triangular,2021-02-19,HJ,1.9,,
12,Panther Tune-Up,2021-02-14,60H,,9.14,
12,Panther Tune-Up,2021-02-14,HJ,,,
12,Panther Tune-Up,2021-02-14,SP,10.47,,
12,UW-Parkside Triangular,2021-02-05,Hep,,4333,
12,UW-Parkside Triangular,2021-02-05,55,,7.14,
12,UW-Parkside Triangular,2021-02-05,LJ,6.08,,
12,UW-Parkside Triangular,2021-02-05,SP,10.65,,
12,UW-Parkside Triangular,2021-02-05,HJ,1.81,,
12,UW-Parkside Triangular,2021-02-05,55H,,8.53,
12,UW-Parkside Triangular,2021-02-05,PV,4.0,,
12,UW-Parkside Triangular,2021-02-05,1000,,3:07.98,
12,Horizon League Indoor Track & Field Championships,2020-02-29,HJ,1.88,,
12,Horizon League Indoor Track & Field Championships,2020-02-29,PV,,,
12,Horizon League Indoor Track & Field Championships,2020-02-29,Hep,,4667,
12,Horizon League Indoor Track & Field Championships,2020-02-29,60,,7.56,
12,Horizon League Indoor Track & Field Championships,2020-02-29,LJ,6.25,,
12,Horizon League Indoor Track & Field Championships,2020-02-29,SP,11.44,,
12,Horizon League Indoor Track & Field Championships,2020-02-29,HJ,1.89,,
12,Horizon League Indoor Track & Field Championships,2020-02-29,60H,,8.98,
12,Horizon League Indoor Track & Field Championships,2020-02-29,PV,4.05,,
12,Horizon League Indoor Track & Field Championships,2020-02-29,1000,,2:58.97,
12,Panther Tune-Up,2020-02-22,60H,,9.01,
12,Panther Tune-Up,2020-02-22,PV,3.83,,
12,GVSU Big Meet (Saturday),2020-02-15,60H,,9.11,
12,GVSU Big Meet (Saturday),2020-02-15,HJ,1.86,,
12,GVSU Big Meet (Saturday),2020-02-15,SP,11.33,,
12,2020 ONU Invitational,2020-02-01,60H,,9.11,
12,2020 ONU Invitational,2020-02-01,PV,3.45,,
12,2020 ONU Invitational,2020-02-01,LJ,5.3,,
12,Illini Invitational,2020-01-24,Hep,,3772,
12,Illini Invitational,2020-01-24,60,,7.67,
12,Illini Invitational,2020-01-24,LJ,5.63,,
12,Illini Invitational,2020-01-24,SP,10.9,,
12,Illini Invitational,2020-01-24,HJ,1.93,,
12,Illini Invitational,2020-01-24,60H,,9.07,
12,Illini Invitational,2020-01-24,PV,,,
12,Illini Invitational,2020-01-24,1000,,3:07.24,
12,John Tierney Classic,2020-01-18,60H,,8.97,
12,John Tierney Classic,2020-01-18,HJ,1.92,,
12,John Tierney Classic,2020-01-18,PV,3.83,,
12,Gene Edmonds Memorial,2020-01-10,60H,,9.06,
12,Gene Edmonds Memorial,2020-01-10,HJ,1.9,,
12,Gene Edmonds Memorial,2020-01-10,PV,3.8,,
13,2024 Horizon League Outdoor Track & Field Championship,2024-05-03,PV,4.4,,
13,UW-Whitewater Drake Alternative,2024-04-25,PV,4.43,,
13,Gibson Invitational,2024-04-18,PV,4.41,,
13,Golden Grizzly T&F Invite,2024-04-06,PV,4.55,,
13,Redbird Challenge,2024-03-29,PV,,,
13,Horizon League Indoor Track & Field Championship,2024-02-24,PV,4.28,,
13,PANTHER TUNE-UP,2024-02-17,PV,4.55,,
13,Mark Guthrie Legacy Invite,2024-02-03,PV,4.22,,
13,Illini Challenge,2024-01-26,PV,4.41,,
13,John Tierney Classic,2024-01-20,PV,4.25,,
13,Badgers Midwest Invite,2024-01-13,PV,,,
13,Illini Open,2024-01-06,PV,,,
13,Horizon League Outdoor Track & Field Championships,2022-05-06,PV,4.25,,
13,Valparaiso Beacan Invite,2022-04-30,PV,,,
13,Illini Invitational,2022-04-22,PV,4.43,,
13,44 Farms Team Invitational,2022-04-08,PV,4.32,,
13,Redbird Invite,2022-04-01,PV,,,
13,Horizon League Indoor Track & Field Championships,2022-02-26,PV,4.6,,
13,St. Valentines Open,2022-02-18,PV,4.58,,
13,2022 Hoosier Hills,2022-02-11,PV,,,
13,Red Hawk Invite,2022-02-05,PV,4.4,,
13,John Tierney Classic,2022-01-29,PV,4.2,,
13,Horizon League Outdoor Track & Field Championships,2021-05-07,PV,,,
13,Valpo Invitational,2021-05-01,PV,4.3,,
13,Clark Wood Invitational,2021-04-23,PV,4.41,,
13,Gibson Invitational sponsored by the Terre Haute CVB,2021-04-16,PV,4.3,,
13,Big Blue Classic,2021-04-09,PV,4.29,,
13,Horizon League Indoor Track & Field Championships,2021-02-26,PV,4.5,,
13,UW-Parkside Triangular,2021-02-19,PV,4.57,,
13,Panther Tune-Up,2021-02-14,PV,4.5,,
13,UW-Parkside Triangular,2021-02-05,PV,4.47,,
13,John Tierney Classic,2021-01-23,PV,4.6,,
13,The Panther Invite,2021-01-09,PV,4.2,,
26,NCAA West First Round,2024-05-22,100,,10.58,(-0.1)
26,2024 Horizon League Outdoor Track & Field Championship,2024-05-03,100,,10.37,(2.3)
26,2024 Horizon League Outdoor Track & Field Championship,2024-05-03,100,,10.50,(1.0)
26,2024 Horizon League Outdoor Track & Field Championship,2024-05-03,200,,21.41,(1.3)
26,2024 Horizon League Outdoor Track & Field Championship,2024-05-03,200,,21.79,(3.1)
26,2024 Horizon League Outdoor Track & Field Championship,2024-05-03,4x100,,41.18,
26,Clark Wood Open 2024,2024-04-26,100,,10.29,(3.2)
26,Clark Wood Open 2024,2024-04-26,100,,10.40,(2.5)
26,Clark Wood Open 2024,2024-04-26,200,,21.15,(2.5)
26,Clark Wood Open 2024,2024-04-26,4x100,,40.70,
26,Gibson Invitational,2024-04-18,100,,10.50,(0.7)
26,Gibson Invitational,2024-04-18,200,,22.01,(+0.0)
26,Gibson Invitational,2024-04-18,4x100,,41.52,
26,2024 Bryan Clay Invitational,2024-04-11,100,,10.87,(-1.6)
26,2024 Bryan Clay Invitational,2024-04-11,200,,21.43,(0.5)
26,Golden Grizzly T&F Invite,2024-04-06,100,,10.52,(1.0)
26,Golden Grizzly T&F Invite,2024-04-06,100,,10.47,(3.7)
26,Golden Grizzly T&F Invite,2024-04-06,4x100,,,
26,Raleigh Relays,2024-03-28,100,,10.59,(4.1)
26,Raleigh Relays,2024-03-28,200,,22.10,(-0.4)
26,Horizon League Indoor Track & Field Championship,2024-02-24,60,,6.80,
26,Horizon League Indoor Track & Field Championship,2024-02-24,60,,6.83,
26,Horizon League Indoor Track & Field Championship,2024-02-24,200,,21.75,
26,Horizon League Indoor Track & Field Championship,2024-02-24,200,,21.54,
26,GVSU Big Meet- (Friday),2024-02-09,60,,6.82,
26,GVSU Big Meet- (Friday),2024-02-09,60,,6.89,
26,GVSU Big Meet- (Friday),2024-02-09,200,,21.66,
26,Mark Guthrie Legacy Invite,2024-02-03,60,,6.88,
26,Mark Guthrie Legacy Invite,2024-02-03,60,,6.82,
26,Mark Guthrie Legacy Invite,2024-02-03,200,,22.21,
26,Illini Challenge,2024-01-26,60,,6.80,
26,Illini Challenge,2024-01-26,60,,6.86,
26,Illini Challenge,2024-01-26,200,,22.23,
26,John Tierney Classic,2024-01-20,60,,6.80,
26,John Tierney Classic,2024-01-20,60,,6.83,
26,John Tierney Classic,2024-01-20,200,,22.33,
26,Badgers Midwest Invite,2024-01-13,60,,6.85,
26,Badgers Midwest Invite,2024-01-13,60,,6.84,
26,Badgers Midwest Invite,2024-01-13,300,,35.11,
26,2023 Blue Demon Holiday Invite,2023-12-08,60,,6.81,
26,2023 Blue Demon Holiday Invite,2023-12-08,60,,6.87,
26,2023 Blue Demon Holiday Invite,2023-12-08,200,,21.80,
26,NCAA West Preliminary Round,2023-05-24,200,,21.51,(1.3)
26,Horizon League Championship,2023-05-05,100,,10.43,(1.6)
26,Horizon League Championship,2023-05-05,100,,10.60,(-0.2)
26,Horizon League Championship,2023-05-05,200,,21.13,(1.5)
26,Horizon League Championship,2023-05-05,200,,21.43,(0.1)
26,Horizon League Championship,2023-05-05,4x100,,41.31,
26,Clark Wood Open 2023,2023-04-28,100,,10.44,(2.5)
26,Clark Wood Open 2023,2023-04-28,100,,10.54,(3.0)
26,Clark Wood Open 2023,2023-04-28,200,,21.45,(-1.7)
26,Clark Wood Open 2023,2023-04-28,4x100,,41.03,
26,Gary Wieneke Memorial,2023-04-21,200,,21.15,(-2.0)
26,Gary Wieneke Memorial,2023-04-21,4x100,,41.17,
26,Gibson Invitational & Multis,2023-04-13,100,,10.45,(1.2)
26,Gibson Invitational & Multis,2023-04-13,100,,10.49,(1.6)
26,Gibson Invitational & Multis,2023-04-13,200,,20.82,(2.1)
26,Fighting Illini Challenge,2023-04-08,100,,10.57,(0.8)
26,Fighting Illini Challenge,2023-04-08,200,,21.88,(0.5)
26,Fighting Illini Challenge,2023-04-08,4x100,,42.74,
26,2023 Horizon League Indoor Track & Field Championship,2023-02-25,60,,6.88,
26,2023 Horizon League Indoor Track & Field Championship,2023-02-25,60,,6.84,
26,2023 Horizon League Indoor Track & Field Championship,2023-02-25,200,,22.18,
26,2023 Horizon League Indoor Track & Field Championship,2023-02-25,200,,22.19,
26,GVSU Big Meet (Friday),2023-02-10,60,,6.79,
26,GVSU Big Meet (Friday),2023-02-10,60,,6.92,
26,GVSU Big Meet (Friday),2023-02-10,200,,21.84,
26,GVSU Big Meet (Friday),2023-02-10,4x400,,3:22.00,
26,Mark Guthrie Legacy Invitational,2023-02-04,200,,22.34,
26,Jack Johnson Classic,2023-01-27,60,,6.90,
26,Jack Johnson Classic,2023-01-27,60,,6.93,
26,Jack Johnson Classic,2023-01-27,200,,22.31,
26,John Tierney Classic,2023-01-21,60,,6.88,
26,John Tierney Classic,2023-01-21,60,,6.91,
26,John Tierney Classic,2023-01-21,200,,22.42,
26,Wisconsin Badgers Midwest Invite,2023-01-14,60,,6.86,
26,Wisconsin Badgers Midwest Invite,2023-01-14,60,,6.89,
26,2022 Blue Demon Holiday Invite,2022-12-09,60,,6.91,
26,Carius/Gregory Invitational 2022,2022-05-12,200,,21.92,(0.6)
26,Horizon League Outdoor Track & Field Championships,2022-05-06,100,,10.63,(0.3)
26,Horizon League Outdoor Track & Field Championships,2022-05-06,100,,10.74,(2.0)
26,Horizon League Outdoor Track & Field Championships,2022-05-06,200,,21.77,(-0.2)
26,Horizon League Outdoor Track & Field Championships,2022-05-06,200,,21.24,(4.2)
26,Horizon League Outdoor Track & Field Championships,2022-05-06,4x100,,42.29,
26,Valparaiso Beacan Invite,2022-04-30,100,,10.70,(1.8)
26,2022 Warrior Invitational,2022-04-14,4x100,,42.34,
26,44 Farms Team Invitational,2022-04-08,100,,10.72,(2.6)
26,44 Farms Team Invitational,2022-04-08,200,,21.84,(1.2)
26,Redbird Invite,2022-04-01,100,,10.87,(-0.3)
26,Redbird Invite,2022-04-01,100,,10.83,(4.2)
26,Horizon League Indoor Track & Field Championships,2022-02-26,60,,6.86,
26,Horizon League Indoor Track & Field Championships,2022-02-26,60,,6.93,
26,Horizon League Indoor Track & Field Championships,2022-02-26,200,,21.69,
26,Horizon League Indoor Track & Field Championships,2022-02-26,200,,21.75,
26,St. Valentines Open,2022-02-18,60,,6.94,
26,GVSU Big Meet-FRIDAY,2022-02-11,60,,7.02,
26,GVSU Big Meet-FRIDAY,2022-02-11,200,,22.15,
26,Red Hawk Invite,2022-02-05,60,,6.89,
26,Red Hawk Invite,2022-02-05,60,,6.99,
26,John Tierney Classic,2022-01-29,60,,6.88,
26,John Tierney Classic,2022-01-29,60,,6.94,
26,John Gartland Invitational,2022-01-21,60,,6.98,
26,John Gartland Invitational,2022-01-21,60,,7.07,
26,Hawkeye Invite,2022-01-14,60,,6.93,
26,Hawkeye Invite,2022-01-14,200,,22.28,
26,Horizon League Outdoor Track & Field Championships,2021-05-07,100,,10.90,(2.3)
26,Horizon League Outdoor Track & Field Championships,2021-05-07,200,,22.14,(1.6)
26,Horizon League Outdoor Track & Field Championships,2021-05-07,4x100,,42.27,
26,Valpo Invitational,2021-05-01,100,,10.78,(1.2)
26,Valpo Invitational,2021-05-01,4x100,,42.77,
26,Clark Wood Invitational,2021-04-23,100,,11.06,(1.2)
26,Clark Wood Invitational,2021-04-23,100,,10.97,(0.6)
26,Clark Wood Invitational,2021-04-23,200,,21.80,(1.9)
26,Gibson Invitational sponsored by the Terre Haute CVB,2021-04-16,100,,10.76,(2.6)
26,Gibson Invitational sponsored by the Terre Haute CVB,2021-04-16,100,,10.87,(0.9)
26,Gibson Invitational sponsored by the Terre Haute CVB,2021-04-16,200,,21.88,(0.3)
26,Gibson Invitational sponsored by the Terre Haute CVB,2021-04-16,4x100,,,
26,Illinois State Redbird Invitational,2021-04-02,100,,10.79,(2.8)
26,Illinois State Redbird Invitational,2021-04-02,200,,22.06,(6.0)
26,Horizon League Indoor Track & Field Championships,2021-02-26,60,,6.90,
26,Horizon League Indoor Track & Field Championships,2021-02-26,60,,6.98,
26,Horizon League Indoor Track & Field Championships,2021-02-26,200,,22.44,
26,Horizon League Indoor Track & Field Championships,2021-02-26,200,,22.51,
26,UW-Parkside Triangular,2021-02-19,55,,6.44,
26,Panther Tune-Up,2021-02-14,60,,6.90,
26,Panther Tune-Up,2021-02-14,60,,7.05,
26,Panther Tune-Up,2021-02-14,200,,22.64,
26,UW-Parkside Triangular,2021-02-05,55,,6.47,
26,UW-Parkside Triangular,2021-02-05,200,,22.74,
26,John Tierney Classic,2021-01-23,60,,6.89,
26,John Tierney Classic,2021-01-23,200,,22.34,
26,The Panther Invite,2021-01-09,60,,7.00,
26,The Panther Invite,2021-01-09,60,,7.00,
26,The Panther Invite,2021-01-09,200,,22.75,
30,2024 Horizon League Outdoor Track & Field Championship,2024-05-03,100,,10.99,(0.4)
30,UW-Whitewater Drake Alternative,2024-04-25,100,,10.95,(2.4)
30,UW-Whitewater Drake Alternative,2024-04-25,100,,11.24,(-0.9)
30,Green & White Invite,2024-04-20,100,,11.24,(-0.2)
30,Marquette Invitational,2024-04-12,100,,11.15,(1.4)
30,Marquette Invitational,2024-04-12,200,,22.57,(1.4)
30,Golden Grizzly T&F Invite,2024-04-06,100,,11.16,(1.5)
30,Redbird Challenge,2024-03-29,100,,11.22,(-0.2)
30,Redbird Challenge,2024-03-29,200,,23.10,(1.7)
30,PANTHER TUNE-UP,2024-02-17,60,,7.27,
30,PANTHER TUNE-UP,2024-02-17,60,,7.29,
30,Mark Guthrie Legacy Invite,2024-02-03,60,,7.33,
30,Mark Guthrie Legacy Invite,2024-02-03,200,,23.77,
30,John Tierney Classic,2024-01-20,60,,7.30,
30,2023 Blue Demon Holiday Invite,2023-12-08,60,,7.47,
30,Horizon League Championship,2023-05-05,100,,11.00,(-0.2)
30,Horizon League Championship,2023-05-05,200,,22.14,(+0.0)
30,Horizon League Championship,2023-05-05,4x100,,41.31,
30,Clark Wood Open 2023,2023-04-28,100,,10.88,(2.6)
30,Clark Wood Open 2023,2023-04-28,4x100,,41.03,
30,Gary Wieneke Memorial,2023-04-21,200,,22.30,(-0.2)
30,Gary Wieneke Memorial,2023-04-21,4x100,,41.17,
30,Green & White Invite,2023-04-15,100,,10.84,(1.4)
30,Green & White Invite,2023-04-15,100,,10.84,(2.7)
30,Fighting Illini Challenge,2023-04-08,100,,11.12,(2.3)
30,2023 Horizon League Indoor Track & Field Championship,2023-02-25,60,,7.13,
30,2023 Horizon League Indoor Track & Field Championship,2023-02-25,200,,23.11,
30,Panther Tune-Up,2023-02-18,60,,7.05,
30,Panther Tune-Up,2023-02-18,60,,7.10,
30,Dick Hendricks Invite,2023-02-11,60,,7.08,
30,Dick Hendricks Invite,2023-02-11,60,,7.09,
30,Mark Guthrie Legacy Invitational,2023-02-04,200,,22.90,
30,Jack Johnson Classic,2023-01-27,60,,7.20,
30,Jack Johnson Classic,2023-01-27,200,,23.06,
30,Jack Johnson Classic,2023-01-27,4x400,,3:28.74,
30,John Tierney Classic,2023-01-21,60,,7.09,
30,John Tierney Classic,2023-01-21,60,,7.15,
30,John Tierney Classic,2023-01-21,200,,23.04,
30,Wisconsin Badgers Midwest Invite,2023-01-14,60,,7.13,
30,Wisconsin Badgers Midwest Invite,2023-01-14,300,,36.92,
30,2022 Blue Demon Holiday Invite,2022-12-09,60,,7.27,
30,2022 Blue Demon Holiday Invite,2022-12-09,200,,23.12,
47,John Tierney Classic,2024-01-20,60,,7.62,
52,UW-La Crosse Eagle Open,2024-05-10,400,,47.78,
52,2024 Horizon League Outdoor Track & Field Championship,2024-05-03,400,,46.92,
52,2024 Horizon League Outdoor Track & Field Championship,2024-05-03,400,,47.35,
52,2024 Horizon League Outdoor Track & Field Championship,2024-05-03,4x400,,3:13.34,
52,Clark Wood Open 2024,2024-04-26,400,,48.22,
52,Gibson Invitational,2024-04-18,400,,47.51,
52,Gibson Invitational,2024-04-18,4x400,,3:18.70,
52,Gary Wieneke Memorial,2024-04-13,400,,49.75,
52,Gary Wieneke Memorial,2024-04-13,4x400,,,
52,Golden Grizzly T&F Invite,2024-04-06,400,,51.47,
52,Golden Grizzly T&F Invite,2024-04-06,4x400,,3:17.14,
52,Raleigh Relays,2024-03-28,400,,49.68,
52,Horizon League Indoor Track & Field Championship,2024-02-24,400,,48.86,
52,Horizon League Indoor Track & Field Championship,2024-02-24,400,,48.94,
52,Horizon League Indoor Track & Field Championship,2024-02-24,4x400,,3:15.85,
52,PANTHER TUNE-UP,2024-02-17,400,,50.12,
52,Mark Guthrie Legacy Invite,2024-02-03,400,,53.90,
52,Illini Challenge,2024-01-26,400,,55.49,
52,Illini Challenge,2024-01-26,4x400,,3:28.46,
52,John Tierney Classic,2024-01-20,4x400,,3:22.20,
52,Badgers Midwest Invite,2024-01-13,300,,35.24,
52,2023 Blue Demon Holiday Invite,2023-12-08,400,,49.44,
52,2023 Blue Demon Holiday Invite,2023-12-08,4x400,,3:34.38,
52,Horizon League Championship,2023-05-05,400,,47.98,
52,Horizon League Championship,2023-05-05,400,,47.53,
52,Horizon League Championship,2023-05-05,4x400,,3:18.75,
52,Clark Wood Open 2023,2023-04-28,400,,48.53,
52,Clark Wood Open 2023,2023-04-28,4x400,,3:23.45,
52,Marquette Invitational,2023-04-22,200,,22.58,(-0.6)
52,Marquette Invitational,2023-04-22,400,,48.91,
52,Gibson Invitational & Multis,2023-04-13,400,,50.80,
52,Gibson Invitational & Multis,2023-04-13,4x400,,3:22.23,
52,Fighting Illini Challenge,2023-04-08,400,,48.10,
52,Fighting Illini Challenge,2023-04-08,4x400,,3:29.95,
52,2023 Horizon League Indoor Track & Field Championship,2023-02-25,400,,49.80,
52,2023 Horizon League Indoor Track & Field Championship,2023-02-25,400,,49.44,
52,2023 Horizon League Indoor Track & Field Championship,2023-02-25,4x400,,3:21.77,
52,GVSU Big Meet (Friday),2023-02-10,400,,48.90,
52,GVSU Big Meet (Friday),2023-02-10,4x400,,3:22.00,
52,Mark Guthrie Legacy Invitational,2023-02-04,200,,22.88,
52,Mark Guthrie Legacy Invitational,2023-02-04,4x400,,,
52,Jack Johnson Classic,2023-01-27,400,,,
52,Jack Johnson Classic,2023-01-27,4x400,,3:28.74,
52,John Tierney Classic,2023-01-21,400,,50.69,
52,Wisconsin Badgers Midwest Invite,2023-01-14,600,,1:32.71,
52,Wisconsin Badgers Midwest Invite,2023-01-14,4x400,,3:20.69,
52,2022 Blue Demon Holiday Invite,2022-12-09,400,,49.76,
52,2022 Blue Demon Holiday Invite,2022-12-09,4x400,,,
52,Horizon League Outdoor Track & Field Championships,2022-05-06,400,,53.52,
52,Valparaiso Beacan Invite,2022-04-30,400,,55.59,
52,Illini Invitational,2022-04-22,400,,50.54,
52,2022 Warrior Invitational,2022-04-14,400,,51.83,
52,Marquette Invitational,2022-04-10,400,,52.91,
52,Marquette Invitational,2022-04-10,4x400,,3:37.99,
52,Redbird Invite,2022-04-01,400,,54.20,
52,Horizon League Indoor Track & Field Championships,2022-02-26,400,,49.25,
52,Horizon League Indoor Track & Field Championships,2022-02-26,400,,48.56,
52,Horizon League Indoor Track & Field Championships,2022-02-26,4x400,,3:18.74,
52,GVSU Big Meet-FRIDAY,2022-02-11,400,,49.98,
52,GVSU Big Meet-FRIDAY,2022-02-11,4x400,,3:22.56,
52,Red Hawk Invite,2022-02-05,400,,54.29,
52,Red Hawk Invite,2022-02-05,4x400,,3:24.83,
52,John Tierney Classic,2022-01-29,400,,50.87,
52,John Tierney Classic,2022-01-29,4x400,,3:28.86,
52,John Gartland Invitational,2022-01-21,200,,23.45,
52,John Gartland Invitational,2022-01-21,400,,52.29,
52,Horizon League Outdoor Track & Field Championships,2021-05-07,400,,51.25,
52,Horizon League Outdoor Track & Field Championships,2021-05-07,400,,49.83,
52,Horizon League Outdoor Track & Field Championships,2021-05-07,4x400,,3:33.95,
52,Valpo Invitational,2021-05-01,400,,54.36,
52,Clark Wood Invitational,2021-04-23,400,,50.79,
52,Gibson Invitational sponsored by the Terre Haute CVB,2021-04-16,400,,49.65,
52,Big Blue Classic,2021-04-09,400,,52.94,
52,Big Blue Classic,2021-04-09,4x400,,3:25.93,
52,Illinois State Redbird Invitational,2021-04-02,4x400,,,
52,Horizon League Indoor Track & Field Championships,2021-02-26,400,,51.82,
52,UW-Parkside Triangular,2021-02-19,400,,54.20,
52,Panther Tune-Up,2021-02-14,400,,51.22,
52,Panther Tune-Up,2021-02-14,4x400,,3:31.48,
52,UW-Parkside Triangular,2021-02-05,400,,51.66,
52,John Tierney Classic,2021-01-23,4x400,,3:30.83,
52,The Panther Invite,2021-01-09,400,,50.77,
52,The Panther Invite,2021-01-09,4x400,,3:36.24,
52,Panther Tune-Up,2020-02-22,400,,58.61,
52,GVSU Big Meet (Saturday),2020-02-15,400,,56.18,
52,GVSU Big Meet (Saturday),2020-02-15,4x400,,3:23.42,
52,2020 ONU Invitational,2020-02-01,200,,24.92,
52,2020 ONU Invitational,2020-02-01,400,,52.81,
52,John Tierney Classic,2020-01-18,400,,59.42,
52,Gene Edmonds Memorial,2020-01-10,200,,24.08,
52,Gene Edmonds Memorial,2020-01-10,4x400,,3:27.42,
60,UW-La Crosse Eagle Open,2024-05-10,110H,,14.52,(1.0)
60,UW-La Crosse Eagle Open,2024-05-10,110H,,14.47,(2.1)
60,2024 Horizon League Outdoor Track & Field Championship,2024-05-03,110H,,14.63,(3.2)
60,2024 Horizon League Outdoor Track & Field Championship,2024-05-03,110H,,14.51,(0.7)
60,Clark Wood Open 2024,2024-04-26,110H,,14.37,(2.9)
60,Clark Wood Open 2024,2024-04-26,110H,,14.68,(2.2)
60,Gibson Invitational,2024-04-18,110H,,14.89,(1.9)
60,Marquette Invitational,2024-04-12,100,,11.26,(0.9)
60,Marquette Invitational,2024-04-12,110H,,14.76,(1.5)
60,Golden Grizzly T&F Invite,2024-04-06,100,,11.27,(3.7)
60,Golden Grizzly T&F Invite,2024-04-06,200,,23.15,(3.0)
60,Golden Grizzly T&F Invite,2024-04-06,110H,,14.93,(2.2)
60,Golden Grizzly T&F Invite,2024-04-06,110H,,15.00,(2.2)
60,Raleigh Relays,2024-03-28,110H,,15.38,(-1.0)
60,Horizon League Indoor Track & Field Championship,2024-02-24,60H,,8.12,
60,Horizon League Indoor Track & Field Championship,2024-02-24,60H,,8.21,
60,GVSU Big Meet- (Friday),2024-02-09,60,,7.19,
60,GVSU Big Meet- (Friday),2024-02-09,60H,,8.19,
60,Mark Guthrie Legacy Invite,2024-02-03,60H,,8.40,
60,Mark Guthrie Legacy Invite,2024-02-03,60H,,8.48,
60,Illini Challenge,2024-01-26,200,,23.92,
60,Illini Challenge,2024-01-26,60H,,8.30,
60,Illini Challenge,2024-01-26,60H,,8.32,
60,John Tierney Classic,2024-01-20,60,,7.26,
60,John Tierney Classic,2024-01-20,200,,23.44,
60,John Tierney Classic,2024-01-20,60H,,8.20,
60,John Tierney Classic,2024-01-20,60H,,8.62,
60,Badgers Midwest Invite,2024-01-13,60H,,8.45,
60,Badgers Midwest Invite,2024-01-13,60H,,8.41,
60,2023 Blue Demon Holiday Invite,2023-12-08,60H,,8.44,
60,2023 Blue Demon Holiday Invite,2023-12-08,60H,,8.21,
60,Horizon League Championship,2023-05-05,110H,,14.86,(0.8)
60,Horizon League Championship,2023-05-05,110H,,14.90,(0.6)
60,Clark Wood Open 2023,2023-04-28,110H,,14.66,(3.0)
60,Clark Wood Open 2023,2023-04-28,110H,,14.98,(1.3)
60,Gary Wieneke Memorial,2023-04-21,110H,,15.02,(1.9)
60,Gibson Invitational & Multis,2023-04-13,110H,,14.73,(2.1)
60,Fighting Illini Challenge,2023-04-08,110H,,14.93,(1.0)
60,Fighting Illini Challenge,2023-04-08,4x100,,42.74,
60,Warrior Invitational,2023-04-06,100,,11.48,(2.0)
60,Warrior Invitational,2023-04-06,100,,11.53,(-0.7)
60,2023 Horizon League Indoor Track & Field Championship,2023-02-25,60H,,8.16,
60,2023 Horizon League Indoor Track & Field Championship,2023-02-25,60H,,8.17,
60,GVSU Big Meet (Friday),2023-02-10,60H,,8.33,
60,Mark Guthrie Legacy Invitational,2023-02-04,60H,,8.23,
60,Mark Guthrie Legacy Invitational,2023-02-04,60H,,8.24,
60,Jack Johnson Classic,2023-01-27,200,,23.61,
60,Jack Johnson Classic,2023-01-27,60H,,8.14,
60,Jack Johnson Classic,2023-01-27,60H,,8.07,
60,John Tierney Classic,2023-01-21,60,,7.22,
60,John Tierney Classic,2023-01-21,60,,7.17,
60,John Tierney Classic,2023-01-21,60H,,8.17,
60,John Tierney Classic,2023-01-21,60H,,8.40,
60,Wisconsin Badgers Midwest Invite,2023-01-14,300,,36.69,
60,Wisconsin Badgers Midwest Invite,2023-01-14,60H,,8.24,
60,Wisconsin Badgers Midwest Invite,2023-01-14,60H,,8.27,
88,UW-La Crosse Eagle Open,2024-05-10,LJ,7.12,,(1.1)
88,2024 Horizon League Outdoor Track & Field Championship,2024-05-03,LJ,7.12,,(+0.0)
88,2024 Horizon League Outdoor Track & Field Championship,2024-05-03,TJ,14.3,,(+0.0)
88,Clark Wood Open 2024,2024-04-26,TJ,14.04,,(2.6)
88,Gibson Invitational,2024-04-18,TJ,14.28,,(1.7)
88,Gary Wieneke Memorial,2024-04-13,LJ,7.23,,(4.0)
88,Gary Wieneke Memorial,2024-04-13,TJ,14.74,,(2.3)
88,Golden Grizzly T&F Invite,2024-04-06,LJ,7.03,,(2.2)
88,Redbird Challenge,2024-03-29,TJ,14.77,,(3.8)
88,Horizon League Indoor Track & Field Championship,2024-02-24,LJ,6.98,,
88,Horizon League Indoor Track & Field Championship,2024-02-24,TJ,14.63,,
88,PANTHER TUNE-UP,2024-02-17,60,,7.29,
88,PANTHER TUNE-UP,2024-02-17,60,,7.28,
88,PANTHER TUNE-UP,2024-02-17,LJ,6.98,,
88,Mark Guthrie Legacy Invite,2024-02-03,TJ,14.19,,
88,Illini Challenge,2024-01-26,LJ,6.55,,
88,John Tierney Classic,2024-01-20,LJ,6.84,,
88,John Tierney Classic,2024-01-20,TJ,14.46,,
88,Badgers Midwest Invite,2024-01-13,LJ,6.7,,
88,Illini Open,2024-01-06,TJ,14.04,,
88,Horizon League Championship,2023-05-05,LJ,6.72,,(-0.5)
88,Horizon League Championship,2023-05-05,TJ,14.19,,(+0.0)
88,Gary Wieneke Memorial,2023-04-21,LJ,6.48,,(1.8)
88,Gibson Invitational & Multis,2023-04-13,LJ,6.66,,(0.8)
88,Gibson Invitational & Multis,2023-04-13,TJ,14.06,,(1.3)
88,Fighting Illini Challenge,2023-04-08,TJ,13.75,,(1.3)
88,2023 Horizon League Indoor Track & Field Championship,2023-02-25,LJ,6.7,,
88,2023 Horizon League Indoor Track & Field Championship,2023-02-25,TJ,14.04,,
88,Panther Tune-Up,2023-02-18,LJ,,,
88,GVSU Big Meet (Friday),2023-02-10,LJ,6.44,,
88,GVSU Big Meet (Friday),2023-02-10,TJ,13.17,,
88,Mark Guthrie Legacy Invitational,2023-02-04,LJ,6.67,,
88,Jack Johnson Classic,2023-01-27,TJ,13.38,,
88,John Tierney Classic,2023-01-21,60,,7.23,
88,John Tierney Classic,2023-01-21,60,,7.20,
88,John Tierney Classic,2023-01-21,TJ,14.35,,
88,Wisconsin Badgers Midwest Invite,2023-01-14,LJ,6.72,,
88,Horizon League Outdoor Track & Field Championships,2022-05-06,LJ,6.08,,(+0.0)
88,Horizon League Outdoor Track & Field Championships,2022-05-06,TJ,14.03,,(+0.0)
88,Valparaiso Beacan Invite,2022-04-30,LJ,6.92,,(3.2)
88,Illini Invitational,2022-04-22,LJ,6.69,,(5.5)
88,Illini Invitational,2022-04-22,TJ,13.66,,(4.9)
88,2022 Warrior Invitational,2022-04-14,TJ,13.39,,(3.2)
88,Marquette Invitational,2022-04-10,LJ,6.61,,(5.0)
88,Marquette Invitational,2022-04-10,TJ,13.38,,(2.6)
88,Redbird Invite,2022-04-01,LJ,6.51,,
88,Horizon League Indoor Track & Field Championships,2022-02-26,TJ,14.02,,
88,St. Valentines Open,2022-02-18,TJ,13.48,,
88,John Gartland Invitational,2022-01-21,LJ,6.19,,
88,Hawkeye Invite,2022-01-14,LJ,6.49,,
88,Hawkeye Invite,2022-01-14,TJ,13.33,,
88,2021 Green & White Invite,2021-04-24,LJ,6.56,,(-0.1)
88,2021 Green & White Invite,2021-04-24,TJ,13.6,,(1.0)
88,UW-Parkside Triangular,2021-02-19,LJ,6.44,,
88,UW-Parkside Triangular,2021-02-19,TJ,12.6,,
88,Panther Tune-Up,2021-02-14,60,,7.33,
88,Panther Tune-Up,2021-02-14,60,,7.39,
88,Panther Tune-Up,2021-02-14,TJ,12.83,,
88,UW-Parkside Triangular,2021-02-05,55,,6.92,
88,UW-Parkside Triangular,2021-02-05,LJ,6.12,,
88,The Panther Invite,2021-01-09,LJ,6.32,,
88,The Panther Invite,2021-01-09,TJ,12.93,,
88,GVSU Big Meet (Saturday),2020-02-15,LJ,6.25,,
88,GVSU Big Meet (Saturday),2020-02-15,TJ,12.74,,
88,2020 ONU Invitational,2020-02-01,LJ,6.24,,
88,Illini Invitational,2020-01-24,TJ,13.03,,
88,John Tierney Classic,2020-01-18,LJ,6.34,,
88,John Tierney Classic,2020-01-18,TJ,13.57,,
88,Gene Edmonds Memorial,2020-01-10,LJ,6.19,,
88,Gene Edmonds Memorial,2020-01-10,TJ,13.08,,
90,2024 Horizon League Outdoor Track & Field Championship,2024-05-03,110H,,14.14,(3.2)
90,2024 Horizon League Outdoor Track & Field Championship,2024-05-03,110H,,14.48,(0.7)
90,2024 Horizon League Outdoor Track & Field Championship,2024-05-03,400H,,53.25,
90,2024 Horizon League Outdoor Track & Field Championship,2024-05-03,400H,,57.61,
90,2024 Horizon League Outdoor Track & Field Championship,2024-05-03,4x400,,3:13.34,
90,Clark Wood Open 2024,2024-04-26,110H,,14.19,(2.9)
90,Clark Wood Open 2024,2024-04-26,110H,,14.47,(2.3)
90,Clark Wood Open 2024,2024-04-26,400H,,53.96,
90,Gary Wieneke Memorial,2024-04-13,110H,,14.42,(2.7)
90,Gary Wieneke Memorial,2024-04-13,400H,,54.55,
90,Gary Wieneke Memorial,2024-04-13,4x400,,,
90,Golden Grizzly T&F Invite,2024-04-06,110H,,14.55,(2.2)
90,Golden Grizzly T&F Invite,2024-04-06,110H,,14.69,(2.2)
90,Golden Grizzly T&F Invite,2024-04-06,400H,,54.65,
90,Golden Grizzly T&F Invite,2024-04-06,4x400,,3:17.14,
90,Raleigh Relays,2024-03-28,110H,,14.58,(1.8)
90,Raleigh Relays,2024-03-28,400H,,54.34,
90,Horizon League Indoor Track & Field Championship,2024-02-24,200,,22.58,
90,Horizon League Indoor Track & Field Championship,2024-02-24,200,,22.18,
90,Horizon League Indoor Track & Field Championship,2024-02-24,60H,,8.17,
90,Horizon League Indoor Track & Field Championship,2024-02-24,60H,,8.24,
90,Horizon League Indoor Track & Field Championship,2024-02-24,4x400,,3:15.85,
90,GVSU Big Meet- (Friday),2024-02-09,200,,22.12,
90,GVSU Big Meet- (Friday),2024-02-09,60H,,8.10,
90,GVSU Big Meet- (Friday),2024-02-09,60H,,8.17,
90,Illini Challenge,2024-01-26,200,,22.64,
90,Illini Challenge,2024-01-26,60H,,8.20,
90,Illini Challenge,2024-01-26,60H,,8.36,
90,John Tierney Classic,2024-01-20,60,,7.14,
90,John Tierney Classic,2024-01-20,60,,7.16,
90,John Tierney Classic,2024-01-20,60H,,8.19,
90,John Tierney Classic,2024-01-20,60H,,8.21,
90,John Tierney Classic,2024-01-20,4x400,,3:22.20,
90,Badgers Midwest Invite,2024-01-13,300,,35.05,
90,Badgers Midwest Invite,2024-01-13,60H,,8.13,
90,Badgers Midwest Invite,2024-01-13,60H,,8.21,
90,2023 Blue Demon Holiday Invite,2023-12-08,200,,22.19,
90,2023 Blue Demon Holiday Invite,2023-12-08,60H,,8.16,
90,2023 Blue Demon Holiday Invite,2023-12-08,60H,,8.17,
90,Horizon League Championship,2023-05-05,110H,,14.51,(0.8)
90,Horizon League Championship,2023-05-05,110H,,14.55,(0.6)
90,Horizon League Championship,2023-05-05,400H,,54.10,
90,Horizon League Championship,2023-05-05,4x400,,3:18.75,
90,Clark Wood Open 2023,2023-04-28,110H,,14.43,(3.0)
90,Clark Wood Open 2023,2023-04-28,110H,,14.61,(2.5)
90,Clark Wood Open 2023,2023-04-28,400H,,53.83,
90,Clark Wood Open 2023,2023-04-28,4x400,,3:23.45,
90,Gary Wieneke Memorial,2023-04-21,110H,,14.63,(1.9)
90,Gary Wieneke Memorial,2023-04-21,400H,,54.62,
90,Gibson Invitational & Multis,2023-04-13,110H,,14.81,(0.1)
90,Gibson Invitational & Multis,2023-04-13,110H,,14.64,(2.2)
90,Gibson Invitational & Multis,2023-04-13,400H,,55.63,
90,Gibson Invitational & Multis,2023-04-13,4x400,,3:22.23,
90,Fighting Illini Challenge,2023-04-08,110H,,14.67,(1.0)
90,Fighting Illini Challenge,2023-04-08,400H,,54.52,
90,2023 Horizon League Indoor Track & Field Championship,2023-02-25,200,,22.70,
90,2023 Horizon League Indoor Track & Field Championship,2023-02-25,200,,22.51,
90,2023 Horizon League Indoor Track & Field Championship,2023-02-25,60H,,8.28,
90,2023 Horizon League Indoor Track & Field Championship,2023-02-25,60H,,8.26,
90,2023 Horizon League Indoor Track & Field Championship,2023-02-25,4x400,,3:21.77,
90,GVSU Big Meet (Friday),2023-02-10,200,,22.75,
90,GVSU Big Meet (Friday),2023-02-10,60H,,8.47,
90,GVSU Big Meet (Friday),2023-02-10,4x400,,3:22.00,
90,Mark Guthrie Legacy Invitational,2023-02-04,200,,22.45,
90,Mark Guthrie Legacy Invitational,2023-02-04,60H,,8.39,
90,Mark Guthrie Legacy Invitational,2023-02-04,60H,,8.42,
90,Mark Guthrie Legacy Invitational,2023-02-04,4x400,,,
90,Jack Johnson Classic,2023-01-27,60H,,8.24,
90,Jack Johnson Classic,2023-01-27,60H,,8.31,
90,Jack Johnson Classic,2023-01-27,4x400,,3:28.74,
90,John Tierney Classic,2023-01-21,60H,,8.28,
90,John Tierney Classic,2023-01-21,60H,,8.40,
90,Wisconsin Badgers Midwest Invite,2023-01-14,60H,,8.35,
90,Wisconsin Badgers Midwest Invite,2023-01-14,60H,,8.30,
90,Wisconsin Badgers Midwest Invite,2023-01-14,4x400,,3:20.69,
90,Horizon League Outdoor Track & Field Championships,2022-05-06,110H,,14.45,(+0.0)
90,Horizon League Outdoor Track & Field Championships,2022-05-06,110H,,14.63,(2.9)
90,Horizon League Outdoor Track & Field Championships,2022-05-06,400H,,53.35,
90,Horizon League Outdoor Track & Field Championships,2022-05-06,400H,,56.56,
90,Horizon League Outdoor Track & Field Championships,2022-05-06,4x400,,3:16.87,
90,Valparaiso Beacan Invite,2022-04-30,110H,,14.99,(1.0)
90,Illini Invitational,2022-04-22,110H,,14.57,(5.2)
90,Illini Invitational,2022-04-22,400H,,54.15,
90,2022 Warrior Invitational,2022-04-14,110H,,14.73,(3.3)
90,44 Farms Team Invitational,2022-04-08,110H,,14.64,(4.0)
90,44 Farms Team Invitational,2022-04-08,400H,,54.55,
90,Redbird Invite,2022-04-01,110H,,14.50,(0.1)
90,Redbird Invite,2022-04-01,110H,,14.86,(2.1)
90,Redbird Invite,2022-04-01,400H,,54.81,
90,Horizon League Indoor Track & Field Championships,2022-02-26,400,,50.03,
90,Horizon League Indoor Track & Field Championships,2022-02-26,60H,,8.27,
90,Horizon League Indoor Track & Field Championships,2022-02-26,60H,,8.25,
90,St. Valentines Open,2022-02-18,60H,,8.19,
90,St. Valentines Open,2022-02-18,60H,,8.23,
90,GVSU Big Meet-FRIDAY,2022-02-11,400,,50.90,
90,GVSU Big Meet-FRIDAY,2022-02-11,60H,,8.48,
90,Red Hawk Invite,2022-02-05,60H,,8.41,
90,Red Hawk Invite,2022-02-05,60H,,8.34,
90,Red Hawk Invite,2022-02-05,4x400,,3:24.83,
90,Horizon League Outdoor Track & Field Championships,2021-05-07,110H,,15.20,(0.2)
90,Horizon League Outdoor Track & Field Championships,2021-05-07,400H,,56.33,
90,Valpo Invitational,2021-05-01,110H,,15.52,(1.2)
90,Gibson Invitational sponsored by the Terre Haute CVB,2021-04-16,110H,,15.05,(3.3)
90,Gibson Invitational sponsored by the Terre Haute CVB,2021-04-16,110H,,15.43,(-0.3)
90,Gibson Invitational sponsored by the Terre Haute CVB,2021-04-16,400H,,1:00.76,
90,Big Blue Classic,2021-04-09,110H,,15.49,(2.3)
90,Big Blue Classic,2021-04-09,400H,,57.48,
90,Big Blue Classic,2021-04-09,4x400,,3:35.50,
90,Illinois State Redbird Invitational,2021-04-02,110H,,15.50,(2.2)
90,Illinois State Redbird Invitational,2021-04-02,400H,,57.59,
90,Horizon League Indoor Track & Field Championships,2021-02-26,60H,,8.57,
90,Horizon League Indoor Track & Field Championships,2021-02-26,60H,,8.56,
90,UW-Parkside Triangular,2021-02-19,55H,,8.14,
90,Panther Tune-Up,2021-02-14,60H,,8.64,
90,UW-Parkside Triangular,2021-02-05,55H,,8.14,
90,The Panther Invite,2021-01-09,4x400,,3:36.24,
112,2024 Horizon League Outdoor Track & Field Championship,2024-05-03,SP,15.81,,
112,2024 Horizon League Outdoor Track & Field Championship,2024-05-03,DT,44.36,,
112,2024 Horizon League Outdoor Track & Field Championship,2024-05-03,HT,48.07,,
112,UW-Whitewater Drake Alternative,2024-04-25,SP,15.91,,
112,UW-Whitewater Drake Alternative,2024-04-25,DT,45.79,,
112,UW-Whitewater Drake Alternative,2024-04-25,HT,51.33,,
112,Gibson Invitational,2024-04-18,SP,15.31,,
112,Gibson Invitational,2024-04-18,DT,47.57,,
112,Gibson Invitational,2024-04-18,HT,49.49,,
112,Gary Wieneke Memorial,2024-04-13,SP,15.39,,
112,Gary Wieneke Memorial,2024-04-13,DT,47.52,,
112,Gary Wieneke Memorial,2024-04-13,HT,50.26,,
112,Golden Grizzly T&F Invite,2024-04-06,SP,14.75,,
112,Golden Grizzly T&F Invite,2024-04-06,DT,38.99,,
112,Golden Grizzly T&F Invite,2024-04-06,HT,43.96,,
112,Redbird Challenge,2024-03-29,SP,14.44,,
112,Redbird Challenge,2024-03-29,DT,45.47,,
112,Redbird Challenge,2024-03-29,HT,45.61,,
112,Horizon League Indoor Track & Field Championship,2024-02-24,SP,16.07,,
112,Horizon League Indoor Track & Field Championship,2024-02-24,WT,,,
112,PANTHER TUNE-UP,2024-02-17,SP,16.32,,
112,PANTHER TUNE-UP,2024-02-17,WT,15.58,,
112,Mark Guthrie Legacy Invite,2024-02-03,SP,14.49,,
112,Mark Guthrie Legacy Invite,2024-02-03,WT,15.67,,
112,Illini Challenge,2024-01-26,SP,15.71,,
112,Illini Challenge,2024-01-26,WT,14.48,,
112,Badgers Midwest Invite,2024-01-13,SP,15.04,,
112,Badgers Midwest Invite,2024-01-13,WT,15.69,,
112,Illini Open,2024-01-06,SP,14.76,,
112,Illini Open,2024-01-06,WT,14.81,,
112,Horizon League Championship,2023-05-05,SP,14.05,,
112,Horizon League Championship,2023-05-05,DT,43.35,,
112,Horizon League Championship,2023-05-05,HT,48.86,,
112,UW-Whitewater Drake Alternative,2023-04-28,SP,12.55,,
112,UW-Whitewater Drake Alternative,2023-04-28,DT,46.45,,
112,UW-Whitewater Drake Alternative,2023-04-28,HT,46.28,,
112,Gary Wieneke Memorial,2023-04-21,SP,,,
112,Gary Wieneke Memorial,2023-04-21,DT,46.69,,
112,Gary Wieneke Memorial,2023-04-21,HT,,,
112,Gibson Invitational & Multis,2023-04-13,SP,14.85,,
112,Gibson Invitational & Multis,2023-04-13,DT,44.87,,
112,Gibson Invitational & Multis,2023-04-13,HT,,,
112,Fighting Illini Challenge,2023-04-08,SP,14.55,,
112,Fighting Illini Challenge,2023-04-08,DT,42.91,,
112,Fighting Illini Challenge,2023-04-08,HT,48.46,,
112,Warrior Invitational,2023-04-06,DT,46.15,,
112,Warrior Invitational,2023-04-06,HT,45.9,,
112,2023 Horizon League Indoor Track & Field Championship,2023-02-25,SP,13.93,,
112,2023 Horizon League Indoor Track & Field Championship,2023-02-25,WT,15.36,,
112,Panther Tune-Up,2023-02-18,SP,14.2,,
112,Panther Tune-Up,2023-02-18,WT,12.87,,
112,Mark Guthrie Legacy Invitational,2023-02-04,SP,,,
112,Mark Guthrie Legacy Invitational,2023-02-04,WT,14.6,,
112,Jack Johnson Classic,2023-01-27,SP,14.69,,
112,Jack Johnson Classic,2023-01-27,WT,14.95,,
112,John Tierney Classic,2023-01-21,SP,14.9,,
112,John Tierney Classic,2023-01-21,WT,14.86,,
112,Wisconsin Badgers Midwest Invite,2023-01-14,SP,14.58,,
112,Wisconsin Badgers Midwest Invite,2023-01-14,WT,14.46,,
112,2022 Blue Demon Holiday Invite,2022-12-09,SP,14.11,,
112,2022 Blue Demon Holiday Invite,2022-12-09,WT,14.02,,
112,Horizon League Outdoor Track & Field Championships,2022-05-06,SP,15.0,,
112,Horizon League Outdoor Track & Field Championships,2022-05-06,DT,44.45,,
112,Horizon League Outdoor Track & Field Championships,2022-05-06,HT,44.04,,
112,Valparaiso Beacan Invite,2022-04-30,SP,14.45,,
112,Valparaiso Beacan Invite,2022-04-30,DT,42.47,,
112,Valparaiso Beacan Invite,2022-04-30,HT,,,
112,Illini Invitational,2022-04-22,SP,14.92,,
112,Illini Invitational,2022-04-22,DT,43.6,,
112,Illini Invitational,2022-04-22,HT,42.21,,
112,2022 Warrior Invitational,2022-04-14,DT,42.64,,
112,2022 Warrior Invitational,2022-04-14,HT,41.95,,
112,44 Farms Team Invitational,2022-04-08,SP,15.21,,
112,44 Farms Team Invitational,2022-04-08,DT,39.05,,
112,44 Farms Team Invitational,2022-04-08,HT,42.53,,
112,Redbird Invite,2022-04-01,SP,14.78,,
112,Redbird Invite,2022-04-01,DT,41.94,,
112,Redbird Invite,2022-04-01,HT,41.84,,
112,Horizon League Indoor Track & Field Championships,2022-02-26,SP,15.1,,
112,Horizon League Indoor Track & Field Championships,2022-02-26,WT,14.39,,
112,St. Valentines Open,2022-02-18,SP,14.86,,
112,St. Valentines Open,2022-02-18,WT,14.76,,
112,2022 Hoosier Hills,2022-02-11,SP,14.17,,
112,Red Hawk Invite,2022-02-05,SP,14.46,,
112,Red Hawk Invite,2022-02-05,WT,,,
112,John Tierney Classic,2022-01-29,SP,15.07,,
112,John Tierney Classic,2022-01-29,WT,14.4,,
112,John Gartland Invitational,2022-01-21,SP,14.29,,
112,John Gartland Invitational,2022-01-21,WT,14.23,,
112,Hawkeye Invite,2022-01-14,SP,14.16,,
112,Hawkeye Invite,2022-01-14,WT,13.8,,
112,Horizon League Outdoor Track & Field Championships,2021-05-07,SP,14.83,,
112,Horizon League Outdoor Track & Field Championships,2021-05-07,DT,45.99,,
112,Horizon League Outdoor Track & Field Championships,2021-05-07,HT,,,
112,Valpo Invitational,2021-05-01,SP,14.17,,
112,Valpo Invitational,2021-05-01,DT,38.74,,
112,Valpo Invitational,2021-05-01,HT,34.44,,
112,2021 Green & White Invite,2021-04-24,SP,14.57,,
112,2021 Green & White Invite,2021-04-24,DT,45.61,,
112,2021 Green & White Invite,2021-04-24,HT,41.59,,
112,Gibson Invitational sponsored by the Terre Haute CVB,2021-04-16,SP,14.5,,
112,Gibson Invitational sponsored by the Terre Haute CVB,2021-04-16,DT,46.2,,
112,Gibson Invitational sponsored by the Terre Haute CVB,2021-04-16,HT,36.28,,
112,Big Blue Classic,2021-04-09,SP,12.91,,
112,Big Blue Classic,2021-04-09,DT,48.79,,
112,Big Blue Classic,2021-04-09,HT,37.81,,
112,Illinois State Redbird Invitational,2021-04-02,SP,12.9,,
112,Illinois State Redbird Invitational,2021-04-02,DT,46.07,,
112,Illinois State Redbird Invitational,2021-04-02,HT,37.3,,
112,Horizon League Indoor Track & Field Championships,2021-02-26,SP,13.64,,
112,Horizon League Indoor Track & Field Championships,2021-02-26,WT,15.55,,
112,UW-Parkside Triangular,2021-02-19,SP,14.47,,
112,UW-Parkside Triangular,2021-02-19,WT,14.05,,
112,Panther Tune-Up,2021-02-14,SP,14.28,,
112,Panther Tune-Up,2021-02-14,WT,14.34,,
112,UW-Parkside Triangular,2021-02-05,SP,14.09,,
112,UW-Parkside Triangular,2021-02-05,WT,13.55,,
112,John Tierney Classic,2021-01-23,SP,14.49,,
112,John Tierney Classic,2021-01-23,WT,13.0,,
112,The Panther Invite,2021-01-09,SP,13.29,,
112,The Panther Invite,2021-01-09,WT,13.92,,
34,2022 Green & White Invite,2022-04-23,400H,,59.29,
34,Marquette Invitational,2022-04-10,400H,,59.01,
34,Marquette Invitational,2022-04-10,4x400,,3:37.99,
34,Horizon League Indoor Track & Field Championships,2022-02-26,200,,22.93,
34,St. Valentines Open,2022-02-18,200,,23.00,
34,Red Hawk Invite,2022-02-05,400,,53.36,
34,John Tierney Classic,2022-01-29,400,,53.20,
34,Hawkeye Invite,2022-01-14,200,,23.11,
34,Valpo Invitational,2021-05-01,400H,,1:00.22,
34,2021 Warrior Invitational,2021-04-17,400H,,58.64,
34,Big Blue Classic,2021-04-09,200,,,(1.2)
34,Big Blue Classic,2021-04-09,400H,,59.52,
34,Big Blue Classic,2021-04-09,4x400,,3:35.50,
34,Illinois State Redbird Invitational,2021-04-02,400H,,,
34,Illinois State Redbird Invitational,2021-04-02,4x400,,,
34,UW-Parkside Triangular,2021-02-19,400,,53.90,
34,Panther Tune-Up,2021-02-14,60,,7.46,
34,Panther Tune-Up,2021-02-14,4x400,,3:31.48,
34,UW-Parkside Triangular,2021-02-05,200,,24.01,
34,John Tierney Classic,2021-01-23,200,,23.74,
34,John Tierney Classic,2021-01-23,4x400,,3:30.83,
59,UW-Whitewater Drake Alternative,2023-04-28,110H,,16.15,(+0.0)
59,Green & White Invite,2023-04-15,110H,,15.52,(3.0)
59,Green & White Invite,2023-04-15,400H,,58.30,
59,Warrior Invitational,2023-04-06,110H,,16.14,(-1.0)
59,Warrior Invitational,2023-04-06,400H,,58.97,
59,Panther Tune-Up,2023-02-18,200,,24.76,
59,Panther Tune-Up,2023-02-18,60H,,9.10,
59,John Tierney Classic,2023-01-21,200,,24.35,
59,John Tierney Classic,2023-01-21,60H,,8.66,
59,John Tierney Classic,2023-01-21,60H,,8.61,
59,Wisconsin Badgers Midwest Invite,2023-01-14,300,,38.03,
59,Wisconsin Badgers Midwest Invite,2023-01-14,60H,,8.79,
59,2022 Blue Demon Holiday Invite,2022-12-09,300,,37.99,
59,2022 Blue Demon Holiday Invite,2022-12-09,60H,,10.16,
59,2022 Blue Demon Holiday Invite,2022-12-09,4x400,,,
65,Fighting Illini Challenge,2023-04-08,DT,44.94,,
65,Fighting Illini Challenge,2023-04-08,HT,53.22,,
65,2023 Horizon League Indoor Track & Field Championship,2023-02-25,SP,16.56,,
65,2023 Horizon League Indoor Track & Field Championship,2023-02-25,WT,16.01,,
65,Panther Tune-Up,2023-02-18,SP,16.0,,
65,Mark Guthrie Legacy Invitational,2023-02-04,SP,16.1,,
65,Wisconsin Badgers Midwest Invite,2023-01-14,SP,16.7,,
65,Wisconsin Badgers Midwest Invite,2023-01-14,WT,17.1,,
65,2022 Blue Demon Holiday Invite,2022-12-09,WT,16.92,,
65,Horizon League Outdoor Track & Field Championships,2022-05-06,SP,15.26,,
65,Horizon League Outdoor Track & Field Championships,2022-05-06,DT,49.67,,
65,Horizon League Outdoor Track & Field Championships,2022-05-06,HT,52.04,,
65,Valparaiso Beacan Invite,2022-04-30,SP,15.82,,
65,Valparaiso Beacan Invite,2022-04-30,DT,50.47,,
65,Valparaiso Beacan Invite,2022-04-30,HT,54.63,,
65,Illini Invitational,2022-04-22,SP,17.56,,
65,Illini Invitational,2022-04-22,DT,49.81,,
65,Illini Invitational,2022-04-22,HT,56.12,,
65,2022 Warrior Invitational,2022-04-14,DT,48.66,,
65,2022 Warrior Invitational,2022-04-14,HT,50.96,,
65,44 Farms Team Invitational,2022-04-08,SP,16.91,,
65,44 Farms Team Invitational,2022-04-08,DT,53.21,,
65,44 Farms Team Invitational,2022-04-08,HT,55.13,,
65,Redbird Invite,2022-04-01,SP,16.82,,
65,Redbird Invite,2022-04-01,DT,48.84,,
65,Redbird Invite,2022-04-01,HT,54.14,,
65,Horizon League Indoor Track & Field Championships,2022-02-26,SP,17.6,,
65,Horizon League Indoor Track & Field Championships,2022-02-26,WT,17.14,,
65,St. Valentines Open,2022-02-18,SP,16.56,,
65,St. Valentines Open,2022-02-18,WT,17.2,,
65,2022 Hoosier Hills,2022-02-11,SP,17.12,,
65,2022 Hoosier Hills,2022-02-11,WT,17.2,,
65,Red Hawk Invite,2022-02-05,SP,17.12,,
65,Red Hawk Invite,2022-02-05,WT,16.95,,
65,John Tierney Classic,2022-01-29,SP,17.35,,
65,John Tierney Classic,2022-01-29,WT,16.63,,
65,John Gartland Invitational,2022-01-21,SP,17.46,,
65,John Gartland Invitational,2022-01-21,WT,15.83,,
65,Hawkeye Invite,2022-01-14,SP,16.91,,
65,Horizon League Outdoor Track & Field Championships,2021-05-07,SP,15.8,,
65,Horizon League Outdoor Track & Field Championships,2021-05-07,DT,47.91,,
65,Horizon League Outdoor Track & Field Championships,2021-05-07,HT,50.12,,
65,Valpo Invitational,2021-05-01,SP,16.5,,
65,Valpo Invitational,2021-05-01,DT,,,
65,Valpo Invitational,2021-05-01,HT,48.66,,
65,2021 Green & White Invite,2021-04-24,SP,16.26,,
65,2021 Green & White Invite,2021-04-24,DT,46.93,,
65,2021 Green & White Invite,2021-04-24,HT,47.75,,
65,Horizon League Indoor Track & Field Championships,2021-02-26,SP,16.23,,
65,Horizon League Indoor Track & Field Championships,2021-02-26,WT,16.75,,
65,Panther Tune-Up,2021-02-14,SP,16.28,,
65,Panther Tune-Up,2021-02-14,WT,17.26,,
65,UW-Parkside Triangular,2021-02-05,SP,16.55,,
65,UW-Parkside Triangular,2021-02-05,WT,17.43,,
65,John Tierney Classic,2021-01-23,SP,16.01,,
65,Horizon League Indoor Track & Field Championships,2020-02-29,SP,15.96,,
65,Horizon League Indoor Track & Field Championships,2020-02-29,WT,15.98,,
65,Panther Tune-Up,2020-02-22,SP,16.04,,
65,Panther Tune-Up,2020-02-22,WT,14.53,,
65,GVSU Big Meet (Saturday),2020-02-15,SP,15.92,,
65,GVSU Big Meet (Saturday),2020-02-15,WT,13.82,,
65,2020 Meyo Invitational,2020-02-07,SP,15.47,,
65,Illini Invitational,2020-01-24,SP,14.39,,
65,John Tierney Classic,2020-01-18,SP,15.08,,
65,Gene Edmonds Memorial,2020-01-10,SP,14.9,,
65,Gene Edmonds Memorial,2020-01-10,WT,14.17,,
101,Eagle Open,2023-05-12,DT,44.73,,
101,Horizon League Championship,2023-05-05,SP,15.68,,
101,Horizon League Championship,2023-05-05,DT,52.9,,
101,Horizon League Championship,2023-05-05,HT,56.47,,
101,UW-Whitewater Drake Alternative,2023-04-28,SP,17.02,,
101,UW-Whitewater Drake Alternative,2023-04-28,DT,52.49,,
101,UW-Whitewater Drake Alternative,2023-04-28,HT,54.59,,
101,Gary Wieneke Memorial,2023-04-21,SP,15.97,,
101,Gary Wieneke Memorial,2023-04-21,DT,48.39,,
101,Gary Wieneke Memorial,2023-04-21,HT,55.25,,
101,Gibson Invitational & Multis,2023-04-13,SP,16.23,,
101,Gibson Invitational & Multis,2023-04-13,DT,52.89,,
101,Gibson Invitational & Multis,2023-04-13,HT,54.91,,
101,Fighting Illini Challenge,2023-04-08,DT,51.35,,
101,Fighting Illini Challenge,2023-04-08,HT,55.95,,
101,2023 Horizon League Indoor Track & Field Championship,2023-02-25,SP,16.76,,
101,2023 Horizon League Indoor Track & Field Championship,2023-02-25,WT,19.22,,
101,Panther Tune-Up,2023-02-18,SP,16.14,,
101,Panther Tune-Up,2023-02-18,WT,17.62,,
101,Mark Guthrie Legacy Invitational,2023-02-04,SP,16.44,,
101,Mark Guthrie Legacy Invitational,2023-02-04,WT,18.14,,
101,Jack Johnson Classic,2023-01-27,SP,16.48,,
101,Jack Johnson Classic,2023-01-27,WT,17.65,,
101,John Tierney Classic,2023-01-21,SP,17.03,,
101,John Tierney Classic,2023-01-21,WT,18.29,,
101,Wisconsin Badgers Midwest Invite,2023-01-14,SP,15.68,,
101,Wisconsin Badgers Midwest Invite,2023-01-14,WT,17.76,,
101,2022 Blue Demon Holiday Invite,2022-12-09,WT,17.51,,
101,Horizon League Outdoor Track & Field Championships,2022-05-06,SP,16.89,,
101,Horizon League Outdoor Track & Field Championships,2022-05-06,DT,50.3,,
101,Horizon League Outdoor Track & Field Championships,2022-05-06,HT,56.28,,
101,Valparaiso Beacan Invite,2022-04-30,SP,15.36,,
101,Valparaiso Beacan Invite,2022-04-30,DT,42.81,,
101,Valparaiso Beacan Invite,2022-04-30,HT,53.75,,
101,Illini Invitational,2022-04-22,SP,15.62,,
101,Illini Invitational,2022-04-22,DT,45.98,,
101,Illini Invitational,2022-04-22,HT,55.0,,
101,2022 Warrior Invitational,2022-04-14,DT,48.04,,
101,2022 Warrior Invitational,2022-04-14,HT,53.85,,
101,44 Farms Team Invitational,2022-04-08,SP,14.36,,
101,44 Farms Team Invitational,2022-04-08,DT,48.06,,
101,44 Farms Team Invitational,2022-04-08,HT,50.89,,
101,Redbird Invite,2022-04-01,DT,46.73,,
101,Redbird Invite,2022-04-01,HT,50.96,,
101,Horizon League Indoor Track & Field Championships,2022-02-26,SP,16.36,,
101,Horizon League Indoor Track & Field Championships,2022-02-26,WT,18.05,,
101,St. Valentines Open,2022-02-18,SP,16.82,,
101,St. Valentines Open,2022-02-18,WT,,,
101,2022 Hoosier Hills,2022-02-11,SP,14.61,,
101,2022 Hoosier Hills,2022-02-11,WT,18.16,,
101,Red Hawk Invite,2022-02-05,SP,16.39,,
101,Red Hawk Invite,2022-02-05,WT,17.58,,
101,John Tierney Classic,2022-01-29,SP,15.39,,
101,John Tierney Classic,2022-01-29,WT,18.03,,
101,John Gartland Invitational,2022-01-21,SP,17.07,,
101,John Gartland Invitational,2022-01-21,WT,17.63,,
101,Horizon League Outdoor Track & Field Championships,2021-05-07,SP,15.11,,
101,Horizon League Outdoor Track & Field Championships,2021-05-07,DT,45.61,,
101,Horizon League Outdoor Track & Field Championships,2021-05-07,HT,55.11,,
101,Valpo Invitational,2021-05-01,SP,15.61,,
101,Valpo Invitational,2021-05-01,DT,45.96,,
101,Valpo Invitational,2021-05-01,HT,51.23,,
101,2021 Green & White Invite,2021-04-24,SP,15.26,,
101,2021 Green & White Invite,2021-04-24,DT,49.99,,
101,2021 Green & White Invite,2021-04-24,HT,52.47,,
101,Gibson Invitational sponsored by the Terre Haute CVB,2021-04-16,SP,14.53,,
101,Gibson Invitational sponsored by the Terre Haute CVB,2021-04-16,DT,49.46,,
101,Gibson Invitational sponsored by the Terre Haute CVB,2021-04-16,HT,48.91,,
101,Big Blue Classic,2021-04-09,SP,14.26,,
101,Big Blue Classic,2021-04-09,DT,53.25,,
101,Big Blue Classic,2021-04-09,HT,53.91,,
101,Illinois State Redbird Invitational,2021-04-02,SP,14.67,,
101,Illinois State Redbird Invitational,2021-04-02,DT,50.45,,
101,Illinois State Redbird Invitational,2021-04-02,HT,54.21,,
101,Horizon League Indoor Track & Field Championships,2021-02-26,SP,16.08,,
101,Horizon League Indoor Track & Field Championships,2021-02-26,WT,17.4,,
101,Panther Tune-Up,2021-02-14,SP,15.24,,
101,Panther Tune-Up,2021-02-14,WT,17.07,,
101,UW-Parkside Triangular,2021-02-05,SP,15.92,,
101,UW-Parkside Triangular,2021-02-05,WT,16.91,,
101,John Tierney Classic,2021-01-23,SP,16.17,,
101,John Tierney Classic,2021-01-23,WT,17.38,,
101,The Panther Invite,2021-01-09,SP,16.74,,
101,The Panther Invite,2021-01-09,WT,18.26,,
101,Horizon League Indoor Track & Field Championships,2020-02-29,SP,16.57,,
101,Horizon League Indoor Track & Field Championships,2020-02-29,WT,17.22,,
101,Panther Tune-Up,2020-02-22,SP,16.02,,
101,Panther Tune-Up,2020-02-22,WT,16.41,,
101,GVSU Big Meet (Saturday),2020-02-15,SP,,,
101,GVSU Big Meet (Saturday),2020-02-15,WT,15.79,,
101,2020 Meyo Invitational,2020-02-07,SP,16.07,,
101,2020 Meyo Invitational,2020-02-07,WT,17.01,,
101,Illini Invitational,2020-01-24,SP,,,
101,Illini Invitational,2020-01-24,WT,16.03,,
101,John Tierney Classic,2020-01-18,SP,15.5,,
101,John Tierney Classic,2020-01-18,WT,16.61,,
101,Gene Edmonds Memorial,2020-01-10,SP,14.68,,
101,Gene Edmonds Memorial,2020-01-10,WT,15.77,,
101,Horizon League Outdoor Track & Field Championships,2019-05-03,SP,14.14,,
101,Horizon League Outdoor Track & Field Championships,2019-05-03,DT,44.45,,
101,Horizon League Outdoor Track & Field Championships,2019-05-03,HT,35.52,,
101,Marquette Mid-Week Challenge,2019-04-24,SP,13.28,,
101,Marquette Mid-Week Challenge,2019-04-24,DT,46.48,,
101,Marquette Mid-Week Challenge,2019-04-24,HT,43.76,,
101,Illinois Twilight,2019-04-13,SP,13.33,,
101,Illinois Twilight,2019-04-13,DT,,,
101,Illinois Twilight,2019-04-13,HT,35.94,,
101,Jack Shaw Classic,2019-04-05,SP,13.73,,
101,Jack Shaw Classic,2019-04-05,DT,45.74,,
101,Jack Shaw Classic,2019-04-05,HT,40.03,,
101,Horizon League Indoor Track & Field Championships,2019-02-23,SP,14.51,,
101,Horizon League Indoor Track & Field Championships,2019-02-23,WT,14.98,,
101,Panther TuneUp,2019-02-16,SP,12.83,,
101,Panther TuneUp,2019-02-16,WT,14.39,,
101,GVSU Big Meet (Saturday),2019-02-09,SP,,,
101,GVSU Big Meet (Saturday),2019-02-09,WT,14.73,,
101,2019 Meyo Invitational,2019-02-01,SP,13.67,,
101,2019 Meyo Invitational,2019-02-01,WT,12.57,,
101,2019 Illini Invitational,2019-01-25,SP,12.43,,
101,2019 Illini Invitational,2019-01-25,WT,13.88,,
101,John Tierney Classic,2019-01-19,SP,13.28,,
101,John Tierney Classic,2019-01-19,WT,15.39,,
113,Eagle Open,2023-05-12,PV,4.91,,
113,Horizon League Championship,2023-05-05,PV,4.8,,
113,Clark Wood Open 2023,2023-04-28,PV,4.78,,
113,Gary Wieneke Memorial,2023-04-21,PV,,,
113,Gibson Invitational & Multis,2023-04-13,PV,4.91,,
113,Fighting Illini Challenge,2023-04-08,PV,4.6,,
113,2023 Horizon League Indoor Track & Field Championship,2023-02-25,PV,4.96,,
113,Panther Tune-Up,2023-02-18,PV,4.75,,
113,Mark Guthrie Legacy Invitational,2023-02-04,PV,4.73,,
113,Jack Johnson Classic,2023-01-27,PV,4.78,,
113,John Tierney Classic,2023-01-21,PV,4.8,,
113,Wisconsin Badgers Midwest Invite,2023-01-14,PV,4.77,,
113,Horizon League Outdoor Track & Field Championships,2022-05-06,PV,4.25,,
113,Valparaiso Beacan Invite,2022-04-30,PV,4.45,,
113,Illini Invitational,2022-04-22,PV,,,
113,44 Farms Team Invitational,2022-04-08,PV,4.32,,
113,Redbird Invite,2022-04-01,PV,,,
113,Horizon League Indoor Track & Field Championships,2022-02-26,PV,4.6,,
113,St. Valentines Open,2022-02-18,PV,,,
113,Red Hawk Invite,2022-02-05,PV,4.55,,
113,John Tierney Classic,2022-01-29,PV,4.5,,
113,John Gartland Invitational,2022-01-21,PV,4.61,,
113,Hawkeye Invite,2022-01-14,PV,4.75,,
113,2021 Green & White Invite,2021-04-24,PV,,,
113,2021 Green & White Invite,2021-04-24,LJ,6.37,,(+0.0)
113,2021 Green & White Invite,2021-04-24,TJ,12.68,,(1.9)
113,Horizon League Indoor Track & Field Championships,2021-02-26,PV,4.4,,
113,Horizon League Indoor Track & Field Championships,2021-02-26,TJ,12.71,,
113,UW-Parkside Triangular,2021-02-19,PV,4.27,,
113,Panther Tune-Up,2021-02-14,PV,4.5,,
113,UW-Parkside Triangular,2021-02-05,PV,4.47,,
113,John Tierney Classic,2021-01-23,PV,,,
123,Panther Tune-Up,2023-02-18,PV,,,
131,Horizon League Championship,2023-05-05,800,,,
131,Horizon League Championship,2023-05-05,800,,1:53.81,
131,Clark Wood Open 2023,2023-04-28,800,,1:56.23,
131,Clark Wood Open 2023,2023-04-28,4x400,,3:23.45,
131,Marquette Invitational,2023-04-22,800,,1:55.82,
131,Fighting Illini Challenge,2023-04-08,800,,1:55.44,
131,Fighting Illini Challenge,2023-04-08,4x400,,3:29.95,
131,Mark Guthrie Legacy Invitational,2023-02-04,4x400,,,
131,John Tierney Classic,2023-01-21,400,,51.64,
131,Wisconsin Badgers Midwest Invite,2023-01-14,600,,1:22.99,
131,NIU Huskie Classic,2019-09-06,8k,,,
139,NCAA West Preliminary Round,2023-05-24,LJ,7.3,,(1.1)
139,Horizon League Championship,2023-05-05,LJ,7.6,,(1.8)
139,Horizon League Championship,2023-05-05,Dec,,7509,
139,Horizon League Championship,2023-05-05,100,,10.97,(0.8)
139,Horizon League Championship,2023-05-05,LJ,7.33,,(+0.0)
139,Horizon League Championship,2023-05-05,SP,14.25,,
139,Horizon League Championship,2023-05-05,HJ,2.0,,
139,Horizon League Championship,2023-05-05,400,,50.91,
139,Horizon League Championship,2023-05-05,110H,,14.72,(-1.4)
139,Horizon League Championship,2023-05-05,DT,40.96,,
139,Horizon League Championship,2023-05-05,PV,4.3,,
139,Horizon League Championship,2023-05-05,JT,49.2,,
139,Horizon League Championship,2023-05-05,1500,,4:56.11,
139,Marquette Invitational,2023-04-22,LJ,3.8,,(+0.0)
139,Marquette Invitational,2023-04-22,DT,41.24,,
139,Warrior Invitational,2023-04-06,SP,13.52,,
139,Warrior Invitational,2023-04-06,DT,40.07,,
139,Warrior Invitational,2023-04-06,JT,50.1,,
139,2023 Horizon League Indoor Track & Field Championship,2023-02-25,LJ,7.52,,
139,Panther Tune-Up,2023-02-18,LJ,7.8,,
139,GVSU Big Meet (Friday),2023-02-10,60H,,7.96,
139,GVSU Big Meet (Friday),2023-02-10,60H,,8.12,
139,Mark Guthrie Legacy Invitational,2023-02-04,LJ,7.57,,
139,Jack Johnson Classic,2023-01-27,Hep,,5736,
139,Jack Johnson Classic,2023-01-27,60,,7.02,
139,Jack Johnson Classic,2023-01-27,LJ,7.46,,
139,Jack Johnson Classic,2023-01-27,SP,14.1,,
139,Jack Johnson Classic,2023-01-27,HJ,1.92,,
139,Jack Johnson Classic,2023-01-27,60H,,8.08,
139,Jack Johnson Classic,2023-01-27,PV,4.4,,
139,Jack Johnson Classic,2023-01-27,1000,,2:48.82,
139,John Tierney Classic,2023-01-21,60H,,8.03,
139,John Tierney Classic,2023-01-21,60H,,8.18,
139,John Tierney Classic,2023-01-21,PV,,,
139,John Tierney Classic,2023-01-21,SP,13.83,,
139,Wisconsin Badgers Midwest Invite,2023-01-14,LJ,7.6,,
139,Illini Invitational,2022-04-22,LJ,7.59,,(5.8)
139,44 Farms Team Invitational,2022-04-08,Dec,,7355,
139,44 Farms Team Invitational,2022-04-08,100,,10.69,(4.2)
139,44 Farms Team Invitational,2022-04-08,LJ,7.74,,(5.5)
139,44 Farms Team Invitational,2022-04-08,SP,13.25,,
139,44 Farms Team Invitational,2022-04-08,HJ,1.87,,
139,44 Farms Team Invitational,2022-04-08,400,,51.45,
139,44 Farms Team Invitational,2022-04-08,110H,,14.38,(-1.4)
139,44 Farms Team Invitational,2022-04-08,DT,35.39,,
139,44 Farms Team Invitational,2022-04-08,PV,4.1,,
139,44 Farms Team Invitational,2022-04-08,JT,53.7,,
139,44 Farms Team Invitational,2022-04-08,1500,,5:06.37,
139,Horizon League Indoor Track & Field Championships,2022-02-26,60H,,8.09,
139,Horizon League Indoor Track & Field Championships,2022-02-26,60H,,8.16,
139,Horizon League Indoor Track & Field Championships,2022-02-26,PV,,,
139,Horizon League Indoor Track & Field Championships,2022-02-26,LJ,7.81,,
139,Horizon League Indoor Track & Field Championships,2022-02-26,Hep,,4977,
139,Horizon League Indoor Track & Field Championships,2022-02-26,60,,7.11,
139,Horizon League Indoor Track & Field Championships,2022-02-26,LJ,7.73,,
139,Horizon League Indoor Track & Field Championships,2022-02-26,SP,13.52,,
139,Horizon League Indoor Track & Field Championships,2022-02-26,HJ,1.96,,
139,Horizon League Indoor Track & Field Championships,2022-02-26,60H,,8.42,
139,Horizon League Indoor Track & Field Championships,2022-02-26,PV,3.04,,
139,Horizon League Indoor Track & Field Championships,2022-02-26,1000,,3:26.34,
139,St. Valentines Open,2022-02-18,60H,,8.13,
139,St. Valentines Open,2022-02-18,LJ,7.53,,
139,Red Hawk Invite,2022-02-05,60H,,8.09,
139,Red Hawk Invite,2022-02-05,60H,,8.13,
139,Red Hawk Invite,2022-02-05,PV,3.95,,
139,John Tierney Classic,2022-01-29,60H,,8.05,
139,John Tierney Classic,2022-01-29,60H,,8.49,
139,John Tierney Classic,2022-01-29,LJ,7.52,,
139,John Gartland Invitational,2022-01-21,Hep,,5557,
139,John Gartland Invitational,2022-01-21,60,,7.09,
139,John Gartland Invitational,2022-01-21,LJ,7.45,,
139,John Gartland Invitational,2022-01-21,SP,13.82,,
139,John Gartland Invitational,2022-01-21,HJ,1.92,,
139,John Gartland Invitational,2022-01-21,60H,,8.21,
139,John Gartland Invitational,2022-01-21,PV,4.05,,
139,John Gartland Invitational,2022-01-21,1000,,2:49.07,
139,Hawkeye Invite,2022-01-14,60H,,8.22,
139,Hawkeye Invite,2022-01-14,LJ,7.52,,
139,Horizon League Outdoor Track & Field Championships,2021-05-07,110H,,14.54,(3.0)
139,Horizon League Outdoor Track & Field Championships,2021-05-07,PV,3.77,,
139,Horizon League Outdoor Track & Field Championships,2021-05-07,LJ,7.07,,(3.9)
139,Horizon League Outdoor Track & Field Championships,2021-05-07,Dec,,6352,
139,Horizon League Outdoor Track & Field Championships,2021-05-07,100,,11.18,(2.2)
139,Horizon League Outdoor Track & Field Championships,2021-05-07,LJ,6.95,,(2.4)
139,Horizon League Outdoor Track & Field Championships,2021-05-07,SP,13.37,,
139,Horizon League Outdoor Track & Field Championships,2021-05-07,HJ,1.82,,
139,Horizon League Outdoor Track & Field Championships,2021-05-07,400,,51.93,
139,Horizon League Outdoor Track & Field Championships,2021-05-07,110H,,14.66,(2.7)
139,Horizon League Outdoor Track & Field Championships,2021-05-07,DT,35.81,,
139,Horizon League Outdoor Track & Field Championships,2021-05-07,PV,4.0,,
139,Horizon League Outdoor Track & Field Championships,2021-05-07,JT,49.38,,
139,Horizon League Outdoor Track & Field Championships,2021-05-07,1500,,,
139,Valpo Invitational,2021-05-01,SP,13.41,,
139,Valpo Invitational,2021-05-01,DT,36.72,,
139,Clark Wood Invitational,2021-04-23,110H,,14.49,(0.6)
139,Clark Wood Invitational,2021-04-23,110H,,14.94,(0.4)
139,Clark Wood Invitational,2021-04-23,LJ,7.28,,(2.5)
139,Gibson Invitational Heptathlon & Decathlon,2021-04-15,Dec,,6853,
139,Gibson Invitational Heptathlon & Decathlon,2021-04-15,100,,11.21,(2.2)
139,Gibson Invitational Heptathlon & Decathlon,2021-04-15,LJ,7.33,,(1.5)
139,Gibson Invitational Heptathlon & Decathlon,2021-04-15,SP,12.22,,
139,Gibson Invitational Heptathlon & Decathlon,2021-04-15,HJ,1.9,,
139,Gibson Invitational Heptathlon & Decathlon,2021-04-15,400,,52.46,
139,Gibson Invitational Heptathlon & Decathlon,2021-04-15,110H,,14.95,(0.2)
139,Gibson Invitational Heptathlon & Decathlon,2021-04-15,DT,36.2,,
139,Gibson Invitational Heptathlon & Decathlon,2021-04-15,PV,4.02,,
139,Gibson Invitational Heptathlon & Decathlon,2021-04-15,JT,44.13,,
139,Gibson Invitational Heptathlon & Decathlon,2021-04-15,1500,,5:03.76,
139,Big Blue Classic,2021-04-09,110H,,15.03,(2.6)
139,Big Blue Classic,2021-04-09,LJ,7.22,,(1.9)
139,Big Blue Classic,2021-04-09,JT,45.47,,
139,Horizon League Indoor Track & Field Championships,2021-02-26,60H,,8.37,
139,Horizon League Indoor Track & Field Championships,2021-02-26,60H,,8.30,
139,Horizon League Indoor Track & Field Championships,2021-02-26,PV,3.9,,
139,Horizon League Indoor Track & Field Championships,2021-02-26,LJ,6.97,,
139,Horizon League Indoor Track & Field Championships,2021-02-26,TJ,,,
139,Horizon League Indoor Track & Field Championships,2021-02-26,Hep,,4879,
139,Horizon League Indoor Track & Field Championships,2021-02-26,60,,7.26,
139,Horizon League Indoor Track & Field Championships,2021-02-26,LJ,7.0,,
139,Horizon League Indoor Track & Field Championships,2021-02-26,SP,13.03,,
139,Horizon League Indoor Track & Field Championships,2021-02-26,HJ,1.89,,
139,Horizon League Indoor Track & Field Championships,2021-02-26,60H,,8.25,
139,Horizon League Indoor Track & Field Championships,2021-02-26,PV,3.85,,
139,Horizon League Indoor Track & Field Championships,2021-02-26,1000,,3:29.72,
139,Panther Tune-Up,2021-02-14,SP,11.92,,
139,The Panther Invite,2021-01-09,60H,,8.52,
139,The Panther Invite,2021-01-09,LJ,7.26,,
139,The Panther Invite,2021-01-09,SP,11.2,,
139,Horizon League Indoor Track & Field Championships,2020-02-29,60H,,8.33,
139,Horizon League Indoor Track & Field Championships,2020-02-29,60H,,8.34,
139,Horizon League Indoor Track & Field Championships,2020-02-29,LJ,7.52,,
139,Horizon League Indoor Track & Field Championships,2020-02-29,Hep,,5320,
139,Horizon League Indoor Track & Field Championships,2020-02-29,60,,7.24,
139,Horizon League Indoor Track & Field Championships,2020-02-29,LJ,7.26,,
139,Horizon League Indoor Track & Field Championships,2020-02-29,SP,11.47,,
139,Horizon League Indoor Track & Field Championships,2020-02-29,HJ,2.04,,
139,Horizon League Indoor Track & Field Championships,2020-02-29,60H,,8.28,
139,Horizon League Indoor Track & Field Championships,2020-02-29,PV,3.65,,
139,Horizon League Indoor Track & Field Championships,2020-02-29,1000,,2:47.07,
139,Panther Tune-Up,2020-02-22,60,,7.31,
139,Panther Tune-Up,2020-02-22,HJ,1.9,,
139,Panther Tune-Up,2020-02-22,PV,3.53,,
139,Panther Tune-Up,2020-02-22,SP,11.2,,
139,GVSU Big Meet (Saturday),2020-02-15,60,,7.32,
139,GVSU Big Meet (Saturday),2020-02-15,HJ,1.86,,
139,GVSU Big Meet Invite (Friday),2020-02-14,60H,,8.28,
139,GVSU Big Meet Invite (Friday),2020-02-14,LJ,7.12,,
139,2020 Meyo Invitational,2020-02-07,60H,,8.39,
139,2020 Meyo Invitational,2020-02-07,60H,,8.33,
139,2020 Meyo Invitational,2020-02-07,LJ,6.84,,(+0.0)
139,Illini Invitational,2020-01-24,60H,,8.17,
139,Illini Invitational,2020-01-24,60H,,8.32,
139,John Tierney Classic,2020-01-18,60H,,8.33,
139,Gene Edmonds Memorial,2020-01-10,60H,,8.39,
139,Gene Edmonds Memorial,2020-01-10,60H,,8.46,
139,Gene Edmonds Memorial,2020-01-10,HJ,1.85,,
139,Gene Edmonds Memorial,2020-01-10,LJ,7.23,,
139,Marquette Mid-Week Challenge,2019-04-24,JT,36.99,,
139,Panther TuneUp,2019-02-16,60H,,8.52,
139,Panther TuneUp,2019-02-16,HJ,1.92,,
139,John Tierney Classic,2019-01-19,60H,,8.44,
139,John Tierney Classic,2019-01-19,LJ,6.75,,
19,Horizon League Outdoor Track & Field Championships,2022-05-06,110H,,15.63,(+0.0)
19,Horizon League Outdoor Track & Field Championships,2022-05-06,110H,,15.76,(3.0)
19,Horizon League Outdoor Track & Field Championships,2022-05-06,PV,4.1,,
19,Horizon League Outdoor Track & Field Championships,2022-05-06,JT,47.85,,
19,Horizon League Outdoor Track & Field Championships,2022-05-06,Dec,,6190,
19,Horizon League Outdoor Track & Field Championships,2022-05-06,100,,11.73,(-0.1)
19,Horizon League Outdoor Track & Field Championships,2022-05-06,LJ,6.29,,
19,Horizon League Outdoor Track & Field Championships,2022-05-06,SP,13.0,,
19,Horizon League Outdoor Track & Field Championships,2022-05-06,HJ,1.75,,
19,Horizon League Outdoor Track & Field Championships,2022-05-06,400,,55.84,
19,Horizon League Outdoor Track & Field Championships,2022-05-06,110H,,15.51,(1.9)
19,Horizon League Outdoor Track & Field Championships,2022-05-06,DT,35.16,,
19,Horizon League Outdoor Track & Field Championships,2022-05-06,PV,4.3,,
19,Horizon League Outdoor Track & Field Championships,2022-05-06,JT,45.42,,
19,Horizon League Outdoor Track & Field Championships,2022-05-06,1500,,5:22.10,
19,Valparaiso Beacan Invite,2022-04-30,110H,,14.94,(1.0)
19,Valparaiso Beacan Invite,2022-04-30,PV,4.0,,
19,Valparaiso Beacan Invite,2022-04-30,DT,36.91,,
19,Valparaiso Beacan Invite,2022-04-30,JT,46.22,,
19,Illini Invitational,2022-04-22,110H,,15.19,(7.8)
19,Illini Invitational,2022-04-22,PV,,,
19,Illini Invitational,2022-04-22,DT,36.1,,
19,Illini Invitational,2022-04-22,JT,45.79,,
19,2022 Warrior Invitational,2022-04-14,400,,53.98,
19,2022 Warrior Invitational,2022-04-14,LJ,6.3,,(5.9)
19,2022 Warrior Invitational,2022-04-14,JT,46.22,,
19,Marquette Invitational,2022-04-10,110H,,15.01,(6.2)
19,Marquette Invitational,2022-04-10,HJ,1.8,,
19,Marquette Invitational,2022-04-10,DT,36.62,,
19,Redbird Invite,2022-04-01,SP,12.42,,
19,Redbird Invite,2022-04-01,DT,36.15,,
19,Redbird Invite,2022-04-01,JT,44.27,,
19,John Tierney Classic,2022-01-29,HJ,,,
19,John Tierney Classic,2022-01-29,SP,12.24,,
22,Carius/Gregory Invitational 2022,2022-05-12,JT,50.09,,
22,Horizon League Outdoor Track & Field Championships,2022-05-06,JT,52.43,,
22,Valparaiso Beacan Invite,2022-04-30,JT,48.84,,
22,Illini Invitational,2022-04-22,JT,50.96,,
22,2022 Warrior Invitational,2022-04-14,JT,46.91,,
22,Marquette Invitational,2022-04-10,JT,48.35,,
22,Redbird Invite,2022-04-01,JT,48.5,,
22,Horizon League Outdoor Track & Field Championships,2021-05-07,JT,49.67,,
22,Valpo Invitational,2021-05-01,JT,51.93,,
22,2021 Green & White Invite,2021-04-24,JT,48.8,,
22,Gibson Invitational sponsored by the Terre Haute CVB,2021-04-16,JT,47.85,,
22,Big Blue Classic,2021-04-09,JT,49.7,,
22,Illinois State Redbird Invitational,2021-04-02,JT,45.88,,
22,Panther Tune-Up,2020-02-22,60H,,8.74,
22,GVSU Big Meet (Saturday),2020-02-15,60H,,8.78,
22,2020 ONU Invitational,2020-02-01,60H,,8.93,
22,2020 ONU Invitational,2020-02-01,60H,,8.98,
22,Illini Invitational,2020-01-24,60H,,8.81,
22,John Tierney Classic,2020-01-18,60H,,8.89,
22,Gene Edmonds Memorial,2020-01-10,60H,,8.97,
22,Horizon League Outdoor Track & Field Championships,2019-05-03,JT,47.78,,
22,2019 Lenny Lyles-Clark Wood Invitational,2019-04-26,JT,44.7,,
22,Kentucky Track & Field Invitational,2019-04-20,JT,46.7,,
22,Illinois Twilight,2019-04-13,110H,,,(1.5)
22,Illinois Twilight,2019-04-13,JT,46.32,,
22,Jack Shaw Classic,2019-04-05,110H,,16.52,(0.2)
22,Jack Shaw Classic,2019-04-05,JT,50.72,,
22,Horizon League Indoor Track & Field Championships,2019-02-23,60H,,8.55,
22,Panther TuneUp,2019-02-16,60H,,8.76,
22,GVSU Big Meet (Saturday),2019-02-09,60H,,8.75,
22,GVSU Big Meet (Friday),2019-02-08,60H,,8.64,
22,2019 Meyo Invitational,2019-02-01,60H,,8.53,
22,2019 Illini Invitational,2019-01-25,60H,,8.64,
22,John Tierney Classic,2019-01-19,60H,,8.57,
22,Badger Icebreaker,2019-01-12,300,,40.31,
22,Badger Icebreaker,2019-01-12,60H,,8.62,
22,Badger Icebreaker,2019-01-12,60H,,8.59,
24,NCAA West Preliminary Round,2022-05-25,110H,,14.12,(1.2)
24,Illini Invitational,2022-04-22,400H,,,
24,44 Farms Team Invitational,2022-04-08,110H,,14.05,(4.0)
24,44 Farms Team Invitational,2022-04-08,400H,,54.52,
24,Redbird Invite,2022-04-01,110H,,14.25,(0.1)
24,Redbird Invite,2022-04-01,110H,,14.49,(2.4)
24,Redbird Invite,2022-04-01,400H,,57.97,
24,Horizon League Indoor Track & Field Championships,2022-02-26,60H,,7.92,
24,Horizon League Indoor Track & Field Championships,2022-02-26,60H,,7.99,
24,St. Valentines Open,2022-02-18,60H,,8.00,
24,St. Valentines Open,2022-02-18,60H,,8.02,
24,GVSU Big Meet-FRIDAY,2022-02-11,60H,,7.94,
24,GVSU Big Meet-FRIDAY,2022-02-11,60H,,8.04,
24,Red Hawk Invite,2022-02-05,200,,23.04,
24,Red Hawk Invite,2022-02-05,60H,,8.00,
24,Red Hawk Invite,2022-02-05,60H,,8.14,
24,John Tierney Classic,2022-01-29,60H,,8.01,
24,John Tierney Classic,2022-01-29,60H,,8.10,
24,John Tierney Classic,2022-01-29,4x400,,3:28.86,
24,Hawkeye Invite,2022-01-14,60H,,8.03,
24,Hawkeye Invite,2022-01-14,60H,,8.05,
24,John Kruchoski Open,2021-05-15,110H,,14.17,(2.8)
24,John Kruchoski Open,2021-05-15,110H,,14.16,(3.1)
24,Horizon League Outdoor Track & Field Championships,2021-05-07,110H,,14.37,(3.0)
24,Horizon League Outdoor Track & Field Championships,2021-05-07,400H,,55.35,
24,Horizon League Outdoor Track & Field Championships,2021-05-07,4x100,,42.27,
24,Horizon League Outdoor Track & Field Championships,2021-05-07,4x400,,3:33.95,
24,Valpo Invitational,2021-05-01,110H,,14.55,(1.2)
24,Clark Wood Invitational,2021-04-23,110H,,14.24,(0.6)
24,Clark Wood Invitational,2021-04-23,110H,,14.59,(-0.9)
24,Clark Wood Invitational,2021-04-23,400H,,56.77,
24,Gibson Invitational sponsored by the Terre Haute CVB,2021-04-16,110H,,14.11,(3.3)
24,Gibson Invitational sponsored by the Terre Haute CVB,2021-04-16,110H,,14.71,(-0.7)
24,Gibson Invitational sponsored by the Terre Haute CVB,2021-04-16,400H,,57.29,
24,Big Blue Classic,2021-04-09,110H,,14.31,(2.3)
24,Big Blue Classic,2021-04-09,400H,,57.22,
24,Big Blue Classic,2021-04-09,4x400,,3:35.50,
24,Illinois State Redbird Invitational,2021-04-02,110H,,14.30,(3.8)
24,Illinois State Redbird Invitational,2021-04-02,400H,,56.26,
24,Horizon League Indoor Track & Field Championships,2021-02-26,60H,,8.05,
24,Horizon League Indoor Track & Field Championships,2021-02-26,60H,,8.07,
24,UW-Parkside Triangular,2021-02-19,200,,23.94,
24,UW-Parkside Triangular,2021-02-19,55H,,7.54,
24,Panther Tune-Up,2021-02-14,60H,,8.20,
24,UW-Parkside Triangular,2021-02-05,200,,23.50,
24,UW-Parkside Triangular,2021-02-05,55H,,7.69,
24,John Tierney Classic,2021-01-23,60H,,8.16,
24,John Tierney Classic,2021-01-23,4x400,,3:30.83,
24,Horizon League Indoor Track & Field Championships,2020-02-29,60H,,8.09,
24,Horizon League Indoor Track & Field Championships,2020-02-29,60H,,8.12,
24,Horizon League Indoor Track & Field Championships,2020-02-29,4x400,,3:21.62,
24,Panther Tune-Up,2020-02-22,200,,23.03,
24,Panther Tune-Up,2020-02-22,60H,,8.22,
24,GVSU Big Meet (Saturday),2020-02-15,4x400,,3:23.42,
24,GVSU Big Meet Invite (Friday),2020-02-14,60H,,8.11,
24,GVSU Big Meet Invite (Friday),2020-02-14,60H,,8.22,
24,2020 Meyo Invitational,2020-02-07,60H,,8.31,
24,2020 Meyo Invitational,2020-02-07,60H,,8.28,
24,Illini Invitational,2020-01-24,60H,,8.18,
24,Illini Invitational,2020-01-24,60H,,8.22,
24,John Tierney Classic,2020-01-18,200,,23.40,
24,John Tierney Classic,2020-01-18,60H,,8.90,
24,Gene Edmonds Memorial,2020-01-10,60H,,8.31,
24,Gene Edmonds Memorial,2020-01-10,60H,,8.32,
24,Gene Edmonds Memorial,2020-01-10,4x400,,3:27.42,
24,Eagle Open at UW-La Crosse,2019-05-10,110H,,14.62,(1.1)
24,Eagle Open at UW-La Crosse,2019-05-10,110H,,14.57,(-0.1)
24,Horizon League Outdoor Track & Field Championships,2019-05-03,110H,,14.32,(1.7)
24,Horizon League Outdoor Track & Field Championships,2019-05-03,110H,,14.56,(1.5)
24,Horizon League Outdoor Track & Field Championships,2019-05-03,4x100,,42.41,
24,2019 Lenny Lyles-Clark Wood Invitational,2019-04-26,200,,22.23,(0.6)
24,2019 Lenny Lyles-Clark Wood Invitational,2019-04-26,110H,,14.47,(1.3)
24,2019 Lenny Lyles-Clark Wood Invitational,2019-04-26,110H,,14.65,(-2.1)
24,Kentucky Track & Field Invitational,2019-04-20,200,,22.45,(1.1)
24,Kentucky Track & Field Invitational,2019-04-20,110H,,14.98,(0.3)
24,Illinois Twilight,2019-04-13,200,,22.27,(3.2)
24,Illinois Twilight,2019-04-13,110H,,14.65,(1.4)
24,Jack Shaw Classic,2019-04-05,200,,22.46,(0.7)
24,Jack Shaw Classic,2019-04-05,110H,,14.69,(0.2)
24,Jack Shaw Classic,2019-04-05,4x100,,50.53,
24,2019 Drury Hotels Joey Haines Invite,2019-03-29,110H,,14.43,(2.8)
24,2019 Drury Hotels Joey Haines Invite,2019-03-29,4x100,,,
24,Horizon League Indoor Track & Field Championships,2019-02-23,200,,22.86,
24,Horizon League Indoor Track & Field Championships,2019-02-23,60H,,8.28,
24,Horizon League Indoor Track & Field Championships,2019-02-23,60H,,8.23,
24,Panther TuneUp,2019-02-16,200,,22.98,
24,Panther TuneUp,2019-02-16,60H,,8.27,
24,GVSU Big Meet (Saturday),2019-02-09,60H,,8.28,
24,GVSU Big Meet (Saturday),2019-02-09,60H,,8.31,
24,GVSU Big Meet (Friday),2019-02-08,60H,,8.22,
24,2019 Meyo Invitational,2019-02-01,60H,,8.51,
24,2019 Meyo Invitational,2019-02-01,60H,,8.37,
24,2019 Illini Invitational,2019-01-25,60H,,8.24,
24,2019 Illini Invitational,2019-01-25,60H,,8.31,
24,John Tierney Classic,2019-01-19,200,,23.01,
24,John Tierney Classic,2019-01-19,60H,,8.24,
24,Badger Icebreaker,2019-01-12,300,,36.48,
24,Badger Icebreaker,2019-01-12,60H,,8.20,
24,Badger Icebreaker,2019-01-12,60H,,8.28,
45,Carius/Gregory Invitational 2022,2022-05-12,100,,10.79,(0.6)
45,Carius/Gregory Invitational 2022,2022-05-12,100,,10.74,(1.2)
45,Horizon League Outdoor Track & Field Championships,2022-05-06,100,,10.73,(0.3)
45,Horizon League Outdoor Track & Field Championships,2022-05-06,100,,10.65,(0.1)
45,Horizon League Outdoor Track & Field Championships,2022-05-06,200,,22.07,(-0.2)
45,Horizon League Outdoor Track & Field Championships,2022-05-06,200,,21.44,(4.2)
45,Horizon League Outdoor Track & Field Championships,2022-05-06,4x100,,42.29,
45,Valparaiso Beacan Invite,2022-04-30,100,,10.68,(1.8)
45,Illini Invitational,2022-04-22,100,,10.45,(5.9)
45,Illini Invitational,2022-04-22,200,,21.39,(5.6)
45,2022 Warrior Invitational,2022-04-14,4x100,,42.34,
45,44 Farms Team Invitational,2022-04-08,100,,10.75,(2.6)
45,44 Farms Team Invitational,2022-04-08,200,,22.16,(1.2)
45,Redbird Invite,2022-04-01,100,,10.98,(-0.3)
45,Redbird Invite,2022-04-01,100,,10.72,(3.4)
45,Horizon League Indoor Track & Field Championships,2022-02-26,60,,6.96,
45,Horizon League Indoor Track & Field Championships,2022-02-26,60,,6.90,
45,Horizon League Indoor Track & Field Championships,2022-02-26,200,,21.96,
45,Horizon League Indoor Track & Field Championships,2022-02-26,200,,21.89,
45,St. Valentines Open,2022-02-18,200,,22.47,
45,John Tierney Classic,2022-01-29,60,,6.99,
45,John Gartland Invitational,2022-01-21,60,,6.91,
45,John Gartland Invitational,2022-01-21,60,,6.94,
45,Horizon League Outdoor Track & Field Championships,2021-05-07,100,,10.72,(2.3)
45,Horizon League Outdoor Track & Field Championships,2021-05-07,200,,22.11,
45,Horizon League Outdoor Track & Field Championships,2021-05-07,200,,21.83,(1.6)
45,Horizon League Outdoor Track & Field Championships,2021-05-07,4x100,,42.27,
45,Horizon League Outdoor Track & Field Championships,2021-05-07,4x400,,3:33.95,
45,Valpo Invitational,2021-05-01,100,,10.80,(1.2)
45,Valpo Invitational,2021-05-01,4x100,,42.77,
45,Clark Wood Invitational,2021-04-23,100,,10.94,(1.1)
45,Clark Wood Invitational,2021-04-23,200,,21.88,(1.9)
45,Gibson Invitational sponsored by the Terre Haute CVB,2021-04-16,100,,,(1.0)
45,Gibson Invitational sponsored by the Terre Haute CVB,2021-04-16,200,,22.04,(0.3)
45,Gibson Invitational sponsored by the Terre Haute CVB,2021-04-16,4x100,,,
45,Big Blue Classic,2021-04-09,100,,10.66,(2.5)
45,Big Blue Classic,2021-04-09,200,,,(0.5)
45,Big Blue Classic,2021-04-09,4x100,,42.54,
45,Big Blue Classic,2021-04-09,4x400,,3:25.93,
45,Illinois State Redbird Invitational,2021-04-02,100,,10.68,(2.8)
45,Illinois State Redbird Invitational,2021-04-02,200,,,(6.1)
45,Horizon League Indoor Track & Field Championships,2021-02-26,60,,6.85,
45,Horizon League Indoor Track & Field Championships,2021-02-26,60,,6.85,
45,Horizon League Indoor Track & Field Championships,2021-02-26,200,,22.14,
45,Horizon League Indoor Track & Field Championships,2021-02-26,200,,22.32,
45,Horizon League Indoor Track & Field Championships,2021-02-26,4x400,,3:24.93,
45,UW-Parkside Triangular,2021-02-19,55,,6.34,
45,Panther Tune-Up,2021-02-14,60,,6.89,
45,Panther Tune-Up,2021-02-14,60,,6.93,
45,Panther Tune-Up,2021-02-14,200,,22.27,
45,UW-Parkside Triangular,2021-02-05,55,,6.48,
45,UW-Parkside Triangular,2021-02-05,200,,22.34,
45,John Tierney Classic,2021-01-23,60,,6.85,
45,John Tierney Classic,2021-01-23,200,,22.29,
45,The Panther Invite,2021-01-09,60,,6.86,
45,The Panther Invite,2021-01-09,60,,6.86,
45,The Panther Invite,2021-01-09,200,,22.17,
45,Horizon League Indoor Track & Field Championships,2020-02-29,60,,6.92,
45,Horizon League Indoor Track & Field Championships,2020-02-29,60,,6.91,
45,Horizon League Indoor Track & Field Championships,2020-02-29,200,,22.17,
45,Horizon League Indoor Track & Field Championships,2020-02-29,200,,22.18,
45,Panther Tune-Up,2020-02-22,60,,6.88,
45,GVSU Big Meet Invite (Friday),2020-02-14,60,,6.91,
45,GVSU Big Meet Invite (Friday),2020-02-14,60,,6.93,
45,2020 Meyo Invitational,2020-02-07,60,,6.97,
45,2020 Meyo Invitational,2020-02-07,60,,6.90,
45,2020 ONU Invitational,2020-02-01,200,,23.18,
45,Illini Invitational,2020-01-24,60,,6.96,
45,Illini Invitational,2020-01-24,60,,6.98,
45,John Tierney Classic,2020-01-18,60,,6.94,
45,John Tierney Classic,2020-01-18,200,,22.82,
45,Gene Edmonds Memorial,2020-01-10,60,,7.05,
45,Gene Edmonds Memorial,2020-01-10,60,,7.02,
45,Gene Edmonds Memorial,2020-01-10,200,,23.07,
61,Horizon League Outdoor Track & Field Championships,2022-05-06,LJ,7.07,,(+0.0)
61,Horizon League Outdoor Track & Field Championships,2022-05-06,TJ,14.53,,(+0.0)
61,Illini Invitational,2022-04-22,LJ,7.23,,(4.1)
61,Illini Invitational,2022-04-22,TJ,14.72,,(5.3)
61,44 Farms Team Invitational,2022-04-08,LJ,6.89,,(4.5)
61,44 Farms Team Invitational,2022-04-08,TJ,14.42,,(1.8)
61,Redbird Invite,2022-04-01,TJ,14.5,,
61,Horizon League Indoor Track & Field Championships,2022-02-26,LJ,7.32,,
61,Horizon League Indoor Track & Field Championships,2022-02-26,TJ,14.95,,
61,2022 Hoosier Hills,2022-02-11,LJ,6.4,,
61,2022 Hoosier Hills,2022-02-11,TJ,14.48,,
61,John Tierney Classic,2022-01-29,LJ,7.25,,
61,John Tierney Classic,2022-01-29,TJ,14.66,,
61,John Gartland Invitational,2022-01-21,TJ,13.82,,
61,Hawkeye Invite,2022-01-14,LJ,7.24,,
61,Hawkeye Invite,2022-01-14,TJ,,,
61,John Kruchoski Open,2021-05-15,TJ,14.28,,(3.4)
61,Horizon League Outdoor Track & Field Championships,2021-05-07,LJ,7.17,,(2.0)
61,Horizon League Outdoor Track & Field Championships,2021-05-07,TJ,15.02,,
61,Gibson Invitational sponsored by the Terre Haute CVB,2021-04-16,LJ,6.76,,(+0.0)
61,Gibson Invitational sponsored by the Terre Haute CVB,2021-04-16,TJ,14.84,,(1.0)
61,Big Blue Classic,2021-04-09,TJ,14.97,,(2.0)
61,Horizon League Indoor Track & Field Championships,2021-02-26,LJ,6.84,,
61,Horizon League Indoor Track & Field Championships,2021-02-26,TJ,14.34,,
61,Panther Tune-Up,2021-02-14,TJ,14.85,,
61,John Tierney Classic,2021-01-23,LJ,7.09,,
61,John Tierney Classic,2021-01-23,TJ,14.66,,
61,The Panther Invite,2021-01-09,TJ,14.57,,
61,Horizon League Indoor Track & Field Championships,2020-02-29,TJ,14.11,,
61,Panther Tune-Up,2020-02-22,TJ,13.91,,
61,John Tierney Classic,2020-01-18,LJ,6.71,,
63,John Gartland Invitational,2022-01-21,PV,,,
63,Horizon League Outdoor Track & Field Championships,2021-05-07,PV,4.67,,
63,Valpo Invitational,2021-05-01,PV,4.5,,
63,Clark Wood Invitational,2021-04-23,PV,4.41,,
63,Gibson Invitational sponsored by the Terre Haute CVB,2021-04-16,PV,4.3,,
63,Big Blue Classic,2021-04-09,PV,,,
63,Horizon League Indoor Track & Field Championships,2021-02-26,PV,4.4,,
63,John Tierney Classic,2021-01-23,PV,4.6,,
63,Horizon League Indoor Track & Field Championships,2020-02-29,PV,4.7,,
63,Panther Tune-Up,2020-02-22,PV,4.73,,
63,GVSU Big Meet (Saturday),2020-02-15,PV,4.52,,
63,Gene Edmonds Memorial,2020-01-10,PV,,,
63,Horizon League Outdoor Track & Field Championships,2019-05-03,PV,4.65,,
63,2019 Lenny Lyles-Clark Wood Invitational,2019-04-26,PV,,,
63,Kentucky Track & Field Invitational,2019-04-20,PV,4.5,,
63,Illinois Twilight,2019-04-13,PV,4.4,,
63,Jack Shaw Classic,2019-04-05,PV,,,
63,Horizon League Indoor Track & Field Championships,2019-02-23,PV,4.55,,
63,Panther TuneUp,2019-02-16,PV,4.82,,
63,GVSU Big Meet (Saturday),2019-02-09,PV,4.41,,
63,2019 Meyo Invitational,2019-02-01,PV,4.6,,
63,2019 Illini Invitational,2019-01-25,PV,4.62,,
63,John Tierney Classic,2019-01-19,PV,4.5,,
63,Badger Icebreaker,2019-01-12,PV,4.3,,
63,Horizon League Outdoor Track & Field Championships,2018-05-04,PV,4.11,,
63,DePaul Invitational,2018-04-21,PV,4.35,,
63,Benedictine Relays and Invitational,2018-04-13,PV,4.0,,
63,Gibson Invitational,2018-04-06,PV,4.25,,
63,2018 EIU Big Blue Classic,2018-03-30,PV,4.3,,
63,SIU Bill Cornell Spring Classic,2018-03-23,PV,3.96,,
63,Horizon League Indoor Track & Field Championships,2018-02-23,PV,4.25,,
63,Panther TuneUp,2018-02-17,PV,4.27,,
63,GVSU Big Meet- Saturday,2018-02-10,PV,4.12,,
63,UW Parkside Classic,2018-02-03,PV,4.3,,
63,2018 Mark Messersmith Invitational,2018-01-27,PV,3.9,,
63,Karl Schlender Invitational,2018-01-13,PV,4.26,,
69,Horizon League Indoor Track & Field Championships,2020-02-29,400,,49.60,
69,Horizon League Indoor Track & Field Championships,2020-02-29,400,,49.98,
69,Horizon League Indoor Track & Field Championships,2020-02-29,4x400,,3:21.62,
69,Panther Tune-Up,2020-02-22,200,,23.35,
69,GVSU Big Meet (Saturday),2020-02-15,200,,22.85,
69,GVSU Big Meet (Saturday),2020-02-15,400,,50.08,
69,2020 ONU Invitational,2020-02-01,400,,50.74,
69,Illini Invitational,2020-01-24,400,,51.97,
69,John Tierney Classic,2020-01-18,400,,52.59,
69,Gene Edmonds Memorial,2020-01-10,200,,23.41,
69,Gene Edmonds Memorial,2020-01-10,4x400,,3:27.42,
78,Horizon League Outdoor Track & Field Championships,2022-05-06,400H,,53.62,
78,Horizon League Outdoor Track & Field Championships,2022-05-06,400H,,55.49,
78,Horizon League Outdoor Track & Field Championships,2022-05-06,4x400,,3:16.87,
78,Illini Invitational,2022-04-22,400H,,53.97,
78,Marquette Invitational,2022-04-10,400H,,57.15,
78,Marquette Invitational,2022-04-10,4x400,,3:37.99,
78,Redbird Invite,2022-04-01,400H,,57.26,
78,Horizon League Indoor Track & Field Championships,2022-02-26,400,,,
78,Horizon League Indoor Track & Field Championships,2022-02-26,4x400,,3:18.74,
78,GVSU Big Meet-FRIDAY,2022-02-11,400,,50.10,
78,GVSU Big Meet-FRIDAY,2022-02-11,4x400,,3:22.56,
78,Red Hawk Invite,2022-02-05,400,,51.61,
78,John Tierney Classic,2022-01-29,4x400,,3:28.86,
78,Horizon League Outdoor Track & Field Championships,2021-05-07,400H,,57.45,
78,Big Blue Classic,2021-04-09,200,,,(1.0)
78,Big Blue Classic,2021-04-09,400H,,56.18,
78,Big Blue Classic,2021-04-09,4x400,,3:25.93,
78,Illinois State Redbird Invitational,2021-04-02,400H,,56.51,
78,Illinois State Redbird Invitational,2021-04-02,4x400,,,
78,Horizon League Indoor Track & Field Championships,2021-02-26,400,,51.20,
78,Horizon League Indoor Track & Field Championships,2021-02-26,400,,51.80,
78,Horizon League Indoor Track & Field Championships,2021-02-26,4x400,,3:24.93,
78,UW-Parkside Triangular,2021-02-19,400,,52.74,
78,Panther Tune-Up,2021-02-14,4x400,,3:31.48,
97,Horizon League Outdoor Track & Field Championships,2022-05-06,400,,50.33,
97,Horizon League Outdoor Track & Field Championships,2022-05-06,400,,50.20,
97,Horizon League Outdoor Track & Field Championships,2022-05-06,4x100,,42.29,
97,Horizon League Outdoor Track & Field Championships,2022-05-06,4x400,,3:16.87,
97,Valparaiso Beacan Invite,2022-04-30,200,,22.33,(2.0)
97,Valparaiso Beacan Invite,2022-04-30,400,,50.77,
97,Illini Invitational,2022-04-22,400,,50.41,
97,2022 Warrior Invitational,2022-04-14,200,,22.51,(3.6)
97,Marquette Invitational,2022-04-10,200,,22.68,(2.7)
97,Marquette Invitational,2022-04-10,4x400,,3:37.99,
97,Redbird Invite,2022-04-01,400,,51.52,
97,Horizon League Indoor Track & Field Championships,2022-02-26,400,,49.79,
97,Horizon League Indoor Track & Field Championships,2022-02-26,4x400,,3:18.74,
97,Horizon League Indoor Track & Field Championships,2022-02-26,DMR,,10:35.93,
97,GVSU Big Meet-FRIDAY,2022-02-11,400,,50.15,
97,GVSU Big Meet-FRIDAY,2022-02-11,4x400,,3:22.56,
97,Red Hawk Invite,2022-02-05,4x400,,3:24.83,
97,John Gartland Invitational,2022-01-21,400,,51.17,
97,Hawkeye Invite,2022-01-14,400,,51.49,
97,Horizon League Outdoor Track & Field Championships,2021-05-07,400,,51.73,
97,Valpo Invitational,2021-05-01,4x100,,42.77,
97,Clark Wood Invitational,2021-04-23,400,,50.85,
97,Gibson Invitational sponsored by the Terre Haute CVB,2021-04-16,200,,22.91,(-2.0)
97,Gibson Invitational sponsored by the Terre Haute CVB,2021-04-16,400,,50.31,
97,Gibson Invitational sponsored by the Terre Haute CVB,2021-04-16,4x100,,,
97,Big Blue Classic,2021-04-09,100,,11.36,(1.1)
97,Big Blue Classic,2021-04-09,400,,50.52,
97,Big Blue Classic,2021-04-09,4x400,,3:25.93,
97,Illinois State Redbird Invitational,2021-04-02,200,,22.73,(6.0)
97,Illinois State Redbird Invitational,2021-04-02,4x400,,,
97,Horizon League Indoor Track & Field Championships,2021-02-26,400,,52.43,
97,Horizon League Indoor Track & Field Championships,2021-02-26,4x400,,3:24.93,
97,Panther Tune-Up,2021-02-14,400,,52.29,
97,Panther Tune-Up,2021-02-14,4x400,,3:31.48,
97,UW-Parkside Triangular,2021-02-05,400,,51.63,
97,John Tierney Classic,2021-01-23,4x400,,3:30.83,
97,The Panther Invite,2021-01-09,4x400,,3:36.24,
97,Horizon League Indoor Track & Field Championships,2020-02-29,200,,22.43,
97,Horizon League Indoor Track & Field Championships,2020-02-29,400,,49.48,
97,Horizon League Indoor Track & Field Championships,2020-02-29,400,,49.67,
97,Horizon League Indoor Track & Field Championships,2020-02-29,4x400,,3:21.62,
97,Panther Tune-Up,2020-02-22,60,,7.05,
97,Panther Tune-Up,2020-02-22,200,,22.80,
97,GVSU Big Meet (Saturday),2020-02-15,200,,22.58,
97,GVSU Big Meet Invite (Friday),2020-02-14,400,,50.31,
97,2020 ONU Invitational,2020-02-01,400,,50.53,
97,Gene Edmonds Memorial,2020-01-10,200,,23.14,
97,Gene Edmonds Memorial,2020-01-10,4x400,,3:27.42,
97,Jack Shaw Classic,2019-04-05,400,,,
97,Jack Shaw Classic,2019-04-05,4x100,,50.53,
97,Jack Shaw Classic,2019-04-05,4x400,,3:29.91,
97,2019 Drury Hotels Joey Haines Invite,2019-03-29,400,,53.12,
97,2019 Drury Hotels Joey Haines Invite,2019-03-29,4x100,,,
97,Horizon League Indoor Track & Field Championships,2019-02-23,400,,50.79,
97,Horizon League Indoor Track & Field Championships,2019-02-23,4x400,,3:20.34,
97,Panther TuneUp,2019-02-16,60,,7.19,
97,GVSU Big Meet (Saturday),2019-02-09,200,,22.96,
97,GVSU Big Meet (Friday),2019-02-08,400,,50.07,
97,2019 Meyo Invitational,2019-02-01,200,,22.81,
97,2019 Meyo Invitational,2019-02-01,400,,49.71,
97,2019 Illini Invitational,2019-01-25,200,,23.07,
97,2019 Illini Invitational,2019-01-25,400,,51.34,
97,John Tierney Classic,2019-01-19,400,,50.84,
97,John Tierney Classic,2019-01-19,4x400,,3:26.77,
103,Horizon League Indoor Track & Field Championships,2022-02-26,60H,,8.35,
103,Horizon League Indoor Track & Field Championships,2022-02-26,60H,,8.32,
103,St. Valentines Open,2022-02-18,60H,,8.42,
103,St. Valentines Open,2022-02-18,60H,,8.46,
103,GVSU Big Meet-FRIDAY,2022-02-11,60H,,8.68,
103,Red Hawk Invite,2022-02-05,60H,,8.69,
103,Red Hawk Invite,2022-02-05,60H,,8.43,
103,John Tierney Classic,2022-01-29,60H,,8.48,
103,John Tierney Classic,2022-01-29,60H,,8.57,
103,Horizon League Outdoor Track & Field Championships,2021-05-07,110H,,15.17,(3.0)
103,Horizon League Outdoor Track & Field Championships,2021-05-07,400H,,56.14,
103,Valpo Invitational,2021-05-01,110H,,15.11,(1.2)
103,Clark Wood Invitational,2021-04-23,110H,,15.43,(0.6)
103,Clark Wood Invitational,2021-04-23,110H,,15.48,(-0.9)
103,Clark Wood Invitational,2021-04-23,400H,,58.25,
103,Gibson Invitational sponsored by the Terre Haute CVB,2021-04-16,110H,,14.91,(3.3)
103,Gibson Invitational sponsored by the Terre Haute CVB,2021-04-16,110H,,15.16,(-0.7)
103,Big Blue Classic,2021-04-09,110H,,14.98,(2.3)
103,Big Blue Classic,2021-04-09,400H,,57.01,
103,Big Blue Classic,2021-04-09,4x400,,3:35.50,
103,Illinois State Redbird Invitational,2021-04-02,110H,,14.70,(3.8)
103,Illinois State Redbird Invitational,2021-04-02,400H,,,
103,Horizon League Indoor Track & Field Championships,2021-02-26,60H,,8.83,
103,UW-Parkside Triangular,2021-02-19,55H,,7.64,
103,Panther Tune-Up,2021-02-14,60H,,8.33,
103,UW-Parkside Triangular,2021-02-05,55H,,7.72,
103,John Tierney Classic,2021-01-23,200,,23.84,
103,John Tierney Classic,2021-01-23,60H,,8.32,
103,The Panther Invite,2021-01-09,60H,,8.91,
103,The Panther Invite,2021-01-09,4x400,,3:36.24,
21,Panther Tune-Up,2020-02-22,200,,23.06,
21,Panther Tune-Up,2020-02-22,400,,53.16,
21,GVSU Big Meet (Saturday),2020-02-15,400,,51.62,
21,GVSU Big Meet (Saturday),2020-02-15,4x400,,3:23.42,
21,Horizon League Outdoor Track & Field Championships,2019-05-03,200,,22.80,(2.0)
21,Horizon League Outdoor Track & Field Championships,2019-05-03,4x100,,42.41,
21,Horizon League Outdoor Track & Field Championships,2019-05-03,4x400,,3:22.03,
21,2019 Lenny Lyles-Clark Wood Invitational,2019-04-26,200,,22.74,(0.5)
21,2019 Lenny Lyles-Clark Wood Invitational,2019-04-26,400,,52.47,
21,Marquette Mid-Week Challenge,2019-04-24,100,,11.25,(2.5)
21,Kentucky Track & Field Invitational,2019-04-20,200,,23.16,(0.7)
21,Kentucky Track & Field Invitational,2019-04-20,400,,51.61,
21,Illinois Twilight,2019-04-13,200,,22.44,(3.2)
21,Illinois Twilight,2019-04-13,400,,52.18,
21,Jack Shaw Classic,2019-04-05,200,,22.57,(0.7)
21,Jack Shaw Classic,2019-04-05,4x400,,3:29.91,
21,2019 Drury Hotels Joey Haines Invite,2019-03-29,400,,54.13,
21,Horizon League Indoor Track & Field Championships,2019-02-23,400,,50.92,
21,Horizon League Indoor Track & Field Championships,2019-02-23,4x400,,3:20.34,
21,Horizon League Indoor Track & Field Championships,2019-02-23,DMR,,10:30.91,
21,Panther TuneUp,2019-02-16,400,,52.16,
21,GVSU Big Meet (Saturday),2019-02-09,200,,23.03,
21,GVSU Big Meet (Saturday),2019-02-09,400,,51.44,
21,2019 Illini Invitational,2019-01-25,200,,23.34,
21,2019 Illini Invitational,2019-01-25,400,,53.25,
21,John Tierney Classic,2019-01-19,200,,23.47,
21,John Tierney Classic,2019-01-19,400,,52.16,
21,Badger Icebreaker,2019-01-12,60,,7.23,
21,Badger Icebreaker,2019-01-12,60,,7.28,
21,Badger Icebreaker,2019-01-12,300,,36.83,
23,Horizon League Outdoor Track & Field Championships,2021-05-07,HJ,1.89,,
23,Horizon League Outdoor Track & Field Championships,2021-05-07,JT,47.76,,
23,Horizon League Outdoor Track & Field Championships,2021-05-07,Dec,,5513,
23,Horizon League Outdoor Track & Field Championships,2021-05-07,100,,12.07,(2.2)
23,Horizon League Outdoor Track & Field Championships,2021-05-07,LJ,6.02,,(1.9)
23,Horizon League Outdoor Track & Field Championships,2021-05-07,SP,10.92,,
23,Horizon League Outdoor Track & Field Championships,2021-05-07,HJ,1.88,,
23,Horizon League Outdoor Track & Field Championships,2021-05-07,400,,54.54,
23,Horizon League Outdoor Track & Field Championships,2021-05-07,110H,,16.30,(2.7)
23,Horizon League Outdoor Track & Field Championships,2021-05-07,DT,34.51,,
23,Horizon League Outdoor Track & Field Championships,2021-05-07,PV,3.0,,
23,Horizon League Outdoor Track & Field Championships,2021-05-07,JT,47.36,,
23,Horizon League Outdoor Track & Field Championships,2021-05-07,1500,,5:58.25,
23,Valpo Invitational,2021-05-01,110H,,16.51,(1.2)
23,Valpo Invitational,2021-05-01,LJ,5.85,,(0.2)
23,Valpo Invitational,2021-05-01,JT,45.52,,
23,Clark Wood Invitational,2021-04-23,HJ,1.89,,
23,Clark Wood Invitational,2021-04-23,DT,29.86,,
23,Clark Wood Invitational,2021-04-23,JT,46.7,,
23,Gibson Invitational Heptathlon & Decathlon,2021-04-15,Dec,,5656,
23,Gibson Invitational Heptathlon & Decathlon,2021-04-15,100,,11.96,(3.4)
23,Gibson Invitational Heptathlon & Decathlon,2021-04-15,LJ,5.77,,(+0.0)
23,Gibson Invitational Heptathlon & Decathlon,2021-04-15,SP,11.95,,
23,Gibson Invitational Heptathlon & Decathlon,2021-04-15,HJ,1.84,,
23,Gibson Invitational Heptathlon & Decathlon,2021-04-15,400,,53.63,
23,Gibson Invitational Heptathlon & Decathlon,2021-04-15,110H,,16.38,(0.2)
23,Gibson Invitational Heptathlon & Decathlon,2021-04-15,DT,34.16,,
23,Gibson Invitational Heptathlon & Decathlon,2021-04-15,PV,2.92,,
23,Gibson Invitational Heptathlon & Decathlon,2021-04-15,JT,48.29,,
23,Gibson Invitational Heptathlon & Decathlon,2021-04-15,1500,,5:29.56,
23,Big Blue Classic,2021-04-09,110H,,,(2.6)
23,Big Blue Classic,2021-04-09,HJ,,,
23,Big Blue Classic,2021-04-09,JT,,,
23,Illinois State Redbird Invitational,2021-04-02,110H,,18.75,(2.2)
23,Illinois State Redbird Invitational,2021-04-02,LJ,5.63,,(2.1)
23,Illinois State Redbird Invitational,2021-04-02,JT,44.1,,
23,Horizon League Indoor Track & Field Championships,2021-02-26,HJ,1.86,,
23,Horizon League Indoor Track & Field Championships,2021-02-26,Hep,,4071,
23,Horizon League Indoor Track & Field Championships,2021-02-26,60,,7.75,
23,Horizon League Indoor Track & Field Championships,2021-02-26,LJ,6.07,,
23,Horizon League Indoor Track & Field Championships,2021-02-26,SP,11.32,,
23,Horizon League Indoor Track & Field Championships,2021-02-26,HJ,1.83,,
23,Horizon League Indoor Track & Field Championships,2021-02-26,60H,,9.10,
23,Horizon League Indoor Track & Field Championships,2021-02-26,PV,2.75,,
23,Horizon League Indoor Track & Field Championships,2021-02-26,1000,,3:07.29,
23,UW-Parkside Triangular,2021-02-19,55H,,8.44,
23,UW-Parkside Triangular,2021-02-19,HJ,1.8,,
23,UW-Parkside Triangular,2021-02-19,PV,,,
23,UW-Parkside Triangular,2021-02-19,SP,10.43,,
23,Panther Tune-Up,2021-02-14,60H,,9.05,
23,Panther Tune-Up,2021-02-14,LJ,5.99,,
23,UW-Parkside Triangular,2021-02-05,55H,,8.64,
23,UW-Parkside Triangular,2021-02-05,HJ,1.83,,
23,UW-Parkside Triangular,2021-02-05,SP,11.82,,
23,John Tierney Classic,2021-01-23,60H,,,
23,John Tierney Classic,2021-01-23,LJ,5.92,,
23,John Tierney Classic,2021-01-23,SP,11.3,,
23,Horizon League Outdoor Track & Field Championships,2019-05-03,110H,,15.77,(1.7)
23,Horizon League Outdoor Track & Field Championships,2019-05-03,110H,,15.76,(1.5)
23,Horizon League Outdoor Track & Field Championships,2019-05-03,HJ,1.88,,
23,Horizon League Outdoor Track & Field Championships,2019-05-03,JT,52.75,,
23,Horizon League Outdoor Track & Field Championships,2019-05-03,Dec,,5834,
23,Horizon League Outdoor Track & Field Championships,2019-05-03,100,,11.97,(-0.9)
23,Horizon League Outdoor Track & Field Championships,2019-05-03,LJ,6.18,,(+0.0)
23,Horizon League Outdoor Track & Field Championships,2019-05-03,SP,12.17,,
23,Horizon League Outdoor Track & Field Championships,2019-05-03,HJ,1.92,,
23,Horizon League Outdoor Track & Field Championships,2019-05-03,400,,53.15,
23,Horizon League Outdoor Track & Field Championships,2019-05-03,110H,,15.98,(1.1)
23,Horizon League Outdoor Track & Field Championships,2019-05-03,DT,32.68,,
23,Horizon League Outdoor Track & Field Championships,2019-05-03,PV,2.2,,
23,Horizon League Outdoor Track & Field Championships,2019-05-03,JT,52.3,,
23,Horizon League Outdoor Track & Field Championships,2019-05-03,1500,,5:15.43,
23,2019 Lenny Lyles-Clark Wood Invitational,2019-04-26,110H,,15.78,(2.3)
23,2019 Lenny Lyles-Clark Wood Invitational,2019-04-26,HJ,1.96,,
23,2019 Lenny Lyles-Clark Wood Invitational,2019-04-26,JT,49.53,,
23,Kentucky Track & Field Invitational,2019-04-20,110H,,16.03,(1.2)
23,Kentucky Track & Field Invitational,2019-04-20,HJ,1.93,,
23,Illinois Twilight,2019-04-13,110H,,15.79,(1.5)
23,Illinois Twilight,2019-04-13,HJ,1.9,,
23,Illinois Twilight,2019-04-13,JT,41.82,,
23,Jack Shaw Classic,2019-04-05,110H,,16.61,(0.2)
23,Jack Shaw Classic,2019-04-05,LJ,5.87,,(1.4)
23,Jack Shaw Classic,2019-04-05,JT,46.8,,
23,2019 Drury Hotels Joey Haines Invite,2019-03-29,110H,,17.84,(3.0)
23,2019 Drury Hotels Joey Haines Invite,2019-03-29,HJ,,,
23,2019 Drury Hotels Joey Haines Invite,2019-03-29,SP,11.83,,
23,Horizon League Indoor Track & Field Championships,2019-02-23,HJ,1.91,,
23,Horizon League Indoor Track & Field Championships,2019-02-23,Hep,,4296,
23,Horizon League Indoor Track & Field Championships,2019-02-23,60,,7.74,
23,Horizon League Indoor Track & Field Championships,2019-02-23,LJ,5.95,,
23,Horizon League Indoor Track & Field Championships,2019-02-23,SP,12.51,,
23,Horizon League Indoor Track & Field Championships,2019-02-23,HJ,1.9,,
23,Horizon League Indoor Track & Field Championships,2019-02-23,60H,,8.96,
23,Horizon League Indoor Track & Field Championships,2019-02-23,PV,3.05,,
23,Horizon League Indoor Track & Field Championships,2019-02-23,1000,,3:05.83,
23,Panther TuneUp,2019-02-16,60H,,8.90,
23,Panther TuneUp,2019-02-16,PV,2.42,,
23,Panther TuneUp,2019-02-16,SP,11.77,,
23,GVSU Big Meet (Saturday),2019-02-09,60H,,9.19,
23,GVSU Big Meet (Saturday),2019-02-09,HJ,,,
23,GVSU Big Meet (Saturday),2019-02-09,LJ,5.63,,
23,2019 Meyo Invitational,2019-02-01,HJ,,,
23,2019 Illini Invitational,2019-01-25,Hep,,3614,
23,2019 Illini Invitational,2019-01-25,60,,7.82,
23,2019 Illini Invitational,2019-01-25,LJ,5.55,,
23,2019 Illini Invitational,2019-01-25,SP,11.26,,
23,2019 Illini Invitational,2019-01-25,HJ,1.88,,
23,2019 Illini Invitational,2019-01-25,60H,,9.31,
23,2019 Illini Invitational,2019-01-25,PV,,,
23,2019 Illini Invitational,2019-01-25,1000,,3:09.74,
23,Horizon League Outdoor Track & Field Championships,2018-05-04,HJ,1.87,,
23,Horizon League Outdoor Track & Field Championships,2018-05-04,JT,46.14,,
23,Horizon League Outdoor Track & Field Championships,2018-05-04,Dec,,5371,
23,Horizon League Outdoor Track & Field Championships,2018-05-04,100,,11.95,(4.4)
23,Horizon League Outdoor Track & Field Championships,2018-05-04,LJ,5.95,,(5.6)
23,Horizon League Outdoor Track & Field Championships,2018-05-04,SP,10.9,,
23,Horizon League Outdoor Track & Field Championships,2018-05-04,HJ,1.9,,
23,Horizon League Outdoor Track & Field Championships,2018-05-04,400,,55.97,
23,Horizon League Outdoor Track & Field Championships,2018-05-04,110H,,16.30,(1.2)
23,Horizon League Outdoor Track & Field Championships,2018-05-04,DT,24.95,,
23,Horizon League Outdoor Track & Field Championships,2018-05-04,PV,2.8,,
23,Horizon League Outdoor Track & Field Championships,2018-05-04,JT,46.21,,
23,Horizon League Outdoor Track & Field Championships,2018-05-04,1500,,5:27.29,
23,UW-Whitewater Drake Alternative,2018-04-28,110H,,15.77,(2.6)
23,UW-Whitewater Drake Alternative,2018-04-28,PV,,,
23,UW-Whitewater Drake Alternative,2018-04-28,LJ,5.9,,(3.0)
23,DePaul Invitational,2018-04-21,110H,,16.35,(1.2)
23,DePaul Invitational,2018-04-21,HJ,1.85,,
23,DePaul Invitational,2018-04-21,JT,45.32,,
23,Benedictine Relays and Invitational,2018-04-13,110H,,16.01,(2.1)
23,Benedictine Relays and Invitational,2018-04-13,LJ,6.14,,(2.7)
23,Gibson Invitational,2018-04-06,HJ,1.9,,
23,2018 EIU Big Blue Classic,2018-03-30,110H,,16.20,(1.1)
23,2018 EIU Big Blue Classic,2018-03-30,110H,,16.74,(3.1)
23,2018 EIU Big Blue Classic,2018-03-30,HJ,,,
23,2018 EIU Big Blue Classic,2018-03-30,JT,46.2,,
23,SIU Bill Cornell Spring Classic,2018-03-23,110H,,16.04,(2.2)
23,SIU Bill Cornell Spring Classic,2018-03-23,HJ,,,
23,SIU Bill Cornell Spring Classic,2018-03-23,JT,40.19,,
23,Horizon League Indoor Track & Field Championships,2018-02-23,HJ,1.94,,
23,Horizon League Indoor Track & Field Championships,2018-02-23,Hep,,4158,
23,Horizon League Indoor Track & Field Championships,2018-02-23,60,,7.82,
23,Horizon League Indoor Track & Field Championships,2018-02-23,LJ,5.8,,
23,Horizon League Indoor Track & Field Championships,2018-02-23,SP,10.95,,
23,Horizon League Indoor Track & Field Championships,2018-02-23,HJ,1.85,,
23,Horizon League Indoor Track & Field Championships,2018-02-23,60H,,8.84,
23,Horizon League Indoor Track & Field Championships,2018-02-23,PV,2.84,,
23,Horizon League Indoor Track & Field Championships,2018-02-23,1000,,2:57.61,
23,Panther TuneUp,2018-02-17,HJ,1.83,,
23,Panther TuneUp,2018-02-17,PV,2.77,,
23,Panther TuneUp,2018-02-17,SP,10.58,,
23,GVSU Big Meet- Saturday,2018-02-10,60H,,9.10,
23,GVSU Big Meet- Saturday,2018-02-10,HJ,,,
23,UW Parkside Classic,2018-02-03,55H,,8.52,
23,UW Parkside Classic,2018-02-03,PV,2.95,,
23,UW Parkside Classic,2018-02-03,SP,11.16,,
23,2018 Mark Messersmith Invitational,2018-01-27,HJ,,,
23,2018 Mark Messersmith Invitational,2018-01-27,LJ,5.6,,
23,John Tierney Classic,2018-01-20,60H,,9.03,
23,John Tierney Classic,2018-01-20,PV,2.5,,
23,John Tierney Classic,2018-01-20,LJ,5.59,,
23,Karl Schlender Invitational,2018-01-13,60H,,9.12,
23,Karl Schlender Invitational,2018-01-13,HJ,1.8,,
23,Horizon League Outdoor Track & Field Championships,2017-05-05,HJ,,,
23,Horizon League Outdoor Track & Field Championships,2017-05-05,JT,43.76,,
23,Horizon League Outdoor Track & Field Championships,2017-05-05,Dec,,5317,
23,Horizon League Outdoor Track & Field Championships,2017-05-05,100,,12.06,(-1.3)
23,Horizon League Outdoor Track & Field Championships,2017-05-05,LJ,5.63,,(0.2)
23,Horizon League Outdoor Track & Field Championships,2017-05-05,SP,10.05,,
23,Horizon League Outdoor Track & Field Championships,2017-05-05,HJ,1.8,,
23,Horizon League Outdoor Track & Field Championships,2017-05-05,400,,53.41,
23,Horizon League Outdoor Track & Field Championships,2017-05-05,110H,,16.01,(1.4)
23,Horizon League Outdoor Track & Field Championships,2017-05-05,DT,27.53,,
23,Horizon League Outdoor Track & Field Championships,2017-05-05,PV,2.85,,
23,Horizon League Outdoor Track & Field Championships,2017-05-05,JT,45.01,,
23,Horizon League Outdoor Track & Field Championships,2017-05-05,1500,,5:28.63,
23,UW-Whitewater Drake Alternative Meet,2017-04-29,110H,,15.78,(2.2)
23,UW-Whitewater Drake Alternative Meet,2017-04-29,110H,,16.03,(2.5)
23,UW-Whitewater Drake Alternative Meet,2017-04-29,DT,23.03,,
23,Benedictine Eagle Relays 2017,2017-04-14,110H,,16.54,(3.0)
23,Benedictine Eagle Relays 2017,2017-04-14,HJ,1.85,,
23,Benedictine Eagle Relays 2017,2017-04-14,JT,48.85,,
23,Marquette Duals,2017-04-07,110H,,16.91,(+0.0)
23,Marquette Duals,2017-04-07,400H,,1:01.63,
23,Marquette Duals,2017-04-07,HJ,1.86,,
23,EIU Big Blue Classic 2017,2017-03-31,HJ,1.78,,
23,EIU Big Blue Classic 2017,2017-03-31,JT,42.85,,
23,Gene and Rose Edmonds Invitational,2017-03-25,100,,12.39,(1.9)
23,Gene and Rose Edmonds Invitational,2017-03-25,HJ,,,
23,Horizon League Indoor Track & Field Championships,2017-02-25,Hep,,3749,
23,Horizon League Indoor Track & Field Championships,2017-02-25,60,,7.82,
23,Horizon League Indoor Track & Field Championships,2017-02-25,LJ,5.57,,
23,Horizon League Indoor Track & Field Championships,2017-02-25,SP,9.7,,
23,Horizon League Indoor Track & Field Championships,2017-02-25,HJ,1.77,,
23,Horizon League Indoor Track & Field Championships,2017-02-25,60H,,9.25,
23,Horizon League Indoor Track & Field Championships,2017-02-25,PV,2.55,,
23,Horizon League Indoor Track & Field Championships,2017-02-25,1000,,3:04.02,
23,Panther TuneUp,2017-02-18,PV,2.51,,
23,Panther TuneUp,2017-02-18,SP,9.25,,
23,GVSU Big Meet (Saturday),2017-02-11,60,,7.78,
23,GVSU Big Meet (Saturday),2017-02-11,60H,,9.28,
23,GVSU Big Meet (Saturday),2017-02-11,HJ,,,
23,UW Parkside Classic,2017-02-04,55H,,8.75,
23,UW Parkside Classic,2017-02-04,55H,,8.58,
23,UW Parkside Classic,2017-02-04,LJ,5.62,,
23,UW Parkside Classic,2017-02-04,SP,10.18,,
23,2017 Mark Messersmith Invitational,2017-01-28,HJ,1.86,,
23,John Tierney Classic,2017-01-21,60H,,9.01,
23,John Tierney Classic,2017-01-21,HJ,1.85,,
23,Karl Schlender Invitational,2017-01-14,HJ,1.8,,
42,Horizon League Outdoor Track & Field Championships,2021-05-07,LJ,6.59,,(1.3)
42,Horizon League Outdoor Track & Field Championships,2021-05-07,TJ,13.96,,
42,Valpo Invitational,2021-05-01,TJ,13.46,,(2.3)
42,Clark Wood Invitational,2021-04-23,LJ,6.44,,(2.4)
42,Clark Wood Invitational,2021-04-23,TJ,12.82,,(0.5)
42,Gibson Invitational sponsored by the Terre Haute CVB,2021-04-16,LJ,6.38,,(+0.0)
42,Gibson Invitational sponsored by the Terre Haute CVB,2021-04-16,TJ,13.64,,(+0.0)
42,Big Blue Classic,2021-04-09,TJ,13.57,,(3.1)
42,Horizon League Indoor Track & Field Championships,2021-02-26,LJ,6.38,,
42,Horizon League Indoor Track & Field Championships,2021-02-26,TJ,13.36,,
42,Panther Tune-Up,2021-02-14,LJ,,,
42,Panther Tune-Up,2021-02-14,TJ,,,
42,UW-Parkside Triangular,2021-02-05,LJ,6.24,,
42,UW-Parkside Triangular,2021-02-05,TJ,13.33,,
42,John Tierney Classic,2021-01-23,TJ,13.37,,
42,Horizon League Indoor Track & Field Championships,2020-02-29,LJ,6.31,,
42,Horizon League Indoor Track & Field Championships,2020-02-29,TJ,13.87,,
42,Panther Tune-Up,2020-02-22,TJ,,,
42,GVSU Big Meet (Saturday),2020-02-15,LJ,6.22,,
42,GVSU Big Meet Invite (Friday),2020-02-14,TJ,13.46,,
42,2020 Meyo Invitational,2020-02-07,TJ,13.86,,(+0.0)
42,2020 ONU Invitational,2020-02-01,LJ,6.22,,
42,Illini Invitational,2020-01-24,LJ,6.23,,
42,John Tierney Classic,2020-01-18,TJ,13.24,,
42,Gene Edmonds Memorial,2020-01-10,LJ,6.01,,
42,Gene Edmonds Memorial,2020-01-10,TJ,13.47,,
42,Horizon League Outdoor Track & Field Championships,2019-05-03,LJ,,,
42,Horizon League Outdoor Track & Field Championships,2019-05-03,TJ,13.65,,(1.6)
42,2019 Lenny Lyles-Clark Wood Invitational,2019-04-26,LJ,6.82,,(0.7)
42,Kentucky Track & Field Invitational,2019-04-20,LJ,6.4,,(-0.5)
42,Kentucky Track & Field Invitational,2019-04-20,TJ,13.28,,(0.8)
42,Illinois Twilight,2019-04-13,TJ,13.91,,(0.8)
42,Jack Shaw Classic,2019-04-05,LJ,6.55,,(0.7)
42,Jack Shaw Classic,2019-04-05,TJ,13.57,,(0.8)
42,2019 Drury Hotels Joey Haines Invite,2019-03-29,LJ,6.64,,(0.7)
42,Horizon League Indoor Track & Field Championships,2019-02-23,LJ,6.75,,
42,Horizon League Indoor Track & Field Championships,2019-02-23,TJ,14.08,,
42,Panther TuneUp,2019-02-16,LJ,6.68,,
42,GVSU Big Meet (Saturday),2019-02-09,LJ,6.66,,
42,GVSU Big Meet (Friday),2019-02-08,TJ,13.8,,
42,2019 Meyo Invitational,2019-02-01,TJ,14.11,,(+0.0)
42,2019 Illini Invitational,2019-01-25,TJ,13.43,,
42,John Tierney Classic,2019-01-19,LJ,6.22,,
42,John Tierney Classic,2019-01-19,TJ,13.76,,
42,Badger Icebreaker,2019-01-12,TJ,13.6,,
42,Horizon League Outdoor Track & Field Championships,2018-05-04,LJ,6.55,,(1.8)
42,Horizon League Outdoor Track & Field Championships,2018-05-04,TJ,13.9,,(2.3)
42,UW-Whitewater Drake Alternative,2018-04-28,LJ,6.51,,(2.2)
42,UW-Whitewater Drake Alternative,2018-04-28,TJ,13.35,,(1.7)
42,DePaul Invitational,2018-04-21,TJ,,,
42,Benedictine Relays and Invitational,2018-04-13,LJ,6.07,,(4.0)
42,Gibson Invitational,2018-04-06,TJ,13.34,,(0.6)
42,2018 EIU Big Blue Classic,2018-03-30,LJ,6.06,,(+0.0)
42,2018 EIU Big Blue Classic,2018-03-30,TJ,13.27,,(2.7)
42,SIU Bill Cornell Spring Classic,2018-03-23,LJ,5.88,,(-0.2)
42,SIU Bill Cornell Spring Classic,2018-03-23,TJ,13.24,,(2.5)
42,Horizon League Indoor Track & Field Championships,2018-02-23,LJ,6.28,,
42,Horizon League Indoor Track & Field Championships,2018-02-23,TJ,13.16,,
42,Panther TuneUp,2018-02-17,LJ,5.93,,
42,GVSU Big Meet- Saturday,2018-02-10,LJ,6.02,,
42,GVSU Big Meet- Saturday,2018-02-10,TJ,12.89,,
42,2018 Mark Messersmith Invitational,2018-01-27,TJ,12.7,,
42,John Tierney Classic,2018-01-20,LJ,5.89,,
42,John Tierney Classic,2018-01-20,TJ,12.87,,
42,Karl Schlender Invitational,2018-01-13,LJ,6.25,,
42,Karl Schlender Invitational,2018-01-13,TJ,12.58,,
43,Gibson Invitational sponsored by the Terre Haute CVB,2021-04-16,100,,11.48,(0.2)
43,Big Blue Classic,2021-04-09,100,,11.38,(2.4)
43,Big Blue Classic,2021-04-09,200,,,(1.2)
43,Big Blue Classic,2021-04-09,4x100,,42.54,
43,Illinois State Redbird Invitational,2021-04-02,100,,,(1.6)
43,Illinois State Redbird Invitational,2021-04-02,200,,,(4.6)
43,Horizon League Indoor Track & Field Championships,2021-02-26,60,,7.21,
43,UW-Parkside Triangular,2021-02-19,55,,6.64,
43,Panther Tune-Up,2021-02-14,60,,7.23,
43,Panther Tune-Up,2021-02-14,60,,7.24,
43,UW-Parkside Triangular,2021-02-05,55,,6.69,
43,UW-Parkside Triangular,2021-02-05,200,,23.83,
43,John Tierney Classic,2021-01-23,60,,7.17,
43,Horizon League Indoor Track & Field Championships,2020-02-29,60,,7.17,
43,Panther Tune-Up,2020-02-22,60,,7.06,
43,GVSU Big Meet (Saturday),2020-02-15,60,,7.10,
43,GVSU Big Meet (Saturday),2020-02-15,60,,7.12,
43,GVSU Big Meet Invite (Friday),2020-02-14,60,,7.16,
43,2020 Meyo Invitational,2020-02-07,60,,7.11,
43,Illini Invitational,2020-01-24,60,,7.08,
43,Gene Edmonds Memorial,2020-01-10,60,,7.22,
43,Gene Edmonds Memorial,2020-01-10,200,,23.74,
43,Jack Shaw Classic,2019-04-05,100,,,(0.5)
43,Jack Shaw Classic,2019-04-05,200,,,(0.7)
43,Jack Shaw Classic,2019-04-05,4x100,,50.53,
43,2019 Drury Hotels Joey Haines Invite,2019-03-29,100,,11.37,(2.7)
43,2018 EIU Big Blue Classic,2018-03-30,100,,11.27,(3.9)
43,2018 EIU Big Blue Classic,2018-03-30,4x100,,42.30,
43,SIU Bill Cornell Spring Classic,2018-03-23,100,,11.52,(0.3)
43,SIU Bill Cornell Spring Classic,2018-03-23,200,,23.32,(1.9)
43,Panther TuneUp,2018-02-17,60,,7.18,
43,Panther TuneUp,2018-02-17,200,,23.73,
43,UW Parkside Classic,2018-02-03,55,,6.69,
43,UW Parkside Classic,2018-02-03,55,,6.70,
43,UW Parkside Classic,2018-02-03,200,,23.49,
43,2018 Mark Messersmith Invitational,2018-01-27,60,,7.23,
53,Horizon League Outdoor Track & Field Championships,2021-05-07,HJ,1.89,,
53,Valpo Invitational,2021-05-01,HJ,1.9,,
53,Big Blue Classic,2021-04-09,HJ,,,
53,Illinois State Redbird Invitational,2021-04-02,HJ,1.82,,
53,Horizon League Indoor Track & Field Championships,2021-02-26,HJ,1.86,,
53,UW-Parkside Triangular,2021-02-19,HJ,1.9,,
53,Panther Tune-Up,2021-02-14,HJ,1.8,,
53,UW-Parkside Triangular,2021-02-05,HJ,1.8,,
53,John Tierney Classic,2021-01-23,HJ,,,
53,Horizon League Indoor Track & Field Championships,2020-02-29,HJ,1.83,,
53,Panther Tune-Up,2020-02-22,HJ,1.8,,
53,GVSU Big Meet (Saturday),2020-02-15,HJ,1.81,,
53,Illini Invitational,2020-01-24,HJ,,,
53,John Tierney Classic,2020-01-18,HJ,1.82,,
53,Gene Edmonds Memorial,2020-01-10,HJ,1.85,,
80,Valpo Invitational,2021-05-01,400H,,1:00.92,
80,Horizon League Indoor Track & Field Championships,2021-02-26,400,,,
80,Horizon League Indoor Track & Field Championships,2021-02-26,DMR,,10:30.44,
80,UW-Parkside Triangular,2021-02-19,400,,53.34,
80,Panther Tune-Up,2021-02-14,400,,53.82,
80,Gene Edmonds Memorial,2020-01-10,LJ,5.97,,
80,Horizon League Outdoor Track & Field Championships,2019-05-03,400H,,55.30,
80,Horizon League Outdoor Track & Field Championships,2019-05-03,400H,,59.50,
80,Horizon League Outdoor Track & Field Championships,2019-05-03,4x400,,3:22.03,
80,Horizon League Outdoor Track & Field Championships,2019-05-03,Dec,,5913,
80,Horizon League Outdoor Track & Field Championships,2019-05-03,100,,11.37,(-0.9)
80,Horizon League Outdoor Track & Field Championships,2019-05-03,LJ,6.44,,(+0.0)
80,Horizon League Outdoor Track & Field Championships,2019-05-03,SP,10.42,,
80,Horizon League Outdoor Track & Field Championships,2019-05-03,HJ,1.71,,
80,Horizon League Outdoor Track & Field Championships,2019-05-03,400,,49.78,
80,Horizon League Outdoor Track & Field Championships,2019-05-03,110H,,15.83,(1.2)
80,Horizon League Outdoor Track & Field Championships,2019-05-03,DT,30.24,,
80,Horizon League Outdoor Track & Field Championships,2019-05-03,PV,3.1,,
80,Horizon League Outdoor Track & Field Championships,2019-05-03,JT,39.5,,
80,Horizon League Outdoor Track & Field Championships,2019-05-03,1500,,5:06.32,
80,2019 Lenny Lyles-Clark Wood Invitational,2019-04-26,400H,,56.53,
80,Marquette Mid-Week Challenge,2019-04-24,DT,25.68,,
80,Marquette Mid-Week Challenge,2019-04-24,JT,33.24,,
80,Kentucky Track & Field Invitational,2019-04-20,400H,,55.39,
80,Illinois Twilight,2019-04-13,400H,,56.92,
80,Illinois Twilight,2019-04-13,HJ,,,
80,Horizon League Indoor Track & Field Championships,2019-02-23,400,,,
80,Horizon League Indoor Track & Field Championships,2019-02-23,Hep,,4295,
80,Horizon League Indoor Track & Field Championships,2019-02-23,60,,7.22,
80,Horizon League Indoor Track & Field Championships,2019-02-23,LJ,6.35,,
80,Horizon League Indoor Track & Field Championships,2019-02-23,SP,10.36,,
80,Horizon League Indoor Track & Field Championships,2019-02-23,HJ,1.69,,
80,Horizon League Indoor Track & Field Championships,2019-02-23,60H,,8.89,
80,Horizon League Indoor Track & Field Championships,2019-02-23,PV,2.95,,
80,Horizon League Indoor Track & Field Championships,2019-02-23,1000,,2:59.70,
80,Panther TuneUp,2019-02-16,HJ,1.72,,
80,Panther TuneUp,2019-02-16,SP,10.07,,
80,GVSU Big Meet (Saturday),2019-02-09,400,,51.17,
80,GVSU Big Meet (Saturday),2019-02-09,HJ,,,
80,John Tierney Classic,2019-01-19,HJ,,,
80,Horizon League Outdoor Track & Field Championships,2018-05-04,400H,,,
80,Horizon League Outdoor Track & Field Championships,2018-05-04,Dec,,5160,
80,Horizon League Outdoor Track & Field Championships,2018-05-04,100,,11.48,(4.4)
80,Horizon League Outdoor Track & Field Championships,2018-05-04,LJ,5.69,,(2.5)
80,Horizon League Outdoor Track & Field Championships,2018-05-04,SP,9.86,,
80,Horizon League Outdoor Track & Field Championships,2018-05-04,HJ,1.57,,
80,Horizon League Outdoor Track & Field Championships,2018-05-04,400,,52.41,
80,Horizon League Outdoor Track & Field Championships,2018-05-04,110H,,16.10,(1.6)
80,Horizon League Outdoor Track & Field Championships,2018-05-04,DT,22.51,,
80,Horizon League Outdoor Track & Field Championships,2018-05-04,PV,3.0,,
80,Horizon League Outdoor Track & Field Championships,2018-05-04,JT,34.74,,
80,Horizon League Outdoor Track & Field Championships,2018-05-04,1500,,5:11.89,
80,UW-Whitewater Drake Alternative,2018-04-28,HJ,1.63,,
80,UW-Whitewater Drake Alternative,2018-04-28,PV,,,
80,UW-Whitewater Drake Alternative,2018-04-28,JT,32.11,,
80,DePaul Invitational,2018-04-21,400H,,59.13,
80,DePaul Invitational,2018-04-21,LJ,5.46,,(+0.0)
80,Horizon League Indoor Track & Field Championships,2018-02-23,Hep,,3943,
80,Horizon League Indoor Track & Field Championships,2018-02-23,60,,7.35,
80,Horizon League Indoor Track & Field Championships,2018-02-23,LJ,5.7,,
80,Horizon League Indoor Track & Field Championships,2018-02-23,SP,9.4,,
80,Horizon League Indoor Track & Field Championships,2018-02-23,HJ,1.64,,
80,Horizon League Indoor Track & Field Championships,2018-02-23,60H,,9.12,
80,Horizon League Indoor Track & Field Championships,2018-02-23,PV,2.54,,
80,Horizon League Indoor Track & Field Championships,2018-02-23,1000,,2:52.38,
80,Panther TuneUp,2018-02-17,PV,2.47,,
80,Panther TuneUp,2018-02-17,SP,9.23,,
80,GVSU Big Meet- Saturday,2018-02-10,LJ,5.64,,
80,UW Parkside Classic,2018-02-03,400,,52.37,
119,Horizon League Outdoor Track & Field Championships,2021-05-07,100,,10.86,(2.0)
119,Horizon League Outdoor Track & Field Championships,2021-05-07,4x100,,42.27,
119,Valpo Invitational,2021-05-01,100,,10.98,(1.2)
119,Valpo Invitational,2021-05-01,4x100,,42.77,
119,Clark Wood Invitational,2021-04-23,100,,11.33,(1.1)
119,Gibson Invitational sponsored by the Terre Haute CVB,2021-04-16,100,,11.00,(2.6)
119,Gibson Invitational sponsored by the Terre Haute CVB,2021-04-16,100,,11.11,(0.9)
119,Gibson Invitational sponsored by the Terre Haute CVB,2021-04-16,200,,22.96,(-2.0)
119,Gibson Invitational sponsored by the Terre Haute CVB,2021-04-16,4x100,,,
119,Big Blue Classic,2021-04-09,100,,11.04,(1.1)
119,Big Blue Classic,2021-04-09,200,,22.97,(0.9)
119,Big Blue Classic,2021-04-09,4x100,,42.54,
119,Illinois State Redbird Invitational,2021-04-02,100,,11.05,(2.8)
119,Illinois State Redbird Invitational,2021-04-02,200,,22.68,(4.6)
119,UW-Parkside Triangular,2021-02-19,55,,6.54,
119,UW-Parkside Triangular,2021-02-19,200,,23.64,
119,Panther Tune-Up,2021-02-14,60,,7.10,
119,Panther Tune-Up,2021-02-14,60,,7.04,
119,UW-Parkside Triangular,2021-02-05,55,,6.68,
119,UW-Parkside Triangular,2021-02-05,200,,23.65,
119,Horizon League Indoor Track & Field Championships,2020-02-29,60,,7.08,
119,Horizon League Indoor Track & Field Championships,2020-02-29,60,,7.01,
119,Horizon League Indoor Track & Field Championships,2020-02-29,200,,22.85,
119,Panther Tune-Up,2020-02-22,60,,7.03,
119,GVSU Big Meet (Saturday),2020-02-15,60,,7.12,
119,GVSU Big Meet Invite (Friday),2020-02-14,60,,7.10,
119,2020 Meyo Invitational,2020-02-07,60,,7.13,
119,2020 ONU Invitational,2020-02-01,60,,7.06,
119,2020 ONU Invitational,2020-02-01,60,,7.12,
119,Illini Invitational,2020-01-24,60,,7.19,
119,John Tierney Classic,2020-01-18,60,,7.10,
119,John Tierney Classic,2020-01-18,200,,25.72,
119,Gene Edmonds Memorial,2020-01-10,60,,7.27,
119,Gene Edmonds Memorial,2020-01-10,200,,23.96,
119,Marquette Mid-Week Challenge,2019-04-24,100,,11.25,(2.5)
119,Horizon League Outdoor Track & Field Championships,2018-05-04,100,,10.88,(1.6)
119,Horizon League Outdoor Track & Field Championships,2018-05-04,100,,10.83,(1.2)
119,Horizon League Outdoor Track & Field Championships,2018-05-04,200,,21.77,(3.2)
119,Horizon League Outdoor Track & Field Championships,2018-05-04,4x100,,41.44,
119,2018 Lenny Lyles-Clark Wood Invitational,2018-04-27,100,,10.91,(3.4)
119,2018 Lenny Lyles-Clark Wood Invitational,2018-04-27,4x100,,42.38,
119,DePaul Invitational,2018-04-21,100,,11.11,(0.7)
119,DePaul Invitational,2018-04-21,200,,22.41,(0.6)
119,Gibson Invitational,2018-04-06,200,,22.47,(0.5)
119,2018 EIU Big Blue Classic,2018-03-30,100,,10.78,(2.6)
119,2018 EIU Big Blue Classic,2018-03-30,100,,10.80,(3.9)
119,2018 EIU Big Blue Classic,2018-03-30,200,,22.66,(-2.7)
119,2018 EIU Big Blue Classic,2018-03-30,4x100,,42.30,
119,SIU Bill Cornell Spring Classic,2018-03-23,100,,10.93,(1.9)
119,SIU Bill Cornell Spring Classic,2018-03-23,200,,22.13,(2.8)
119,Horizon League Indoor Track & Field Championships,2018-02-23,60,,7.03,
119,Horizon League Indoor Track & Field Championships,2018-02-23,200,,22.15,
119,Horizon League Indoor Track & Field Championships,2018-02-23,200,,22.24,
119,Panther TuneUp,2018-02-17,60,,7.03,
119,Panther TuneUp,2018-02-17,200,,22.83,
119,GVSU Big Meet- Saturday,2018-02-10,60,,7.07,
119,GVSU Big Meet- Saturday,2018-02-10,60,,7.08,
119,GVSU Big Meet- Friday,2018-02-09,200,,22.64,
119,UW Parkside Classic,2018-02-03,55,,6.58,
119,UW Parkside Classic,2018-02-03,55,,6.57,
119,UW Parkside Classic,2018-02-03,200,,22.92,
119,Karl Schlender Invitational,2018-01-13,60,,7.14,
119,Karl Schlender Invitational,2018-01-13,60,,7.10,
119,Horizon League Outdoor Track & Field Championships,2017-05-05,100,,11.07,(2.1)
119,Horizon League Outdoor Track & Field Championships,2017-05-05,100,,10.96,(2.9)
119,Horizon League Outdoor Track & Field Championships,2017-05-05,200,,22.47,(4.3)
119,Horizon League Outdoor Track & Field Championships,2017-05-05,4x100,,41.48,
119,2017 Kip Janvrin Open,2017-04-27,100,,11.11,(1.3)
119,2017 Drake Relays presented by Hy-Vee,2017-04-26,4x100,,42.54,
119,2017 Drake Relays presented by Hy-Vee,2017-04-26,4x100,,42.22,
119,Pacesetter Sports Invitational,2017-04-21,100,,11.07,(4.6)
119,Pacesetter Sports Invitational,2017-04-21,200,,21.94,(4.2)
119,Benedictine Eagle Relays 2017,2017-04-14,100,,11.07,(2.7)
119,Benedictine Eagle Relays 2017,2017-04-14,200,,21.99,(4.4)
119,Marquette Duals,2017-04-07,400,,53.31,
119,Marquette Duals,2017-04-07,4x100,,41.07,
119,Marquette Duals,2017-04-07,LJ,6.09,,(-0.8)
119,EIU Big Blue Classic 2017,2017-03-31,100,,11.19,(1.3)
119,EIU Big Blue Classic 2017,2017-03-31,200,,22.51,(0.1)
119,Gene and Rose Edmonds Invitational,2017-03-25,100,,11.10,(2.1)
119,Gene and Rose Edmonds Invitational,2017-03-25,200,,22.91,(1.1)
119,Gene and Rose Edmonds Invitational,2017-03-25,LJ,6.17,,(2.1)
119,Horizon League Indoor Track & Field Championships,2017-02-25,60,,7.22,
119,Horizon League Indoor Track & Field Championships,2017-02-25,LJ,6.42,,
119,Panther TuneUp,2017-02-18,60,,7.18,
119,Panther TuneUp,2017-02-18,LJ,6.08,,
119,GVSU Big Meet (Saturday),2017-02-11,400,,52.57,
119,UW Parkside Classic,2017-02-04,55,,6.76,
119,UW Parkside Classic,2017-02-04,200,,23.59,
119,2017 Mark Messersmith Invitational,2017-01-28,200,,23.10,
119,2017 Mark Messersmith Invitational,2017-01-28,400,,53.57,
119,John Tierney Classic,2017-01-21,60,,7.13,
119,John Tierney Classic,2017-01-21,300,,38.06,
119,Karl Schlender Invitational,2017-01-14,60,,7.30,
119,Karl Schlender Invitational,2017-01-14,200,,23.31,
